fecha,campaña,finca,lote,variedad,hectareas,encargado,produccion_estimada_kg,produccion_real_kg,kg_cosechados,kg_pendientes,costo_por_ha,costo_total_lote,estado_cosecha,rendimiento_kg_ha
2023-03-01,2023,La Esperanza,LE-01,Eureka,30,Roberto Pérez,1119977.0,1146400.0,11311.0,1135089.0,943518.0,28305540.0,En cosecha,377.0
2023-03-08,2023,La Esperanza,LE-01,Eureka,30,Roberto Pérez,1119977.0,1146400.0,25748.0,1120652.0,943518.0,28305540.0,En cosecha,858.3
2023-03-15,2023,La Esperanza,LE-01,Eureka,30,Roberto Pérez,1119977.0,1146400.0,39159.0,1107241.0,943518.0,28305540.0,En cosecha,1305.3
2023-03-22,2023,La Esperanza,LE-01,Eureka,30,Roberto Pérez,1119977.0,1146400.0,52984.0,1093416.0,943518.0,28305540.0,En cosecha,1766.1
2023-03-29,2023,La Esperanza,LE-01,Eureka,30,Roberto Pérez,1119977.0,1146400.0,64150.0,1082250.0,943518.0,28305540.0,En cosecha,2138.3
2023-04-05,2023,La Esperanza,LE-01,Eureka,30,Roberto Pérez,1119977.0,1146400.0,103509.0,1042891.0,943518.0,28305540.0,En cosecha,3450.3
2023-04-12,2023,La Esperanza,LE-01,Eureka,30,Roberto Pérez,1119977.0,1146400.0,141458.0,1004942.0,943518.0,28305540.0,En cosecha,4715.3
2023-04-19,2023,La Esperanza,LE-01,Eureka,30,Roberto Pérez,1119977.0,1146400.0,173045.0,973355.0,943518.0,28305540.0,En cosecha,5768.2
2023-04-26,2023,La Esperanza,LE-01,Eureka,30,Roberto Pérez,1119977.0,1146400.0,204319.0,942081.0,943518.0,28305540.0,En cosecha,6810.6
2023-05-03,2023,La Esperanza,LE-01,Eureka,30,Roberto Pérez,1119977.0,1146400.0,246966.0,899434.0,943518.0,28305540.0,En cosecha,8232.2
2023-05-10,2023,La Esperanza,LE-01,Eureka,30,Roberto Pérez,1119977.0,1146400.0,291303.0,855097.0,943518.0,28305540.0,En cosecha,9710.1
2023-05-17,2023,La Esperanza,LE-01,Eureka,30,Roberto Pérez,1119977.0,1146400.0,338724.0,807676.0,943518.0,28305540.0,En cosecha,11290.8
2023-05-24,2023,La Esperanza,LE-01,Eureka,30,Roberto Pérez,1119977.0,1146400.0,384846.0,761554.0,943518.0,28305540.0,En cosecha,12828.2
2023-05-31,2023,La Esperanza,LE-01,Eureka,30,Roberto Pérez,1119977.0,1146400.0,429001.0,717399.0,943518.0,28305540.0,En cosecha,14300.0
2023-06-07,2023,La Esperanza,LE-01,Eureka,30,Roberto Pérez,1119977.0,1146400.0,479981.0,666419.0,943518.0,28305540.0,En cosecha,15999.4
2023-06-14,2023,La Esperanza,LE-01,Eureka,30,Roberto Pérez,1119977.0,1146400.0,524038.0,622362.0,943518.0,28305540.0,En cosecha,17467.9
2023-06-21,2023,La Esperanza,LE-01,Eureka,30,Roberto Pérez,1119977.0,1146400.0,570332.0,576068.0,943518.0,28305540.0,En cosecha,19011.1
2023-06-28,2023,La Esperanza,LE-01,Eureka,30,Roberto Pérez,1119977.0,1146400.0,617713.0,528687.0,943518.0,28305540.0,En cosecha,20590.4
2023-07-05,2023,La Esperanza,LE-01,Eureka,30,Roberto Pérez,1119977.0,1146400.0,662803.0,483597.0,943518.0,28305540.0,En cosecha,22093.4
2023-07-12,2023,La Esperanza,LE-01,Eureka,30,Roberto Pérez,1119977.0,1146400.0,712358.0,434042.0,943518.0,28305540.0,En cosecha,23745.3
2023-07-19,2023,La Esperanza,LE-01,Eureka,30,Roberto Pérez,1119977.0,1146400.0,753968.0,392432.0,943518.0,28305540.0,En cosecha,25132.3
2023-07-26,2023,La Esperanza,LE-01,Eureka,30,Roberto Pérez,1119977.0,1146400.0,799846.0,346554.0,943518.0,28305540.0,En cosecha,26661.5
2023-08-02,2023,La Esperanza,LE-01,Eureka,30,Roberto Pérez,1119977.0,1146400.0,837792.0,308608.0,943518.0,28305540.0,Finalizando,27926.4
2023-08-09,2023,La Esperanza,LE-01,Eureka,30,Roberto Pérez,1119977.0,1146400.0,869749.0,276651.0,943518.0,28305540.0,Finalizando,28991.6
2023-08-16,2023,La Esperanza,LE-01,Eureka,30,Roberto Pérez,1119977.0,1146400.0,907861.0,238539.0,943518.0,28305540.0,Finalizando,30262.0
2023-08-23,2023,La Esperanza,LE-01,Eureka,30,Roberto Pérez,1119977.0,1146400.0,941178.0,205222.0,943518.0,28305540.0,Finalizando,31372.6
2023-08-30,2023,La Esperanza,LE-01,Eureka,30,Roberto Pérez,1119977.0,1146400.0,973339.0,173061.0,943518.0,28305540.0,Finalizando,32444.6
2023-09-06,2023,La Esperanza,LE-01,Eureka,30,Roberto Pérez,1119977.0,1146400.0,1001837.0,144563.0,943518.0,28305540.0,Finalizando,33394.6
2023-09-13,2023,La Esperanza,LE-01,Eureka,30,Roberto Pérez,1119977.0,1146400.0,1030460.0,115940.0,943518.0,28305540.0,Finalizando,34348.7
2023-09-20,2023,La Esperanza,LE-01,Eureka,30,Roberto Pérez,1119977.0,1146400.0,1057908.0,88492.0,943518.0,28305540.0,Finalizando,35263.6
2023-09-27,2023,La Esperanza,LE-01,Eureka,30,Roberto Pérez,1119977.0,1146400.0,1081594.0,64806.0,943518.0,28305540.0,Finalizando,36053.1
2023-10-04,2023,La Esperanza,LE-01,Eureka,30,Roberto Pérez,1119977.0,1146400.0,1091715.0,54685.0,943518.0,28305540.0,Finalizando,36390.5
2023-10-11,2023,La Esperanza,LE-01,Eureka,30,Roberto Pérez,1119977.0,1146400.0,1103839.0,42561.0,943518.0,28305540.0,Finalizando,36794.6
2023-10-18,2023,La Esperanza,LE-01,Eureka,30,Roberto Pérez,1119977.0,1146400.0,1115129.0,31271.0,943518.0,28305540.0,Finalizando,37171.0
2023-10-25,2023,La Esperanza,LE-01,Eureka,30,Roberto Pérez,1119977.0,1146400.0,1125333.0,21067.0,943518.0,28305540.0,Finalizando,37511.1
2023-11-01,2023,La Esperanza,LE-01,Eureka,30,Roberto Pérez,1119977.0,1146400.0,1129575.0,16825.0,943518.0,28305540.0,Completado,37652.5
2023-11-08,2023,La Esperanza,LE-01,Eureka,30,Roberto Pérez,1119977.0,1146400.0,1133237.0,13163.0,943518.0,28305540.0,Completado,37774.6
2023-11-15,2023,La Esperanza,LE-01,Eureka,30,Roberto Pérez,1119977.0,1146400.0,1138002.0,8398.0,943518.0,28305540.0,Completado,37933.4
2023-11-22,2023,La Esperanza,LE-01,Eureka,30,Roberto Pérez,1119977.0,1146400.0,1141946.0,4454.0,943518.0,28305540.0,Completado,38064.9
2023-11-29,2023,La Esperanza,LE-01,Eureka,30,Roberto Pérez,1119977.0,1146400.0,1146400.0,0.0,943518.0,28305540.0,Completado,38213.3
2023-03-01,2023,La Esperanza,LE-02,Eureka,35,Roberto Pérez,1294941.0,1252996.0,14889.0,1238107.0,876816.0,30688560.0,En cosecha,425.4
2023-03-08,2023,La Esperanza,LE-02,Eureka,35,Roberto Pérez,1294941.0,1252996.0,30451.0,1222545.0,876816.0,30688560.0,En cosecha,870.0
2023-03-15,2023,La Esperanza,LE-02,Eureka,35,Roberto Pérez,1294941.0,1252996.0,45829.0,1207167.0,876816.0,30688560.0,En cosecha,1309.4
2023-03-22,2023,La Esperanza,LE-02,Eureka,35,Roberto Pérez,1294941.0,1252996.0,59994.0,1193002.0,876816.0,30688560.0,En cosecha,1714.1
2023-03-29,2023,La Esperanza,LE-02,Eureka,35,Roberto Pérez,1294941.0,1252996.0,75483.0,1177513.0,876816.0,30688560.0,En cosecha,2156.7
2023-04-05,2023,La Esperanza,LE-02,Eureka,35,Roberto Pérez,1294941.0,1252996.0,107532.0,1145464.0,876816.0,30688560.0,En cosecha,3072.3
2023-04-12,2023,La Esperanza,LE-02,Eureka,35,Roberto Pérez,1294941.0,1252996.0,140747.0,1112249.0,876816.0,30688560.0,En cosecha,4021.3
2023-04-19,2023,La Esperanza,LE-02,Eureka,35,Roberto Pérez,1294941.0,1252996.0,172327.0,1080669.0,876816.0,30688560.0,En cosecha,4923.6
2023-04-26,2023,La Esperanza,LE-02,Eureka,35,Roberto Pérez,1294941.0,1252996.0,206945.0,1046051.0,876816.0,30688560.0,En cosecha,5912.7
2023-05-03,2023,La Esperanza,LE-02,Eureka,35,Roberto Pérez,1294941.0,1252996.0,255064.0,997932.0,876816.0,30688560.0,En cosecha,7287.5
2023-05-10,2023,La Esperanza,LE-02,Eureka,35,Roberto Pérez,1294941.0,1252996.0,301448.0,951548.0,876816.0,30688560.0,En cosecha,8612.8
2023-05-17,2023,La Esperanza,LE-02,Eureka,35,Roberto Pérez,1294941.0,1252996.0,356072.0,896924.0,876816.0,30688560.0,En cosecha,10173.5
2023-05-24,2023,La Esperanza,LE-02,Eureka,35,Roberto Pérez,1294941.0,1252996.0,403719.0,849277.0,876816.0,30688560.0,En cosecha,11534.8
2023-05-31,2023,La Esperanza,LE-02,Eureka,35,Roberto Pérez,1294941.0,1252996.0,450246.0,802750.0,876816.0,30688560.0,En cosecha,12864.2
2023-06-07,2023,La Esperanza,LE-02,Eureka,35,Roberto Pérez,1294941.0,1252996.0,503067.0,749929.0,876816.0,30688560.0,En cosecha,14373.3
2023-06-14,2023,La Esperanza,LE-02,Eureka,35,Roberto Pérez,1294941.0,1252996.0,549664.0,703332.0,876816.0,30688560.0,En cosecha,15704.7
2023-06-21,2023,La Esperanza,LE-02,Eureka,35,Roberto Pérez,1294941.0,1252996.0,606506.0,646490.0,876816.0,30688560.0,En cosecha,17328.7
2023-06-28,2023,La Esperanza,LE-02,Eureka,35,Roberto Pérez,1294941.0,1252996.0,652074.0,600922.0,876816.0,30688560.0,En cosecha,18630.7
2023-07-05,2023,La Esperanza,LE-02,Eureka,35,Roberto Pérez,1294941.0,1252996.0,707355.0,545641.0,876816.0,30688560.0,En cosecha,20210.1
2023-07-12,2023,La Esperanza,LE-02,Eureka,35,Roberto Pérez,1294941.0,1252996.0,759557.0,493439.0,876816.0,30688560.0,En cosecha,21701.6
2023-07-19,2023,La Esperanza,LE-02,Eureka,35,Roberto Pérez,1294941.0,1252996.0,803531.0,449465.0,876816.0,30688560.0,En cosecha,22958.0
2023-07-26,2023,La Esperanza,LE-02,Eureka,35,Roberto Pérez,1294941.0,1252996.0,844734.0,408262.0,876816.0,30688560.0,En cosecha,24135.3
2023-08-02,2023,La Esperanza,LE-02,Eureka,35,Roberto Pérez,1294941.0,1252996.0,887435.0,365561.0,876816.0,30688560.0,En cosecha,25355.3
2023-08-09,2023,La Esperanza,LE-02,Eureka,35,Roberto Pérez,1294941.0,1252996.0,928877.0,324119.0,876816.0,30688560.0,Finalizando,26539.3
2023-08-16,2023,La Esperanza,LE-02,Eureka,35,Roberto Pérez,1294941.0,1252996.0,970575.0,282421.0,876816.0,30688560.0,Finalizando,27730.7
2023-08-23,2023,La Esperanza,LE-02,Eureka,35,Roberto Pérez,1294941.0,1252996.0,1012764.0,240232.0,876816.0,30688560.0,Finalizando,28936.1
2023-08-30,2023,La Esperanza,LE-02,Eureka,35,Roberto Pérez,1294941.0,1252996.0,1046867.0,206129.0,876816.0,30688560.0,Finalizando,29910.5
2023-09-06,2023,La Esperanza,LE-02,Eureka,35,Roberto Pérez,1294941.0,1252996.0,1072331.0,180665.0,876816.0,30688560.0,Finalizando,30638.0
2023-09-13,2023,La Esperanza,LE-02,Eureka,35,Roberto Pérez,1294941.0,1252996.0,1095881.0,157115.0,876816.0,30688560.0,Finalizando,31310.9
2023-09-20,2023,La Esperanza,LE-02,Eureka,35,Roberto Pérez,1294941.0,1252996.0,1125330.0,127666.0,876816.0,30688560.0,Finalizando,32152.3
2023-09-27,2023,La Esperanza,LE-02,Eureka,35,Roberto Pérez,1294941.0,1252996.0,1152886.0,100110.0,876816.0,30688560.0,Finalizando,32939.6
2023-10-04,2023,La Esperanza,LE-02,Eureka,35,Roberto Pérez,1294941.0,1252996.0,1164427.0,88569.0,876816.0,30688560.0,Finalizando,33269.3
2023-10-11,2023,La Esperanza,LE-02,Eureka,35,Roberto Pérez,1294941.0,1252996.0,1175003.0,77993.0,876816.0,30688560.0,Finalizando,33571.5
2023-10-18,2023,La Esperanza,LE-02,Eureka,35,Roberto Pérez,1294941.0,1252996.0,1186472.0,66524.0,876816.0,30688560.0,Finalizando,33899.2
2023-10-25,2023,La Esperanza,LE-02,Eureka,35,Roberto Pérez,1294941.0,1252996.0,1197992.0,55004.0,876816.0,30688560.0,Finalizando,34228.3
2023-11-01,2023,La Esperanza,LE-02,Eureka,35,Roberto Pérez,1294941.0,1252996.0,1202790.0,50206.0,876816.0,30688560.0,Finalizando,34365.4
2023-11-08,2023,La Esperanza,LE-02,Eureka,35,Roberto Pérez,1294941.0,1252996.0,1207465.0,45531.0,876816.0,30688560.0,Finalizando,34499.0
2023-11-15,2023,La Esperanza,LE-02,Eureka,35,Roberto Pérez,1294941.0,1252996.0,1212473.0,40523.0,876816.0,30688560.0,Finalizando,34642.1
2023-11-22,2023,La Esperanza,LE-02,Eureka,35,Roberto Pérez,1294941.0,1252996.0,1216928.0,36068.0,876816.0,30688560.0,Finalizando,34769.4
2023-11-29,2023,La Esperanza,LE-02,Eureka,35,Roberto Pérez,1294941.0,1252996.0,1220912.0,32084.0,876816.0,30688560.0,Finalizando,34883.2
2023-03-01,2023,La Esperanza,LE-03,Lisbon,28,Roberto Pérez,951585.0,950541.0,9228.0,941313.0,882060.0,24697680.0,En cosecha,329.6
2023-03-08,2023,La Esperanza,LE-03,Lisbon,28,Roberto Pérez,951585.0,950541.0,18196.0,932345.0,882060.0,24697680.0,En cosecha,649.9
2023-03-15,2023,La Esperanza,LE-03,Lisbon,28,Roberto Pérez,951585.0,950541.0,26070.0,924471.0,882060.0,24697680.0,En cosecha,931.1
2023-03-22,2023,La Esperanza,LE-03,Lisbon,28,Roberto Pérez,951585.0,950541.0,34169.0,916372.0,882060.0,24697680.0,En cosecha,1220.3
2023-03-29,2023,La Esperanza,LE-03,Lisbon,28,Roberto Pérez,951585.0,950541.0,42059.0,908482.0,882060.0,24697680.0,En cosecha,1502.1
2023-04-05,2023,La Esperanza,LE-03,Lisbon,28,Roberto Pérez,951585.0,950541.0,67492.0,883049.0,882060.0,24697680.0,En cosecha,2410.4
2023-04-12,2023,La Esperanza,LE-03,Lisbon,28,Roberto Pérez,951585.0,950541.0,90586.0,859955.0,882060.0,24697680.0,En cosecha,3235.2
2023-04-19,2023,La Esperanza,LE-03,Lisbon,28,Roberto Pérez,951585.0,950541.0,115091.0,835450.0,882060.0,24697680.0,En cosecha,4110.4
2023-04-26,2023,La Esperanza,LE-03,Lisbon,28,Roberto Pérez,951585.0,950541.0,142492.0,808049.0,882060.0,24697680.0,En cosecha,5089.0
2023-05-03,2023,La Esperanza,LE-03,Lisbon,28,Roberto Pérez,951585.0,950541.0,174702.0,775839.0,882060.0,24697680.0,En cosecha,6239.4
2023-05-10,2023,La Esperanza,LE-03,Lisbon,28,Roberto Pérez,951585.0,950541.0,208577.0,741964.0,882060.0,24697680.0,En cosecha,7449.2
2023-05-17,2023,La Esperanza,LE-03,Lisbon,28,Roberto Pérez,951585.0,950541.0,246020.0,704521.0,882060.0,24697680.0,En cosecha,8786.4
2023-05-24,2023,La Esperanza,LE-03,Lisbon,28,Roberto Pérez,951585.0,950541.0,278018.0,672523.0,882060.0,24697680.0,En cosecha,9929.2
2023-05-31,2023,La Esperanza,LE-03,Lisbon,28,Roberto Pérez,951585.0,950541.0,308447.0,642094.0,882060.0,24697680.0,En cosecha,11016.0
2023-06-07,2023,La Esperanza,LE-03,Lisbon,28,Roberto Pérez,951585.0,950541.0,345276.0,605265.0,882060.0,24697680.0,En cosecha,12331.3
2023-06-14,2023,La Esperanza,LE-03,Lisbon,28,Roberto Pérez,951585.0,950541.0,380605.0,569936.0,882060.0,24697680.0,En cosecha,13593.0
2023-06-21,2023,La Esperanza,LE-03,Lisbon,28,Roberto Pérez,951585.0,950541.0,424902.0,525639.0,882060.0,24697680.0,En cosecha,15175.1
2023-06-28,2023,La Esperanza,LE-03,Lisbon,28,Roberto Pérez,951585.0,950541.0,467779.0,482762.0,882060.0,24697680.0,En cosecha,16706.4
2023-07-05,2023,La Esperanza,LE-03,Lisbon,28,Roberto Pérez,951585.0,950541.0,508240.0,442301.0,882060.0,24697680.0,En cosecha,18151.4
2023-07-12,2023,La Esperanza,LE-03,Lisbon,28,Roberto Pérez,951585.0,950541.0,551453.0,399088.0,882060.0,24697680.0,En cosecha,19694.8
2023-07-19,2023,La Esperanza,LE-03,Lisbon,28,Roberto Pérez,951585.0,950541.0,593882.0,356659.0,882060.0,24697680.0,En cosecha,21210.1
2023-07-26,2023,La Esperanza,LE-03,Lisbon,28,Roberto Pérez,951585.0,950541.0,629178.0,321363.0,882060.0,24697680.0,En cosecha,22470.6
2023-08-02,2023,La Esperanza,LE-03,Lisbon,28,Roberto Pérez,951585.0,950541.0,664106.0,286435.0,882060.0,24697680.0,En cosecha,23718.1
2023-08-09,2023,La Esperanza,LE-03,Lisbon,28,Roberto Pérez,951585.0,950541.0,695752.0,254789.0,882060.0,24697680.0,Finalizando,24848.3
2023-08-16,2023,La Esperanza,LE-03,Lisbon,28,Roberto Pérez,951585.0,950541.0,729889.0,220652.0,882060.0,24697680.0,Finalizando,26067.5
2023-08-23,2023,La Esperanza,LE-03,Lisbon,28,Roberto Pérez,951585.0,950541.0,764849.0,185692.0,882060.0,24697680.0,Finalizando,27316.0
2023-08-30,2023,La Esperanza,LE-03,Lisbon,28,Roberto Pérez,951585.0,950541.0,794439.0,156102.0,882060.0,24697680.0,Finalizando,28372.8
2023-09-06,2023,La Esperanza,LE-03,Lisbon,28,Roberto Pérez,951585.0,950541.0,812963.0,137578.0,882060.0,24697680.0,Finalizando,29034.4
2023-09-13,2023,La Esperanza,LE-03,Lisbon,28,Roberto Pérez,951585.0,950541.0,832220.0,118321.0,882060.0,24697680.0,Finalizando,29722.1
2023-09-20,2023,La Esperanza,LE-03,Lisbon,28,Roberto Pérez,951585.0,950541.0,852717.0,97824.0,882060.0,24697680.0,Finalizando,30454.2
2023-09-27,2023,La Esperanza,LE-03,Lisbon,28,Roberto Pérez,951585.0,950541.0,875647.0,74894.0,882060.0,24697680.0,Finalizando,31273.1
2023-10-04,2023,La Esperanza,LE-03,Lisbon,28,Roberto Pérez,951585.0,950541.0,886327.0,64214.0,882060.0,24697680.0,Finalizando,31654.5
2023-10-11,2023,La Esperanza,LE-03,Lisbon,28,Roberto Pérez,951585.0,950541.0,894560.0,55981.0,882060.0,24697680.0,Finalizando,31948.6
2023-10-18,2023,La Esperanza,LE-03,Lisbon,28,Roberto Pérez,951585.0,950541.0,904237.0,46304.0,882060.0,24697680.0,Finalizando,32294.2
2023-10-25,2023,La Esperanza,LE-03,Lisbon,28,Roberto Pérez,951585.0,950541.0,913646.0,36895.0,882060.0,24697680.0,Finalizando,32630.2
2023-11-01,2023,La Esperanza,LE-03,Lisbon,28,Roberto Pérez,951585.0,950541.0,916650.0,33891.0,882060.0,24697680.0,Finalizando,32737.5
2023-11-08,2023,La Esperanza,LE-03,Lisbon,28,Roberto Pérez,951585.0,950541.0,919554.0,30987.0,882060.0,24697680.0,Finalizando,32841.2
2023-11-15,2023,La Esperanza,LE-03,Lisbon,28,Roberto Pérez,951585.0,950541.0,922669.0,27872.0,882060.0,24697680.0,Finalizando,32952.5
2023-11-22,2023,La Esperanza,LE-03,Lisbon,28,Roberto Pérez,951585.0,950541.0,926373.0,24168.0,882060.0,24697680.0,Finalizando,33084.8
2023-11-29,2023,La Esperanza,LE-03,Lisbon,28,Roberto Pérez,951585.0,950541.0,929475.0,21066.0,882060.0,24697680.0,Finalizando,33195.5
2023-03-01,2023,La Esperanza,LE-04,Génova,27,Roberto Pérez,757989.0,751464.0,5939.0,745525.0,810907.0,21894489.0,En cosecha,220.0
2023-03-08,2023,La Esperanza,LE-04,Génova,27,Roberto Pérez,757989.0,751464.0,12345.0,739119.0,810907.0,21894489.0,En cosecha,457.2
2023-03-15,2023,La Esperanza,LE-04,Génova,27,Roberto Pérez,757989.0,751464.0,18378.0,733086.0,810907.0,21894489.0,En cosecha,680.7
2023-03-22,2023,La Esperanza,LE-04,Génova,27,Roberto Pérez,757989.0,751464.0,24380.0,727084.0,810907.0,21894489.0,En cosecha,903.0
2023-03-29,2023,La Esperanza,LE-04,Génova,27,Roberto Pérez,757989.0,751464.0,29909.0,721555.0,810907.0,21894489.0,En cosecha,1107.7
2023-04-05,2023,La Esperanza,LE-04,Génova,27,Roberto Pérez,757989.0,751464.0,48279.0,703185.0,810907.0,21894489.0,En cosecha,1788.1
2023-04-12,2023,La Esperanza,LE-04,Génova,27,Roberto Pérez,757989.0,751464.0,66084.0,685380.0,810907.0,21894489.0,En cosecha,2447.6
2023-04-19,2023,La Esperanza,LE-04,Génova,27,Roberto Pérez,757989.0,751464.0,81505.0,669959.0,810907.0,21894489.0,En cosecha,3018.7
2023-04-26,2023,La Esperanza,LE-04,Génova,27,Roberto Pérez,757989.0,751464.0,98126.0,653338.0,810907.0,21894489.0,En cosecha,3634.3
2023-05-03,2023,La Esperanza,LE-04,Génova,27,Roberto Pérez,757989.0,751464.0,127323.0,624141.0,810907.0,21894489.0,En cosecha,4715.7
2023-05-10,2023,La Esperanza,LE-04,Génova,27,Roberto Pérez,757989.0,751464.0,151348.0,600116.0,810907.0,21894489.0,En cosecha,5605.5
2023-05-17,2023,La Esperanza,LE-04,Génova,27,Roberto Pérez,757989.0,751464.0,174641.0,576823.0,810907.0,21894489.0,En cosecha,6468.2
2023-05-24,2023,La Esperanza,LE-04,Génova,27,Roberto Pérez,757989.0,751464.0,200599.0,550865.0,810907.0,21894489.0,En cosecha,7429.6
2023-05-31,2023,La Esperanza,LE-04,Génova,27,Roberto Pérez,757989.0,751464.0,230395.0,521069.0,810907.0,21894489.0,En cosecha,8533.1
2023-06-07,2023,La Esperanza,LE-04,Génova,27,Roberto Pérez,757989.0,751464.0,258130.0,493334.0,810907.0,21894489.0,En cosecha,9560.4
2023-06-14,2023,La Esperanza,LE-04,Génova,27,Roberto Pérez,757989.0,751464.0,289702.0,461762.0,810907.0,21894489.0,En cosecha,10729.7
2023-06-21,2023,La Esperanza,LE-04,Génova,27,Roberto Pérez,757989.0,751464.0,322073.0,429391.0,810907.0,21894489.0,En cosecha,11928.6
2023-06-28,2023,La Esperanza,LE-04,Génova,27,Roberto Pérez,757989.0,751464.0,349769.0,401695.0,810907.0,21894489.0,En cosecha,12954.4
2023-07-05,2023,La Esperanza,LE-04,Génova,27,Roberto Pérez,757989.0,751464.0,383075.0,368389.0,810907.0,21894489.0,En cosecha,14188.0
2023-07-12,2023,La Esperanza,LE-04,Génova,27,Roberto Pérez,757989.0,751464.0,413042.0,338422.0,810907.0,21894489.0,En cosecha,15297.9
2023-07-19,2023,La Esperanza,LE-04,Génova,27,Roberto Pérez,757989.0,751464.0,445460.0,306004.0,810907.0,21894489.0,En cosecha,16498.5
2023-07-26,2023,La Esperanza,LE-04,Génova,27,Roberto Pérez,757989.0,751464.0,477889.0,273575.0,810907.0,21894489.0,En cosecha,17699.6
2023-08-02,2023,La Esperanza,LE-04,Génova,27,Roberto Pérez,757989.0,751464.0,504999.0,246465.0,810907.0,21894489.0,En cosecha,18703.7
2023-08-09,2023,La Esperanza,LE-04,Génova,27,Roberto Pérez,757989.0,751464.0,528559.0,222905.0,810907.0,21894489.0,En cosecha,19576.3
2023-08-16,2023,La Esperanza,LE-04,Génova,27,Roberto Pérez,757989.0,751464.0,558056.0,193408.0,810907.0,21894489.0,Finalizando,20668.7
2023-08-23,2023,La Esperanza,LE-04,Génova,27,Roberto Pérez,757989.0,751464.0,583453.0,168011.0,810907.0,21894489.0,Finalizando,21609.4
2023-08-30,2023,La Esperanza,LE-04,Génova,27,Roberto Pérez,757989.0,751464.0,607780.0,143684.0,810907.0,21894489.0,Finalizando,22510.4
2023-09-06,2023,La Esperanza,LE-04,Génova,27,Roberto Pérez,757989.0,751464.0,623424.0,128040.0,810907.0,21894489.0,Finalizando,23089.8
2023-09-13,2023,La Esperanza,LE-04,Génova,27,Roberto Pérez,757989.0,751464.0,642027.0,109437.0,810907.0,21894489.0,Finalizando,23778.8
2023-09-20,2023,La Esperanza,LE-04,Génova,27,Roberto Pérez,757989.0,751464.0,661097.0,90367.0,810907.0,21894489.0,Finalizando,24485.1
2023-09-27,2023,La Esperanza,LE-04,Génova,27,Roberto Pérez,757989.0,751464.0,676610.0,74854.0,810907.0,21894489.0,Finalizando,25059.6
2023-10-04,2023,La Esperanza,LE-04,Génova,27,Roberto Pérez,757989.0,751464.0,684888.0,66576.0,810907.0,21894489.0,Finalizando,25366.2
2023-10-11,2023,La Esperanza,LE-04,Génova,27,Roberto Pérez,757989.0,751464.0,692467.0,58997.0,810907.0,21894489.0,Finalizando,25646.9
2023-10-18,2023,La Esperanza,LE-04,Génova,27,Roberto Pérez,757989.0,751464.0,701071.0,50393.0,810907.0,21894489.0,Finalizando,25965.6
2023-10-25,2023,La Esperanza,LE-04,Génova,27,Roberto Pérez,757989.0,751464.0,708522.0,42942.0,810907.0,21894489.0,Finalizando,26241.6
2023-11-01,2023,La Esperanza,LE-04,Génova,27,Roberto Pérez,757989.0,751464.0,711543.0,39921.0,810907.0,21894489.0,Finalizando,26353.4
2023-11-08,2023,La Esperanza,LE-04,Génova,27,Roberto Pérez,757989.0,751464.0,714306.0,37158.0,810907.0,21894489.0,Finalizando,26455.8
2023-11-15,2023,La Esperanza,LE-04,Génova,27,Roberto Pérez,757989.0,751464.0,717536.0,33928.0,810907.0,21894489.0,Finalizando,26575.4
2023-11-22,2023,La Esperanza,LE-04,Génova,27,Roberto Pérez,757989.0,751464.0,720088.0,31376.0,810907.0,21894489.0,Finalizando,26669.9
2023-11-29,2023,La Esperanza,LE-04,Génova,27,Roberto Pérez,757989.0,751464.0,722812.0,28652.0,810907.0,21894489.0,Finalizando,26770.8
2023-03-01,2023,San Cayetano,SC-01,Eureka,30,Carlos Juárez,1078310.0,1100103.0,13041.0,1087062.0,995842.0,29875260.0,En cosecha,434.7
2023-03-08,2023,San Cayetano,SC-01,Eureka,30,Carlos Juárez,1078310.0,1100103.0,25155.0,1074948.0,995842.0,29875260.0,En cosecha,838.5
2023-03-15,2023,San Cayetano,SC-01,Eureka,30,Carlos Juárez,1078310.0,1100103.0,37179.0,1062924.0,995842.0,29875260.0,En cosecha,1239.3
2023-03-22,2023,San Cayetano,SC-01,Eureka,30,Carlos Juárez,1078310.0,1100103.0,48183.0,1051920.0,995842.0,29875260.0,En cosecha,1606.1
2023-03-29,2023,San Cayetano,SC-01,Eureka,30,Carlos Juárez,1078310.0,1100103.0,58661.0,1041442.0,995842.0,29875260.0,En cosecha,1955.4
2023-04-05,2023,San Cayetano,SC-01,Eureka,30,Carlos Juárez,1078310.0,1100103.0,94007.0,1006096.0,995842.0,29875260.0,En cosecha,3133.6
2023-04-12,2023,San Cayetano,SC-01,Eureka,30,Carlos Juárez,1078310.0,1100103.0,129382.0,970721.0,995842.0,29875260.0,En cosecha,4312.7
2023-04-19,2023,San Cayetano,SC-01,Eureka,30,Carlos Juárez,1078310.0,1100103.0,162248.0,937855.0,995842.0,29875260.0,En cosecha,5408.3
2023-04-26,2023,San Cayetano,SC-01,Eureka,30,Carlos Juárez,1078310.0,1100103.0,192351.0,907752.0,995842.0,29875260.0,En cosecha,6411.7
2023-05-03,2023,San Cayetano,SC-01,Eureka,30,Carlos Juárez,1078310.0,1100103.0,233512.0,866591.0,995842.0,29875260.0,En cosecha,7783.7
2023-05-10,2023,San Cayetano,SC-01,Eureka,30,Carlos Juárez,1078310.0,1100103.0,279495.0,820608.0,995842.0,29875260.0,En cosecha,9316.5
2023-05-17,2023,San Cayetano,SC-01,Eureka,30,Carlos Juárez,1078310.0,1100103.0,327668.0,772435.0,995842.0,29875260.0,En cosecha,10922.3
2023-05-24,2023,San Cayetano,SC-01,Eureka,30,Carlos Juárez,1078310.0,1100103.0,375713.0,724390.0,995842.0,29875260.0,En cosecha,12523.8
2023-05-31,2023,San Cayetano,SC-01,Eureka,30,Carlos Juárez,1078310.0,1100103.0,422385.0,677718.0,995842.0,29875260.0,En cosecha,14079.5
2023-06-07,2023,San Cayetano,SC-01,Eureka,30,Carlos Juárez,1078310.0,1100103.0,469456.0,630647.0,995842.0,29875260.0,En cosecha,15648.5
2023-06-14,2023,San Cayetano,SC-01,Eureka,30,Carlos Juárez,1078310.0,1100103.0,509041.0,591062.0,995842.0,29875260.0,En cosecha,16968.0
2023-06-21,2023,San Cayetano,SC-01,Eureka,30,Carlos Juárez,1078310.0,1100103.0,549667.0,550436.0,995842.0,29875260.0,En cosecha,18322.2
2023-06-28,2023,San Cayetano,SC-01,Eureka,30,Carlos Juárez,1078310.0,1100103.0,600178.0,499925.0,995842.0,29875260.0,En cosecha,20005.9
2023-07-05,2023,San Cayetano,SC-01,Eureka,30,Carlos Juárez,1078310.0,1100103.0,643320.0,456783.0,995842.0,29875260.0,En cosecha,21444.0
2023-07-12,2023,San Cayetano,SC-01,Eureka,30,Carlos Juárez,1078310.0,1100103.0,679042.0,421061.0,995842.0,29875260.0,En cosecha,22634.7
2023-07-19,2023,San Cayetano,SC-01,Eureka,30,Carlos Juárez,1078310.0,1100103.0,715911.0,384192.0,995842.0,29875260.0,En cosecha,23863.7
2023-07-26,2023,San Cayetano,SC-01,Eureka,30,Carlos Juárez,1078310.0,1100103.0,759761.0,340342.0,995842.0,29875260.0,En cosecha,25325.4
2023-08-02,2023,San Cayetano,SC-01,Eureka,30,Carlos Juárez,1078310.0,1100103.0,788598.0,311505.0,995842.0,29875260.0,En cosecha,26286.6
2023-08-09,2023,San Cayetano,SC-01,Eureka,30,Carlos Juárez,1078310.0,1100103.0,818999.0,281104.0,995842.0,29875260.0,Finalizando,27300.0
2023-08-16,2023,San Cayetano,SC-01,Eureka,30,Carlos Juárez,1078310.0,1100103.0,853295.0,246808.0,995842.0,29875260.0,Finalizando,28443.2
2023-08-23,2023,San Cayetano,SC-01,Eureka,30,Carlos Juárez,1078310.0,1100103.0,889028.0,211075.0,995842.0,29875260.0,Finalizando,29634.3
2023-08-30,2023,San Cayetano,SC-01,Eureka,30,Carlos Juárez,1078310.0,1100103.0,924361.0,175742.0,995842.0,29875260.0,Finalizando,30812.0
2023-09-06,2023,San Cayetano,SC-01,Eureka,30,Carlos Juárez,1078310.0,1100103.0,945493.0,154610.0,995842.0,29875260.0,Finalizando,31516.4
2023-09-13,2023,San Cayetano,SC-01,Eureka,30,Carlos Juárez,1078310.0,1100103.0,969961.0,130142.0,995842.0,29875260.0,Finalizando,32332.0
2023-09-20,2023,San Cayetano,SC-01,Eureka,30,Carlos Juárez,1078310.0,1100103.0,991182.0,108921.0,995842.0,29875260.0,Finalizando,33039.4
2023-09-27,2023,San Cayetano,SC-01,Eureka,30,Carlos Juárez,1078310.0,1100103.0,1013005.0,87098.0,995842.0,29875260.0,Finalizando,33766.8
2023-10-04,2023,San Cayetano,SC-01,Eureka,30,Carlos Juárez,1078310.0,1100103.0,1024298.0,75805.0,995842.0,29875260.0,Finalizando,34143.3
2023-10-11,2023,San Cayetano,SC-01,Eureka,30,Carlos Juárez,1078310.0,1100103.0,1035287.0,64816.0,995842.0,29875260.0,Finalizando,34509.6
2023-10-18,2023,San Cayetano,SC-01,Eureka,30,Carlos Juárez,1078310.0,1100103.0,1046900.0,53203.0,995842.0,29875260.0,Finalizando,34896.7
2023-10-25,2023,San Cayetano,SC-01,Eureka,30,Carlos Juárez,1078310.0,1100103.0,1057914.0,42189.0,995842.0,29875260.0,Finalizando,35263.8
2023-11-01,2023,San Cayetano,SC-01,Eureka,30,Carlos Juárez,1078310.0,1100103.0,1061882.0,38221.0,995842.0,29875260.0,Finalizando,35396.1
2023-11-08,2023,San Cayetano,SC-01,Eureka,30,Carlos Juárez,1078310.0,1100103.0,1065302.0,34801.0,995842.0,29875260.0,Finalizando,35510.1
2023-11-15,2023,San Cayetano,SC-01,Eureka,30,Carlos Juárez,1078310.0,1100103.0,1069039.0,31064.0,995842.0,29875260.0,Finalizando,35634.6
2023-11-22,2023,San Cayetano,SC-01,Eureka,30,Carlos Juárez,1078310.0,1100103.0,1072657.0,27446.0,995842.0,29875260.0,Finalizando,35755.2
2023-11-29,2023,San Cayetano,SC-01,Eureka,30,Carlos Juárez,1078310.0,1100103.0,1076250.0,23853.0,995842.0,29875260.0,Finalizando,35875.0
2023-03-01,2023,San Cayetano,SC-02,Lisbon,28,Carlos Juárez,985189.0,937016.0,8776.0,928240.0,1001137.0,28031836.0,En cosecha,313.4
2023-03-08,2023,San Cayetano,SC-02,Lisbon,28,Carlos Juárez,985189.0,937016.0,17745.0,919271.0,1001137.0,28031836.0,En cosecha,633.8
2023-03-15,2023,San Cayetano,SC-02,Lisbon,28,Carlos Juárez,985189.0,937016.0,26494.0,910522.0,1001137.0,28031836.0,En cosecha,946.2
2023-03-22,2023,San Cayetano,SC-02,Lisbon,28,Carlos Juárez,985189.0,937016.0,34469.0,902547.0,1001137.0,28031836.0,En cosecha,1231.0
2023-03-29,2023,San Cayetano,SC-02,Lisbon,28,Carlos Juárez,985189.0,937016.0,43817.0,893199.0,1001137.0,28031836.0,En cosecha,1564.9
2023-04-05,2023,San Cayetano,SC-02,Lisbon,28,Carlos Juárez,985189.0,937016.0,65678.0,871338.0,1001137.0,28031836.0,En cosecha,2345.6
2023-04-12,2023,San Cayetano,SC-02,Lisbon,28,Carlos Juárez,985189.0,937016.0,85758.0,851258.0,1001137.0,28031836.0,En cosecha,3062.8
2023-04-19,2023,San Cayetano,SC-02,Lisbon,28,Carlos Juárez,985189.0,937016.0,110151.0,826865.0,1001137.0,28031836.0,En cosecha,3934.0
2023-04-26,2023,San Cayetano,SC-02,Lisbon,28,Carlos Juárez,985189.0,937016.0,131292.0,805724.0,1001137.0,28031836.0,En cosecha,4689.0
2023-05-03,2023,San Cayetano,SC-02,Lisbon,28,Carlos Juárez,985189.0,937016.0,168942.0,768074.0,1001137.0,28031836.0,En cosecha,6033.6
2023-05-10,2023,San Cayetano,SC-02,Lisbon,28,Carlos Juárez,985189.0,937016.0,206724.0,730292.0,1001137.0,28031836.0,En cosecha,7383.0
2023-05-17,2023,San Cayetano,SC-02,Lisbon,28,Carlos Juárez,985189.0,937016.0,244120.0,692896.0,1001137.0,28031836.0,En cosecha,8718.6
2023-05-24,2023,San Cayetano,SC-02,Lisbon,28,Carlos Juárez,985189.0,937016.0,276130.0,660886.0,1001137.0,28031836.0,En cosecha,9861.8
2023-05-31,2023,San Cayetano,SC-02,Lisbon,28,Carlos Juárez,985189.0,937016.0,304632.0,632384.0,1001137.0,28031836.0,En cosecha,10879.7
2023-06-07,2023,San Cayetano,SC-02,Lisbon,28,Carlos Juárez,985189.0,937016.0,346993.0,590023.0,1001137.0,28031836.0,En cosecha,12392.6
2023-06-14,2023,San Cayetano,SC-02,Lisbon,28,Carlos Juárez,985189.0,937016.0,383772.0,553244.0,1001137.0,28031836.0,En cosecha,13706.1
2023-06-21,2023,San Cayetano,SC-02,Lisbon,28,Carlos Juárez,985189.0,937016.0,426562.0,510454.0,1001137.0,28031836.0,En cosecha,15234.4
2023-06-28,2023,San Cayetano,SC-02,Lisbon,28,Carlos Juárez,985189.0,937016.0,469318.0,467698.0,1001137.0,28031836.0,En cosecha,16761.4
2023-07-05,2023,San Cayetano,SC-02,Lisbon,28,Carlos Juárez,985189.0,937016.0,510454.0,426562.0,1001137.0,28031836.0,En cosecha,18230.5
2023-07-12,2023,San Cayetano,SC-02,Lisbon,28,Carlos Juárez,985189.0,937016.0,545413.0,391603.0,1001137.0,28031836.0,En cosecha,19479.0
2023-07-19,2023,San Cayetano,SC-02,Lisbon,28,Carlos Juárez,985189.0,937016.0,581375.0,355641.0,1001137.0,28031836.0,En cosecha,20763.4
2023-07-26,2023,San Cayetano,SC-02,Lisbon,28,Carlos Juárez,985189.0,937016.0,622491.0,314525.0,1001137.0,28031836.0,En cosecha,22231.8
2023-08-02,2023,San Cayetano,SC-02,Lisbon,28,Carlos Juárez,985189.0,937016.0,650789.0,286227.0,1001137.0,28031836.0,En cosecha,23242.5
2023-08-09,2023,San Cayetano,SC-02,Lisbon,28,Carlos Juárez,985189.0,937016.0,677776.0,259240.0,1001137.0,28031836.0,Finalizando,24206.3
2023-08-16,2023,San Cayetano,SC-02,Lisbon,28,Carlos Juárez,985189.0,937016.0,708207.0,228809.0,1001137.0,28031836.0,Finalizando,25293.1
2023-08-23,2023,San Cayetano,SC-02,Lisbon,28,Carlos Juárez,985189.0,937016.0,742009.0,195007.0,1001137.0,28031836.0,Finalizando,26500.3
2023-08-30,2023,San Cayetano,SC-02,Lisbon,28,Carlos Juárez,985189.0,937016.0,773676.0,163340.0,1001137.0,28031836.0,Finalizando,27631.3
2023-09-06,2023,San Cayetano,SC-02,Lisbon,28,Carlos Juárez,985189.0,937016.0,794136.0,142880.0,1001137.0,28031836.0,Finalizando,28362.0
2023-09-13,2023,San Cayetano,SC-02,Lisbon,28,Carlos Juárez,985189.0,937016.0,811781.0,125235.0,1001137.0,28031836.0,Finalizando,28992.2
2023-09-20,2023,San Cayetano,SC-02,Lisbon,28,Carlos Juárez,985189.0,937016.0,832509.0,104507.0,1001137.0,28031836.0,Finalizando,29732.5
2023-09-27,2023,San Cayetano,SC-02,Lisbon,28,Carlos Juárez,985189.0,937016.0,855469.0,81547.0,1001137.0,28031836.0,Finalizando,30552.5
2023-10-04,2023,San Cayetano,SC-02,Lisbon,28,Carlos Juárez,985189.0,937016.0,863711.0,73305.0,1001137.0,28031836.0,Finalizando,30846.8
2023-10-11,2023,San Cayetano,SC-02,Lisbon,28,Carlos Juárez,985189.0,937016.0,872989.0,64027.0,1001137.0,28031836.0,Finalizando,31178.2
2023-10-18,2023,San Cayetano,SC-02,Lisbon,28,Carlos Juárez,985189.0,937016.0,883252.0,53764.0,1001137.0,28031836.0,Finalizando,31544.7
2023-10-25,2023,San Cayetano,SC-02,Lisbon,28,Carlos Juárez,985189.0,937016.0,893140.0,43876.0,1001137.0,28031836.0,Finalizando,31897.9
2023-11-01,2023,San Cayetano,SC-02,Lisbon,28,Carlos Juárez,985189.0,937016.0,896455.0,40561.0,1001137.0,28031836.0,Finalizando,32016.2
2023-11-08,2023,San Cayetano,SC-02,Lisbon,28,Carlos Juárez,985189.0,937016.0,899775.0,37241.0,1001137.0,28031836.0,Finalizando,32134.8
2023-11-15,2023,San Cayetano,SC-02,Lisbon,28,Carlos Juárez,985189.0,937016.0,902776.0,34240.0,1001137.0,28031836.0,Finalizando,32242.0
2023-11-22,2023,San Cayetano,SC-02,Lisbon,28,Carlos Juárez,985189.0,937016.0,905716.0,31300.0,1001137.0,28031836.0,Finalizando,32347.0
2023-11-29,2023,San Cayetano,SC-02,Lisbon,28,Carlos Juárez,985189.0,937016.0,909135.0,27881.0,1001137.0,28031836.0,Finalizando,32469.1
2023-03-01,2023,San Cayetano,SC-03,Génova,27,Carlos Juárez,788822.0,798856.0,7309.0,791547.0,1008767.0,27236709.0,En cosecha,270.7
2023-03-08,2023,San Cayetano,SC-03,Génova,27,Carlos Juárez,788822.0,798856.0,14322.0,784534.0,1008767.0,27236709.0,En cosecha,530.4
2023-03-15,2023,San Cayetano,SC-03,Génova,27,Carlos Juárez,788822.0,798856.0,21439.0,777417.0,1008767.0,27236709.0,En cosecha,794.0
2023-03-22,2023,San Cayetano,SC-03,Génova,27,Carlos Juárez,788822.0,798856.0,28743.0,770113.0,1008767.0,27236709.0,En cosecha,1064.6
2023-03-29,2023,San Cayetano,SC-03,Génova,27,Carlos Juárez,788822.0,798856.0,36236.0,762620.0,1008767.0,27236709.0,En cosecha,1342.1
2023-04-05,2023,San Cayetano,SC-03,Génova,27,Carlos Juárez,788822.0,798856.0,53969.0,744887.0,1008767.0,27236709.0,En cosecha,1998.9
2023-04-12,2023,San Cayetano,SC-03,Génova,27,Carlos Juárez,788822.0,798856.0,71911.0,726945.0,1008767.0,27236709.0,En cosecha,2663.4
2023-04-19,2023,San Cayetano,SC-03,Génova,27,Carlos Juárez,788822.0,798856.0,88295.0,710561.0,1008767.0,27236709.0,En cosecha,3270.2
2023-04-26,2023,San Cayetano,SC-03,Génova,27,Carlos Juárez,788822.0,798856.0,107359.0,691497.0,1008767.0,27236709.0,En cosecha,3976.3
2023-05-03,2023,San Cayetano,SC-03,Génova,27,Carlos Juárez,788822.0,798856.0,130868.0,667988.0,1008767.0,27236709.0,En cosecha,4847.0
2023-05-10,2023,San Cayetano,SC-03,Génova,27,Carlos Juárez,788822.0,798856.0,157858.0,640998.0,1008767.0,27236709.0,En cosecha,5846.6
2023-05-17,2023,San Cayetano,SC-03,Génova,27,Carlos Juárez,788822.0,798856.0,185471.0,613385.0,1008767.0,27236709.0,En cosecha,6869.3
2023-05-24,2023,San Cayetano,SC-03,Génova,27,Carlos Juárez,788822.0,798856.0,211010.0,587846.0,1008767.0,27236709.0,En cosecha,7815.2
2023-05-31,2023,San Cayetano,SC-03,Génova,27,Carlos Juárez,788822.0,798856.0,239014.0,559842.0,1008767.0,27236709.0,En cosecha,8852.4
2023-06-07,2023,San Cayetano,SC-03,Génova,27,Carlos Juárez,788822.0,798856.0,266082.0,532774.0,1008767.0,27236709.0,En cosecha,9854.9
2023-06-14,2023,San Cayetano,SC-03,Génova,27,Carlos Juárez,788822.0,798856.0,293213.0,505643.0,1008767.0,27236709.0,En cosecha,10859.7
2023-06-21,2023,San Cayetano,SC-03,Génova,27,Carlos Juárez,788822.0,798856.0,327681.0,471175.0,1008767.0,27236709.0,En cosecha,12136.3
2023-06-28,2023,San Cayetano,SC-03,Génova,27,Carlos Juárez,788822.0,798856.0,357829.0,441027.0,1008767.0,27236709.0,En cosecha,13252.9
2023-07-05,2023,San Cayetano,SC-03,Génova,27,Carlos Juárez,788822.0,798856.0,386874.0,411982.0,1008767.0,27236709.0,En cosecha,14328.7
2023-07-12,2023,San Cayetano,SC-03,Génova,27,Carlos Juárez,788822.0,798856.0,419754.0,379102.0,1008767.0,27236709.0,En cosecha,15546.4
2023-07-19,2023,San Cayetano,SC-03,Génova,27,Carlos Juárez,788822.0,798856.0,455037.0,343819.0,1008767.0,27236709.0,En cosecha,16853.2
2023-07-26,2023,San Cayetano,SC-03,Génova,27,Carlos Juárez,788822.0,798856.0,484944.0,313912.0,1008767.0,27236709.0,En cosecha,17960.9
2023-08-02,2023,San Cayetano,SC-03,Génova,27,Carlos Juárez,788822.0,798856.0,514060.0,284796.0,1008767.0,27236709.0,En cosecha,19039.3
2023-08-09,2023,San Cayetano,SC-03,Génova,27,Carlos Juárez,788822.0,798856.0,538691.0,260165.0,1008767.0,27236709.0,En cosecha,19951.5
2023-08-16,2023,San Cayetano,SC-03,Génova,27,Carlos Juárez,788822.0,798856.0,563041.0,235815.0,1008767.0,27236709.0,En cosecha,20853.4
2023-08-23,2023,San Cayetano,SC-03,Génova,27,Carlos Juárez,788822.0,798856.0,591393.0,207463.0,1008767.0,27236709.0,Finalizando,21903.4
2023-08-30,2023,San Cayetano,SC-03,Génova,27,Carlos Juárez,788822.0,798856.0,619823.0,179033.0,1008767.0,27236709.0,Finalizando,22956.4
2023-09-06,2023,San Cayetano,SC-03,Génova,27,Carlos Juárez,788822.0,798856.0,639567.0,159289.0,1008767.0,27236709.0,Finalizando,23687.7
2023-09-13,2023,San Cayetano,SC-03,Génova,27,Carlos Juárez,788822.0,798856.0,659810.0,139046.0,1008767.0,27236709.0,Finalizando,24437.4
2023-09-20,2023,San Cayetano,SC-03,Génova,27,Carlos Juárez,788822.0,798856.0,681460.0,117396.0,1008767.0,27236709.0,Finalizando,25239.3
2023-09-27,2023,San Cayetano,SC-03,Génova,27,Carlos Juárez,788822.0,798856.0,700521.0,98335.0,1008767.0,27236709.0,Finalizando,25945.2
2023-10-04,2023,San Cayetano,SC-03,Génova,27,Carlos Juárez,788822.0,798856.0,708705.0,90151.0,1008767.0,27236709.0,Finalizando,26248.3
2023-10-11,2023,San Cayetano,SC-03,Génova,27,Carlos Juárez,788822.0,798856.0,718100.0,80756.0,1008767.0,27236709.0,Finalizando,26596.3
2023-10-18,2023,San Cayetano,SC-03,Génova,27,Carlos Juárez,788822.0,798856.0,726149.0,72707.0,1008767.0,27236709.0,Finalizando,26894.4
2023-10-25,2023,San Cayetano,SC-03,Génova,27,Carlos Juárez,788822.0,798856.0,734631.0,64225.0,1008767.0,27236709.0,Finalizando,27208.6
2023-11-01,2023,San Cayetano,SC-03,Génova,27,Carlos Juárez,788822.0,798856.0,737250.0,61606.0,1008767.0,27236709.0,Finalizando,27305.6
2023-11-08,2023,San Cayetano,SC-03,Génova,27,Carlos Juárez,788822.0,798856.0,739822.0,59034.0,1008767.0,27236709.0,Finalizando,27400.8
2023-11-15,2023,San Cayetano,SC-03,Génova,27,Carlos Juárez,788822.0,798856.0,743228.0,55628.0,1008767.0,27236709.0,Finalizando,27527.0
2023-11-22,2023,San Cayetano,SC-03,Génova,27,Carlos Juárez,788822.0,798856.0,746521.0,52335.0,1008767.0,27236709.0,Finalizando,27648.9
2023-11-29,2023,San Cayetano,SC-03,Génova,27,Carlos Juárez,788822.0,798856.0,749689.0,49167.0,1008767.0,27236709.0,Finalizando,27766.3
2023-03-01,2023,El Paraíso,EP-01,Eureka,25,Miguel Flores,937891.0,865231.0,10290.0,854941.0,736317.0,18407925.0,En cosecha,411.6
2023-03-08,2023,El Paraíso,EP-01,Eureka,25,Miguel Flores,937891.0,865231.0,20424.0,844807.0,736317.0,18407925.0,En cosecha,817.0
2023-03-15,2023,El Paraíso,EP-01,Eureka,25,Miguel Flores,937891.0,865231.0,29466.0,835765.0,736317.0,18407925.0,En cosecha,1178.6
2023-03-22,2023,El Paraíso,EP-01,Eureka,25,Miguel Flores,937891.0,865231.0,40446.0,824785.0,736317.0,18407925.0,En cosecha,1617.8
2023-03-29,2023,El Paraíso,EP-01,Eureka,25,Miguel Flores,937891.0,865231.0,50804.0,814427.0,736317.0,18407925.0,En cosecha,2032.2
2023-04-05,2023,El Paraíso,EP-01,Eureka,25,Miguel Flores,937891.0,865231.0,76879.0,788352.0,736317.0,18407925.0,En cosecha,3075.2
2023-04-12,2023,El Paraíso,EP-01,Eureka,25,Miguel Flores,937891.0,865231.0,103391.0,761840.0,736317.0,18407925.0,En cosecha,4135.6
2023-04-19,2023,El Paraíso,EP-01,Eureka,25,Miguel Flores,937891.0,865231.0,128439.0,736792.0,736317.0,18407925.0,En cosecha,5137.6
2023-04-26,2023,El Paraíso,EP-01,Eureka,25,Miguel Flores,937891.0,865231.0,152177.0,713054.0,736317.0,18407925.0,En cosecha,6087.1
2023-05-03,2023,El Paraíso,EP-01,Eureka,25,Miguel Flores,937891.0,865231.0,185655.0,679576.0,736317.0,18407925.0,En cosecha,7426.2
2023-05-10,2023,El Paraíso,EP-01,Eureka,25,Miguel Flores,937891.0,865231.0,223308.0,641923.0,736317.0,18407925.0,En cosecha,8932.3
2023-05-17,2023,El Paraíso,EP-01,Eureka,25,Miguel Flores,937891.0,865231.0,253238.0,611993.0,736317.0,18407925.0,En cosecha,10129.5
2023-05-24,2023,El Paraíso,EP-01,Eureka,25,Miguel Flores,937891.0,865231.0,284224.0,581007.0,736317.0,18407925.0,En cosecha,11369.0
2023-05-31,2023,El Paraíso,EP-01,Eureka,25,Miguel Flores,937891.0,865231.0,314483.0,550748.0,736317.0,18407925.0,En cosecha,12579.3
2023-06-07,2023,El Paraíso,EP-01,Eureka,25,Miguel Flores,937891.0,865231.0,346140.0,519091.0,736317.0,18407925.0,En cosecha,13845.6
2023-06-14,2023,El Paraíso,EP-01,Eureka,25,Miguel Flores,937891.0,865231.0,386669.0,478562.0,736317.0,18407925.0,En cosecha,15466.8
2023-06-21,2023,El Paraíso,EP-01,Eureka,25,Miguel Flores,937891.0,865231.0,425544.0,439687.0,736317.0,18407925.0,En cosecha,17021.8
2023-06-28,2023,El Paraíso,EP-01,Eureka,25,Miguel Flores,937891.0,865231.0,461921.0,403310.0,736317.0,18407925.0,En cosecha,18476.8
2023-07-05,2023,El Paraíso,EP-01,Eureka,25,Miguel Flores,937891.0,865231.0,491809.0,373422.0,736317.0,18407925.0,En cosecha,19672.4
2023-07-12,2023,El Paraíso,EP-01,Eureka,25,Miguel Flores,937891.0,865231.0,525668.0,339563.0,736317.0,18407925.0,En cosecha,21026.7
2023-07-19,2023,El Paraíso,EP-01,Eureka,25,Miguel Flores,937891.0,865231.0,559343.0,305888.0,736317.0,18407925.0,En cosecha,22373.7
2023-07-26,2023,El Paraíso,EP-01,Eureka,25,Miguel Flores,937891.0,865231.0,589991.0,275240.0,736317.0,18407925.0,En cosecha,23599.6
2023-08-02,2023,El Paraíso,EP-01,Eureka,25,Miguel Flores,937891.0,865231.0,616891.0,248340.0,736317.0,18407925.0,En cosecha,24675.6
2023-08-09,2023,El Paraíso,EP-01,Eureka,25,Miguel Flores,937891.0,865231.0,643503.0,221728.0,736317.0,18407925.0,Finalizando,25740.1
2023-08-16,2023,El Paraíso,EP-01,Eureka,25,Miguel Flores,937891.0,865231.0,671887.0,193344.0,736317.0,18407925.0,Finalizando,26875.5
2023-08-23,2023,El Paraíso,EP-01,Eureka,25,Miguel Flores,937891.0,865231.0,700427.0,164804.0,736317.0,18407925.0,Finalizando,28017.1
2023-08-30,2023,El Paraíso,EP-01,Eureka,25,Miguel Flores,937891.0,865231.0,724160.0,141071.0,736317.0,18407925.0,Finalizando,28966.4
2023-09-06,2023,El Paraíso,EP-01,Eureka,25,Miguel Flores,937891.0,865231.0,742147.0,123084.0,736317.0,18407925.0,Finalizando,29685.9
2023-09-13,2023,El Paraíso,EP-01,Eureka,25,Miguel Flores,937891.0,865231.0,761527.0,103704.0,736317.0,18407925.0,Finalizando,30461.1
2023-09-20,2023,El Paraíso,EP-01,Eureka,25,Miguel Flores,937891.0,865231.0,780227.0,85004.0,736317.0,18407925.0,Finalizando,31209.1
2023-09-27,2023,El Paraíso,EP-01,Eureka,25,Miguel Flores,937891.0,865231.0,800887.0,64344.0,736317.0,18407925.0,Finalizando,32035.5
2023-10-04,2023,El Paraíso,EP-01,Eureka,25,Miguel Flores,937891.0,865231.0,809830.0,55401.0,736317.0,18407925.0,Finalizando,32393.2
2023-10-11,2023,El Paraíso,EP-01,Eureka,25,Miguel Flores,937891.0,865231.0,817515.0,47716.0,736317.0,18407925.0,Finalizando,32700.6
2023-10-18,2023,El Paraíso,EP-01,Eureka,25,Miguel Flores,937891.0,865231.0,824965.0,40266.0,736317.0,18407925.0,Finalizando,32998.6
2023-10-25,2023,El Paraíso,EP-01,Eureka,25,Miguel Flores,937891.0,865231.0,833866.0,31365.0,736317.0,18407925.0,Finalizando,33354.6
2023-11-01,2023,El Paraíso,EP-01,Eureka,25,Miguel Flores,937891.0,865231.0,836579.0,28652.0,736317.0,18407925.0,Finalizando,33463.2
2023-11-08,2023,El Paraíso,EP-01,Eureka,25,Miguel Flores,937891.0,865231.0,839816.0,25415.0,736317.0,18407925.0,Finalizando,33592.6
2023-11-15,2023,El Paraíso,EP-01,Eureka,25,Miguel Flores,937891.0,865231.0,843386.0,21845.0,736317.0,18407925.0,Finalizando,33735.4
2023-11-22,2023,El Paraíso,EP-01,Eureka,25,Miguel Flores,937891.0,865231.0,846613.0,18618.0,736317.0,18407925.0,Finalizando,33864.5
2023-11-29,2023,El Paraíso,EP-01,Eureka,25,Miguel Flores,937891.0,865231.0,849665.0,15566.0,736317.0,18407925.0,Finalizando,33986.6
2023-03-01,2023,El Paraíso,EP-02,Eureka,30,Miguel Flores,1162869.0,1115857.0,13772.0,1102085.0,876422.0,26292660.0,En cosecha,459.1
2023-03-08,2023,El Paraíso,EP-02,Eureka,30,Miguel Flores,1162869.0,1115857.0,24954.0,1090903.0,876422.0,26292660.0,En cosecha,831.8
2023-03-15,2023,El Paraíso,EP-02,Eureka,30,Miguel Flores,1162869.0,1115857.0,35674.0,1080183.0,876422.0,26292660.0,En cosecha,1189.1
2023-03-22,2023,El Paraíso,EP-02,Eureka,30,Miguel Flores,1162869.0,1115857.0,46508.0,1069349.0,876422.0,26292660.0,En cosecha,1550.3
2023-03-29,2023,El Paraíso,EP-02,Eureka,30,Miguel Flores,1162869.0,1115857.0,57041.0,1058816.0,876422.0,26292660.0,En cosecha,1901.4
2023-04-05,2023,El Paraíso,EP-02,Eureka,30,Miguel Flores,1162869.0,1115857.0,85720.0,1030137.0,876422.0,26292660.0,En cosecha,2857.3
2023-04-12,2023,El Paraíso,EP-02,Eureka,30,Miguel Flores,1162869.0,1115857.0,120099.0,995758.0,876422.0,26292660.0,En cosecha,4003.3
2023-04-19,2023,El Paraíso,EP-02,Eureka,30,Miguel Flores,1162869.0,1115857.0,148553.0,967304.0,876422.0,26292660.0,En cosecha,4951.8
2023-04-26,2023,El Paraíso,EP-02,Eureka,30,Miguel Flores,1162869.0,1115857.0,179406.0,936451.0,876422.0,26292660.0,En cosecha,5980.2
2023-05-03,2023,El Paraíso,EP-02,Eureka,30,Miguel Flores,1162869.0,1115857.0,228400.0,887457.0,876422.0,26292660.0,En cosecha,7613.3
2023-05-10,2023,El Paraíso,EP-02,Eureka,30,Miguel Flores,1162869.0,1115857.0,266549.0,849308.0,876422.0,26292660.0,En cosecha,8885.0
2023-05-17,2023,El Paraíso,EP-02,Eureka,30,Miguel Flores,1162869.0,1115857.0,315142.0,800715.0,876422.0,26292660.0,En cosecha,10504.7
2023-05-24,2023,El Paraíso,EP-02,Eureka,30,Miguel Flores,1162869.0,1115857.0,356704.0,759153.0,876422.0,26292660.0,En cosecha,11890.1
2023-05-31,2023,El Paraíso,EP-02,Eureka,30,Miguel Flores,1162869.0,1115857.0,396105.0,719752.0,876422.0,26292660.0,En cosecha,13203.5
2023-06-07,2023,El Paraíso,EP-02,Eureka,30,Miguel Flores,1162869.0,1115857.0,445408.0,670449.0,876422.0,26292660.0,En cosecha,14846.9
2023-06-14,2023,El Paraíso,EP-02,Eureka,30,Miguel Flores,1162869.0,1115857.0,493773.0,622084.0,876422.0,26292660.0,En cosecha,16459.1
2023-06-21,2023,El Paraíso,EP-02,Eureka,30,Miguel Flores,1162869.0,1115857.0,545577.0,570280.0,876422.0,26292660.0,En cosecha,18185.9
2023-06-28,2023,El Paraíso,EP-02,Eureka,30,Miguel Flores,1162869.0,1115857.0,595410.0,520447.0,876422.0,26292660.0,En cosecha,19847.0
2023-07-05,2023,El Paraíso,EP-02,Eureka,30,Miguel Flores,1162869.0,1115857.0,642429.0,473428.0,876422.0,26292660.0,En cosecha,21414.3
2023-07-12,2023,El Paraíso,EP-02,Eureka,30,Miguel Flores,1162869.0,1115857.0,682767.0,433090.0,876422.0,26292660.0,En cosecha,22758.9
2023-07-19,2023,El Paraíso,EP-02,Eureka,30,Miguel Flores,1162869.0,1115857.0,721765.0,394092.0,876422.0,26292660.0,En cosecha,24058.8
2023-07-26,2023,El Paraíso,EP-02,Eureka,30,Miguel Flores,1162869.0,1115857.0,768106.0,347751.0,876422.0,26292660.0,En cosecha,25603.5
2023-08-02,2023,El Paraíso,EP-02,Eureka,30,Miguel Flores,1162869.0,1115857.0,806151.0,309706.0,876422.0,26292660.0,Finalizando,26871.7
2023-08-09,2023,El Paraíso,EP-02,Eureka,30,Miguel Flores,1162869.0,1115857.0,846097.0,269760.0,876422.0,26292660.0,Finalizando,28203.2
2023-08-16,2023,El Paraíso,EP-02,Eureka,30,Miguel Flores,1162869.0,1115857.0,880059.0,235798.0,876422.0,26292660.0,Finalizando,29335.3
2023-08-23,2023,El Paraíso,EP-02,Eureka,30,Miguel Flores,1162869.0,1115857.0,913600.0,202257.0,876422.0,26292660.0,Finalizando,30453.3
2023-08-30,2023,El Paraíso,EP-02,Eureka,30,Miguel Flores,1162869.0,1115857.0,951330.0,164527.0,876422.0,26292660.0,Finalizando,31711.0
2023-09-06,2023,El Paraíso,EP-02,Eureka,30,Miguel Flores,1162869.0,1115857.0,973946.0,141911.0,876422.0,26292660.0,Finalizando,32464.9
2023-09-13,2023,El Paraíso,EP-02,Eureka,30,Miguel Flores,1162869.0,1115857.0,1000723.0,115134.0,876422.0,26292660.0,Finalizando,33357.4
2023-09-20,2023,El Paraíso,EP-02,Eureka,30,Miguel Flores,1162869.0,1115857.0,1026989.0,88868.0,876422.0,26292660.0,Finalizando,34233.0
2023-09-27,2023,El Paraíso,EP-02,Eureka,30,Miguel Flores,1162869.0,1115857.0,1050227.0,65630.0,876422.0,26292660.0,Finalizando,35007.6
2023-10-04,2023,El Paraíso,EP-02,Eureka,30,Miguel Flores,1162869.0,1115857.0,1061888.0,53969.0,876422.0,26292660.0,Finalizando,35396.3
2023-10-11,2023,El Paraíso,EP-02,Eureka,30,Miguel Flores,1162869.0,1115857.0,1073560.0,42297.0,876422.0,26292660.0,Finalizando,35785.3
2023-10-18,2023,El Paraíso,EP-02,Eureka,30,Miguel Flores,1162869.0,1115857.0,1083132.0,32725.0,876422.0,26292660.0,Finalizando,36104.4
2023-10-25,2023,El Paraíso,EP-02,Eureka,30,Miguel Flores,1162869.0,1115857.0,1095281.0,20576.0,876422.0,26292660.0,Finalizando,36509.4
2023-11-01,2023,El Paraíso,EP-02,Eureka,30,Miguel Flores,1162869.0,1115857.0,1099299.0,16558.0,876422.0,26292660.0,Completado,36643.3
2023-11-08,2023,El Paraíso,EP-02,Eureka,30,Miguel Flores,1162869.0,1115857.0,1103699.0,12158.0,876422.0,26292660.0,Completado,36790.0
2023-11-15,2023,El Paraíso,EP-02,Eureka,30,Miguel Flores,1162869.0,1115857.0,1107495.0,8362.0,876422.0,26292660.0,Completado,36916.5
2023-11-22,2023,El Paraíso,EP-02,Eureka,30,Miguel Flores,1162869.0,1115857.0,1111978.0,3879.0,876422.0,26292660.0,Completado,37065.9
2023-11-29,2023,El Paraíso,EP-02,Eureka,30,Miguel Flores,1162869.0,1115857.0,1115857.0,0.0,876422.0,26292660.0,Completado,37195.2
2023-03-01,2023,El Paraíso,EP-03,Lisbon,22,Miguel Flores,676282.0,688251.0,7488.0,680763.0,712863.0,15682986.0,En cosecha,340.4
2023-03-08,2023,El Paraíso,EP-03,Lisbon,22,Miguel Flores,676282.0,688251.0,14236.0,674015.0,712863.0,15682986.0,En cosecha,647.1
2023-03-15,2023,El Paraíso,EP-03,Lisbon,22,Miguel Flores,676282.0,688251.0,21098.0,667153.0,712863.0,15682986.0,En cosecha,959.0
2023-03-22,2023,El Paraíso,EP-03,Lisbon,22,Miguel Flores,676282.0,688251.0,27601.0,660650.0,712863.0,15682986.0,En cosecha,1254.6
2023-03-29,2023,El Paraíso,EP-03,Lisbon,22,Miguel Flores,676282.0,688251.0,33799.0,654452.0,712863.0,15682986.0,En cosecha,1536.3
2023-04-05,2023,El Paraíso,EP-03,Lisbon,22,Miguel Flores,676282.0,688251.0,50514.0,637737.0,712863.0,15682986.0,En cosecha,2296.1
2023-04-12,2023,El Paraíso,EP-03,Lisbon,22,Miguel Flores,676282.0,688251.0,69026.0,619225.0,712863.0,15682986.0,En cosecha,3137.5
2023-04-19,2023,El Paraíso,EP-03,Lisbon,22,Miguel Flores,676282.0,688251.0,87957.0,600294.0,712863.0,15682986.0,En cosecha,3998.0
2023-04-26,2023,El Paraíso,EP-03,Lisbon,22,Miguel Flores,676282.0,688251.0,107093.0,581158.0,712863.0,15682986.0,En cosecha,4867.9
2023-05-03,2023,El Paraíso,EP-03,Lisbon,22,Miguel Flores,676282.0,688251.0,134324.0,553927.0,712863.0,15682986.0,En cosecha,6105.6
2023-05-10,2023,El Paraíso,EP-03,Lisbon,22,Miguel Flores,676282.0,688251.0,156353.0,531898.0,712863.0,15682986.0,En cosecha,7107.0
2023-05-17,2023,El Paraíso,EP-03,Lisbon,22,Miguel Flores,676282.0,688251.0,181385.0,506866.0,712863.0,15682986.0,En cosecha,8244.8
2023-05-24,2023,El Paraíso,EP-03,Lisbon,22,Miguel Flores,676282.0,688251.0,203164.0,485087.0,712863.0,15682986.0,En cosecha,9234.7
2023-05-31,2023,El Paraíso,EP-03,Lisbon,22,Miguel Flores,676282.0,688251.0,228607.0,459644.0,712863.0,15682986.0,En cosecha,10391.2
2023-06-07,2023,El Paraíso,EP-03,Lisbon,22,Miguel Flores,676282.0,688251.0,256418.0,431833.0,712863.0,15682986.0,En cosecha,11655.4
2023-06-14,2023,El Paraíso,EP-03,Lisbon,22,Miguel Flores,676282.0,688251.0,287980.0,400271.0,712863.0,15682986.0,En cosecha,13090.0
2023-06-21,2023,El Paraíso,EP-03,Lisbon,22,Miguel Flores,676282.0,688251.0,315029.0,373222.0,712863.0,15682986.0,En cosecha,14319.5
2023-06-28,2023,El Paraíso,EP-03,Lisbon,22,Miguel Flores,676282.0,688251.0,340112.0,348139.0,712863.0,15682986.0,En cosecha,15459.6
2023-07-05,2023,El Paraíso,EP-03,Lisbon,22,Miguel Flores,676282.0,688251.0,365179.0,323072.0,712863.0,15682986.0,En cosecha,16599.0
2023-07-12,2023,El Paraíso,EP-03,Lisbon,22,Miguel Flores,676282.0,688251.0,395398.0,292853.0,712863.0,15682986.0,En cosecha,17972.6
2023-07-19,2023,El Paraíso,EP-03,Lisbon,22,Miguel Flores,676282.0,688251.0,424423.0,263828.0,712863.0,15682986.0,En cosecha,19292.0
2023-07-26,2023,El Paraíso,EP-03,Lisbon,22,Miguel Flores,676282.0,688251.0,449141.0,239110.0,712863.0,15682986.0,En cosecha,20415.5
2023-08-02,2023,El Paraíso,EP-03,Lisbon,22,Miguel Flores,676282.0,688251.0,468894.0,219357.0,712863.0,15682986.0,En cosecha,21313.4
2023-08-09,2023,El Paraíso,EP-03,Lisbon,22,Miguel Flores,676282.0,688251.0,492777.0,195474.0,712863.0,15682986.0,En cosecha,22399.0
2023-08-16,2023,El Paraíso,EP-03,Lisbon,22,Miguel Flores,676282.0,688251.0,512454.0,175797.0,712863.0,15682986.0,Finalizando,23293.4
2023-08-23,2023,El Paraíso,EP-03,Lisbon,22,Miguel Flores,676282.0,688251.0,537145.0,151106.0,712863.0,15682986.0,Finalizando,24415.7
2023-08-30,2023,El Paraíso,EP-03,Lisbon,22,Miguel Flores,676282.0,688251.0,561063.0,127188.0,712863.0,15682986.0,Finalizando,25502.9
2023-09-06,2023,El Paraíso,EP-03,Lisbon,22,Miguel Flores,676282.0,688251.0,574281.0,113970.0,712863.0,15682986.0,Finalizando,26103.7
2023-09-13,2023,El Paraíso,EP-03,Lisbon,22,Miguel Flores,676282.0,688251.0,587514.0,100737.0,712863.0,15682986.0,Finalizando,26705.2
2023-09-20,2023,El Paraíso,EP-03,Lisbon,22,Miguel Flores,676282.0,688251.0,604791.0,83460.0,712863.0,15682986.0,Finalizando,27490.5
2023-09-27,2023,El Paraíso,EP-03,Lisbon,22,Miguel Flores,676282.0,688251.0,619322.0,68929.0,712863.0,15682986.0,Finalizando,28151.0
2023-10-04,2023,El Paraíso,EP-03,Lisbon,22,Miguel Flores,676282.0,688251.0,626004.0,62247.0,712863.0,15682986.0,Finalizando,28454.7
2023-10-11,2023,El Paraíso,EP-03,Lisbon,22,Miguel Flores,676282.0,688251.0,633600.0,54651.0,712863.0,15682986.0,Finalizando,28800.0
2023-10-18,2023,El Paraíso,EP-03,Lisbon,22,Miguel Flores,676282.0,688251.0,641473.0,46778.0,712863.0,15682986.0,Finalizando,29157.9
2023-10-25,2023,El Paraíso,EP-03,Lisbon,22,Miguel Flores,676282.0,688251.0,649426.0,38825.0,712863.0,15682986.0,Finalizando,29519.4
2023-11-01,2023,El Paraíso,EP-03,Lisbon,22,Miguel Flores,676282.0,688251.0,651962.0,36289.0,712863.0,15682986.0,Finalizando,29634.6
2023-11-08,2023,El Paraíso,EP-03,Lisbon,22,Miguel Flores,676282.0,688251.0,654234.0,34017.0,712863.0,15682986.0,Finalizando,29737.9
2023-11-15,2023,El Paraíso,EP-03,Lisbon,22,Miguel Flores,676282.0,688251.0,656301.0,31950.0,712863.0,15682986.0,Finalizando,29831.9
2023-11-22,2023,El Paraíso,EP-03,Lisbon,22,Miguel Flores,676282.0,688251.0,658854.0,29397.0,712863.0,15682986.0,Finalizando,29947.9
2023-11-29,2023,El Paraíso,EP-03,Lisbon,22,Miguel Flores,676282.0,688251.0,661253.0,26998.0,712863.0,15682986.0,Finalizando,30057.0
2023-03-01,2023,El Paraíso,EP-04,Génova,18,Miguel Flores,498653.0,507542.0,3641.0,503901.0,720031.0,12960558.0,En cosecha,202.3
2023-03-08,2023,El Paraíso,EP-04,Génova,18,Miguel Flores,498653.0,507542.0,7360.0,500182.0,720031.0,12960558.0,En cosecha,408.9
2023-03-15,2023,El Paraíso,EP-04,Génova,18,Miguel Flores,498653.0,507542.0,11077.0,496465.0,720031.0,12960558.0,En cosecha,615.4
2023-03-22,2023,El Paraíso,EP-04,Génova,18,Miguel Flores,498653.0,507542.0,15456.0,492086.0,720031.0,12960558.0,En cosecha,858.7
2023-03-29,2023,El Paraíso,EP-04,Génova,18,Miguel Flores,498653.0,507542.0,19956.0,487586.0,720031.0,12960558.0,En cosecha,1108.7
2023-04-05,2023,El Paraíso,EP-04,Génova,18,Miguel Flores,498653.0,507542.0,31881.0,475661.0,720031.0,12960558.0,En cosecha,1771.2
2023-04-12,2023,El Paraíso,EP-04,Génova,18,Miguel Flores,498653.0,507542.0,45114.0,462428.0,720031.0,12960558.0,En cosecha,2506.3
2023-04-19,2023,El Paraíso,EP-04,Génova,18,Miguel Flores,498653.0,507542.0,56318.0,451224.0,720031.0,12960558.0,En cosecha,3128.8
2023-04-26,2023,El Paraíso,EP-04,Génova,18,Miguel Flores,498653.0,507542.0,67214.0,440328.0,720031.0,12960558.0,En cosecha,3734.1
2023-05-03,2023,El Paraíso,EP-04,Génova,18,Miguel Flores,498653.0,507542.0,86109.0,421433.0,720031.0,12960558.0,En cosecha,4783.8
2023-05-10,2023,El Paraíso,EP-04,Génova,18,Miguel Flores,498653.0,507542.0,101742.0,405800.0,720031.0,12960558.0,En cosecha,5652.3
2023-05-17,2023,El Paraíso,EP-04,Génova,18,Miguel Flores,498653.0,507542.0,121117.0,386425.0,720031.0,12960558.0,En cosecha,6728.7
2023-05-24,2023,El Paraíso,EP-04,Génova,18,Miguel Flores,498653.0,507542.0,135680.0,371862.0,720031.0,12960558.0,En cosecha,7537.8
2023-05-31,2023,El Paraíso,EP-04,Génova,18,Miguel Flores,498653.0,507542.0,155088.0,352454.0,720031.0,12960558.0,En cosecha,8616.0
2023-06-07,2023,El Paraíso,EP-04,Génova,18,Miguel Flores,498653.0,507542.0,172068.0,335474.0,720031.0,12960558.0,En cosecha,9559.3
2023-06-14,2023,El Paraíso,EP-04,Génova,18,Miguel Flores,498653.0,507542.0,193996.0,313546.0,720031.0,12960558.0,En cosecha,10777.6
2023-06-21,2023,El Paraíso,EP-04,Génova,18,Miguel Flores,498653.0,507542.0,213803.0,293739.0,720031.0,12960558.0,En cosecha,11877.9
2023-06-28,2023,El Paraíso,EP-04,Génova,18,Miguel Flores,498653.0,507542.0,236325.0,271217.0,720031.0,12960558.0,En cosecha,13129.2
2023-07-05,2023,El Paraíso,EP-04,Génova,18,Miguel Flores,498653.0,507542.0,254144.0,253398.0,720031.0,12960558.0,En cosecha,14119.1
2023-07-12,2023,El Paraíso,EP-04,Génova,18,Miguel Flores,498653.0,507542.0,274871.0,232671.0,720031.0,12960558.0,En cosecha,15270.6
2023-07-19,2023,El Paraíso,EP-04,Génova,18,Miguel Flores,498653.0,507542.0,298116.0,209426.0,720031.0,12960558.0,En cosecha,16562.0
2023-07-26,2023,El Paraíso,EP-04,Génova,18,Miguel Flores,498653.0,507542.0,318657.0,188885.0,720031.0,12960558.0,En cosecha,17703.2
2023-08-02,2023,El Paraíso,EP-04,Génova,18,Miguel Flores,498653.0,507542.0,336877.0,170665.0,720031.0,12960558.0,En cosecha,18715.4
2023-08-09,2023,El Paraíso,EP-04,Génova,18,Miguel Flores,498653.0,507542.0,355442.0,152100.0,720031.0,12960558.0,En cosecha,19746.8
2023-08-16,2023,El Paraíso,EP-04,Génova,18,Miguel Flores,498653.0,507542.0,372750.0,134792.0,720031.0,12960558.0,Finalizando,20708.3
2023-08-23,2023,El Paraíso,EP-04,Génova,18,Miguel Flores,498653.0,507542.0,390960.0,116582.0,720031.0,12960558.0,Finalizando,21720.0
2023-08-30,2023,El Paraíso,EP-04,Génova,18,Miguel Flores,498653.0,507542.0,408944.0,98598.0,720031.0,12960558.0,Finalizando,22719.1
2023-09-06,2023,El Paraíso,EP-04,Génova,18,Miguel Flores,498653.0,507542.0,422204.0,85338.0,720031.0,12960558.0,Finalizando,23455.8
2023-09-13,2023,El Paraíso,EP-04,Génova,18,Miguel Flores,498653.0,507542.0,432452.0,75090.0,720031.0,12960558.0,Finalizando,24025.1
2023-09-20,2023,El Paraíso,EP-04,Génova,18,Miguel Flores,498653.0,507542.0,443529.0,64013.0,720031.0,12960558.0,Finalizando,24640.5
2023-09-27,2023,El Paraíso,EP-04,Génova,18,Miguel Flores,498653.0,507542.0,456961.0,50581.0,720031.0,12960558.0,Finalizando,25386.7
2023-10-04,2023,El Paraíso,EP-04,Génova,18,Miguel Flores,498653.0,507542.0,462982.0,44560.0,720031.0,12960558.0,Finalizando,25721.2
2023-10-11,2023,El Paraíso,EP-04,Génova,18,Miguel Flores,498653.0,507542.0,468306.0,39236.0,720031.0,12960558.0,Finalizando,26017.0
2023-10-18,2023,El Paraíso,EP-04,Génova,18,Miguel Flores,498653.0,507542.0,473893.0,33649.0,720031.0,12960558.0,Finalizando,26327.4
2023-10-25,2023,El Paraíso,EP-04,Génova,18,Miguel Flores,498653.0,507542.0,478931.0,28611.0,720031.0,12960558.0,Finalizando,26607.3
2023-11-01,2023,El Paraíso,EP-04,Génova,18,Miguel Flores,498653.0,507542.0,480628.0,26914.0,720031.0,12960558.0,Finalizando,26701.6
2023-11-08,2023,El Paraíso,EP-04,Génova,18,Miguel Flores,498653.0,507542.0,482478.0,25064.0,720031.0,12960558.0,Finalizando,26804.3
2023-11-15,2023,El Paraíso,EP-04,Génova,18,Miguel Flores,498653.0,507542.0,484267.0,23275.0,720031.0,12960558.0,Finalizando,26903.7
2023-11-22,2023,El Paraíso,EP-04,Génova,18,Miguel Flores,498653.0,507542.0,486183.0,21359.0,720031.0,12960558.0,Finalizando,27010.2
2023-11-29,2023,El Paraíso,EP-04,Génova,18,Miguel Flores,498653.0,507542.0,487819.0,19723.0,720031.0,12960558.0,Finalizando,27101.1
2023-03-01,2023,Río Ancho,RA-01,Eureka,40,Juan Nieva,1620951.0,1666674.0,19003.0,1647671.0,931338.0,37253520.0,En cosecha,475.1
2023-03-08,2023,Río Ancho,RA-01,Eureka,40,Juan Nieva,1620951.0,1666674.0,35211.0,1631463.0,931338.0,37253520.0,En cosecha,880.3
2023-03-15,2023,Río Ancho,RA-01,Eureka,40,Juan Nieva,1620951.0,1666674.0,55424.0,1611250.0,931338.0,37253520.0,En cosecha,1385.6
2023-03-22,2023,Río Ancho,RA-01,Eureka,40,Juan Nieva,1620951.0,1666674.0,75164.0,1591510.0,931338.0,37253520.0,En cosecha,1879.1
2023-03-29,2023,Río Ancho,RA-01,Eureka,40,Juan Nieva,1620951.0,1666674.0,95585.0,1571089.0,931338.0,37253520.0,En cosecha,2389.6
2023-04-05,2023,Río Ancho,RA-01,Eureka,40,Juan Nieva,1620951.0,1666674.0,146573.0,1520101.0,931338.0,37253520.0,En cosecha,3664.3
2023-04-12,2023,Río Ancho,RA-01,Eureka,40,Juan Nieva,1620951.0,1666674.0,195968.0,1470706.0,931338.0,37253520.0,En cosecha,4899.2
2023-04-19,2023,Río Ancho,RA-01,Eureka,40,Juan Nieva,1620951.0,1666674.0,242592.0,1424082.0,931338.0,37253520.0,En cosecha,6064.8
2023-04-26,2023,Río Ancho,RA-01,Eureka,40,Juan Nieva,1620951.0,1666674.0,296518.0,1370156.0,931338.0,37253520.0,En cosecha,7412.9
2023-05-03,2023,Río Ancho,RA-01,Eureka,40,Juan Nieva,1620951.0,1666674.0,368729.0,1297945.0,931338.0,37253520.0,En cosecha,9218.2
2023-05-10,2023,Río Ancho,RA-01,Eureka,40,Juan Nieva,1620951.0,1666674.0,425060.0,1241614.0,931338.0,37253520.0,En cosecha,10626.5
2023-05-17,2023,Río Ancho,RA-01,Eureka,40,Juan Nieva,1620951.0,1666674.0,481026.0,1185648.0,931338.0,37253520.0,En cosecha,12025.6
2023-05-24,2023,Río Ancho,RA-01,Eureka,40,Juan Nieva,1620951.0,1666674.0,543765.0,1122909.0,931338.0,37253520.0,En cosecha,13594.1
2023-05-31,2023,Río Ancho,RA-01,Eureka,40,Juan Nieva,1620951.0,1666674.0,614901.0,1051773.0,931338.0,37253520.0,En cosecha,15372.5
2023-06-07,2023,Río Ancho,RA-01,Eureka,40,Juan Nieva,1620951.0,1666674.0,693045.0,973629.0,931338.0,37253520.0,En cosecha,17326.1
2023-06-14,2023,Río Ancho,RA-01,Eureka,40,Juan Nieva,1620951.0,1666674.0,754221.0,912453.0,931338.0,37253520.0,En cosecha,18855.5
2023-06-21,2023,Río Ancho,RA-01,Eureka,40,Juan Nieva,1620951.0,1666674.0,824393.0,842281.0,931338.0,37253520.0,En cosecha,20609.8
2023-06-28,2023,Río Ancho,RA-01,Eureka,40,Juan Nieva,1620951.0,1666674.0,890242.0,776432.0,931338.0,37253520.0,En cosecha,22256.0
2023-07-05,2023,Río Ancho,RA-01,Eureka,40,Juan Nieva,1620951.0,1666674.0,962271.0,704403.0,931338.0,37253520.0,En cosecha,24056.8
2023-07-12,2023,Río Ancho,RA-01,Eureka,40,Juan Nieva,1620951.0,1666674.0,1031902.0,634772.0,931338.0,37253520.0,En cosecha,25797.5
2023-07-19,2023,Río Ancho,RA-01,Eureka,40,Juan Nieva,1620951.0,1666674.0,1101461.0,565213.0,931338.0,37253520.0,En cosecha,27536.5
2023-07-26,2023,Río Ancho,RA-01,Eureka,40,Juan Nieva,1620951.0,1666674.0,1164080.0,502594.0,931338.0,37253520.0,En cosecha,29102.0
2023-08-02,2023,Río Ancho,RA-01,Eureka,40,Juan Nieva,1620951.0,1666674.0,1213884.0,452790.0,931338.0,37253520.0,Finalizando,30347.1
2023-08-09,2023,Río Ancho,RA-01,Eureka,40,Juan Nieva,1620951.0,1666674.0,1261542.0,405132.0,931338.0,37253520.0,Finalizando,31538.5
2023-08-16,2023,Río Ancho,RA-01,Eureka,40,Juan Nieva,1620951.0,1666674.0,1305906.0,360768.0,931338.0,37253520.0,Finalizando,32647.7
2023-08-23,2023,Río Ancho,RA-01,Eureka,40,Juan Nieva,1620951.0,1666674.0,1362538.0,304136.0,931338.0,37253520.0,Finalizando,34063.4
2023-08-30,2023,Río Ancho,RA-01,Eureka,40,Juan Nieva,1620951.0,1666674.0,1418384.0,248290.0,931338.0,37253520.0,Finalizando,35459.6
2023-09-06,2023,Río Ancho,RA-01,Eureka,40,Juan Nieva,1620951.0,1666674.0,1458337.0,208337.0,931338.0,37253520.0,Finalizando,36458.4
2023-09-13,2023,Río Ancho,RA-01,Eureka,40,Juan Nieva,1620951.0,1666674.0,1498258.0,168416.0,931338.0,37253520.0,Finalizando,37456.4
2023-09-20,2023,Río Ancho,RA-01,Eureka,40,Juan Nieva,1620951.0,1666674.0,1533620.0,133054.0,931338.0,37253520.0,Finalizando,38340.5
2023-09-27,2023,Río Ancho,RA-01,Eureka,40,Juan Nieva,1620951.0,1666674.0,1571189.0,95485.0,931338.0,37253520.0,Finalizando,39279.7
2023-10-04,2023,Río Ancho,RA-01,Eureka,40,Juan Nieva,1620951.0,1666674.0,1589193.0,77481.0,931338.0,37253520.0,Finalizando,39729.8
2023-10-11,2023,Río Ancho,RA-01,Eureka,40,Juan Nieva,1620951.0,1666674.0,1606747.0,59927.0,931338.0,37253520.0,Finalizando,40168.7
2023-10-18,2023,Río Ancho,RA-01,Eureka,40,Juan Nieva,1620951.0,1666674.0,1621457.0,45217.0,931338.0,37253520.0,Finalizando,40536.4
2023-10-25,2023,Río Ancho,RA-01,Eureka,40,Juan Nieva,1620951.0,1666674.0,1637126.0,29548.0,931338.0,37253520.0,Finalizando,40928.2
2023-11-01,2023,Río Ancho,RA-01,Eureka,40,Juan Nieva,1620951.0,1666674.0,1642357.0,24317.0,931338.0,37253520.0,Completado,41058.9
2023-11-08,2023,Río Ancho,RA-01,Eureka,40,Juan Nieva,1620951.0,1666674.0,1649028.0,17646.0,931338.0,37253520.0,Completado,41225.7
2023-11-15,2023,Río Ancho,RA-01,Eureka,40,Juan Nieva,1620951.0,1666674.0,1655091.0,11583.0,931338.0,37253520.0,Completado,41377.3
2023-11-22,2023,Río Ancho,RA-01,Eureka,40,Juan Nieva,1620951.0,1666674.0,1660496.0,6178.0,931338.0,37253520.0,Completado,41512.4
2023-11-29,2023,Río Ancho,RA-01,Eureka,40,Juan Nieva,1620951.0,1666674.0,1666674.0,0.0,931338.0,37253520.0,Completado,41666.8
2023-03-01,2023,Río Ancho,RA-02,Lisbon,38,Juan Nieva,1274739.0,1206618.0,12529.0,1194089.0,720881.0,27393478.0,En cosecha,329.7
2023-03-08,2023,Río Ancho,RA-02,Lisbon,38,Juan Nieva,1274739.0,1206618.0,24190.0,1182428.0,720881.0,27393478.0,En cosecha,636.6
2023-03-15,2023,Río Ancho,RA-02,Lisbon,38,Juan Nieva,1274739.0,1206618.0,36994.0,1169624.0,720881.0,27393478.0,En cosecha,973.5
2023-03-22,2023,Río Ancho,RA-02,Lisbon,38,Juan Nieva,1274739.0,1206618.0,48764.0,1157854.0,720881.0,27393478.0,En cosecha,1283.3
2023-03-29,2023,Río Ancho,RA-02,Lisbon,38,Juan Nieva,1274739.0,1206618.0,60565.0,1146053.0,720881.0,27393478.0,En cosecha,1593.8
2023-04-05,2023,Río Ancho,RA-02,Lisbon,38,Juan Nieva,1274739.0,1206618.0,94933.0,1111685.0,720881.0,27393478.0,En cosecha,2498.2
2023-04-12,2023,Río Ancho,RA-02,Lisbon,38,Juan Nieva,1274739.0,1206618.0,124957.0,1081661.0,720881.0,27393478.0,En cosecha,3288.3
2023-04-19,2023,Río Ancho,RA-02,Lisbon,38,Juan Nieva,1274739.0,1206618.0,152508.0,1054110.0,720881.0,27393478.0,En cosecha,4013.4
2023-04-26,2023,Río Ancho,RA-02,Lisbon,38,Juan Nieva,1274739.0,1206618.0,179092.0,1027526.0,720881.0,27393478.0,En cosecha,4712.9
2023-05-03,2023,Río Ancho,RA-02,Lisbon,38,Juan Nieva,1274739.0,1206618.0,226437.0,980181.0,720881.0,27393478.0,En cosecha,5958.9
2023-05-10,2023,Río Ancho,RA-02,Lisbon,38,Juan Nieva,1274739.0,1206618.0,272020.0,934598.0,720881.0,27393478.0,En cosecha,7158.4
2023-05-17,2023,Río Ancho,RA-02,Lisbon,38,Juan Nieva,1274739.0,1206618.0,318698.0,887920.0,720881.0,27393478.0,En cosecha,8386.8
2023-05-24,2023,Río Ancho,RA-02,Lisbon,38,Juan Nieva,1274739.0,1206618.0,358957.0,847661.0,720881.0,27393478.0,En cosecha,9446.2
2023-05-31,2023,Río Ancho,RA-02,Lisbon,38,Juan Nieva,1274739.0,1206618.0,398213.0,808405.0,720881.0,27393478.0,En cosecha,10479.3
2023-06-07,2023,Río Ancho,RA-02,Lisbon,38,Juan Nieva,1274739.0,1206618.0,440728.0,765890.0,720881.0,27393478.0,En cosecha,11598.1
2023-06-14,2023,Río Ancho,RA-02,Lisbon,38,Juan Nieva,1274739.0,1206618.0,488200.0,718418.0,720881.0,27393478.0,En cosecha,12847.4
2023-06-21,2023,Río Ancho,RA-02,Lisbon,38,Juan Nieva,1274739.0,1206618.0,539204.0,667414.0,720881.0,27393478.0,En cosecha,14189.6
2023-06-28,2023,Río Ancho,RA-02,Lisbon,38,Juan Nieva,1274739.0,1206618.0,587291.0,619327.0,720881.0,27393478.0,En cosecha,15455.0
2023-07-05,2023,Río Ancho,RA-02,Lisbon,38,Juan Nieva,1274739.0,1206618.0,635595.0,571023.0,720881.0,27393478.0,En cosecha,16726.2
2023-07-12,2023,Río Ancho,RA-02,Lisbon,38,Juan Nieva,1274739.0,1206618.0,690720.0,515898.0,720881.0,27393478.0,En cosecha,18176.8
2023-07-19,2023,Río Ancho,RA-02,Lisbon,38,Juan Nieva,1274739.0,1206618.0,737719.0,468899.0,720881.0,27393478.0,En cosecha,19413.7
2023-07-26,2023,Río Ancho,RA-02,Lisbon,38,Juan Nieva,1274739.0,1206618.0,787141.0,419477.0,720881.0,27393478.0,En cosecha,20714.2
2023-08-02,2023,Río Ancho,RA-02,Lisbon,38,Juan Nieva,1274739.0,1206618.0,830032.0,376586.0,720881.0,27393478.0,En cosecha,21842.9
2023-08-09,2023,Río Ancho,RA-02,Lisbon,38,Juan Nieva,1274739.0,1206618.0,868374.0,338244.0,720881.0,27393478.0,En cosecha,22851.9
2023-08-16,2023,Río Ancho,RA-02,Lisbon,38,Juan Nieva,1274739.0,1206618.0,909366.0,297252.0,720881.0,27393478.0,Finalizando,23930.7
2023-08-23,2023,Río Ancho,RA-02,Lisbon,38,Juan Nieva,1274739.0,1206618.0,953182.0,253436.0,720881.0,27393478.0,Finalizando,25083.7
2023-08-30,2023,Río Ancho,RA-02,Lisbon,38,Juan Nieva,1274739.0,1206618.0,998021.0,208597.0,720881.0,27393478.0,Finalizando,26263.7
2023-09-06,2023,Río Ancho,RA-02,Lisbon,38,Juan Nieva,1274739.0,1206618.0,1021739.0,184879.0,720881.0,27393478.0,Finalizando,26887.9
2023-09-13,2023,Río Ancho,RA-02,Lisbon,38,Juan Nieva,1274739.0,1206618.0,1051590.0,155028.0,720881.0,27393478.0,Finalizando,27673.4
2023-09-20,2023,Río Ancho,RA-02,Lisbon,38,Juan Nieva,1274739.0,1206618.0,1078023.0,128595.0,720881.0,27393478.0,Finalizando,28369.0
2023-09-27,2023,Río Ancho,RA-02,Lisbon,38,Juan Nieva,1274739.0,1206618.0,1102615.0,104003.0,720881.0,27393478.0,Finalizando,29016.2
2023-10-04,2023,Río Ancho,RA-02,Lisbon,38,Juan Nieva,1274739.0,1206618.0,1114665.0,91953.0,720881.0,27393478.0,Finalizando,29333.3
2023-10-11,2023,Río Ancho,RA-02,Lisbon,38,Juan Nieva,1274739.0,1206618.0,1128603.0,78015.0,720881.0,27393478.0,Finalizando,29700.1
2023-10-18,2023,Río Ancho,RA-02,Lisbon,38,Juan Nieva,1274739.0,1206618.0,1140775.0,65843.0,720881.0,27393478.0,Finalizando,30020.4
2023-10-25,2023,Río Ancho,RA-02,Lisbon,38,Juan Nieva,1274739.0,1206618.0,1152353.0,54265.0,720881.0,27393478.0,Finalizando,30325.1
2023-11-01,2023,Río Ancho,RA-02,Lisbon,38,Juan Nieva,1274739.0,1206618.0,1156657.0,49961.0,720881.0,27393478.0,Finalizando,30438.3
2023-11-08,2023,Río Ancho,RA-02,Lisbon,38,Juan Nieva,1274739.0,1206618.0,1160477.0,46141.0,720881.0,27393478.0,Finalizando,30538.9
2023-11-15,2023,Río Ancho,RA-02,Lisbon,38,Juan Nieva,1274739.0,1206618.0,1164095.0,42523.0,720881.0,27393478.0,Finalizando,30634.1
2023-11-22,2023,Río Ancho,RA-02,Lisbon,38,Juan Nieva,1274739.0,1206618.0,1167779.0,38839.0,720881.0,27393478.0,Finalizando,30731.0
2023-11-29,2023,Río Ancho,RA-02,Lisbon,38,Juan Nieva,1274739.0,1206618.0,1171461.0,35157.0,720881.0,27393478.0,Finalizando,30827.9
2023-03-01,2023,Río Ancho,RA-03,Génova,32,Juan Nieva,852335.0,782484.0,6628.0,775856.0,910715.0,29142880.0,En cosecha,207.1
2023-03-08,2023,Río Ancho,RA-03,Génova,32,Juan Nieva,852335.0,782484.0,13640.0,768844.0,910715.0,29142880.0,En cosecha,426.2
2023-03-15,2023,Río Ancho,RA-03,Génova,32,Juan Nieva,852335.0,782484.0,19670.0,762814.0,910715.0,29142880.0,En cosecha,614.7
2023-03-22,2023,Río Ancho,RA-03,Génova,32,Juan Nieva,852335.0,782484.0,25739.0,756745.0,910715.0,29142880.0,En cosecha,804.3
2023-03-29,2023,Río Ancho,RA-03,Génova,32,Juan Nieva,852335.0,782484.0,31508.0,750976.0,910715.0,29142880.0,En cosecha,984.6
2023-04-05,2023,Río Ancho,RA-03,Génova,32,Juan Nieva,852335.0,782484.0,48220.0,734264.0,910715.0,29142880.0,En cosecha,1506.9
2023-04-12,2023,Río Ancho,RA-03,Génova,32,Juan Nieva,852335.0,782484.0,65536.0,716948.0,910715.0,29142880.0,En cosecha,2048.0
2023-04-19,2023,Río Ancho,RA-03,Génova,32,Juan Nieva,852335.0,782484.0,82293.0,700191.0,910715.0,29142880.0,En cosecha,2571.7
2023-04-26,2023,Río Ancho,RA-03,Génova,32,Juan Nieva,852335.0,782484.0,98564.0,683920.0,910715.0,29142880.0,En cosecha,3080.1
2023-05-03,2023,Río Ancho,RA-03,Génova,32,Juan Nieva,852335.0,782484.0,122635.0,659849.0,910715.0,29142880.0,En cosecha,3832.3
2023-05-10,2023,Río Ancho,RA-03,Génova,32,Juan Nieva,852335.0,782484.0,149448.0,633036.0,910715.0,29142880.0,En cosecha,4670.2
2023-05-17,2023,Río Ancho,RA-03,Génova,32,Juan Nieva,852335.0,782484.0,174210.0,608274.0,910715.0,29142880.0,En cosecha,5444.1
2023-05-24,2023,Río Ancho,RA-03,Génova,32,Juan Nieva,852335.0,782484.0,200244.0,582240.0,910715.0,29142880.0,En cosecha,6257.6
2023-05-31,2023,Río Ancho,RA-03,Génova,32,Juan Nieva,852335.0,782484.0,227400.0,555084.0,910715.0,29142880.0,En cosecha,7106.2
2023-06-07,2023,Río Ancho,RA-03,Génova,32,Juan Nieva,852335.0,782484.0,260463.0,522021.0,910715.0,29142880.0,En cosecha,8139.5
2023-06-14,2023,Río Ancho,RA-03,Génova,32,Juan Nieva,852335.0,782484.0,287473.0,495011.0,910715.0,29142880.0,En cosecha,8983.5
2023-06-21,2023,Río Ancho,RA-03,Génova,32,Juan Nieva,852335.0,782484.0,321549.0,460935.0,910715.0,29142880.0,En cosecha,10048.4
2023-06-28,2023,Río Ancho,RA-03,Génova,32,Juan Nieva,852335.0,782484.0,354031.0,428453.0,910715.0,29142880.0,En cosecha,11063.5
2023-07-05,2023,Río Ancho,RA-03,Génova,32,Juan Nieva,852335.0,782484.0,382490.0,399994.0,910715.0,29142880.0,En cosecha,11952.8
2023-07-12,2023,Río Ancho,RA-03,Génova,32,Juan Nieva,852335.0,782484.0,418592.0,363892.0,910715.0,29142880.0,En cosecha,13081.0
2023-07-19,2023,Río Ancho,RA-03,Génova,32,Juan Nieva,852335.0,782484.0,455151.0,327333.0,910715.0,29142880.0,En cosecha,14223.5
2023-07-26,2023,Río Ancho,RA-03,Génova,32,Juan Nieva,852335.0,782484.0,483411.0,299073.0,910715.0,29142880.0,En cosecha,15106.6
2023-08-02,2023,Río Ancho,RA-03,Génova,32,Juan Nieva,852335.0,782484.0,509505.0,272979.0,910715.0,29142880.0,En cosecha,15922.0
2023-08-09,2023,Río Ancho,RA-03,Génova,32,Juan Nieva,852335.0,782484.0,539994.0,242490.0,910715.0,29142880.0,En cosecha,16874.8
2023-08-16,2023,Río Ancho,RA-03,Génova,32,Juan Nieva,852335.0,782484.0,570002.0,212482.0,910715.0,29142880.0,Finalizando,17812.6
2023-08-23,2023,Río Ancho,RA-03,Génova,32,Juan Nieva,852335.0,782484.0,595330.0,187154.0,910715.0,29142880.0,Finalizando,18604.1
2023-08-30,2023,Río Ancho,RA-03,Génova,32,Juan Nieva,852335.0,782484.0,620864.0,161620.0,910715.0,29142880.0,Finalizando,19402.0
2023-09-06,2023,Río Ancho,RA-03,Génova,32,Juan Nieva,852335.0,782484.0,639010.0,143474.0,910715.0,29142880.0,Finalizando,19969.1
2023-09-13,2023,Río Ancho,RA-03,Génova,32,Juan Nieva,852335.0,782484.0,657795.0,124689.0,910715.0,29142880.0,Finalizando,20556.1
2023-09-20,2023,Río Ancho,RA-03,Génova,32,Juan Nieva,852335.0,782484.0,677330.0,105154.0,910715.0,29142880.0,Finalizando,21166.6
2023-09-27,2023,Río Ancho,RA-03,Génova,32,Juan Nieva,852335.0,782484.0,695467.0,87017.0,910715.0,29142880.0,Finalizando,21733.3
2023-10-04,2023,Río Ancho,RA-03,Génova,32,Juan Nieva,852335.0,782484.0,703965.0,78519.0,910715.0,29142880.0,Finalizando,21998.9
2023-10-11,2023,Río Ancho,RA-03,Génova,32,Juan Nieva,852335.0,782484.0,713190.0,69294.0,910715.0,29142880.0,Finalizando,22287.2
2023-10-18,2023,Río Ancho,RA-03,Génova,32,Juan Nieva,852335.0,782484.0,720601.0,61883.0,910715.0,29142880.0,Finalizando,22518.8
2023-10-25,2023,Río Ancho,RA-03,Génova,32,Juan Nieva,852335.0,782484.0,728562.0,53922.0,910715.0,29142880.0,Finalizando,22767.6
2023-11-01,2023,Río Ancho,RA-03,Génova,32,Juan Nieva,852335.0,782484.0,731730.0,50754.0,910715.0,29142880.0,Finalizando,22866.6
2023-11-08,2023,Río Ancho,RA-03,Génova,32,Juan Nieva,852335.0,782484.0,735058.0,47426.0,910715.0,29142880.0,Finalizando,22970.6
2023-11-15,2023,Río Ancho,RA-03,Génova,32,Juan Nieva,852335.0,782484.0,738048.0,44436.0,910715.0,29142880.0,Finalizando,23064.0
2023-11-22,2023,Río Ancho,RA-03,Génova,32,Juan Nieva,852335.0,782484.0,741055.0,41429.0,910715.0,29142880.0,Finalizando,23158.0
2023-11-29,2023,Río Ancho,RA-03,Génova,32,Juan Nieva,852335.0,782484.0,743686.0,38798.0,910715.0,29142880.0,Finalizando,23240.2
2023-03-01,2023,Los Álamos,LA-01,Eureka,28,Sebastián Gómez,1056167.0,1023679.0,10846.0,1012833.0,767289.0,21484092.0,En cosecha,387.4
2023-03-08,2023,Los Álamos,LA-01,Eureka,28,Sebastián Gómez,1056167.0,1023679.0,21315.0,1002364.0,767289.0,21484092.0,En cosecha,761.2
2023-03-15,2023,Los Álamos,LA-01,Eureka,28,Sebastián Gómez,1056167.0,1023679.0,32179.0,991500.0,767289.0,21484092.0,En cosecha,1149.2
2023-03-22,2023,Los Álamos,LA-01,Eureka,28,Sebastián Gómez,1056167.0,1023679.0,42337.0,981342.0,767289.0,21484092.0,En cosecha,1512.0
2023-03-29,2023,Los Álamos,LA-01,Eureka,28,Sebastián Gómez,1056167.0,1023679.0,55116.0,968563.0,767289.0,21484092.0,En cosecha,1968.4
2023-04-05,2023,Los Álamos,LA-01,Eureka,28,Sebastián Gómez,1056167.0,1023679.0,86336.0,937343.0,767289.0,21484092.0,En cosecha,3083.4
2023-04-12,2023,Los Álamos,LA-01,Eureka,28,Sebastián Gómez,1056167.0,1023679.0,118327.0,905352.0,767289.0,21484092.0,En cosecha,4226.0
2023-04-19,2023,Los Álamos,LA-01,Eureka,28,Sebastián Gómez,1056167.0,1023679.0,151311.0,872368.0,767289.0,21484092.0,En cosecha,5404.0
2023-04-26,2023,Los Álamos,LA-01,Eureka,28,Sebastián Gómez,1056167.0,1023679.0,181672.0,842007.0,767289.0,21484092.0,En cosecha,6488.3
2023-05-03,2023,Los Álamos,LA-01,Eureka,28,Sebastián Gómez,1056167.0,1023679.0,217993.0,805686.0,767289.0,21484092.0,En cosecha,7785.5
2023-05-10,2023,Los Álamos,LA-01,Eureka,28,Sebastián Gómez,1056167.0,1023679.0,259849.0,763830.0,767289.0,21484092.0,En cosecha,9280.3
2023-05-17,2023,Los Álamos,LA-01,Eureka,28,Sebastián Gómez,1056167.0,1023679.0,302317.0,721362.0,767289.0,21484092.0,En cosecha,10797.0
2023-05-24,2023,Los Álamos,LA-01,Eureka,28,Sebastián Gómez,1056167.0,1023679.0,346736.0,676943.0,767289.0,21484092.0,En cosecha,12383.4
2023-05-31,2023,Los Álamos,LA-01,Eureka,28,Sebastián Gómez,1056167.0,1023679.0,387295.0,636384.0,767289.0,21484092.0,En cosecha,13832.0
2023-06-07,2023,Los Álamos,LA-01,Eureka,28,Sebastián Gómez,1056167.0,1023679.0,425888.0,597791.0,767289.0,21484092.0,En cosecha,15210.3
2023-06-14,2023,Los Álamos,LA-01,Eureka,28,Sebastián Gómez,1056167.0,1023679.0,466494.0,557185.0,767289.0,21484092.0,En cosecha,16660.5
2023-06-21,2023,Los Álamos,LA-01,Eureka,28,Sebastián Gómez,1056167.0,1023679.0,508123.0,515556.0,767289.0,21484092.0,En cosecha,18147.2
2023-06-28,2023,Los Álamos,LA-01,Eureka,28,Sebastián Gómez,1056167.0,1023679.0,553396.0,470283.0,767289.0,21484092.0,En cosecha,19764.1
2023-07-05,2023,Los Álamos,LA-01,Eureka,28,Sebastián Gómez,1056167.0,1023679.0,594420.0,429259.0,767289.0,21484092.0,En cosecha,21229.3
2023-07-12,2023,Los Álamos,LA-01,Eureka,28,Sebastián Gómez,1056167.0,1023679.0,632881.0,390798.0,767289.0,21484092.0,En cosecha,22602.9
2023-07-19,2023,Los Álamos,LA-01,Eureka,28,Sebastián Gómez,1056167.0,1023679.0,678866.0,344813.0,767289.0,21484092.0,En cosecha,24245.2
2023-07-26,2023,Los Álamos,LA-01,Eureka,28,Sebastián Gómez,1056167.0,1023679.0,720307.0,303372.0,767289.0,21484092.0,En cosecha,25725.2
2023-08-02,2023,Los Álamos,LA-01,Eureka,28,Sebastián Gómez,1056167.0,1023679.0,750253.0,273426.0,767289.0,21484092.0,Finalizando,26794.8
2023-08-09,2023,Los Álamos,LA-01,Eureka,28,Sebastián Gómez,1056167.0,1023679.0,778891.0,244788.0,767289.0,21484092.0,Finalizando,27817.5
2023-08-16,2023,Los Álamos,LA-01,Eureka,28,Sebastián Gómez,1056167.0,1023679.0,808023.0,215656.0,767289.0,21484092.0,Finalizando,28858.0
2023-08-23,2023,Los Álamos,LA-01,Eureka,28,Sebastián Gómez,1056167.0,1023679.0,838052.0,185627.0,767289.0,21484092.0,Finalizando,29930.4
2023-08-30,2023,Los Álamos,LA-01,Eureka,28,Sebastián Gómez,1056167.0,1023679.0,867259.0,156420.0,767289.0,21484092.0,Finalizando,30973.5
2023-09-06,2023,Los Álamos,LA-01,Eureka,28,Sebastián Gómez,1056167.0,1023679.0,887315.0,136364.0,767289.0,21484092.0,Finalizando,31689.8
2023-09-13,2023,Los Álamos,LA-01,Eureka,28,Sebastián Gómez,1056167.0,1023679.0,908017.0,115662.0,767289.0,21484092.0,Finalizando,32429.2
2023-09-20,2023,Los Álamos,LA-01,Eureka,28,Sebastián Gómez,1056167.0,1023679.0,927986.0,95693.0,767289.0,21484092.0,Finalizando,33142.4
2023-09-27,2023,Los Álamos,LA-01,Eureka,28,Sebastián Gómez,1056167.0,1023679.0,952707.0,70972.0,767289.0,21484092.0,Finalizando,34025.2
2023-10-04,2023,Los Álamos,LA-01,Eureka,28,Sebastián Gómez,1056167.0,1023679.0,961555.0,62124.0,767289.0,21484092.0,Finalizando,34341.2
2023-10-11,2023,Los Álamos,LA-01,Eureka,28,Sebastián Gómez,1056167.0,1023679.0,971738.0,51941.0,767289.0,21484092.0,Finalizando,34704.9
2023-10-18,2023,Los Álamos,LA-01,Eureka,28,Sebastián Gómez,1056167.0,1023679.0,981578.0,42101.0,767289.0,21484092.0,Finalizando,35056.4
2023-10-25,2023,Los Álamos,LA-01,Eureka,28,Sebastián Gómez,1056167.0,1023679.0,993135.0,30544.0,767289.0,21484092.0,Finalizando,35469.1
2023-11-01,2023,Los Álamos,LA-01,Eureka,28,Sebastián Gómez,1056167.0,1023679.0,996441.0,27238.0,767289.0,21484092.0,Finalizando,35587.2
2023-11-08,2023,Los Álamos,LA-01,Eureka,28,Sebastián Gómez,1056167.0,1023679.0,1000064.0,23615.0,767289.0,21484092.0,Finalizando,35716.6
2023-11-15,2023,Los Álamos,LA-01,Eureka,28,Sebastián Gómez,1056167.0,1023679.0,1004322.0,19357.0,767289.0,21484092.0,Finalizando,35868.6
2023-11-22,2023,Los Álamos,LA-01,Eureka,28,Sebastián Gómez,1056167.0,1023679.0,1008464.0,15215.0,767289.0,21484092.0,Completado,36016.6
2023-11-29,2023,Los Álamos,LA-01,Eureka,28,Sebastián Gómez,1056167.0,1023679.0,1012553.0,11126.0,767289.0,21484092.0,Completado,36162.6
2023-03-01,2023,Los Álamos,LA-02,Lisbon,25,Sebastián Gómez,797038.0,735041.0,7399.0,727642.0,920712.0,23017800.0,En cosecha,296.0
2023-03-08,2023,Los Álamos,LA-02,Lisbon,25,Sebastián Gómez,797038.0,735041.0,14170.0,720871.0,920712.0,23017800.0,En cosecha,566.8
2023-03-15,2023,Los Álamos,LA-02,Lisbon,25,Sebastián Gómez,797038.0,735041.0,21994.0,713047.0,920712.0,23017800.0,En cosecha,879.8
2023-03-22,2023,Los Álamos,LA-02,Lisbon,25,Sebastián Gómez,797038.0,735041.0,28565.0,706476.0,920712.0,23017800.0,En cosecha,1142.6
2023-03-29,2023,Los Álamos,LA-02,Lisbon,25,Sebastián Gómez,797038.0,735041.0,35430.0,699611.0,920712.0,23017800.0,En cosecha,1417.2
2023-04-05,2023,Los Álamos,LA-02,Lisbon,25,Sebastián Gómez,797038.0,735041.0,54321.0,680720.0,920712.0,23017800.0,En cosecha,2172.8
2023-04-12,2023,Los Álamos,LA-02,Lisbon,25,Sebastián Gómez,797038.0,735041.0,73684.0,661357.0,920712.0,23017800.0,En cosecha,2947.4
2023-04-19,2023,Los Álamos,LA-02,Lisbon,25,Sebastián Gómez,797038.0,735041.0,91524.0,643517.0,920712.0,23017800.0,En cosecha,3661.0
2023-04-26,2023,Los Álamos,LA-02,Lisbon,25,Sebastián Gómez,797038.0,735041.0,108633.0,626408.0,920712.0,23017800.0,En cosecha,4345.3
2023-05-03,2023,Los Álamos,LA-02,Lisbon,25,Sebastián Gómez,797038.0,735041.0,137043.0,597998.0,920712.0,23017800.0,En cosecha,5481.7
2023-05-10,2023,Los Álamos,LA-02,Lisbon,25,Sebastián Gómez,797038.0,735041.0,162822.0,572219.0,920712.0,23017800.0,En cosecha,6512.9
2023-05-17,2023,Los Álamos,LA-02,Lisbon,25,Sebastián Gómez,797038.0,735041.0,190992.0,544049.0,920712.0,23017800.0,En cosecha,7639.7
2023-05-24,2023,Los Álamos,LA-02,Lisbon,25,Sebastián Gómez,797038.0,735041.0,215675.0,519366.0,920712.0,23017800.0,En cosecha,8627.0
2023-05-31,2023,Los Álamos,LA-02,Lisbon,25,Sebastián Gómez,797038.0,735041.0,243027.0,492014.0,920712.0,23017800.0,En cosecha,9721.1
2023-06-07,2023,Los Álamos,LA-02,Lisbon,25,Sebastián Gómez,797038.0,735041.0,274375.0,460666.0,920712.0,23017800.0,En cosecha,10975.0
2023-06-14,2023,Los Álamos,LA-02,Lisbon,25,Sebastián Gómez,797038.0,735041.0,301290.0,433751.0,920712.0,23017800.0,En cosecha,12051.6
2023-06-21,2023,Los Álamos,LA-02,Lisbon,25,Sebastián Gómez,797038.0,735041.0,330831.0,404210.0,920712.0,23017800.0,En cosecha,13233.2
2023-06-28,2023,Los Álamos,LA-02,Lisbon,25,Sebastián Gómez,797038.0,735041.0,358508.0,376533.0,920712.0,23017800.0,En cosecha,14340.3
2023-07-05,2023,Los Álamos,LA-02,Lisbon,25,Sebastián Gómez,797038.0,735041.0,385279.0,349762.0,920712.0,23017800.0,En cosecha,15411.2
2023-07-12,2023,Los Álamos,LA-02,Lisbon,25,Sebastián Gómez,797038.0,735041.0,420516.0,314525.0,920712.0,23017800.0,En cosecha,16820.6
2023-07-19,2023,Los Álamos,LA-02,Lisbon,25,Sebastián Gómez,797038.0,735041.0,449653.0,285388.0,920712.0,23017800.0,En cosecha,17986.1
2023-07-26,2023,Los Álamos,LA-02,Lisbon,25,Sebastián Gómez,797038.0,735041.0,483245.0,251796.0,920712.0,23017800.0,En cosecha,19329.8
2023-08-02,2023,Los Álamos,LA-02,Lisbon,25,Sebastián Gómez,797038.0,735041.0,506167.0,228874.0,920712.0,23017800.0,En cosecha,20246.7
2023-08-09,2023,Los Álamos,LA-02,Lisbon,25,Sebastián Gómez,797038.0,735041.0,532223.0,202818.0,920712.0,23017800.0,Finalizando,21288.9
2023-08-16,2023,Los Álamos,LA-02,Lisbon,25,Sebastián Gómez,797038.0,735041.0,558857.0,176184.0,920712.0,23017800.0,Finalizando,22354.3
2023-08-23,2023,Los Álamos,LA-02,Lisbon,25,Sebastián Gómez,797038.0,735041.0,584283.0,150758.0,920712.0,23017800.0,Finalizando,23371.3
2023-08-30,2023,Los Álamos,LA-02,Lisbon,25,Sebastián Gómez,797038.0,735041.0,608798.0,126243.0,920712.0,23017800.0,Finalizando,24351.9
2023-09-06,2023,Los Álamos,LA-02,Lisbon,25,Sebastián Gómez,797038.0,735041.0,624923.0,110118.0,920712.0,23017800.0,Finalizando,24996.9
2023-09-13,2023,Los Álamos,LA-02,Lisbon,25,Sebastián Gómez,797038.0,735041.0,640739.0,94302.0,920712.0,23017800.0,Finalizando,25629.6
2023-09-20,2023,Los Álamos,LA-02,Lisbon,25,Sebastián Gómez,797038.0,735041.0,659410.0,75631.0,920712.0,23017800.0,Finalizando,26376.4
2023-09-27,2023,Los Álamos,LA-02,Lisbon,25,Sebastián Gómez,797038.0,735041.0,677595.0,57446.0,920712.0,23017800.0,Finalizando,27103.8
2023-10-04,2023,Los Álamos,LA-02,Lisbon,25,Sebastián Gómez,797038.0,735041.0,686273.0,48768.0,920712.0,23017800.0,Finalizando,27450.9
2023-10-11,2023,Los Álamos,LA-02,Lisbon,25,Sebastián Gómez,797038.0,735041.0,693046.0,41995.0,920712.0,23017800.0,Finalizando,27721.8
2023-10-18,2023,Los Álamos,LA-02,Lisbon,25,Sebastián Gómez,797038.0,735041.0,701193.0,33848.0,920712.0,23017800.0,Finalizando,28047.7
2023-10-25,2023,Los Álamos,LA-02,Lisbon,25,Sebastián Gómez,797038.0,735041.0,709809.0,25232.0,920712.0,23017800.0,Finalizando,28392.4
2023-11-01,2023,Los Álamos,LA-02,Lisbon,25,Sebastián Gómez,797038.0,735041.0,712152.0,22889.0,920712.0,23017800.0,Finalizando,28486.1
2023-11-08,2023,Los Álamos,LA-02,Lisbon,25,Sebastián Gómez,797038.0,735041.0,714406.0,20635.0,920712.0,23017800.0,Finalizando,28576.2
2023-11-15,2023,Los Álamos,LA-02,Lisbon,25,Sebastián Gómez,797038.0,735041.0,717178.0,17863.0,920712.0,23017800.0,Finalizando,28687.1
2023-11-22,2023,Los Álamos,LA-02,Lisbon,25,Sebastián Gómez,797038.0,735041.0,719823.0,15218.0,920712.0,23017800.0,Finalizando,28792.9
2023-11-29,2023,Los Álamos,LA-02,Lisbon,25,Sebastián Gómez,797038.0,735041.0,722673.0,12368.0,920712.0,23017800.0,Finalizando,28906.9
2023-03-01,2023,Los Álamos,LA-03,Génova,22,Sebastián Gómez,584934.0,586914.0,5074.0,581840.0,752586.0,16556892.0,En cosecha,230.6
2023-03-08,2023,Los Álamos,LA-03,Génova,22,Sebastián Gómez,584934.0,586914.0,9944.0,576970.0,752586.0,16556892.0,En cosecha,452.0
2023-03-15,2023,Los Álamos,LA-03,Génova,22,Sebastián Gómez,584934.0,586914.0,14578.0,572336.0,752586.0,16556892.0,En cosecha,662.6
2023-03-22,2023,Los Álamos,LA-03,Génova,22,Sebastián Gómez,584934.0,586914.0,19957.0,566957.0,752586.0,16556892.0,En cosecha,907.1
2023-03-29,2023,Los Álamos,LA-03,Génova,22,Sebastián Gómez,584934.0,586914.0,24639.0,562275.0,752586.0,16556892.0,En cosecha,1120.0
2023-04-05,2023,Los Álamos,LA-03,Génova,22,Sebastián Gómez,584934.0,586914.0,39322.0,547592.0,752586.0,16556892.0,En cosecha,1787.4
2023-04-12,2023,Los Álamos,LA-03,Génova,22,Sebastián Gómez,584934.0,586914.0,52500.0,534414.0,752586.0,16556892.0,En cosecha,2386.4
2023-04-19,2023,Los Álamos,LA-03,Génova,22,Sebastián Gómez,584934.0,586914.0,65431.0,521483.0,752586.0,16556892.0,En cosecha,2974.1
2023-04-26,2023,Los Álamos,LA-03,Génova,22,Sebastián Gómez,584934.0,586914.0,78703.0,508211.0,752586.0,16556892.0,En cosecha,3577.4
2023-05-03,2023,Los Álamos,LA-03,Génova,22,Sebastián Gómez,584934.0,586914.0,97188.0,489726.0,752586.0,16556892.0,En cosecha,4417.6
2023-05-10,2023,Los Álamos,LA-03,Génova,22,Sebastián Gómez,584934.0,586914.0,118276.0,468638.0,752586.0,16556892.0,En cosecha,5376.2
2023-05-17,2023,Los Álamos,LA-03,Génova,22,Sebastián Gómez,584934.0,586914.0,137935.0,448979.0,752586.0,16556892.0,En cosecha,6269.8
2023-05-24,2023,Los Álamos,LA-03,Génova,22,Sebastián Gómez,584934.0,586914.0,156016.0,430898.0,752586.0,16556892.0,En cosecha,7091.6
2023-05-31,2023,Los Álamos,LA-03,Génova,22,Sebastián Gómez,584934.0,586914.0,177991.0,408923.0,752586.0,16556892.0,En cosecha,8090.5
2023-06-07,2023,Los Álamos,LA-03,Génova,22,Sebastián Gómez,584934.0,586914.0,199868.0,387046.0,752586.0,16556892.0,En cosecha,9084.9
2023-06-14,2023,Los Álamos,LA-03,Génova,22,Sebastián Gómez,584934.0,586914.0,222820.0,364094.0,752586.0,16556892.0,En cosecha,10128.2
2023-06-21,2023,Los Álamos,LA-03,Génova,22,Sebastián Gómez,584934.0,586914.0,248214.0,338700.0,752586.0,16556892.0,En cosecha,11282.5
2023-06-28,2023,Los Álamos,LA-03,Génova,22,Sebastián Gómez,584934.0,586914.0,271709.0,315205.0,752586.0,16556892.0,En cosecha,12350.4
2023-07-05,2023,Los Álamos,LA-03,Génova,22,Sebastián Gómez,584934.0,586914.0,292562.0,294352.0,752586.0,16556892.0,En cosecha,13298.3
2023-07-12,2023,Los Álamos,LA-03,Génova,22,Sebastián Gómez,584934.0,586914.0,319167.0,267747.0,752586.0,16556892.0,En cosecha,14507.6
2023-07-19,2023,Los Álamos,LA-03,Génova,22,Sebastián Gómez,584934.0,586914.0,343589.0,243325.0,752586.0,16556892.0,En cosecha,15617.7
2023-07-26,2023,Los Álamos,LA-03,Génova,22,Sebastián Gómez,584934.0,586914.0,365966.0,220948.0,752586.0,16556892.0,En cosecha,16634.8
2023-08-02,2023,Los Álamos,LA-03,Génova,22,Sebastián Gómez,584934.0,586914.0,384034.0,202880.0,752586.0,16556892.0,En cosecha,17456.1
2023-08-09,2023,Los Álamos,LA-03,Génova,22,Sebastián Gómez,584934.0,586914.0,406037.0,180877.0,752586.0,16556892.0,En cosecha,18456.2
2023-08-16,2023,Los Álamos,LA-03,Génova,22,Sebastián Gómez,584934.0,586914.0,426995.0,159919.0,752586.0,16556892.0,Finalizando,19408.9
2023-08-23,2023,Los Álamos,LA-03,Génova,22,Sebastián Gómez,584934.0,586914.0,447432.0,139482.0,752586.0,16556892.0,Finalizando,20337.8
2023-08-30,2023,Los Álamos,LA-03,Génova,22,Sebastián Gómez,584934.0,586914.0,470035.0,116879.0,752586.0,16556892.0,Finalizando,21365.2
2023-09-06,2023,Los Álamos,LA-03,Génova,22,Sebastián Gómez,584934.0,586914.0,484872.0,102042.0,752586.0,16556892.0,Finalizando,22039.6
2023-09-13,2023,Los Álamos,LA-03,Génova,22,Sebastián Gómez,584934.0,586914.0,497123.0,89791.0,752586.0,16556892.0,Finalizando,22596.5
2023-09-20,2023,Los Álamos,LA-03,Génova,22,Sebastián Gómez,584934.0,586914.0,510024.0,76890.0,752586.0,16556892.0,Finalizando,23182.9
2023-09-27,2023,Los Álamos,LA-03,Génova,22,Sebastián Gómez,584934.0,586914.0,522668.0,64246.0,752586.0,16556892.0,Finalizando,23757.6
2023-10-04,2023,Los Álamos,LA-03,Génova,22,Sebastián Gómez,584934.0,586914.0,529341.0,57573.0,752586.0,16556892.0,Finalizando,24061.0
2023-10-11,2023,Los Álamos,LA-03,Génova,22,Sebastián Gómez,584934.0,586914.0,534702.0,52212.0,752586.0,16556892.0,Finalizando,24304.6
2023-10-18,2023,Los Álamos,LA-03,Génova,22,Sebastián Gómez,584934.0,586914.0,541053.0,45861.0,752586.0,16556892.0,Finalizando,24593.3
2023-10-25,2023,Los Álamos,LA-03,Génova,22,Sebastián Gómez,584934.0,586914.0,547761.0,39153.0,752586.0,16556892.0,Finalizando,24898.2
2023-11-01,2023,Los Álamos,LA-03,Génova,22,Sebastián Gómez,584934.0,586914.0,550159.0,36755.0,752586.0,16556892.0,Finalizando,25007.2
2023-11-08,2023,Los Álamos,LA-03,Génova,22,Sebastián Gómez,584934.0,586914.0,552215.0,34699.0,752586.0,16556892.0,Finalizando,25100.7
2023-11-15,2023,Los Álamos,LA-03,Génova,22,Sebastián Gómez,584934.0,586914.0,554578.0,32336.0,752586.0,16556892.0,Finalizando,25208.1
2023-11-22,2023,Los Álamos,LA-03,Génova,22,Sebastián Gómez,584934.0,586914.0,556485.0,30429.0,752586.0,16556892.0,Finalizando,25294.8
2023-11-29,2023,Los Álamos,LA-03,Génova,22,Sebastián Gómez,584934.0,586914.0,558864.0,28050.0,752586.0,16556892.0,Finalizando,25402.9
2024-03-01,2024,La Esperanza,LE-01,Eureka,30,Roberto Pérez,1145380.0,1089998.0,12627.0,1077371.0,2232026.0,66960780.0,En cosecha,420.9
2024-03-08,2024,La Esperanza,LE-01,Eureka,30,Roberto Pérez,1145380.0,1089998.0,24977.0,1065021.0,2232026.0,66960780.0,En cosecha,832.6
2024-03-15,2024,La Esperanza,LE-01,Eureka,30,Roberto Pérez,1145380.0,1089998.0,37513.0,1052485.0,2232026.0,66960780.0,En cosecha,1250.4
2024-03-22,2024,La Esperanza,LE-01,Eureka,30,Roberto Pérez,1145380.0,1089998.0,49516.0,1040482.0,2232026.0,66960780.0,En cosecha,1650.5
2024-03-29,2024,La Esperanza,LE-01,Eureka,30,Roberto Pérez,1145380.0,1089998.0,60495.0,1029503.0,2232026.0,66960780.0,En cosecha,2016.5
2024-04-05,2024,La Esperanza,LE-01,Eureka,30,Roberto Pérez,1145380.0,1089998.0,90495.0,999503.0,2232026.0,66960780.0,En cosecha,3016.5
2024-04-12,2024,La Esperanza,LE-01,Eureka,30,Roberto Pérez,1145380.0,1089998.0,118962.0,971036.0,2232026.0,66960780.0,En cosecha,3965.4
2024-04-19,2024,La Esperanza,LE-01,Eureka,30,Roberto Pérez,1145380.0,1089998.0,154217.0,935781.0,2232026.0,66960780.0,En cosecha,5140.6
2024-04-26,2024,La Esperanza,LE-01,Eureka,30,Roberto Pérez,1145380.0,1089998.0,186437.0,903561.0,2232026.0,66960780.0,En cosecha,6214.6
2024-05-03,2024,La Esperanza,LE-01,Eureka,30,Roberto Pérez,1145380.0,1089998.0,228028.0,861970.0,2232026.0,66960780.0,En cosecha,7600.9
2024-05-10,2024,La Esperanza,LE-01,Eureka,30,Roberto Pérez,1145380.0,1089998.0,270397.0,819601.0,2232026.0,66960780.0,En cosecha,9013.2
2024-05-17,2024,La Esperanza,LE-01,Eureka,30,Roberto Pérez,1145380.0,1089998.0,318943.0,771055.0,2232026.0,66960780.0,En cosecha,10631.4
2024-05-24,2024,La Esperanza,LE-01,Eureka,30,Roberto Pérez,1145380.0,1089998.0,357384.0,732614.0,2232026.0,66960780.0,En cosecha,11912.8
2024-05-31,2024,La Esperanza,LE-01,Eureka,30,Roberto Pérez,1145380.0,1089998.0,401334.0,688664.0,2232026.0,66960780.0,En cosecha,13377.8
2024-06-07,2024,La Esperanza,LE-01,Eureka,30,Roberto Pérez,1145380.0,1089998.0,446328.0,643670.0,2232026.0,66960780.0,En cosecha,14877.6
2024-06-14,2024,La Esperanza,LE-01,Eureka,30,Roberto Pérez,1145380.0,1089998.0,492731.0,597267.0,2232026.0,66960780.0,En cosecha,16424.4
2024-06-21,2024,La Esperanza,LE-01,Eureka,30,Roberto Pérez,1145380.0,1089998.0,531217.0,558781.0,2232026.0,66960780.0,En cosecha,17707.2
2024-06-28,2024,La Esperanza,LE-01,Eureka,30,Roberto Pérez,1145380.0,1089998.0,581097.0,508901.0,2232026.0,66960780.0,En cosecha,19369.9
2024-07-05,2024,La Esperanza,LE-01,Eureka,30,Roberto Pérez,1145380.0,1089998.0,628024.0,461974.0,2232026.0,66960780.0,En cosecha,20934.1
2024-07-12,2024,La Esperanza,LE-01,Eureka,30,Roberto Pérez,1145380.0,1089998.0,670417.0,419581.0,2232026.0,66960780.0,En cosecha,22347.2
2024-07-19,2024,La Esperanza,LE-01,Eureka,30,Roberto Pérez,1145380.0,1089998.0,714435.0,375563.0,2232026.0,66960780.0,En cosecha,23814.5
2024-07-26,2024,La Esperanza,LE-01,Eureka,30,Roberto Pérez,1145380.0,1089998.0,761242.0,328756.0,2232026.0,66960780.0,En cosecha,25374.7
2024-08-02,2024,La Esperanza,LE-01,Eureka,30,Roberto Pérez,1145380.0,1089998.0,796932.0,293066.0,2232026.0,66960780.0,Finalizando,26564.4
2024-08-09,2024,La Esperanza,LE-01,Eureka,30,Roberto Pérez,1145380.0,1089998.0,827082.0,262916.0,2232026.0,66960780.0,Finalizando,27569.4
2024-08-16,2024,La Esperanza,LE-01,Eureka,30,Roberto Pérez,1145380.0,1089998.0,861464.0,228534.0,2232026.0,66960780.0,Finalizando,28715.5
2024-08-23,2024,La Esperanza,LE-01,Eureka,30,Roberto Pérez,1145380.0,1089998.0,896150.0,193848.0,2232026.0,66960780.0,Finalizando,29871.7
2024-08-30,2024,La Esperanza,LE-01,Eureka,30,Roberto Pérez,1145380.0,1089998.0,929013.0,160985.0,2232026.0,66960780.0,Finalizando,30967.1
2024-09-06,2024,La Esperanza,LE-01,Eureka,30,Roberto Pérez,1145380.0,1089998.0,953511.0,136487.0,2232026.0,66960780.0,Finalizando,31783.7
2024-09-13,2024,La Esperanza,LE-01,Eureka,30,Roberto Pérez,1145380.0,1089998.0,979354.0,110644.0,2232026.0,66960780.0,Finalizando,32645.1
2024-09-20,2024,La Esperanza,LE-01,Eureka,30,Roberto Pérez,1145380.0,1089998.0,1005138.0,84860.0,2232026.0,66960780.0,Finalizando,33504.6
2024-09-27,2024,La Esperanza,LE-01,Eureka,30,Roberto Pérez,1145380.0,1089998.0,1027694.0,62304.0,2232026.0,66960780.0,Finalizando,34256.5
2024-10-04,2024,La Esperanza,LE-01,Eureka,30,Roberto Pérez,1145380.0,1089998.0,1036956.0,53042.0,2232026.0,66960780.0,Finalizando,34565.2
2024-10-11,2024,La Esperanza,LE-01,Eureka,30,Roberto Pérez,1145380.0,1089998.0,1048926.0,41072.0,2232026.0,66960780.0,Finalizando,34964.2
2024-10-18,2024,La Esperanza,LE-01,Eureka,30,Roberto Pérez,1145380.0,1089998.0,1060443.0,29555.0,2232026.0,66960780.0,Finalizando,35348.1
2024-10-25,2024,La Esperanza,LE-01,Eureka,30,Roberto Pérez,1145380.0,1089998.0,1069740.0,20258.0,2232026.0,66960780.0,Finalizando,35658.0
2024-11-01,2024,La Esperanza,LE-01,Eureka,30,Roberto Pérez,1145380.0,1089998.0,1074092.0,15906.0,2232026.0,66960780.0,Completado,35803.1
2024-11-08,2024,La Esperanza,LE-01,Eureka,30,Roberto Pérez,1145380.0,1089998.0,1078384.0,11614.0,2232026.0,66960780.0,Completado,35946.1
2024-11-15,2024,La Esperanza,LE-01,Eureka,30,Roberto Pérez,1145380.0,1089998.0,1082274.0,7724.0,2232026.0,66960780.0,Completado,36075.8
2024-11-22,2024,La Esperanza,LE-01,Eureka,30,Roberto Pérez,1145380.0,1089998.0,1086246.0,3752.0,2232026.0,66960780.0,Completado,36208.2
2024-11-29,2024,La Esperanza,LE-01,Eureka,30,Roberto Pérez,1145380.0,1089998.0,1089998.0,0.0,2232026.0,66960780.0,Completado,36333.3
2024-03-01,2024,La Esperanza,LE-02,Eureka,35,Roberto Pérez,1321922.0,1247334.0,14223.0,1233111.0,2236083.0,78262905.0,En cosecha,406.4
2024-03-08,2024,La Esperanza,LE-02,Eureka,35,Roberto Pérez,1321922.0,1247334.0,30045.0,1217289.0,2236083.0,78262905.0,En cosecha,858.4
2024-03-15,2024,La Esperanza,LE-02,Eureka,35,Roberto Pérez,1321922.0,1247334.0,43470.0,1203864.0,2236083.0,78262905.0,En cosecha,1242.0
2024-03-22,2024,La Esperanza,LE-02,Eureka,35,Roberto Pérez,1321922.0,1247334.0,56897.0,1190437.0,2236083.0,78262905.0,En cosecha,1625.6
2024-03-29,2024,La Esperanza,LE-02,Eureka,35,Roberto Pérez,1321922.0,1247334.0,71957.0,1175377.0,2236083.0,78262905.0,En cosecha,2055.9
2024-04-05,2024,La Esperanza,LE-02,Eureka,35,Roberto Pérez,1321922.0,1247334.0,108742.0,1138592.0,2236083.0,78262905.0,En cosecha,3106.9
2024-04-12,2024,La Esperanza,LE-02,Eureka,35,Roberto Pérez,1321922.0,1247334.0,143004.0,1104330.0,2236083.0,78262905.0,En cosecha,4085.8
2024-04-19,2024,La Esperanza,LE-02,Eureka,35,Roberto Pérez,1321922.0,1247334.0,179792.0,1067542.0,2236083.0,78262905.0,En cosecha,5136.9
2024-04-26,2024,La Esperanza,LE-02,Eureka,35,Roberto Pérez,1321922.0,1247334.0,213126.0,1034208.0,2236083.0,78262905.0,En cosecha,6089.3
2024-05-03,2024,La Esperanza,LE-02,Eureka,35,Roberto Pérez,1321922.0,1247334.0,259096.0,988238.0,2236083.0,78262905.0,En cosecha,7402.7
2024-05-10,2024,La Esperanza,LE-02,Eureka,35,Roberto Pérez,1321922.0,1247334.0,309930.0,937404.0,2236083.0,78262905.0,En cosecha,8855.1
2024-05-17,2024,La Esperanza,LE-02,Eureka,35,Roberto Pérez,1321922.0,1247334.0,359563.0,887771.0,2236083.0,78262905.0,En cosecha,10273.2
2024-05-24,2024,La Esperanza,LE-02,Eureka,35,Roberto Pérez,1321922.0,1247334.0,416689.0,830645.0,2236083.0,78262905.0,En cosecha,11905.4
2024-05-31,2024,La Esperanza,LE-02,Eureka,35,Roberto Pérez,1321922.0,1247334.0,465469.0,781865.0,2236083.0,78262905.0,En cosecha,13299.1
2024-06-07,2024,La Esperanza,LE-02,Eureka,35,Roberto Pérez,1321922.0,1247334.0,520051.0,727283.0,2236083.0,78262905.0,En cosecha,14858.6
2024-06-14,2024,La Esperanza,LE-02,Eureka,35,Roberto Pérez,1321922.0,1247334.0,575452.0,671882.0,2236083.0,78262905.0,En cosecha,16441.5
2024-06-21,2024,La Esperanza,LE-02,Eureka,35,Roberto Pérez,1321922.0,1247334.0,621049.0,626285.0,2236083.0,78262905.0,En cosecha,17744.3
2024-06-28,2024,La Esperanza,LE-02,Eureka,35,Roberto Pérez,1321922.0,1247334.0,676946.0,570388.0,2236083.0,78262905.0,En cosecha,19341.3
2024-07-05,2024,La Esperanza,LE-02,Eureka,35,Roberto Pérez,1321922.0,1247334.0,721583.0,525751.0,2236083.0,78262905.0,En cosecha,20616.7
2024-07-12,2024,La Esperanza,LE-02,Eureka,35,Roberto Pérez,1321922.0,1247334.0,777701.0,469633.0,2236083.0,78262905.0,En cosecha,22220.0
2024-07-19,2024,La Esperanza,LE-02,Eureka,35,Roberto Pérez,1321922.0,1247334.0,821908.0,425426.0,2236083.0,78262905.0,En cosecha,23483.1
2024-07-26,2024,La Esperanza,LE-02,Eureka,35,Roberto Pérez,1321922.0,1247334.0,870015.0,377319.0,2236083.0,78262905.0,En cosecha,24857.6
2024-08-02,2024,La Esperanza,LE-02,Eureka,35,Roberto Pérez,1321922.0,1247334.0,905001.0,342333.0,2236083.0,78262905.0,Finalizando,25857.2
2024-08-09,2024,La Esperanza,LE-02,Eureka,35,Roberto Pérez,1321922.0,1247334.0,950791.0,296543.0,2236083.0,78262905.0,Finalizando,27165.5
2024-08-16,2024,La Esperanza,LE-02,Eureka,35,Roberto Pérez,1321922.0,1247334.0,990718.0,256616.0,2236083.0,78262905.0,Finalizando,28306.2
2024-08-23,2024,La Esperanza,LE-02,Eureka,35,Roberto Pérez,1321922.0,1247334.0,1031750.0,215584.0,2236083.0,78262905.0,Finalizando,29478.6
2024-08-30,2024,La Esperanza,LE-02,Eureka,35,Roberto Pérez,1321922.0,1247334.0,1066520.0,180814.0,2236083.0,78262905.0,Finalizando,30472.0
2024-09-06,2024,La Esperanza,LE-02,Eureka,35,Roberto Pérez,1321922.0,1247334.0,1095704.0,151630.0,2236083.0,78262905.0,Finalizando,31305.8
2024-09-13,2024,La Esperanza,LE-02,Eureka,35,Roberto Pérez,1321922.0,1247334.0,1120529.0,126805.0,2236083.0,78262905.0,Finalizando,32015.1
2024-09-20,2024,La Esperanza,LE-02,Eureka,35,Roberto Pérez,1321922.0,1247334.0,1150908.0,96426.0,2236083.0,78262905.0,Finalizando,32883.1
2024-09-27,2024,La Esperanza,LE-02,Eureka,35,Roberto Pérez,1321922.0,1247334.0,1175696.0,71638.0,2236083.0,78262905.0,Finalizando,33591.3
2024-10-04,2024,La Esperanza,LE-02,Eureka,35,Roberto Pérez,1321922.0,1247334.0,1186973.0,60361.0,2236083.0,78262905.0,Finalizando,33913.5
2024-10-11,2024,La Esperanza,LE-02,Eureka,35,Roberto Pérez,1321922.0,1247334.0,1197682.0,49652.0,2236083.0,78262905.0,Finalizando,34219.5
2024-10-18,2024,La Esperanza,LE-02,Eureka,35,Roberto Pérez,1321922.0,1247334.0,1209998.0,37336.0,2236083.0,78262905.0,Finalizando,34571.4
2024-10-25,2024,La Esperanza,LE-02,Eureka,35,Roberto Pérez,1321922.0,1247334.0,1222655.0,24679.0,2236083.0,78262905.0,Finalizando,34933.0
2024-11-01,2024,La Esperanza,LE-02,Eureka,35,Roberto Pérez,1321922.0,1247334.0,1226653.0,20681.0,2236083.0,78262905.0,Finalizando,35047.2
2024-11-08,2024,La Esperanza,LE-02,Eureka,35,Roberto Pérez,1321922.0,1247334.0,1231619.0,15715.0,2236083.0,78262905.0,Completado,35189.1
2024-11-15,2024,La Esperanza,LE-02,Eureka,35,Roberto Pérez,1321922.0,1247334.0,1236146.0,11188.0,2236083.0,78262905.0,Completado,35318.5
2024-11-22,2024,La Esperanza,LE-02,Eureka,35,Roberto Pérez,1321922.0,1247334.0,1240769.0,6565.0,2236083.0,78262905.0,Completado,35450.5
2024-11-29,2024,La Esperanza,LE-02,Eureka,35,Roberto Pérez,1321922.0,1247334.0,1245279.0,2055.0,2236083.0,78262905.0,Completado,35579.4
2024-03-01,2024,La Esperanza,LE-03,Lisbon,28,Roberto Pérez,965832.0,939517.0,10529.0,928988.0,1763325.0,49373100.0,En cosecha,376.0
2024-03-08,2024,La Esperanza,LE-03,Lisbon,28,Roberto Pérez,965832.0,939517.0,19476.0,920041.0,1763325.0,49373100.0,En cosecha,695.6
2024-03-15,2024,La Esperanza,LE-03,Lisbon,28,Roberto Pérez,965832.0,939517.0,28140.0,911377.0,1763325.0,49373100.0,En cosecha,1005.0
2024-03-22,2024,La Esperanza,LE-03,Lisbon,28,Roberto Pérez,965832.0,939517.0,37835.0,901682.0,1763325.0,49373100.0,En cosecha,1351.2
2024-03-29,2024,La Esperanza,LE-03,Lisbon,28,Roberto Pérez,965832.0,939517.0,46880.0,892637.0,1763325.0,49373100.0,En cosecha,1674.3
2024-04-05,2024,La Esperanza,LE-03,Lisbon,28,Roberto Pérez,965832.0,939517.0,68177.0,871340.0,1763325.0,49373100.0,En cosecha,2434.9
2024-04-12,2024,La Esperanza,LE-03,Lisbon,28,Roberto Pérez,965832.0,939517.0,90437.0,849080.0,1763325.0,49373100.0,En cosecha,3229.9
2024-04-19,2024,La Esperanza,LE-03,Lisbon,28,Roberto Pérez,965832.0,939517.0,116820.0,822697.0,1763325.0,49373100.0,En cosecha,4172.1
2024-04-26,2024,La Esperanza,LE-03,Lisbon,28,Roberto Pérez,965832.0,939517.0,142782.0,796735.0,1763325.0,49373100.0,En cosecha,5099.4
2024-05-03,2024,La Esperanza,LE-03,Lisbon,28,Roberto Pérez,965832.0,939517.0,173123.0,766394.0,1763325.0,49373100.0,En cosecha,6183.0
2024-05-10,2024,La Esperanza,LE-03,Lisbon,28,Roberto Pérez,965832.0,939517.0,205507.0,734010.0,1763325.0,49373100.0,En cosecha,7339.5
2024-05-17,2024,La Esperanza,LE-03,Lisbon,28,Roberto Pérez,965832.0,939517.0,237987.0,701530.0,1763325.0,49373100.0,En cosecha,8499.5
2024-05-24,2024,La Esperanza,LE-03,Lisbon,28,Roberto Pérez,965832.0,939517.0,275088.0,664429.0,1763325.0,49373100.0,En cosecha,9824.6
2024-05-31,2024,La Esperanza,LE-03,Lisbon,28,Roberto Pérez,965832.0,939517.0,305352.0,634165.0,1763325.0,49373100.0,En cosecha,10905.4
2024-06-07,2024,La Esperanza,LE-03,Lisbon,28,Roberto Pérez,965832.0,939517.0,340511.0,599006.0,1763325.0,49373100.0,En cosecha,12161.1
2024-06-14,2024,La Esperanza,LE-03,Lisbon,28,Roberto Pérez,965832.0,939517.0,383905.0,555612.0,1763325.0,49373100.0,En cosecha,13710.9
2024-06-21,2024,La Esperanza,LE-03,Lisbon,28,Roberto Pérez,965832.0,939517.0,419945.0,519572.0,1763325.0,49373100.0,En cosecha,14998.0
2024-06-28,2024,La Esperanza,LE-03,Lisbon,28,Roberto Pérez,965832.0,939517.0,461597.0,477920.0,1763325.0,49373100.0,En cosecha,16485.6
2024-07-05,2024,La Esperanza,LE-03,Lisbon,28,Roberto Pérez,965832.0,939517.0,498003.0,441514.0,1763325.0,49373100.0,En cosecha,17785.8
2024-07-12,2024,La Esperanza,LE-03,Lisbon,28,Roberto Pérez,965832.0,939517.0,532782.0,406735.0,1763325.0,49373100.0,En cosecha,19027.9
2024-07-19,2024,La Esperanza,LE-03,Lisbon,28,Roberto Pérez,965832.0,939517.0,569246.0,370271.0,1763325.0,49373100.0,En cosecha,20330.2
2024-07-26,2024,La Esperanza,LE-03,Lisbon,28,Roberto Pérez,965832.0,939517.0,611328.0,328189.0,1763325.0,49373100.0,En cosecha,21833.1
2024-08-02,2024,La Esperanza,LE-03,Lisbon,28,Roberto Pérez,965832.0,939517.0,646408.0,293109.0,1763325.0,49373100.0,En cosecha,23086.0
2024-08-09,2024,La Esperanza,LE-03,Lisbon,28,Roberto Pérez,965832.0,939517.0,681248.0,258269.0,1763325.0,49373100.0,Finalizando,24330.3
2024-08-16,2024,La Esperanza,LE-03,Lisbon,28,Roberto Pérez,965832.0,939517.0,712007.0,227510.0,1763325.0,49373100.0,Finalizando,25428.8
2024-08-23,2024,La Esperanza,LE-03,Lisbon,28,Roberto Pérez,965832.0,939517.0,745319.0,194198.0,1763325.0,49373100.0,Finalizando,26618.5
2024-08-30,2024,La Esperanza,LE-03,Lisbon,28,Roberto Pérez,965832.0,939517.0,774267.0,165250.0,1763325.0,49373100.0,Finalizando,27652.4
2024-09-06,2024,La Esperanza,LE-03,Lisbon,28,Roberto Pérez,965832.0,939517.0,794212.0,145305.0,1763325.0,49373100.0,Finalizando,28364.7
2024-09-13,2024,La Esperanza,LE-03,Lisbon,28,Roberto Pérez,965832.0,939517.0,817964.0,121553.0,1763325.0,49373100.0,Finalizando,29213.0
2024-09-20,2024,La Esperanza,LE-03,Lisbon,28,Roberto Pérez,965832.0,939517.0,836141.0,103376.0,1763325.0,49373100.0,Finalizando,29862.2
2024-09-27,2024,La Esperanza,LE-03,Lisbon,28,Roberto Pérez,965832.0,939517.0,854775.0,84742.0,1763325.0,49373100.0,Finalizando,30527.7
2024-10-04,2024,La Esperanza,LE-03,Lisbon,28,Roberto Pérez,965832.0,939517.0,863710.0,75807.0,1763325.0,49373100.0,Finalizando,30846.8
2024-10-11,2024,La Esperanza,LE-03,Lisbon,28,Roberto Pérez,965832.0,939517.0,872118.0,67399.0,1763325.0,49373100.0,Finalizando,31147.1
2024-10-18,2024,La Esperanza,LE-03,Lisbon,28,Roberto Pérez,965832.0,939517.0,880976.0,58541.0,1763325.0,49373100.0,Finalizando,31463.4
2024-10-25,2024,La Esperanza,LE-03,Lisbon,28,Roberto Pérez,965832.0,939517.0,891002.0,48515.0,1763325.0,49373100.0,Finalizando,31821.5
2024-11-01,2024,La Esperanza,LE-03,Lisbon,28,Roberto Pérez,965832.0,939517.0,894244.0,45273.0,1763325.0,49373100.0,Finalizando,31937.3
2024-11-08,2024,La Esperanza,LE-03,Lisbon,28,Roberto Pérez,965832.0,939517.0,897952.0,41565.0,1763325.0,49373100.0,Finalizando,32069.7
2024-11-15,2024,La Esperanza,LE-03,Lisbon,28,Roberto Pérez,965832.0,939517.0,901586.0,37931.0,1763325.0,49373100.0,Finalizando,32199.5
2024-11-22,2024,La Esperanza,LE-03,Lisbon,28,Roberto Pérez,965832.0,939517.0,904750.0,34767.0,1763325.0,49373100.0,Finalizando,32312.5
2024-11-29,2024,La Esperanza,LE-03,Lisbon,28,Roberto Pérez,965832.0,939517.0,907833.0,31684.0,1763325.0,49373100.0,Finalizando,32422.6
2024-03-01,2024,La Esperanza,LE-04,Génova,27,Roberto Pérez,787863.0,769536.0,6555.0,762981.0,1845686.0,49833522.0,En cosecha,242.8
2024-03-08,2024,La Esperanza,LE-04,Génova,27,Roberto Pérez,787863.0,769536.0,12828.0,756708.0,1845686.0,49833522.0,En cosecha,475.1
2024-03-15,2024,La Esperanza,LE-04,Génova,27,Roberto Pérez,787863.0,769536.0,20399.0,749137.0,1845686.0,49833522.0,En cosecha,755.5
2024-03-22,2024,La Esperanza,LE-04,Génova,27,Roberto Pérez,787863.0,769536.0,27604.0,741932.0,1845686.0,49833522.0,En cosecha,1022.4
2024-03-29,2024,La Esperanza,LE-04,Génova,27,Roberto Pérez,787863.0,769536.0,33571.0,735965.0,1845686.0,49833522.0,En cosecha,1243.4
2024-04-05,2024,La Esperanza,LE-04,Génova,27,Roberto Pérez,787863.0,769536.0,54139.0,715397.0,1845686.0,49833522.0,En cosecha,2005.1
2024-04-12,2024,La Esperanza,LE-04,Génova,27,Roberto Pérez,787863.0,769536.0,72609.0,696927.0,1845686.0,49833522.0,En cosecha,2689.2
2024-04-19,2024,La Esperanza,LE-04,Génova,27,Roberto Pérez,787863.0,769536.0,93320.0,676216.0,1845686.0,49833522.0,En cosecha,3456.3
2024-04-26,2024,La Esperanza,LE-04,Génova,27,Roberto Pérez,787863.0,769536.0,113511.0,656025.0,1845686.0,49833522.0,En cosecha,4204.1
2024-05-03,2024,La Esperanza,LE-04,Génova,27,Roberto Pérez,787863.0,769536.0,140042.0,629494.0,1845686.0,49833522.0,En cosecha,5186.7
2024-05-10,2024,La Esperanza,LE-04,Génova,27,Roberto Pérez,787863.0,769536.0,163328.0,606208.0,1845686.0,49833522.0,En cosecha,6049.2
2024-05-17,2024,La Esperanza,LE-04,Génova,27,Roberto Pérez,787863.0,769536.0,188598.0,580938.0,1845686.0,49833522.0,En cosecha,6985.1
2024-05-24,2024,La Esperanza,LE-04,Génova,27,Roberto Pérez,787863.0,769536.0,216068.0,553468.0,1845686.0,49833522.0,En cosecha,8002.5
2024-05-31,2024,La Esperanza,LE-04,Génova,27,Roberto Pérez,787863.0,769536.0,244278.0,525258.0,1845686.0,49833522.0,En cosecha,9047.3
2024-06-07,2024,La Esperanza,LE-04,Génova,27,Roberto Pérez,787863.0,769536.0,273327.0,496209.0,1845686.0,49833522.0,En cosecha,10123.2
2024-06-14,2024,La Esperanza,LE-04,Génova,27,Roberto Pérez,787863.0,769536.0,301274.0,468262.0,1845686.0,49833522.0,En cosecha,11158.3
2024-06-21,2024,La Esperanza,LE-04,Génova,27,Roberto Pérez,787863.0,769536.0,335687.0,433849.0,1845686.0,49833522.0,En cosecha,12432.9
2024-06-28,2024,La Esperanza,LE-04,Génova,27,Roberto Pérez,787863.0,769536.0,371490.0,398046.0,1845686.0,49833522.0,En cosecha,13758.9
2024-07-05,2024,La Esperanza,LE-04,Génova,27,Roberto Pérez,787863.0,769536.0,404242.0,365294.0,1845686.0,49833522.0,En cosecha,14971.9
2024-07-12,2024,La Esperanza,LE-04,Génova,27,Roberto Pérez,787863.0,769536.0,433576.0,335960.0,1845686.0,49833522.0,En cosecha,16058.4
2024-07-19,2024,La Esperanza,LE-04,Génova,27,Roberto Pérez,787863.0,769536.0,463881.0,305655.0,1845686.0,49833522.0,En cosecha,17180.8
2024-07-26,2024,La Esperanza,LE-04,Génova,27,Roberto Pérez,787863.0,769536.0,491735.0,277801.0,1845686.0,49833522.0,En cosecha,18212.4
2024-08-02,2024,La Esperanza,LE-04,Génova,27,Roberto Pérez,787863.0,769536.0,523128.0,246408.0,1845686.0,49833522.0,En cosecha,19375.1
2024-08-09,2024,La Esperanza,LE-04,Génova,27,Roberto Pérez,787863.0,769536.0,547907.0,221629.0,1845686.0,49833522.0,En cosecha,20292.9
2024-08-16,2024,La Esperanza,LE-04,Génova,27,Roberto Pérez,787863.0,769536.0,576495.0,193041.0,1845686.0,49833522.0,Finalizando,21351.7
2024-08-23,2024,La Esperanza,LE-04,Génova,27,Roberto Pérez,787863.0,769536.0,602573.0,166963.0,1845686.0,49833522.0,Finalizando,22317.5
2024-08-30,2024,La Esperanza,LE-04,Génova,27,Roberto Pérez,787863.0,769536.0,630975.0,138561.0,1845686.0,49833522.0,Finalizando,23369.4
2024-09-06,2024,La Esperanza,LE-04,Génova,27,Roberto Pérez,787863.0,769536.0,650701.0,118835.0,1845686.0,49833522.0,Finalizando,24100.0
2024-09-13,2024,La Esperanza,LE-04,Génova,27,Roberto Pérez,787863.0,769536.0,671425.0,98111.0,1845686.0,49833522.0,Finalizando,24867.6
2024-09-20,2024,La Esperanza,LE-04,Génova,27,Roberto Pérez,787863.0,769536.0,688656.0,80880.0,1845686.0,49833522.0,Finalizando,25505.8
2024-09-27,2024,La Esperanza,LE-04,Génova,27,Roberto Pérez,787863.0,769536.0,704790.0,64746.0,1845686.0,49833522.0,Finalizando,26103.3
2024-10-04,2024,La Esperanza,LE-04,Génova,27,Roberto Pérez,787863.0,769536.0,712458.0,57078.0,1845686.0,49833522.0,Finalizando,26387.3
2024-10-11,2024,La Esperanza,LE-04,Génova,27,Roberto Pérez,787863.0,769536.0,722075.0,47461.0,1845686.0,49833522.0,Finalizando,26743.5
2024-10-18,2024,La Esperanza,LE-04,Génova,27,Roberto Pérez,787863.0,769536.0,731625.0,37911.0,1845686.0,49833522.0,Finalizando,27097.2
2024-10-25,2024,La Esperanza,LE-04,Génova,27,Roberto Pérez,787863.0,769536.0,740469.0,29067.0,1845686.0,49833522.0,Finalizando,27424.8
2024-11-01,2024,La Esperanza,LE-04,Génova,27,Roberto Pérez,787863.0,769536.0,743537.0,25999.0,1845686.0,49833522.0,Finalizando,27538.4
2024-11-08,2024,La Esperanza,LE-04,Génova,27,Roberto Pérez,787863.0,769536.0,746663.0,22873.0,1845686.0,49833522.0,Finalizando,27654.2
2024-11-15,2024,La Esperanza,LE-04,Génova,27,Roberto Pérez,787863.0,769536.0,749355.0,20181.0,1845686.0,49833522.0,Finalizando,27753.9
2024-11-22,2024,La Esperanza,LE-04,Génova,27,Roberto Pérez,787863.0,769536.0,752701.0,16835.0,1845686.0,49833522.0,Finalizando,27877.8
2024-11-29,2024,La Esperanza,LE-04,Génova,27,Roberto Pérez,787863.0,769536.0,755609.0,13927.0,1845686.0,49833522.0,Finalizando,27985.5
2024-03-01,2024,San Cayetano,SC-01,Eureka,30,Carlos Juárez,1188630.0,1149951.0,11165.0,1138786.0,1684285.0,50528550.0,En cosecha,372.2
2024-03-08,2024,San Cayetano,SC-01,Eureka,30,Carlos Juárez,1188630.0,1149951.0,24300.0,1125651.0,1684285.0,50528550.0,En cosecha,810.0
2024-03-15,2024,San Cayetano,SC-01,Eureka,30,Carlos Juárez,1188630.0,1149951.0,36081.0,1113870.0,1684285.0,50528550.0,En cosecha,1202.7
2024-03-22,2024,San Cayetano,SC-01,Eureka,30,Carlos Juárez,1188630.0,1149951.0,48406.0,1101545.0,1684285.0,50528550.0,En cosecha,1613.5
2024-03-29,2024,San Cayetano,SC-01,Eureka,30,Carlos Juárez,1188630.0,1149951.0,60351.0,1089600.0,1684285.0,50528550.0,En cosecha,2011.7
2024-04-05,2024,San Cayetano,SC-01,Eureka,30,Carlos Juárez,1188630.0,1149951.0,92708.0,1057243.0,1684285.0,50528550.0,En cosecha,3090.3
2024-04-12,2024,San Cayetano,SC-01,Eureka,30,Carlos Juárez,1188630.0,1149951.0,128715.0,1021236.0,1684285.0,50528550.0,En cosecha,4290.5
2024-04-19,2024,San Cayetano,SC-01,Eureka,30,Carlos Juárez,1188630.0,1149951.0,160484.0,989467.0,1684285.0,50528550.0,En cosecha,5349.5
2024-04-26,2024,San Cayetano,SC-01,Eureka,30,Carlos Juárez,1188630.0,1149951.0,194957.0,954994.0,1684285.0,50528550.0,En cosecha,6498.6
2024-05-03,2024,San Cayetano,SC-01,Eureka,30,Carlos Juárez,1188630.0,1149951.0,240707.0,909244.0,1684285.0,50528550.0,En cosecha,8023.6
2024-05-10,2024,San Cayetano,SC-01,Eureka,30,Carlos Juárez,1188630.0,1149951.0,289024.0,860927.0,1684285.0,50528550.0,En cosecha,9634.1
2024-05-17,2024,San Cayetano,SC-01,Eureka,30,Carlos Juárez,1188630.0,1149951.0,341080.0,808871.0,1684285.0,50528550.0,En cosecha,11369.3
2024-05-24,2024,San Cayetano,SC-01,Eureka,30,Carlos Juárez,1188630.0,1149951.0,390340.0,759611.0,1684285.0,50528550.0,En cosecha,13011.3
2024-05-31,2024,San Cayetano,SC-01,Eureka,30,Carlos Juárez,1188630.0,1149951.0,432516.0,717435.0,1684285.0,50528550.0,En cosecha,14417.2
2024-06-07,2024,San Cayetano,SC-01,Eureka,30,Carlos Juárez,1188630.0,1149951.0,474086.0,675865.0,1684285.0,50528550.0,En cosecha,15802.9
2024-06-14,2024,San Cayetano,SC-01,Eureka,30,Carlos Juárez,1188630.0,1149951.0,518970.0,630981.0,1684285.0,50528550.0,En cosecha,17299.0
2024-06-21,2024,San Cayetano,SC-01,Eureka,30,Carlos Juárez,1188630.0,1149951.0,568630.0,581321.0,1684285.0,50528550.0,En cosecha,18954.3
2024-06-28,2024,San Cayetano,SC-01,Eureka,30,Carlos Juárez,1188630.0,1149951.0,610490.0,539461.0,1684285.0,50528550.0,En cosecha,20349.7
2024-07-05,2024,San Cayetano,SC-01,Eureka,30,Carlos Juárez,1188630.0,1149951.0,655159.0,494792.0,1684285.0,50528550.0,En cosecha,21838.6
2024-07-12,2024,San Cayetano,SC-01,Eureka,30,Carlos Juárez,1188630.0,1149951.0,701163.0,448788.0,1684285.0,50528550.0,En cosecha,23372.1
2024-07-19,2024,San Cayetano,SC-01,Eureka,30,Carlos Juárez,1188630.0,1149951.0,743680.0,406271.0,1684285.0,50528550.0,En cosecha,24789.3
2024-07-26,2024,San Cayetano,SC-01,Eureka,30,Carlos Juárez,1188630.0,1149951.0,791996.0,357955.0,1684285.0,50528550.0,En cosecha,26399.9
2024-08-02,2024,San Cayetano,SC-01,Eureka,30,Carlos Juárez,1188630.0,1149951.0,823921.0,326030.0,1684285.0,50528550.0,En cosecha,27464.0
2024-08-09,2024,San Cayetano,SC-01,Eureka,30,Carlos Juárez,1188630.0,1149951.0,855509.0,294442.0,1684285.0,50528550.0,Finalizando,28517.0
2024-08-16,2024,San Cayetano,SC-01,Eureka,30,Carlos Juárez,1188630.0,1149951.0,894109.0,255842.0,1684285.0,50528550.0,Finalizando,29803.6
2024-08-23,2024,San Cayetano,SC-01,Eureka,30,Carlos Juárez,1188630.0,1149951.0,930211.0,219740.0,1684285.0,50528550.0,Finalizando,31007.0
2024-08-30,2024,San Cayetano,SC-01,Eureka,30,Carlos Juárez,1188630.0,1149951.0,968383.0,181568.0,1684285.0,50528550.0,Finalizando,32279.4
2024-09-06,2024,San Cayetano,SC-01,Eureka,30,Carlos Juárez,1188630.0,1149951.0,992520.0,157431.0,1684285.0,50528550.0,Finalizando,33084.0
2024-09-13,2024,San Cayetano,SC-01,Eureka,30,Carlos Juárez,1188630.0,1149951.0,1015278.0,134673.0,1684285.0,50528550.0,Finalizando,33842.6
2024-09-20,2024,San Cayetano,SC-01,Eureka,30,Carlos Juárez,1188630.0,1149951.0,1042224.0,107727.0,1684285.0,50528550.0,Finalizando,34740.8
2024-09-27,2024,San Cayetano,SC-01,Eureka,30,Carlos Juárez,1188630.0,1149951.0,1069025.0,80926.0,1684285.0,50528550.0,Finalizando,35634.2
2024-10-04,2024,San Cayetano,SC-01,Eureka,30,Carlos Juárez,1188630.0,1149951.0,1080927.0,69024.0,1684285.0,50528550.0,Finalizando,36030.9
2024-10-11,2024,San Cayetano,SC-01,Eureka,30,Carlos Juárez,1188630.0,1149951.0,1091417.0,58534.0,1684285.0,50528550.0,Finalizando,36380.6
2024-10-18,2024,San Cayetano,SC-01,Eureka,30,Carlos Juárez,1188630.0,1149951.0,1102969.0,46982.0,1684285.0,50528550.0,Finalizando,36765.6
2024-10-25,2024,San Cayetano,SC-01,Eureka,30,Carlos Juárez,1188630.0,1149951.0,1113755.0,36196.0,1684285.0,50528550.0,Finalizando,37125.2
2024-11-01,2024,San Cayetano,SC-01,Eureka,30,Carlos Juárez,1188630.0,1149951.0,1117410.0,32541.0,1684285.0,50528550.0,Finalizando,37247.0
2024-11-08,2024,San Cayetano,SC-01,Eureka,30,Carlos Juárez,1188630.0,1149951.0,1122084.0,27867.0,1684285.0,50528550.0,Finalizando,37402.8
2024-11-15,2024,San Cayetano,SC-01,Eureka,30,Carlos Juárez,1188630.0,1149951.0,1125794.0,24157.0,1684285.0,50528550.0,Finalizando,37526.5
2024-11-22,2024,San Cayetano,SC-01,Eureka,30,Carlos Juárez,1188630.0,1149951.0,1130509.0,19442.0,1684285.0,50528550.0,Finalizando,37683.6
2024-11-29,2024,San Cayetano,SC-01,Eureka,30,Carlos Juárez,1188630.0,1149951.0,1134601.0,15350.0,1684285.0,50528550.0,Completado,37820.0
2024-03-01,2024,San Cayetano,SC-02,Lisbon,28,Carlos Juárez,936265.0,908596.0,9101.0,899495.0,2287250.0,64043000.0,En cosecha,325.0
2024-03-08,2024,San Cayetano,SC-02,Lisbon,28,Carlos Juárez,936265.0,908596.0,18289.0,890307.0,2287250.0,64043000.0,En cosecha,653.2
2024-03-15,2024,San Cayetano,SC-02,Lisbon,28,Carlos Juárez,936265.0,908596.0,27882.0,880714.0,2287250.0,64043000.0,En cosecha,995.8
2024-03-22,2024,San Cayetano,SC-02,Lisbon,28,Carlos Juárez,936265.0,908596.0,35927.0,872669.0,2287250.0,64043000.0,En cosecha,1283.1
2024-03-29,2024,San Cayetano,SC-02,Lisbon,28,Carlos Juárez,936265.0,908596.0,44591.0,864005.0,2287250.0,64043000.0,En cosecha,1592.5
2024-04-05,2024,San Cayetano,SC-02,Lisbon,28,Carlos Juárez,936265.0,908596.0,65849.0,842747.0,2287250.0,64043000.0,En cosecha,2351.8
2024-04-12,2024,San Cayetano,SC-02,Lisbon,28,Carlos Juárez,936265.0,908596.0,92383.0,816213.0,2287250.0,64043000.0,En cosecha,3299.4
2024-04-19,2024,San Cayetano,SC-02,Lisbon,28,Carlos Juárez,936265.0,908596.0,118617.0,789979.0,2287250.0,64043000.0,En cosecha,4236.3
2024-04-26,2024,San Cayetano,SC-02,Lisbon,28,Carlos Juárez,936265.0,908596.0,138623.0,769973.0,2287250.0,64043000.0,En cosecha,4950.8
2024-05-03,2024,San Cayetano,SC-02,Lisbon,28,Carlos Juárez,936265.0,908596.0,173638.0,734958.0,2287250.0,64043000.0,En cosecha,6201.4
2024-05-10,2024,San Cayetano,SC-02,Lisbon,28,Carlos Juárez,936265.0,908596.0,210805.0,697791.0,2287250.0,64043000.0,En cosecha,7528.8
2024-05-17,2024,San Cayetano,SC-02,Lisbon,28,Carlos Juárez,936265.0,908596.0,240674.0,667922.0,2287250.0,64043000.0,En cosecha,8595.5
2024-05-24,2024,San Cayetano,SC-02,Lisbon,28,Carlos Juárez,936265.0,908596.0,274340.0,634256.0,2287250.0,64043000.0,En cosecha,9797.9
2024-05-31,2024,San Cayetano,SC-02,Lisbon,28,Carlos Juárez,936265.0,908596.0,311412.0,597184.0,2287250.0,64043000.0,En cosecha,11121.9
2024-06-07,2024,San Cayetano,SC-02,Lisbon,28,Carlos Juárez,936265.0,908596.0,343504.0,565092.0,2287250.0,64043000.0,En cosecha,12268.0
2024-06-14,2024,San Cayetano,SC-02,Lisbon,28,Carlos Juárez,936265.0,908596.0,382937.0,525659.0,2287250.0,64043000.0,En cosecha,13676.3
2024-06-21,2024,San Cayetano,SC-02,Lisbon,28,Carlos Juárez,936265.0,908596.0,417943.0,490653.0,2287250.0,64043000.0,En cosecha,14926.5
2024-06-28,2024,San Cayetano,SC-02,Lisbon,28,Carlos Juárez,936265.0,908596.0,459888.0,448708.0,2287250.0,64043000.0,En cosecha,16424.6
2024-07-05,2024,San Cayetano,SC-02,Lisbon,28,Carlos Juárez,936265.0,908596.0,501955.0,406641.0,2287250.0,64043000.0,En cosecha,17927.0
2024-07-12,2024,San Cayetano,SC-02,Lisbon,28,Carlos Juárez,936265.0,908596.0,543728.0,364868.0,2287250.0,64043000.0,En cosecha,19418.9
2024-07-19,2024,San Cayetano,SC-02,Lisbon,28,Carlos Juárez,936265.0,908596.0,580350.0,328246.0,2287250.0,64043000.0,En cosecha,20726.8
2024-07-26,2024,San Cayetano,SC-02,Lisbon,28,Carlos Juárez,936265.0,908596.0,621222.0,287374.0,2287250.0,64043000.0,En cosecha,22186.5
2024-08-02,2024,San Cayetano,SC-02,Lisbon,28,Carlos Juárez,936265.0,908596.0,653918.0,254678.0,2287250.0,64043000.0,En cosecha,23354.2
2024-08-09,2024,San Cayetano,SC-02,Lisbon,28,Carlos Juárez,936265.0,908596.0,681986.0,226610.0,2287250.0,64043000.0,Finalizando,24356.6
2024-08-16,2024,San Cayetano,SC-02,Lisbon,28,Carlos Juárez,936265.0,908596.0,714544.0,194052.0,2287250.0,64043000.0,Finalizando,25519.4
2024-08-23,2024,San Cayetano,SC-02,Lisbon,28,Carlos Juárez,936265.0,908596.0,740126.0,168470.0,2287250.0,64043000.0,Finalizando,26433.1
2024-08-30,2024,San Cayetano,SC-02,Lisbon,28,Carlos Juárez,936265.0,908596.0,770635.0,137961.0,2287250.0,64043000.0,Finalizando,27522.7
2024-09-06,2024,San Cayetano,SC-02,Lisbon,28,Carlos Juárez,936265.0,908596.0,788908.0,119688.0,2287250.0,64043000.0,Finalizando,28175.3
2024-09-13,2024,San Cayetano,SC-02,Lisbon,28,Carlos Juárez,936265.0,908596.0,806535.0,102061.0,2287250.0,64043000.0,Finalizando,28804.8
2024-09-20,2024,San Cayetano,SC-02,Lisbon,28,Carlos Juárez,936265.0,908596.0,823905.0,84691.0,2287250.0,64043000.0,Finalizando,29425.2
2024-09-27,2024,San Cayetano,SC-02,Lisbon,28,Carlos Juárez,936265.0,908596.0,844929.0,63667.0,2287250.0,64043000.0,Finalizando,30176.0
2024-10-04,2024,San Cayetano,SC-02,Lisbon,28,Carlos Juárez,936265.0,908596.0,853641.0,54955.0,2287250.0,64043000.0,Finalizando,30487.2
2024-10-11,2024,San Cayetano,SC-02,Lisbon,28,Carlos Juárez,936265.0,908596.0,863398.0,45198.0,2287250.0,64043000.0,Finalizando,30835.6
2024-10-18,2024,San Cayetano,SC-02,Lisbon,28,Carlos Juárez,936265.0,908596.0,871364.0,37232.0,2287250.0,64043000.0,Finalizando,31120.1
2024-10-25,2024,San Cayetano,SC-02,Lisbon,28,Carlos Juárez,936265.0,908596.0,880008.0,28588.0,2287250.0,64043000.0,Finalizando,31428.9
2024-11-01,2024,San Cayetano,SC-02,Lisbon,28,Carlos Juárez,936265.0,908596.0,883149.0,25447.0,2287250.0,64043000.0,Finalizando,31541.0
2024-11-08,2024,San Cayetano,SC-02,Lisbon,28,Carlos Juárez,936265.0,908596.0,886521.0,22075.0,2287250.0,64043000.0,Finalizando,31661.5
2024-11-15,2024,San Cayetano,SC-02,Lisbon,28,Carlos Juárez,936265.0,908596.0,889458.0,19138.0,2287250.0,64043000.0,Finalizando,31766.4
2024-11-22,2024,San Cayetano,SC-02,Lisbon,28,Carlos Juárez,936265.0,908596.0,892678.0,15918.0,2287250.0,64043000.0,Finalizando,31881.4
2024-11-29,2024,San Cayetano,SC-02,Lisbon,28,Carlos Juárez,936265.0,908596.0,896138.0,12458.0,2287250.0,64043000.0,Completado,32004.9
2024-03-01,2024,San Cayetano,SC-03,Génova,27,Carlos Juárez,814359.0,757585.0,6661.0,750924.0,1667813.0,45030951.0,En cosecha,246.7
2024-03-08,2024,San Cayetano,SC-03,Génova,27,Carlos Juárez,814359.0,757585.0,14126.0,743459.0,1667813.0,45030951.0,En cosecha,523.2
2024-03-15,2024,San Cayetano,SC-03,Génova,27,Carlos Juárez,814359.0,757585.0,21316.0,736269.0,1667813.0,45030951.0,En cosecha,789.5
2024-03-22,2024,San Cayetano,SC-03,Génova,27,Carlos Juárez,814359.0,757585.0,28897.0,728688.0,1667813.0,45030951.0,En cosecha,1070.3
2024-03-29,2024,San Cayetano,SC-03,Génova,27,Carlos Juárez,814359.0,757585.0,35208.0,722377.0,1667813.0,45030951.0,En cosecha,1304.0
2024-04-05,2024,San Cayetano,SC-03,Génova,27,Carlos Juárez,814359.0,757585.0,54987.0,702598.0,1667813.0,45030951.0,En cosecha,2036.6
2024-04-12,2024,San Cayetano,SC-03,Génova,27,Carlos Juárez,814359.0,757585.0,72778.0,684807.0,1667813.0,45030951.0,En cosecha,2695.5
2024-04-19,2024,San Cayetano,SC-03,Génova,27,Carlos Juárez,814359.0,757585.0,90993.0,666592.0,1667813.0,45030951.0,En cosecha,3370.1
2024-04-26,2024,San Cayetano,SC-03,Génova,27,Carlos Juárez,814359.0,757585.0,110012.0,647573.0,1667813.0,45030951.0,En cosecha,4074.5
2024-05-03,2024,San Cayetano,SC-03,Génova,27,Carlos Juárez,814359.0,757585.0,139810.0,617775.0,1667813.0,45030951.0,En cosecha,5178.1
2024-05-10,2024,San Cayetano,SC-03,Génova,27,Carlos Juárez,814359.0,757585.0,170487.0,587098.0,1667813.0,45030951.0,En cosecha,6314.3
2024-05-17,2024,San Cayetano,SC-03,Génova,27,Carlos Juárez,814359.0,757585.0,199445.0,558140.0,1667813.0,45030951.0,En cosecha,7386.9
2024-05-24,2024,San Cayetano,SC-03,Génova,27,Carlos Juárez,814359.0,757585.0,225611.0,531974.0,1667813.0,45030951.0,En cosecha,8356.0
2024-05-31,2024,San Cayetano,SC-03,Génova,27,Carlos Juárez,814359.0,757585.0,251805.0,505780.0,1667813.0,45030951.0,En cosecha,9326.1
2024-06-07,2024,San Cayetano,SC-03,Génova,27,Carlos Juárez,814359.0,757585.0,284926.0,472659.0,1667813.0,45030951.0,En cosecha,10552.8
2024-06-14,2024,San Cayetano,SC-03,Génova,27,Carlos Juárez,814359.0,757585.0,313463.0,444122.0,1667813.0,45030951.0,En cosecha,11609.7
2024-06-21,2024,San Cayetano,SC-03,Génova,27,Carlos Juárez,814359.0,757585.0,340822.0,416763.0,1667813.0,45030951.0,En cosecha,12623.0
2024-06-28,2024,San Cayetano,SC-03,Génova,27,Carlos Juárez,814359.0,757585.0,370424.0,387161.0,1667813.0,45030951.0,En cosecha,13719.4
2024-07-05,2024,San Cayetano,SC-03,Génova,27,Carlos Juárez,814359.0,757585.0,400521.0,357064.0,1667813.0,45030951.0,En cosecha,14834.1
2024-07-12,2024,San Cayetano,SC-03,Génova,27,Carlos Juárez,814359.0,757585.0,430705.0,326880.0,1667813.0,45030951.0,En cosecha,15952.0
2024-07-19,2024,San Cayetano,SC-03,Génova,27,Carlos Juárez,814359.0,757585.0,460291.0,297294.0,1667813.0,45030951.0,En cosecha,17047.8
2024-07-26,2024,San Cayetano,SC-03,Génova,27,Carlos Juárez,814359.0,757585.0,488049.0,269536.0,1667813.0,45030951.0,En cosecha,18075.9
2024-08-02,2024,San Cayetano,SC-03,Génova,27,Carlos Juárez,814359.0,757585.0,511722.0,245863.0,1667813.0,45030951.0,En cosecha,18952.7
2024-08-09,2024,San Cayetano,SC-03,Génova,27,Carlos Juárez,814359.0,757585.0,543354.0,214231.0,1667813.0,45030951.0,En cosecha,20124.2
2024-08-16,2024,San Cayetano,SC-03,Génova,27,Carlos Juárez,814359.0,757585.0,570392.0,187193.0,1667813.0,45030951.0,Finalizando,21125.6
2024-08-23,2024,San Cayetano,SC-03,Génova,27,Carlos Juárez,814359.0,757585.0,597072.0,160513.0,1667813.0,45030951.0,Finalizando,22113.8
2024-08-30,2024,San Cayetano,SC-03,Génova,27,Carlos Juárez,814359.0,757585.0,626176.0,131409.0,1667813.0,45030951.0,Finalizando,23191.7
2024-09-06,2024,San Cayetano,SC-03,Génova,27,Carlos Juárez,814359.0,757585.0,643273.0,114312.0,1667813.0,45030951.0,Finalizando,23824.9
2024-09-13,2024,San Cayetano,SC-03,Génova,27,Carlos Juárez,814359.0,757585.0,664424.0,93161.0,1667813.0,45030951.0,Finalizando,24608.3
2024-09-20,2024,San Cayetano,SC-03,Génova,27,Carlos Juárez,814359.0,757585.0,684669.0,72916.0,1667813.0,45030951.0,Finalizando,25358.1
2024-09-27,2024,San Cayetano,SC-03,Génova,27,Carlos Juárez,814359.0,757585.0,701052.0,56533.0,1667813.0,45030951.0,Finalizando,25964.9
2024-10-04,2024,San Cayetano,SC-03,Génova,27,Carlos Juárez,814359.0,757585.0,709340.0,48245.0,1667813.0,45030951.0,Finalizando,26271.9
2024-10-11,2024,San Cayetano,SC-03,Génova,27,Carlos Juárez,814359.0,757585.0,718793.0,38792.0,1667813.0,45030951.0,Finalizando,26622.0
2024-10-18,2024,San Cayetano,SC-03,Génova,27,Carlos Juárez,814359.0,757585.0,728411.0,29174.0,1667813.0,45030951.0,Finalizando,26978.2
2024-10-25,2024,San Cayetano,SC-03,Génova,27,Carlos Juárez,814359.0,757585.0,736825.0,20760.0,1667813.0,45030951.0,Finalizando,27289.8
2024-11-01,2024,San Cayetano,SC-03,Génova,27,Carlos Juárez,814359.0,757585.0,739869.0,17716.0,1667813.0,45030951.0,Finalizando,27402.6
2024-11-08,2024,San Cayetano,SC-03,Génova,27,Carlos Juárez,814359.0,757585.0,742523.0,15062.0,1667813.0,45030951.0,Finalizando,27500.9
2024-11-15,2024,San Cayetano,SC-03,Génova,27,Carlos Juárez,814359.0,757585.0,745897.0,11688.0,1667813.0,45030951.0,Finalizando,27625.8
2024-11-22,2024,San Cayetano,SC-03,Génova,27,Carlos Juárez,814359.0,757585.0,748608.0,8977.0,1667813.0,45030951.0,Completado,27726.2
2024-11-29,2024,San Cayetano,SC-03,Génova,27,Carlos Juárez,814359.0,757585.0,751940.0,5645.0,1667813.0,45030951.0,Completado,27849.6
2024-03-01,2024,El Paraíso,EP-01,Eureka,25,Miguel Flores,1028097.0,1006513.0,10025.0,996488.0,2024263.0,50606575.0,En cosecha,401.0
2024-03-08,2024,El Paraíso,EP-01,Eureka,25,Miguel Flores,1028097.0,1006513.0,21997.0,984516.0,2024263.0,50606575.0,En cosecha,879.9
2024-03-15,2024,El Paraíso,EP-01,Eureka,25,Miguel Flores,1028097.0,1006513.0,32560.0,973953.0,2024263.0,50606575.0,En cosecha,1302.4
2024-03-22,2024,El Paraíso,EP-01,Eureka,25,Miguel Flores,1028097.0,1006513.0,42162.0,964351.0,2024263.0,50606575.0,En cosecha,1686.5
2024-03-29,2024,El Paraíso,EP-01,Eureka,25,Miguel Flores,1028097.0,1006513.0,54757.0,951756.0,2024263.0,50606575.0,En cosecha,2190.3
2024-04-05,2024,El Paraíso,EP-01,Eureka,25,Miguel Flores,1028097.0,1006513.0,87423.0,919090.0,2024263.0,50606575.0,En cosecha,3496.9
2024-04-12,2024,El Paraíso,EP-01,Eureka,25,Miguel Flores,1028097.0,1006513.0,120472.0,886041.0,2024263.0,50606575.0,En cosecha,4818.9
2024-04-19,2024,El Paraíso,EP-01,Eureka,25,Miguel Flores,1028097.0,1006513.0,154106.0,852407.0,2024263.0,50606575.0,En cosecha,6164.2
2024-04-26,2024,El Paraíso,EP-01,Eureka,25,Miguel Flores,1028097.0,1006513.0,180589.0,825924.0,2024263.0,50606575.0,En cosecha,7223.6
2024-05-03,2024,El Paraíso,EP-01,Eureka,25,Miguel Flores,1028097.0,1006513.0,219324.0,787189.0,2024263.0,50606575.0,En cosecha,8773.0
2024-05-10,2024,El Paraíso,EP-01,Eureka,25,Miguel Flores,1028097.0,1006513.0,262356.0,744157.0,2024263.0,50606575.0,En cosecha,10494.2
2024-05-17,2024,El Paraíso,EP-01,Eureka,25,Miguel Flores,1028097.0,1006513.0,304650.0,701863.0,2024263.0,50606575.0,En cosecha,12186.0
2024-05-24,2024,El Paraíso,EP-01,Eureka,25,Miguel Flores,1028097.0,1006513.0,340508.0,666005.0,2024263.0,50606575.0,En cosecha,13620.3
2024-05-31,2024,El Paraíso,EP-01,Eureka,25,Miguel Flores,1028097.0,1006513.0,384224.0,622289.0,2024263.0,50606575.0,En cosecha,15369.0
2024-06-07,2024,El Paraíso,EP-01,Eureka,25,Miguel Flores,1028097.0,1006513.0,422685.0,583828.0,2024263.0,50606575.0,En cosecha,16907.4
2024-06-14,2024,El Paraíso,EP-01,Eureka,25,Miguel Flores,1028097.0,1006513.0,461139.0,545374.0,2024263.0,50606575.0,En cosecha,18445.6
2024-06-21,2024,El Paraíso,EP-01,Eureka,25,Miguel Flores,1028097.0,1006513.0,503490.0,503023.0,2024263.0,50606575.0,En cosecha,20139.6
2024-06-28,2024,El Paraíso,EP-01,Eureka,25,Miguel Flores,1028097.0,1006513.0,546537.0,459976.0,2024263.0,50606575.0,En cosecha,21861.5
2024-07-05,2024,El Paraíso,EP-01,Eureka,25,Miguel Flores,1028097.0,1006513.0,586247.0,420266.0,2024263.0,50606575.0,En cosecha,23449.9
2024-07-12,2024,El Paraíso,EP-01,Eureka,25,Miguel Flores,1028097.0,1006513.0,620328.0,386185.0,2024263.0,50606575.0,En cosecha,24813.1
2024-07-19,2024,El Paraíso,EP-01,Eureka,25,Miguel Flores,1028097.0,1006513.0,663464.0,343049.0,2024263.0,50606575.0,En cosecha,26538.6
2024-07-26,2024,El Paraíso,EP-01,Eureka,25,Miguel Flores,1028097.0,1006513.0,699551.0,306962.0,2024263.0,50606575.0,En cosecha,27982.0
2024-08-02,2024,El Paraíso,EP-01,Eureka,25,Miguel Flores,1028097.0,1006513.0,727456.0,279057.0,2024263.0,50606575.0,Finalizando,29098.2
2024-08-09,2024,El Paraíso,EP-01,Eureka,25,Miguel Flores,1028097.0,1006513.0,762433.0,244080.0,2024263.0,50606575.0,Finalizando,30497.3
2024-08-16,2024,El Paraíso,EP-01,Eureka,25,Miguel Flores,1028097.0,1006513.0,798032.0,208481.0,2024263.0,50606575.0,Finalizando,31921.3
2024-08-23,2024,El Paraíso,EP-01,Eureka,25,Miguel Flores,1028097.0,1006513.0,832761.0,173752.0,2024263.0,50606575.0,Finalizando,33310.4
2024-08-30,2024,El Paraíso,EP-01,Eureka,25,Miguel Flores,1028097.0,1006513.0,866999.0,139514.0,2024263.0,50606575.0,Finalizando,34680.0
2024-09-06,2024,El Paraíso,EP-01,Eureka,25,Miguel Flores,1028097.0,1006513.0,889332.0,117181.0,2024263.0,50606575.0,Finalizando,35573.3
2024-09-13,2024,El Paraíso,EP-01,Eureka,25,Miguel Flores,1028097.0,1006513.0,911003.0,95510.0,2024263.0,50606575.0,Finalizando,36440.1
2024-09-20,2024,El Paraíso,EP-01,Eureka,25,Miguel Flores,1028097.0,1006513.0,929733.0,76780.0,2024263.0,50606575.0,Finalizando,37189.3
2024-09-27,2024,El Paraíso,EP-01,Eureka,25,Miguel Flores,1028097.0,1006513.0,950501.0,56012.0,2024263.0,50606575.0,Finalizando,38020.0
2024-10-04,2024,El Paraíso,EP-01,Eureka,25,Miguel Flores,1028097.0,1006513.0,959891.0,46622.0,2024263.0,50606575.0,Finalizando,38395.6
2024-10-11,2024,El Paraíso,EP-01,Eureka,25,Miguel Flores,1028097.0,1006513.0,968954.0,37559.0,2024263.0,50606575.0,Finalizando,38758.2
2024-10-18,2024,El Paraíso,EP-01,Eureka,25,Miguel Flores,1028097.0,1006513.0,979360.0,27153.0,2024263.0,50606575.0,Finalizando,39174.4
2024-10-25,2024,El Paraíso,EP-01,Eureka,25,Miguel Flores,1028097.0,1006513.0,989107.0,17406.0,2024263.0,50606575.0,Finalizando,39564.3
2024-11-01,2024,El Paraíso,EP-01,Eureka,25,Miguel Flores,1028097.0,1006513.0,992265.0,14248.0,2024263.0,50606575.0,Completado,39690.6
2024-11-08,2024,El Paraíso,EP-01,Eureka,25,Miguel Flores,1028097.0,1006513.0,995573.0,10940.0,2024263.0,50606575.0,Completado,39822.9
2024-11-15,2024,El Paraíso,EP-01,Eureka,25,Miguel Flores,1028097.0,1006513.0,999376.0,7137.0,2024263.0,50606575.0,Completado,39975.0
2024-11-22,2024,El Paraíso,EP-01,Eureka,25,Miguel Flores,1028097.0,1006513.0,1002529.0,3984.0,2024263.0,50606575.0,Completado,40101.2
2024-11-29,2024,El Paraíso,EP-01,Eureka,25,Miguel Flores,1028097.0,1006513.0,1006513.0,0.0,2024263.0,50606575.0,Completado,40260.5
2024-03-01,2024,El Paraíso,EP-02,Eureka,30,Miguel Flores,1207579.0,1162266.0,12889.0,1149377.0,2082458.0,62473740.0,En cosecha,429.6
2024-03-08,2024,El Paraíso,EP-02,Eureka,30,Miguel Flores,1207579.0,1162266.0,24656.0,1137610.0,2082458.0,62473740.0,En cosecha,821.9
2024-03-15,2024,El Paraíso,EP-02,Eureka,30,Miguel Flores,1207579.0,1162266.0,38721.0,1123545.0,2082458.0,62473740.0,En cosecha,1290.7
2024-03-22,2024,El Paraíso,EP-02,Eureka,30,Miguel Flores,1207579.0,1162266.0,52480.0,1109786.0,2082458.0,62473740.0,En cosecha,1749.3
2024-03-29,2024,El Paraíso,EP-02,Eureka,30,Miguel Flores,1207579.0,1162266.0,65717.0,1096549.0,2082458.0,62473740.0,En cosecha,2190.6
2024-04-05,2024,El Paraíso,EP-02,Eureka,30,Miguel Flores,1207579.0,1162266.0,102744.0,1059522.0,2082458.0,62473740.0,En cosecha,3424.8
2024-04-12,2024,El Paraíso,EP-02,Eureka,30,Miguel Flores,1207579.0,1162266.0,139938.0,1022328.0,2082458.0,62473740.0,En cosecha,4664.6
2024-04-19,2024,El Paraíso,EP-02,Eureka,30,Miguel Flores,1207579.0,1162266.0,175549.0,986717.0,2082458.0,62473740.0,En cosecha,5851.6
2024-04-26,2024,El Paraíso,EP-02,Eureka,30,Miguel Flores,1207579.0,1162266.0,212441.0,949825.0,2082458.0,62473740.0,En cosecha,7081.4
2024-05-03,2024,El Paraíso,EP-02,Eureka,30,Miguel Flores,1207579.0,1162266.0,260829.0,901437.0,2082458.0,62473740.0,En cosecha,8694.3
2024-05-10,2024,El Paraíso,EP-02,Eureka,30,Miguel Flores,1207579.0,1162266.0,308982.0,853284.0,2082458.0,62473740.0,En cosecha,10299.4
2024-05-17,2024,El Paraíso,EP-02,Eureka,30,Miguel Flores,1207579.0,1162266.0,356300.0,805966.0,2082458.0,62473740.0,En cosecha,11876.7
2024-05-24,2024,El Paraíso,EP-02,Eureka,30,Miguel Flores,1207579.0,1162266.0,405438.0,756828.0,2082458.0,62473740.0,En cosecha,13514.6
2024-05-31,2024,El Paraíso,EP-02,Eureka,30,Miguel Flores,1207579.0,1162266.0,446510.0,715756.0,2082458.0,62473740.0,En cosecha,14883.7
2024-06-07,2024,El Paraíso,EP-02,Eureka,30,Miguel Flores,1207579.0,1162266.0,499838.0,662428.0,2082458.0,62473740.0,En cosecha,16661.3
2024-06-14,2024,El Paraíso,EP-02,Eureka,30,Miguel Flores,1207579.0,1162266.0,553037.0,609229.0,2082458.0,62473740.0,En cosecha,18434.6
2024-06-21,2024,El Paraíso,EP-02,Eureka,30,Miguel Flores,1207579.0,1162266.0,594245.0,568021.0,2082458.0,62473740.0,En cosecha,19808.2
2024-06-28,2024,El Paraíso,EP-02,Eureka,30,Miguel Flores,1207579.0,1162266.0,646789.0,515477.0,2082458.0,62473740.0,En cosecha,21559.6
2024-07-05,2024,El Paraíso,EP-02,Eureka,30,Miguel Flores,1207579.0,1162266.0,686258.0,476008.0,2082458.0,62473740.0,En cosecha,22875.3
2024-07-12,2024,El Paraíso,EP-02,Eureka,30,Miguel Flores,1207579.0,1162266.0,728444.0,433822.0,2082458.0,62473740.0,En cosecha,24281.5
2024-07-19,2024,El Paraíso,EP-02,Eureka,30,Miguel Flores,1207579.0,1162266.0,776011.0,386255.0,2082458.0,62473740.0,En cosecha,25867.0
2024-07-26,2024,El Paraíso,EP-02,Eureka,30,Miguel Flores,1207579.0,1162266.0,815900.0,346366.0,2082458.0,62473740.0,En cosecha,27196.7
2024-08-02,2024,El Paraíso,EP-02,Eureka,30,Miguel Flores,1207579.0,1162266.0,855147.0,307119.0,2082458.0,62473740.0,Finalizando,28504.9
2024-08-09,2024,El Paraíso,EP-02,Eureka,30,Miguel Flores,1207579.0,1162266.0,894544.0,267722.0,2082458.0,62473740.0,Finalizando,29818.1
2024-08-16,2024,El Paraíso,EP-02,Eureka,30,Miguel Flores,1207579.0,1162266.0,930483.0,231783.0,2082458.0,62473740.0,Finalizando,31016.1
2024-08-23,2024,El Paraíso,EP-02,Eureka,30,Miguel Flores,1207579.0,1162266.0,961085.0,201181.0,2082458.0,62473740.0,Finalizando,32036.2
2024-08-30,2024,El Paraíso,EP-02,Eureka,30,Miguel Flores,1207579.0,1162266.0,994677.0,167589.0,2082458.0,62473740.0,Finalizando,33155.9
2024-09-06,2024,El Paraíso,EP-02,Eureka,30,Miguel Flores,1207579.0,1162266.0,1019940.0,142326.0,2082458.0,62473740.0,Finalizando,33998.0
2024-09-13,2024,El Paraíso,EP-02,Eureka,30,Miguel Flores,1207579.0,1162266.0,1047844.0,114422.0,2082458.0,62473740.0,Finalizando,34928.1
2024-09-20,2024,El Paraíso,EP-02,Eureka,30,Miguel Flores,1207579.0,1162266.0,1073215.0,89051.0,2082458.0,62473740.0,Finalizando,35773.8
2024-09-27,2024,El Paraíso,EP-02,Eureka,30,Miguel Flores,1207579.0,1162266.0,1095888.0,66378.0,2082458.0,62473740.0,Finalizando,36529.6
2024-10-04,2024,El Paraíso,EP-02,Eureka,30,Miguel Flores,1207579.0,1162266.0,1107493.0,54773.0,2082458.0,62473740.0,Finalizando,36916.4
2024-10-11,2024,El Paraíso,EP-02,Eureka,30,Miguel Flores,1207579.0,1162266.0,1118787.0,43479.0,2082458.0,62473740.0,Finalizando,37292.9
2024-10-18,2024,El Paraíso,EP-02,Eureka,30,Miguel Flores,1207579.0,1162266.0,1130875.0,31391.0,2082458.0,62473740.0,Finalizando,37695.8
2024-10-25,2024,El Paraíso,EP-02,Eureka,30,Miguel Flores,1207579.0,1162266.0,1140733.0,21533.0,2082458.0,62473740.0,Finalizando,38024.4
2024-11-01,2024,El Paraíso,EP-02,Eureka,30,Miguel Flores,1207579.0,1162266.0,1145178.0,17088.0,2082458.0,62473740.0,Completado,38172.6
2024-11-08,2024,El Paraíso,EP-02,Eureka,30,Miguel Flores,1207579.0,1162266.0,1149354.0,12912.0,2082458.0,62473740.0,Completado,38311.8
2024-11-15,2024,El Paraíso,EP-02,Eureka,30,Miguel Flores,1207579.0,1162266.0,1154047.0,8219.0,2082458.0,62473740.0,Completado,38468.2
2024-11-22,2024,El Paraíso,EP-02,Eureka,30,Miguel Flores,1207579.0,1162266.0,1157978.0,4288.0,2082458.0,62473740.0,Completado,38599.3
2024-11-29,2024,El Paraíso,EP-02,Eureka,30,Miguel Flores,1207579.0,1162266.0,1162266.0,0.0,2082458.0,62473740.0,Completado,38742.2
2024-03-01,2024,El Paraíso,EP-03,Lisbon,22,Miguel Flores,816106.0,745371.0,7837.0,737534.0,2334177.0,51351894.0,En cosecha,356.2
2024-03-08,2024,El Paraíso,EP-03,Lisbon,22,Miguel Flores,816106.0,745371.0,14269.0,731102.0,2334177.0,51351894.0,En cosecha,648.6
2024-03-15,2024,El Paraíso,EP-03,Lisbon,22,Miguel Flores,816106.0,745371.0,21830.0,723541.0,2334177.0,51351894.0,En cosecha,992.3
2024-03-22,2024,El Paraíso,EP-03,Lisbon,22,Miguel Flores,816106.0,745371.0,28872.0,716499.0,2334177.0,51351894.0,En cosecha,1312.4
2024-03-29,2024,El Paraíso,EP-03,Lisbon,22,Miguel Flores,816106.0,745371.0,36518.0,708853.0,2334177.0,51351894.0,En cosecha,1659.9
2024-04-05,2024,El Paraíso,EP-03,Lisbon,22,Miguel Flores,816106.0,745371.0,53544.0,691827.0,2334177.0,51351894.0,En cosecha,2433.8
2024-04-12,2024,El Paraíso,EP-03,Lisbon,22,Miguel Flores,816106.0,745371.0,75397.0,669974.0,2334177.0,51351894.0,En cosecha,3427.1
2024-04-19,2024,El Paraíso,EP-03,Lisbon,22,Miguel Flores,816106.0,745371.0,97847.0,647524.0,2334177.0,51351894.0,En cosecha,4447.6
2024-04-26,2024,El Paraíso,EP-03,Lisbon,22,Miguel Flores,816106.0,745371.0,120269.0,625102.0,2334177.0,51351894.0,En cosecha,5466.8
2024-05-03,2024,El Paraíso,EP-03,Lisbon,22,Miguel Flores,816106.0,745371.0,150370.0,595001.0,2334177.0,51351894.0,En cosecha,6835.0
2024-05-10,2024,El Paraíso,EP-03,Lisbon,22,Miguel Flores,816106.0,745371.0,175314.0,570057.0,2334177.0,51351894.0,En cosecha,7968.8
2024-05-17,2024,El Paraíso,EP-03,Lisbon,22,Miguel Flores,816106.0,745371.0,205486.0,539885.0,2334177.0,51351894.0,En cosecha,9340.3
2024-05-24,2024,El Paraíso,EP-03,Lisbon,22,Miguel Flores,816106.0,745371.0,229551.0,515820.0,2334177.0,51351894.0,En cosecha,10434.1
2024-05-31,2024,El Paraíso,EP-03,Lisbon,22,Miguel Flores,816106.0,745371.0,253596.0,491775.0,2334177.0,51351894.0,En cosecha,11527.1
2024-06-07,2024,El Paraíso,EP-03,Lisbon,22,Miguel Flores,816106.0,745371.0,283570.0,461801.0,2334177.0,51351894.0,En cosecha,12889.5
2024-06-14,2024,El Paraíso,EP-03,Lisbon,22,Miguel Flores,816106.0,745371.0,315094.0,430277.0,2334177.0,51351894.0,En cosecha,14322.5
2024-06-21,2024,El Paraíso,EP-03,Lisbon,22,Miguel Flores,816106.0,745371.0,349266.0,396105.0,2334177.0,51351894.0,En cosecha,15875.7
2024-06-28,2024,El Paraíso,EP-03,Lisbon,22,Miguel Flores,816106.0,745371.0,382619.0,362752.0,2334177.0,51351894.0,En cosecha,17391.8
2024-07-05,2024,El Paraíso,EP-03,Lisbon,22,Miguel Flores,816106.0,745371.0,413453.0,331918.0,2334177.0,51351894.0,En cosecha,18793.3
2024-07-12,2024,El Paraíso,EP-03,Lisbon,22,Miguel Flores,816106.0,745371.0,442684.0,302687.0,2334177.0,51351894.0,En cosecha,20122.0
2024-07-19,2024,El Paraíso,EP-03,Lisbon,22,Miguel Flores,816106.0,745371.0,478650.0,266721.0,2334177.0,51351894.0,En cosecha,21756.8
2024-07-26,2024,El Paraíso,EP-03,Lisbon,22,Miguel Flores,816106.0,745371.0,509300.0,236071.0,2334177.0,51351894.0,En cosecha,23150.0
2024-08-02,2024,El Paraíso,EP-03,Lisbon,22,Miguel Flores,816106.0,745371.0,534124.0,211247.0,2334177.0,51351894.0,En cosecha,24278.4
2024-08-09,2024,El Paraíso,EP-03,Lisbon,22,Miguel Flores,816106.0,745371.0,556795.0,188576.0,2334177.0,51351894.0,Finalizando,25308.9
2024-08-16,2024,El Paraíso,EP-03,Lisbon,22,Miguel Flores,816106.0,745371.0,584188.0,161183.0,2334177.0,51351894.0,Finalizando,26554.0
2024-08-23,2024,El Paraíso,EP-03,Lisbon,22,Miguel Flores,816106.0,745371.0,610825.0,134546.0,2334177.0,51351894.0,Finalizando,27764.8
2024-08-30,2024,El Paraíso,EP-03,Lisbon,22,Miguel Flores,816106.0,745371.0,633924.0,111447.0,2334177.0,51351894.0,Finalizando,28814.7
2024-09-06,2024,El Paraíso,EP-03,Lisbon,22,Miguel Flores,816106.0,745371.0,648701.0,96670.0,2334177.0,51351894.0,Finalizando,29486.4
2024-09-13,2024,El Paraíso,EP-03,Lisbon,22,Miguel Flores,816106.0,745371.0,666475.0,78896.0,2334177.0,51351894.0,Finalizando,30294.3
2024-09-20,2024,El Paraíso,EP-03,Lisbon,22,Miguel Flores,816106.0,745371.0,684119.0,61252.0,2334177.0,51351894.0,Finalizando,31096.3
2024-09-27,2024,El Paraíso,EP-03,Lisbon,22,Miguel Flores,816106.0,745371.0,699853.0,45518.0,2334177.0,51351894.0,Finalizando,31811.5
2024-10-04,2024,El Paraíso,EP-03,Lisbon,22,Miguel Flores,816106.0,745371.0,708660.0,36711.0,2334177.0,51351894.0,Finalizando,32211.8
2024-10-11,2024,El Paraíso,EP-03,Lisbon,22,Miguel Flores,816106.0,745371.0,715622.0,29749.0,2334177.0,51351894.0,Finalizando,32528.3
2024-10-18,2024,El Paraíso,EP-03,Lisbon,22,Miguel Flores,816106.0,745371.0,723233.0,22138.0,2334177.0,51351894.0,Finalizando,32874.2
2024-10-25,2024,El Paraíso,EP-03,Lisbon,22,Miguel Flores,816106.0,745371.0,732024.0,13347.0,2334177.0,51351894.0,Finalizando,33273.8
2024-11-01,2024,El Paraíso,EP-03,Lisbon,22,Miguel Flores,816106.0,745371.0,734597.0,10774.0,2334177.0,51351894.0,Completado,33390.8
2024-11-08,2024,El Paraíso,EP-03,Lisbon,22,Miguel Flores,816106.0,745371.0,737341.0,8030.0,2334177.0,51351894.0,Completado,33515.5
2024-11-15,2024,El Paraíso,EP-03,Lisbon,22,Miguel Flores,816106.0,745371.0,739897.0,5474.0,2334177.0,51351894.0,Completado,33631.7
2024-11-22,2024,El Paraíso,EP-03,Lisbon,22,Miguel Flores,816106.0,745371.0,742356.0,3015.0,2334177.0,51351894.0,Completado,33743.5
2024-11-29,2024,El Paraíso,EP-03,Lisbon,22,Miguel Flores,816106.0,745371.0,745371.0,0.0,2334177.0,51351894.0,Completado,33880.5
2024-03-01,2024,El Paraíso,EP-04,Génova,18,Miguel Flores,527459.0,536021.0,4394.0,531627.0,1817867.0,32721606.0,En cosecha,244.1
2024-03-08,2024,El Paraíso,EP-04,Génova,18,Miguel Flores,527459.0,536021.0,9462.0,526559.0,1817867.0,32721606.0,En cosecha,525.7
2024-03-15,2024,El Paraíso,EP-04,Génova,18,Miguel Flores,527459.0,536021.0,13998.0,522023.0,1817867.0,32721606.0,En cosecha,777.7
2024-03-22,2024,El Paraíso,EP-04,Génova,18,Miguel Flores,527459.0,536021.0,19207.0,516814.0,1817867.0,32721606.0,En cosecha,1067.1
2024-03-29,2024,El Paraíso,EP-04,Génova,18,Miguel Flores,527459.0,536021.0,23353.0,512668.0,1817867.0,32721606.0,En cosecha,1297.4
2024-04-05,2024,El Paraíso,EP-04,Génova,18,Miguel Flores,527459.0,536021.0,37431.0,498590.0,1817867.0,32721606.0,En cosecha,2079.5
2024-04-12,2024,El Paraíso,EP-04,Génova,18,Miguel Flores,527459.0,536021.0,51162.0,484859.0,1817867.0,32721606.0,En cosecha,2842.3
2024-04-19,2024,El Paraíso,EP-04,Génova,18,Miguel Flores,527459.0,536021.0,64872.0,471149.0,1817867.0,32721606.0,En cosecha,3604.0
2024-04-26,2024,El Paraíso,EP-04,Génova,18,Miguel Flores,527459.0,536021.0,78860.0,457161.0,1817867.0,32721606.0,En cosecha,4381.1
2024-05-03,2024,El Paraíso,EP-04,Génova,18,Miguel Flores,527459.0,536021.0,98871.0,437150.0,1817867.0,32721606.0,En cosecha,5492.8
2024-05-10,2024,El Paraíso,EP-04,Génova,18,Miguel Flores,527459.0,536021.0,118139.0,417882.0,1817867.0,32721606.0,En cosecha,6563.3
2024-05-17,2024,El Paraíso,EP-04,Génova,18,Miguel Flores,527459.0,536021.0,134676.0,401345.0,1817867.0,32721606.0,En cosecha,7482.0
2024-05-24,2024,El Paraíso,EP-04,Génova,18,Miguel Flores,527459.0,536021.0,150669.0,385352.0,1817867.0,32721606.0,En cosecha,8370.5
2024-05-31,2024,El Paraíso,EP-04,Génova,18,Miguel Flores,527459.0,536021.0,171562.0,364459.0,1817867.0,32721606.0,En cosecha,9531.2
2024-06-07,2024,El Paraíso,EP-04,Génova,18,Miguel Flores,527459.0,536021.0,193727.0,342294.0,1817867.0,32721606.0,En cosecha,10762.6
2024-06-14,2024,El Paraíso,EP-04,Génova,18,Miguel Flores,527459.0,536021.0,217036.0,318985.0,1817867.0,32721606.0,En cosecha,12057.6
2024-06-21,2024,El Paraíso,EP-04,Génova,18,Miguel Flores,527459.0,536021.0,238341.0,297680.0,1817867.0,32721606.0,En cosecha,13241.2
2024-06-28,2024,El Paraíso,EP-04,Génova,18,Miguel Flores,527459.0,536021.0,257328.0,278693.0,1817867.0,32721606.0,En cosecha,14296.0
2024-07-05,2024,El Paraíso,EP-04,Génova,18,Miguel Flores,527459.0,536021.0,277098.0,258923.0,1817867.0,32721606.0,En cosecha,15394.3
2024-07-12,2024,El Paraíso,EP-04,Génova,18,Miguel Flores,527459.0,536021.0,300570.0,235451.0,1817867.0,32721606.0,En cosecha,16698.3
2024-07-19,2024,El Paraíso,EP-04,Génova,18,Miguel Flores,527459.0,536021.0,322356.0,213665.0,1817867.0,32721606.0,En cosecha,17908.7
2024-07-26,2024,El Paraíso,EP-04,Génova,18,Miguel Flores,527459.0,536021.0,342623.0,193398.0,1817867.0,32721606.0,En cosecha,19034.6
2024-08-02,2024,El Paraíso,EP-04,Génova,18,Miguel Flores,527459.0,536021.0,361708.0,174313.0,1817867.0,32721606.0,En cosecha,20094.9
2024-08-09,2024,El Paraíso,EP-04,Génova,18,Miguel Flores,527459.0,536021.0,378363.0,157658.0,1817867.0,32721606.0,En cosecha,21020.2
2024-08-16,2024,El Paraíso,EP-04,Génova,18,Miguel Flores,527459.0,536021.0,397960.0,138061.0,1817867.0,32721606.0,Finalizando,22108.9
2024-08-23,2024,El Paraíso,EP-04,Génova,18,Miguel Flores,527459.0,536021.0,415780.0,120241.0,1817867.0,32721606.0,Finalizando,23098.9
2024-08-30,2024,El Paraíso,EP-04,Génova,18,Miguel Flores,527459.0,536021.0,436602.0,99419.0,1817867.0,32721606.0,Finalizando,24255.7
2024-09-06,2024,El Paraíso,EP-04,Génova,18,Miguel Flores,527459.0,536021.0,448794.0,87227.0,1817867.0,32721606.0,Finalizando,24933.0
2024-09-13,2024,El Paraíso,EP-04,Génova,18,Miguel Flores,527459.0,536021.0,461541.0,74480.0,1817867.0,32721606.0,Finalizando,25641.2
2024-09-20,2024,El Paraíso,EP-04,Génova,18,Miguel Flores,527459.0,536021.0,472587.0,63434.0,1817867.0,32721606.0,Finalizando,26254.8
2024-09-27,2024,El Paraíso,EP-04,Génova,18,Miguel Flores,527459.0,536021.0,483865.0,52156.0,1817867.0,32721606.0,Finalizando,26881.4
2024-10-04,2024,El Paraíso,EP-04,Génova,18,Miguel Flores,527459.0,536021.0,489560.0,46461.0,1817867.0,32721606.0,Finalizando,27197.8
2024-10-11,2024,El Paraíso,EP-04,Génova,18,Miguel Flores,527459.0,536021.0,495408.0,40613.0,1817867.0,32721606.0,Finalizando,27522.7
2024-10-18,2024,El Paraíso,EP-04,Génova,18,Miguel Flores,527459.0,536021.0,501466.0,34555.0,1817867.0,32721606.0,Finalizando,27859.2
2024-10-25,2024,El Paraíso,EP-04,Génova,18,Miguel Flores,527459.0,536021.0,506985.0,29036.0,1817867.0,32721606.0,Finalizando,28165.8
2024-11-01,2024,El Paraíso,EP-04,Génova,18,Miguel Flores,527459.0,536021.0,509142.0,26879.0,1817867.0,32721606.0,Finalizando,28285.7
2024-11-08,2024,El Paraíso,EP-04,Génova,18,Miguel Flores,527459.0,536021.0,511399.0,24622.0,1817867.0,32721606.0,Finalizando,28411.1
2024-11-15,2024,El Paraíso,EP-04,Génova,18,Miguel Flores,527459.0,536021.0,513608.0,22413.0,1817867.0,32721606.0,Finalizando,28533.8
2024-11-22,2024,El Paraíso,EP-04,Génova,18,Miguel Flores,527459.0,536021.0,515369.0,20652.0,1817867.0,32721606.0,Finalizando,28631.6
2024-11-29,2024,El Paraíso,EP-04,Génova,18,Miguel Flores,527459.0,536021.0,517396.0,18625.0,1817867.0,32721606.0,Finalizando,28744.2
2024-03-01,2024,Río Ancho,RA-01,Eureka,40,Juan Nieva,1522085.0,1417770.0,16970.0,1400800.0,2370264.0,94810560.0,En cosecha,424.2
2024-03-08,2024,Río Ancho,RA-01,Eureka,40,Juan Nieva,1522085.0,1417770.0,33261.0,1384509.0,2370264.0,94810560.0,En cosecha,831.5
2024-03-15,2024,Río Ancho,RA-01,Eureka,40,Juan Nieva,1522085.0,1417770.0,46937.0,1370833.0,2370264.0,94810560.0,En cosecha,1173.4
2024-03-22,2024,Río Ancho,RA-01,Eureka,40,Juan Nieva,1522085.0,1417770.0,62120.0,1355650.0,2370264.0,94810560.0,En cosecha,1553.0
2024-03-29,2024,Río Ancho,RA-01,Eureka,40,Juan Nieva,1522085.0,1417770.0,78211.0,1339559.0,2370264.0,94810560.0,En cosecha,1955.3
2024-04-05,2024,Río Ancho,RA-01,Eureka,40,Juan Nieva,1522085.0,1417770.0,115475.0,1302295.0,2370264.0,94810560.0,En cosecha,2886.9
2024-04-12,2024,Río Ancho,RA-01,Eureka,40,Juan Nieva,1522085.0,1417770.0,156052.0,1261718.0,2370264.0,94810560.0,En cosecha,3901.3
2024-04-19,2024,Río Ancho,RA-01,Eureka,40,Juan Nieva,1522085.0,1417770.0,192627.0,1225143.0,2370264.0,94810560.0,En cosecha,4815.7
2024-04-26,2024,Río Ancho,RA-01,Eureka,40,Juan Nieva,1522085.0,1417770.0,229773.0,1187997.0,2370264.0,94810560.0,En cosecha,5744.3
2024-05-03,2024,Río Ancho,RA-01,Eureka,40,Juan Nieva,1522085.0,1417770.0,285875.0,1131895.0,2370264.0,94810560.0,En cosecha,7146.9
2024-05-10,2024,Río Ancho,RA-01,Eureka,40,Juan Nieva,1522085.0,1417770.0,337435.0,1080335.0,2370264.0,94810560.0,En cosecha,8435.9
2024-05-17,2024,Río Ancho,RA-01,Eureka,40,Juan Nieva,1522085.0,1417770.0,396469.0,1021301.0,2370264.0,94810560.0,En cosecha,9911.7
2024-05-24,2024,Río Ancho,RA-01,Eureka,40,Juan Nieva,1522085.0,1417770.0,457600.0,960170.0,2370264.0,94810560.0,En cosecha,11440.0
2024-05-31,2024,Río Ancho,RA-01,Eureka,40,Juan Nieva,1522085.0,1417770.0,520640.0,897130.0,2370264.0,94810560.0,En cosecha,13016.0
2024-06-07,2024,Río Ancho,RA-01,Eureka,40,Juan Nieva,1522085.0,1417770.0,575897.0,841873.0,2370264.0,94810560.0,En cosecha,14397.4
2024-06-14,2024,Río Ancho,RA-01,Eureka,40,Juan Nieva,1522085.0,1417770.0,630565.0,787205.0,2370264.0,94810560.0,En cosecha,15764.1
2024-06-21,2024,Río Ancho,RA-01,Eureka,40,Juan Nieva,1522085.0,1417770.0,684100.0,733670.0,2370264.0,94810560.0,En cosecha,17102.5
2024-06-28,2024,Río Ancho,RA-01,Eureka,40,Juan Nieva,1522085.0,1417770.0,747218.0,670552.0,2370264.0,94810560.0,En cosecha,18680.5
2024-07-05,2024,Río Ancho,RA-01,Eureka,40,Juan Nieva,1522085.0,1417770.0,806828.0,610942.0,2370264.0,94810560.0,En cosecha,20170.7
2024-07-12,2024,Río Ancho,RA-01,Eureka,40,Juan Nieva,1522085.0,1417770.0,855180.0,562590.0,2370264.0,94810560.0,En cosecha,21379.5
2024-07-19,2024,Río Ancho,RA-01,Eureka,40,Juan Nieva,1522085.0,1417770.0,918623.0,499147.0,2370264.0,94810560.0,En cosecha,22965.6
2024-07-26,2024,Río Ancho,RA-01,Eureka,40,Juan Nieva,1522085.0,1417770.0,967315.0,450455.0,2370264.0,94810560.0,En cosecha,24182.9
2024-08-02,2024,Río Ancho,RA-01,Eureka,40,Juan Nieva,1522085.0,1417770.0,1013277.0,404493.0,2370264.0,94810560.0,En cosecha,25331.9
2024-08-09,2024,Río Ancho,RA-01,Eureka,40,Juan Nieva,1522085.0,1417770.0,1061501.0,356269.0,2370264.0,94810560.0,Finalizando,26537.5
2024-08-16,2024,Río Ancho,RA-01,Eureka,40,Juan Nieva,1522085.0,1417770.0,1111909.0,305861.0,2370264.0,94810560.0,Finalizando,27797.7
2024-08-23,2024,Río Ancho,RA-01,Eureka,40,Juan Nieva,1522085.0,1417770.0,1160201.0,257569.0,2370264.0,94810560.0,Finalizando,29005.0
2024-08-30,2024,Río Ancho,RA-01,Eureka,40,Juan Nieva,1522085.0,1417770.0,1209675.0,208095.0,2370264.0,94810560.0,Finalizando,30241.9
2024-09-06,2024,Río Ancho,RA-01,Eureka,40,Juan Nieva,1522085.0,1417770.0,1239114.0,178656.0,2370264.0,94810560.0,Finalizando,30977.8
2024-09-13,2024,Río Ancho,RA-01,Eureka,40,Juan Nieva,1522085.0,1417770.0,1272919.0,144851.0,2370264.0,94810560.0,Finalizando,31823.0
2024-09-20,2024,Río Ancho,RA-01,Eureka,40,Juan Nieva,1522085.0,1417770.0,1299977.0,117793.0,2370264.0,94810560.0,Finalizando,32499.4
2024-09-27,2024,Río Ancho,RA-01,Eureka,40,Juan Nieva,1522085.0,1417770.0,1334516.0,83254.0,2370264.0,94810560.0,Finalizando,33362.9
2024-10-04,2024,Río Ancho,RA-01,Eureka,40,Juan Nieva,1522085.0,1417770.0,1348848.0,68922.0,2370264.0,94810560.0,Finalizando,33721.2
2024-10-11,2024,Río Ancho,RA-01,Eureka,40,Juan Nieva,1522085.0,1417770.0,1364311.0,53459.0,2370264.0,94810560.0,Finalizando,34107.8
2024-10-18,2024,Río Ancho,RA-01,Eureka,40,Juan Nieva,1522085.0,1417770.0,1378242.0,39528.0,2370264.0,94810560.0,Finalizando,34456.1
2024-10-25,2024,Río Ancho,RA-01,Eureka,40,Juan Nieva,1522085.0,1417770.0,1392976.0,24794.0,2370264.0,94810560.0,Finalizando,34824.4
2024-11-01,2024,Río Ancho,RA-01,Eureka,40,Juan Nieva,1522085.0,1417770.0,1398240.0,19530.0,2370264.0,94810560.0,Completado,34956.0
2024-11-08,2024,Río Ancho,RA-01,Eureka,40,Juan Nieva,1522085.0,1417770.0,1403823.0,13947.0,2370264.0,94810560.0,Completado,35095.6
2024-11-15,2024,Río Ancho,RA-01,Eureka,40,Juan Nieva,1522085.0,1417770.0,1408398.0,9372.0,2370264.0,94810560.0,Completado,35209.9
2024-11-22,2024,Río Ancho,RA-01,Eureka,40,Juan Nieva,1522085.0,1417770.0,1412939.0,4831.0,2370264.0,94810560.0,Completado,35323.5
2024-11-29,2024,Río Ancho,RA-01,Eureka,40,Juan Nieva,1522085.0,1417770.0,1417770.0,0.0,2370264.0,94810560.0,Completado,35444.2
2024-03-01,2024,Río Ancho,RA-02,Lisbon,38,Juan Nieva,1265883.0,1282760.0,13621.0,1269139.0,1810026.0,68780988.0,En cosecha,358.4
2024-03-08,2024,Río Ancho,RA-02,Lisbon,38,Juan Nieva,1265883.0,1282760.0,26754.0,1256006.0,1810026.0,68780988.0,En cosecha,704.1
2024-03-15,2024,Río Ancho,RA-02,Lisbon,38,Juan Nieva,1265883.0,1282760.0,39289.0,1243471.0,1810026.0,68780988.0,En cosecha,1033.9
2024-03-22,2024,Río Ancho,RA-02,Lisbon,38,Juan Nieva,1265883.0,1282760.0,52038.0,1230722.0,1810026.0,68780988.0,En cosecha,1369.4
2024-03-29,2024,Río Ancho,RA-02,Lisbon,38,Juan Nieva,1265883.0,1282760.0,65396.0,1217364.0,1810026.0,68780988.0,En cosecha,1720.9
2024-04-05,2024,Río Ancho,RA-02,Lisbon,38,Juan Nieva,1265883.0,1282760.0,96144.0,1186616.0,1810026.0,68780988.0,En cosecha,2530.1
2024-04-12,2024,Río Ancho,RA-02,Lisbon,38,Juan Nieva,1265883.0,1282760.0,134520.0,1148240.0,1810026.0,68780988.0,En cosecha,3540.0
2024-04-19,2024,Río Ancho,RA-02,Lisbon,38,Juan Nieva,1265883.0,1282760.0,172681.0,1110079.0,1810026.0,68780988.0,En cosecha,4544.2
2024-04-26,2024,Río Ancho,RA-02,Lisbon,38,Juan Nieva,1265883.0,1282760.0,207620.0,1075140.0,1810026.0,68780988.0,En cosecha,5463.7
2024-05-03,2024,Río Ancho,RA-02,Lisbon,38,Juan Nieva,1265883.0,1282760.0,250989.0,1031771.0,1810026.0,68780988.0,En cosecha,6605.0
2024-05-10,2024,Río Ancho,RA-02,Lisbon,38,Juan Nieva,1265883.0,1282760.0,301158.0,981602.0,1810026.0,68780988.0,En cosecha,7925.2
2024-05-17,2024,Río Ancho,RA-02,Lisbon,38,Juan Nieva,1265883.0,1282760.0,342727.0,940033.0,1810026.0,68780988.0,En cosecha,9019.1
2024-05-24,2024,Río Ancho,RA-02,Lisbon,38,Juan Nieva,1265883.0,1282760.0,383707.0,899053.0,1810026.0,68780988.0,En cosecha,10097.6
2024-05-31,2024,Río Ancho,RA-02,Lisbon,38,Juan Nieva,1265883.0,1282760.0,427900.0,854860.0,1810026.0,68780988.0,En cosecha,11260.5
2024-06-07,2024,Río Ancho,RA-02,Lisbon,38,Juan Nieva,1265883.0,1282760.0,481054.0,801706.0,1810026.0,68780988.0,En cosecha,12659.3
2024-06-14,2024,Río Ancho,RA-02,Lisbon,38,Juan Nieva,1265883.0,1282760.0,540685.0,742075.0,1810026.0,68780988.0,En cosecha,14228.6
2024-06-21,2024,Río Ancho,RA-02,Lisbon,38,Juan Nieva,1265883.0,1282760.0,598063.0,684697.0,1810026.0,68780988.0,En cosecha,15738.5
2024-06-28,2024,Río Ancho,RA-02,Lisbon,38,Juan Nieva,1265883.0,1282760.0,655689.0,627071.0,1810026.0,68780988.0,En cosecha,17255.0
2024-07-05,2024,Río Ancho,RA-02,Lisbon,38,Juan Nieva,1265883.0,1282760.0,707764.0,574996.0,1810026.0,68780988.0,En cosecha,18625.4
2024-07-12,2024,Río Ancho,RA-02,Lisbon,38,Juan Nieva,1265883.0,1282760.0,758580.0,524180.0,1810026.0,68780988.0,En cosecha,19962.6
2024-07-19,2024,Río Ancho,RA-02,Lisbon,38,Juan Nieva,1265883.0,1282760.0,809793.0,472967.0,1810026.0,68780988.0,En cosecha,21310.3
2024-07-26,2024,Río Ancho,RA-02,Lisbon,38,Juan Nieva,1265883.0,1282760.0,870760.0,412000.0,1810026.0,68780988.0,En cosecha,22914.7
2024-08-02,2024,Río Ancho,RA-02,Lisbon,38,Juan Nieva,1265883.0,1282760.0,907715.0,375045.0,1810026.0,68780988.0,En cosecha,23887.2
2024-08-09,2024,Río Ancho,RA-02,Lisbon,38,Juan Nieva,1265883.0,1282760.0,955183.0,327577.0,1810026.0,68780988.0,Finalizando,25136.4
2024-08-16,2024,Río Ancho,RA-02,Lisbon,38,Juan Nieva,1265883.0,1282760.0,998985.0,283775.0,1810026.0,68780988.0,Finalizando,26289.1
2024-08-23,2024,Río Ancho,RA-02,Lisbon,38,Juan Nieva,1265883.0,1282760.0,1041007.0,241753.0,1810026.0,68780988.0,Finalizando,27394.9
2024-08-30,2024,Río Ancho,RA-02,Lisbon,38,Juan Nieva,1265883.0,1282760.0,1086672.0,196088.0,1810026.0,68780988.0,Finalizando,28596.6
2024-09-06,2024,Río Ancho,RA-02,Lisbon,38,Juan Nieva,1265883.0,1282760.0,1115226.0,167534.0,1810026.0,68780988.0,Finalizando,29348.1
2024-09-13,2024,Río Ancho,RA-02,Lisbon,38,Juan Nieva,1265883.0,1282760.0,1147073.0,135687.0,1810026.0,68780988.0,Finalizando,30186.1
2024-09-20,2024,Río Ancho,RA-02,Lisbon,38,Juan Nieva,1265883.0,1282760.0,1179152.0,103608.0,1810026.0,68780988.0,Finalizando,31030.3
2024-09-27,2024,Río Ancho,RA-02,Lisbon,38,Juan Nieva,1265883.0,1282760.0,1207153.0,75607.0,1810026.0,68780988.0,Finalizando,31767.2
2024-10-04,2024,Río Ancho,RA-02,Lisbon,38,Juan Nieva,1265883.0,1282760.0,1219477.0,63283.0,1810026.0,68780988.0,Finalizando,32091.5
2024-10-11,2024,Río Ancho,RA-02,Lisbon,38,Juan Nieva,1265883.0,1282760.0,1233038.0,49722.0,1810026.0,68780988.0,Finalizando,32448.4
2024-10-18,2024,Río Ancho,RA-02,Lisbon,38,Juan Nieva,1265883.0,1282760.0,1247853.0,34907.0,1810026.0,68780988.0,Finalizando,32838.2
2024-10-25,2024,Río Ancho,RA-02,Lisbon,38,Juan Nieva,1265883.0,1282760.0,1259918.0,22842.0,1810026.0,68780988.0,Finalizando,33155.7
2024-11-01,2024,Río Ancho,RA-02,Lisbon,38,Juan Nieva,1265883.0,1282760.0,1264561.0,18199.0,1810026.0,68780988.0,Completado,33277.9
2024-11-08,2024,Río Ancho,RA-02,Lisbon,38,Juan Nieva,1265883.0,1282760.0,1269215.0,13545.0,1810026.0,68780988.0,Completado,33400.4
2024-11-15,2024,Río Ancho,RA-02,Lisbon,38,Juan Nieva,1265883.0,1282760.0,1274005.0,8755.0,1810026.0,68780988.0,Completado,33526.4
2024-11-22,2024,Río Ancho,RA-02,Lisbon,38,Juan Nieva,1265883.0,1282760.0,1277994.0,4766.0,1810026.0,68780988.0,Completado,33631.4
2024-11-29,2024,Río Ancho,RA-02,Lisbon,38,Juan Nieva,1265883.0,1282760.0,1282760.0,0.0,1810026.0,68780988.0,Completado,33756.8
2024-03-01,2024,Río Ancho,RA-03,Génova,32,Juan Nieva,1004148.0,927189.0,8152.0,919037.0,1823407.0,58349024.0,En cosecha,254.8
2024-03-08,2024,Río Ancho,RA-03,Génova,32,Juan Nieva,1004148.0,927189.0,15709.0,911480.0,1823407.0,58349024.0,En cosecha,490.9
2024-03-15,2024,Río Ancho,RA-03,Génova,32,Juan Nieva,1004148.0,927189.0,24780.0,902409.0,1823407.0,58349024.0,En cosecha,774.4
2024-03-22,2024,Río Ancho,RA-03,Génova,32,Juan Nieva,1004148.0,927189.0,32818.0,894371.0,1823407.0,58349024.0,En cosecha,1025.6
2024-03-29,2024,Río Ancho,RA-03,Génova,32,Juan Nieva,1004148.0,927189.0,41025.0,886164.0,1823407.0,58349024.0,En cosecha,1282.0
2024-04-05,2024,Río Ancho,RA-03,Génova,32,Juan Nieva,1004148.0,927189.0,62749.0,864440.0,1823407.0,58349024.0,En cosecha,1960.9
2024-04-12,2024,Río Ancho,RA-03,Génova,32,Juan Nieva,1004148.0,927189.0,86047.0,841142.0,1823407.0,58349024.0,En cosecha,2689.0
2024-04-19,2024,Río Ancho,RA-03,Génova,32,Juan Nieva,1004148.0,927189.0,106453.0,820736.0,1823407.0,58349024.0,En cosecha,3326.7
2024-04-26,2024,Río Ancho,RA-03,Génova,32,Juan Nieva,1004148.0,927189.0,128391.0,798798.0,1823407.0,58349024.0,En cosecha,4012.2
2024-05-03,2024,Río Ancho,RA-03,Génova,32,Juan Nieva,1004148.0,927189.0,166201.0,760988.0,1823407.0,58349024.0,En cosecha,5193.8
2024-05-10,2024,Río Ancho,RA-03,Génova,32,Juan Nieva,1004148.0,927189.0,197001.0,730188.0,1823407.0,58349024.0,En cosecha,6156.3
2024-05-17,2024,Río Ancho,RA-03,Génova,32,Juan Nieva,1004148.0,927189.0,231729.0,695460.0,1823407.0,58349024.0,En cosecha,7241.5
2024-05-24,2024,Río Ancho,RA-03,Génova,32,Juan Nieva,1004148.0,927189.0,263190.0,663999.0,1823407.0,58349024.0,En cosecha,8224.7
2024-05-31,2024,Río Ancho,RA-03,Génova,32,Juan Nieva,1004148.0,927189.0,299069.0,628120.0,1823407.0,58349024.0,En cosecha,9345.9
2024-06-07,2024,Río Ancho,RA-03,Génova,32,Juan Nieva,1004148.0,927189.0,333149.0,594040.0,1823407.0,58349024.0,En cosecha,10410.9
2024-06-14,2024,Río Ancho,RA-03,Génova,32,Juan Nieva,1004148.0,927189.0,376769.0,550420.0,1823407.0,58349024.0,En cosecha,11774.0
2024-06-21,2024,Río Ancho,RA-03,Génova,32,Juan Nieva,1004148.0,927189.0,414520.0,512669.0,1823407.0,58349024.0,En cosecha,12953.8
2024-06-28,2024,Río Ancho,RA-03,Génova,32,Juan Nieva,1004148.0,927189.0,449797.0,477392.0,1823407.0,58349024.0,En cosecha,14056.2
2024-07-05,2024,Río Ancho,RA-03,Génova,32,Juan Nieva,1004148.0,927189.0,484511.0,442678.0,1823407.0,58349024.0,En cosecha,15141.0
2024-07-12,2024,Río Ancho,RA-03,Génova,32,Juan Nieva,1004148.0,927189.0,520361.0,406828.0,1823407.0,58349024.0,En cosecha,16261.3
2024-07-19,2024,Río Ancho,RA-03,Génova,32,Juan Nieva,1004148.0,927189.0,560344.0,366845.0,1823407.0,58349024.0,En cosecha,17510.8
2024-07-26,2024,Río Ancho,RA-03,Génova,32,Juan Nieva,1004148.0,927189.0,598169.0,329020.0,1823407.0,58349024.0,En cosecha,18692.8
2024-08-02,2024,Río Ancho,RA-03,Génova,32,Juan Nieva,1004148.0,927189.0,635694.0,291495.0,1823407.0,58349024.0,En cosecha,19865.4
2024-08-09,2024,Río Ancho,RA-03,Génova,32,Juan Nieva,1004148.0,927189.0,669176.0,258013.0,1823407.0,58349024.0,Finalizando,20911.8
2024-08-16,2024,Río Ancho,RA-03,Génova,32,Juan Nieva,1004148.0,927189.0,700810.0,226379.0,1823407.0,58349024.0,Finalizando,21900.3
2024-08-23,2024,Río Ancho,RA-03,Génova,32,Juan Nieva,1004148.0,927189.0,736184.0,191005.0,1823407.0,58349024.0,Finalizando,23005.8
2024-08-30,2024,Río Ancho,RA-03,Génova,32,Juan Nieva,1004148.0,927189.0,772468.0,154721.0,1823407.0,58349024.0,Finalizando,24139.6
2024-09-06,2024,Río Ancho,RA-03,Génova,32,Juan Nieva,1004148.0,927189.0,793269.0,133920.0,1823407.0,58349024.0,Finalizando,24789.7
2024-09-13,2024,Río Ancho,RA-03,Génova,32,Juan Nieva,1004148.0,927189.0,814074.0,113115.0,1823407.0,58349024.0,Finalizando,25439.8
2024-09-20,2024,Río Ancho,RA-03,Génova,32,Juan Nieva,1004148.0,927189.0,833982.0,93207.0,1823407.0,58349024.0,Finalizando,26061.9
2024-09-27,2024,Río Ancho,RA-03,Génova,32,Juan Nieva,1004148.0,927189.0,858687.0,68502.0,1823407.0,58349024.0,Finalizando,26834.0
2024-10-04,2024,Río Ancho,RA-03,Génova,32,Juan Nieva,1004148.0,927189.0,869710.0,57479.0,1823407.0,58349024.0,Finalizando,27178.4
2024-10-11,2024,Río Ancho,RA-03,Génova,32,Juan Nieva,1004148.0,927189.0,880142.0,47047.0,1823407.0,58349024.0,Finalizando,27504.4
2024-10-18,2024,Río Ancho,RA-03,Génova,32,Juan Nieva,1004148.0,927189.0,891728.0,35461.0,1823407.0,58349024.0,Finalizando,27866.5
2024-10-25,2024,Río Ancho,RA-03,Génova,32,Juan Nieva,1004148.0,927189.0,903194.0,23995.0,1823407.0,58349024.0,Finalizando,28224.8
2024-11-01,2024,Río Ancho,RA-03,Génova,32,Juan Nieva,1004148.0,927189.0,906930.0,20259.0,1823407.0,58349024.0,Finalizando,28341.6
2024-11-08,2024,Río Ancho,RA-03,Génova,32,Juan Nieva,1004148.0,927189.0,910972.0,16217.0,1823407.0,58349024.0,Finalizando,28467.9
2024-11-15,2024,Río Ancho,RA-03,Génova,32,Juan Nieva,1004148.0,927189.0,914298.0,12891.0,1823407.0,58349024.0,Completado,28571.8
2024-11-22,2024,Río Ancho,RA-03,Génova,32,Juan Nieva,1004148.0,927189.0,917521.0,9668.0,1823407.0,58349024.0,Completado,28672.5
2024-11-29,2024,Río Ancho,RA-03,Génova,32,Juan Nieva,1004148.0,927189.0,920916.0,6273.0,1823407.0,58349024.0,Completado,28778.6
2024-03-01,2024,Los Álamos,LA-01,Eureka,28,Sebastián Gómez,1057905.0,1025165.0,12683.0,1012482.0,2333722.0,65344216.0,En cosecha,453.0
2024-03-08,2024,Los Álamos,LA-01,Eureka,28,Sebastián Gómez,1057905.0,1025165.0,23304.0,1001861.0,2333722.0,65344216.0,En cosecha,832.3
2024-03-15,2024,Los Álamos,LA-01,Eureka,28,Sebastián Gómez,1057905.0,1025165.0,34563.0,990602.0,2333722.0,65344216.0,En cosecha,1234.4
2024-03-22,2024,Los Álamos,LA-01,Eureka,28,Sebastián Gómez,1057905.0,1025165.0,44269.0,980896.0,2333722.0,65344216.0,En cosecha,1581.0
2024-03-29,2024,Los Álamos,LA-01,Eureka,28,Sebastián Gómez,1057905.0,1025165.0,54330.0,970835.0,2333722.0,65344216.0,En cosecha,1940.4
2024-04-05,2024,Los Álamos,LA-01,Eureka,28,Sebastián Gómez,1057905.0,1025165.0,88440.0,936725.0,2333722.0,65344216.0,En cosecha,3158.6
2024-04-12,2024,Los Álamos,LA-01,Eureka,28,Sebastián Gómez,1057905.0,1025165.0,122360.0,902805.0,2333722.0,65344216.0,En cosecha,4370.0
2024-04-19,2024,Los Álamos,LA-01,Eureka,28,Sebastián Gómez,1057905.0,1025165.0,147780.0,877385.0,2333722.0,65344216.0,En cosecha,5277.9
2024-04-26,2024,Los Álamos,LA-01,Eureka,28,Sebastián Gómez,1057905.0,1025165.0,181581.0,843584.0,2333722.0,65344216.0,En cosecha,6485.0
2024-05-03,2024,Los Álamos,LA-01,Eureka,28,Sebastián Gómez,1057905.0,1025165.0,223879.0,801286.0,2333722.0,65344216.0,En cosecha,7995.7
2024-05-10,2024,Los Álamos,LA-01,Eureka,28,Sebastián Gómez,1057905.0,1025165.0,268938.0,756227.0,2333722.0,65344216.0,En cosecha,9604.9
2024-05-17,2024,Los Álamos,LA-01,Eureka,28,Sebastián Gómez,1057905.0,1025165.0,309011.0,716154.0,2333722.0,65344216.0,En cosecha,11036.1
2024-05-24,2024,Los Álamos,LA-01,Eureka,28,Sebastián Gómez,1057905.0,1025165.0,349818.0,675347.0,2333722.0,65344216.0,En cosecha,12493.5
2024-05-31,2024,Los Álamos,LA-01,Eureka,28,Sebastián Gómez,1057905.0,1025165.0,390303.0,634862.0,2333722.0,65344216.0,En cosecha,13939.4
2024-06-07,2024,Los Álamos,LA-01,Eureka,28,Sebastián Gómez,1057905.0,1025165.0,434988.0,590177.0,2333722.0,65344216.0,En cosecha,15535.3
2024-06-14,2024,Los Álamos,LA-01,Eureka,28,Sebastián Gómez,1057905.0,1025165.0,473006.0,552159.0,2333722.0,65344216.0,En cosecha,16893.1
2024-06-21,2024,Los Álamos,LA-01,Eureka,28,Sebastián Gómez,1057905.0,1025165.0,509636.0,515529.0,2333722.0,65344216.0,En cosecha,18201.3
2024-06-28,2024,Los Álamos,LA-01,Eureka,28,Sebastián Gómez,1057905.0,1025165.0,549782.0,475383.0,2333722.0,65344216.0,En cosecha,19635.1
2024-07-05,2024,Los Álamos,LA-01,Eureka,28,Sebastián Gómez,1057905.0,1025165.0,591600.0,433565.0,2333722.0,65344216.0,En cosecha,21128.6
2024-07-12,2024,Los Álamos,LA-01,Eureka,28,Sebastián Gómez,1057905.0,1025165.0,627530.0,397635.0,2333722.0,65344216.0,En cosecha,22411.8
2024-07-19,2024,Los Álamos,LA-01,Eureka,28,Sebastián Gómez,1057905.0,1025165.0,668981.0,356184.0,2333722.0,65344216.0,En cosecha,23892.2
2024-07-26,2024,Los Álamos,LA-01,Eureka,28,Sebastián Gómez,1057905.0,1025165.0,713905.0,311260.0,2333722.0,65344216.0,En cosecha,25496.6
2024-08-02,2024,Los Álamos,LA-01,Eureka,28,Sebastián Gómez,1057905.0,1025165.0,741929.0,283236.0,2333722.0,65344216.0,Finalizando,26497.5
2024-08-09,2024,Los Álamos,LA-01,Eureka,28,Sebastián Gómez,1057905.0,1025165.0,775430.0,249735.0,2333722.0,65344216.0,Finalizando,27693.9
2024-08-16,2024,Los Álamos,LA-01,Eureka,28,Sebastián Gómez,1057905.0,1025165.0,806766.0,218399.0,2333722.0,65344216.0,Finalizando,28813.1
2024-08-23,2024,Los Álamos,LA-01,Eureka,28,Sebastián Gómez,1057905.0,1025165.0,842118.0,183047.0,2333722.0,65344216.0,Finalizando,30075.6
2024-08-30,2024,Los Álamos,LA-01,Eureka,28,Sebastián Gómez,1057905.0,1025165.0,870930.0,154235.0,2333722.0,65344216.0,Finalizando,31104.6
2024-09-06,2024,Los Álamos,LA-01,Eureka,28,Sebastián Gómez,1057905.0,1025165.0,893869.0,131296.0,2333722.0,65344216.0,Finalizando,31923.9
2024-09-13,2024,Los Álamos,LA-01,Eureka,28,Sebastián Gómez,1057905.0,1025165.0,917745.0,107420.0,2333722.0,65344216.0,Finalizando,32776.6
2024-09-20,2024,Los Álamos,LA-01,Eureka,28,Sebastián Gómez,1057905.0,1025165.0,942308.0,82857.0,2333722.0,65344216.0,Finalizando,33653.9
2024-09-27,2024,Los Álamos,LA-01,Eureka,28,Sebastián Gómez,1057905.0,1025165.0,965186.0,59979.0,2333722.0,65344216.0,Finalizando,34470.9
2024-10-04,2024,Los Álamos,LA-01,Eureka,28,Sebastián Gómez,1057905.0,1025165.0,975096.0,50069.0,2333722.0,65344216.0,Finalizando,34824.9
2024-10-11,2024,Los Álamos,LA-01,Eureka,28,Sebastián Gómez,1057905.0,1025165.0,985362.0,39803.0,2333722.0,65344216.0,Finalizando,35191.5
2024-10-18,2024,Los Álamos,LA-01,Eureka,28,Sebastián Gómez,1057905.0,1025165.0,996367.0,28798.0,2333722.0,65344216.0,Finalizando,35584.5
2024-10-25,2024,Los Álamos,LA-01,Eureka,28,Sebastián Gómez,1057905.0,1025165.0,1006493.0,18672.0,2333722.0,65344216.0,Finalizando,35946.2
2024-11-01,2024,Los Álamos,LA-01,Eureka,28,Sebastián Gómez,1057905.0,1025165.0,1009648.0,15517.0,2333722.0,65344216.0,Finalizando,36058.9
2024-11-08,2024,Los Álamos,LA-01,Eureka,28,Sebastián Gómez,1057905.0,1025165.0,1013784.0,11381.0,2333722.0,65344216.0,Completado,36206.6
2024-11-15,2024,Los Álamos,LA-01,Eureka,28,Sebastián Gómez,1057905.0,1025165.0,1017656.0,7509.0,2333722.0,65344216.0,Completado,36344.9
2024-11-22,2024,Los Álamos,LA-01,Eureka,28,Sebastián Gómez,1057905.0,1025165.0,1021514.0,3651.0,2333722.0,65344216.0,Completado,36482.6
2024-11-29,2024,Los Álamos,LA-01,Eureka,28,Sebastián Gómez,1057905.0,1025165.0,1024871.0,294.0,2333722.0,65344216.0,Completado,36602.5
2024-03-01,2024,Los Álamos,LA-02,Lisbon,25,Sebastián Gómez,893952.0,850330.0,9307.0,841023.0,2125400.0,53135000.0,En cosecha,372.3
2024-03-08,2024,Los Álamos,LA-02,Lisbon,25,Sebastián Gómez,893952.0,850330.0,16324.0,834006.0,2125400.0,53135000.0,En cosecha,653.0
2024-03-15,2024,Los Álamos,LA-02,Lisbon,25,Sebastián Gómez,893952.0,850330.0,25578.0,824752.0,2125400.0,53135000.0,En cosecha,1023.1
2024-03-22,2024,Los Álamos,LA-02,Lisbon,25,Sebastián Gómez,893952.0,850330.0,33459.0,816871.0,2125400.0,53135000.0,En cosecha,1338.4
2024-03-29,2024,Los Álamos,LA-02,Lisbon,25,Sebastián Gómez,893952.0,850330.0,42456.0,807874.0,2125400.0,53135000.0,En cosecha,1698.2
2024-04-05,2024,Los Álamos,LA-02,Lisbon,25,Sebastián Gómez,893952.0,850330.0,65882.0,784448.0,2125400.0,53135000.0,En cosecha,2635.3
2024-04-12,2024,Los Álamos,LA-02,Lisbon,25,Sebastián Gómez,893952.0,850330.0,87925.0,762405.0,2125400.0,53135000.0,En cosecha,3517.0
2024-04-19,2024,Los Álamos,LA-02,Lisbon,25,Sebastián Gómez,893952.0,850330.0,111069.0,739261.0,2125400.0,53135000.0,En cosecha,4442.8
2024-04-26,2024,Los Álamos,LA-02,Lisbon,25,Sebastián Gómez,893952.0,850330.0,135112.0,715218.0,2125400.0,53135000.0,En cosecha,5404.5
2024-05-03,2024,Los Álamos,LA-02,Lisbon,25,Sebastián Gómez,893952.0,850330.0,165009.0,685321.0,2125400.0,53135000.0,En cosecha,6600.4
2024-05-10,2024,Los Álamos,LA-02,Lisbon,25,Sebastián Gómez,893952.0,850330.0,194200.0,656130.0,2125400.0,53135000.0,En cosecha,7768.0
2024-05-17,2024,Los Álamos,LA-02,Lisbon,25,Sebastián Gómez,893952.0,850330.0,226505.0,623825.0,2125400.0,53135000.0,En cosecha,9060.2
2024-05-24,2024,Los Álamos,LA-02,Lisbon,25,Sebastián Gómez,893952.0,850330.0,260092.0,590238.0,2125400.0,53135000.0,En cosecha,10403.7
2024-05-31,2024,Los Álamos,LA-02,Lisbon,25,Sebastián Gómez,893952.0,850330.0,293262.0,557068.0,2125400.0,53135000.0,En cosecha,11730.5
2024-06-07,2024,Los Álamos,LA-02,Lisbon,25,Sebastián Gómez,893952.0,850330.0,331070.0,519260.0,2125400.0,53135000.0,En cosecha,13242.8
2024-06-14,2024,Los Álamos,LA-02,Lisbon,25,Sebastián Gómez,893952.0,850330.0,365140.0,485190.0,2125400.0,53135000.0,En cosecha,14605.6
2024-06-21,2024,Los Álamos,LA-02,Lisbon,25,Sebastián Gómez,893952.0,850330.0,403155.0,447175.0,2125400.0,53135000.0,En cosecha,16126.2
2024-06-28,2024,Los Álamos,LA-02,Lisbon,25,Sebastián Gómez,893952.0,850330.0,433972.0,416358.0,2125400.0,53135000.0,En cosecha,17358.9
2024-07-05,2024,Los Álamos,LA-02,Lisbon,25,Sebastián Gómez,893952.0,850330.0,468840.0,381490.0,2125400.0,53135000.0,En cosecha,18753.6
2024-07-12,2024,Los Álamos,LA-02,Lisbon,25,Sebastián Gómez,893952.0,850330.0,498201.0,352129.0,2125400.0,53135000.0,En cosecha,19928.0
2024-07-19,2024,Los Álamos,LA-02,Lisbon,25,Sebastián Gómez,893952.0,850330.0,530822.0,319508.0,2125400.0,53135000.0,En cosecha,21232.9
2024-07-26,2024,Los Álamos,LA-02,Lisbon,25,Sebastián Gómez,893952.0,850330.0,563871.0,286459.0,2125400.0,53135000.0,En cosecha,22554.8
2024-08-02,2024,Los Álamos,LA-02,Lisbon,25,Sebastián Gómez,893952.0,850330.0,590677.0,259653.0,2125400.0,53135000.0,En cosecha,23627.1
2024-08-09,2024,Los Álamos,LA-02,Lisbon,25,Sebastián Gómez,893952.0,850330.0,619942.0,230388.0,2125400.0,53135000.0,Finalizando,24797.7
2024-08-16,2024,Los Álamos,LA-02,Lisbon,25,Sebastián Gómez,893952.0,850330.0,646686.0,203644.0,2125400.0,53135000.0,Finalizando,25867.4
2024-08-23,2024,Los Álamos,LA-02,Lisbon,25,Sebastián Gómez,893952.0,850330.0,673924.0,176406.0,2125400.0,53135000.0,Finalizando,26957.0
2024-08-30,2024,Los Álamos,LA-02,Lisbon,25,Sebastián Gómez,893952.0,850330.0,699428.0,150902.0,2125400.0,53135000.0,Finalizando,27977.1
2024-09-06,2024,Los Álamos,LA-02,Lisbon,25,Sebastián Gómez,893952.0,850330.0,717256.0,133074.0,2125400.0,53135000.0,Finalizando,28690.2
2024-09-13,2024,Los Álamos,LA-02,Lisbon,25,Sebastián Gómez,893952.0,850330.0,734280.0,116050.0,2125400.0,53135000.0,Finalizando,29371.2
2024-09-20,2024,Los Álamos,LA-02,Lisbon,25,Sebastián Gómez,893952.0,850330.0,750457.0,99873.0,2125400.0,53135000.0,Finalizando,30018.3
2024-09-27,2024,Los Álamos,LA-02,Lisbon,25,Sebastián Gómez,893952.0,850330.0,769552.0,80778.0,2125400.0,53135000.0,Finalizando,30782.1
2024-10-04,2024,Los Álamos,LA-02,Lisbon,25,Sebastián Gómez,893952.0,850330.0,778508.0,71822.0,2125400.0,53135000.0,Finalizando,31140.3
2024-10-11,2024,Los Álamos,LA-02,Lisbon,25,Sebastián Gómez,893952.0,850330.0,787340.0,62990.0,2125400.0,53135000.0,Finalizando,31493.6
2024-10-18,2024,Los Álamos,LA-02,Lisbon,25,Sebastián Gómez,893952.0,850330.0,795777.0,54553.0,2125400.0,53135000.0,Finalizando,31831.1
2024-10-25,2024,Los Álamos,LA-02,Lisbon,25,Sebastián Gómez,893952.0,850330.0,804001.0,46329.0,2125400.0,53135000.0,Finalizando,32160.0
2024-11-01,2024,Los Álamos,LA-02,Lisbon,25,Sebastián Gómez,893952.0,850330.0,807208.0,43122.0,2125400.0,53135000.0,Finalizando,32288.3
2024-11-08,2024,Los Álamos,LA-02,Lisbon,25,Sebastián Gómez,893952.0,850330.0,810119.0,40211.0,2125400.0,53135000.0,Finalizando,32404.8
2024-11-15,2024,Los Álamos,LA-02,Lisbon,25,Sebastián Gómez,893952.0,850330.0,812996.0,37334.0,2125400.0,53135000.0,Finalizando,32519.8
2024-11-22,2024,Los Álamos,LA-02,Lisbon,25,Sebastián Gómez,893952.0,850330.0,815483.0,34847.0,2125400.0,53135000.0,Finalizando,32619.3
2024-11-29,2024,Los Álamos,LA-02,Lisbon,25,Sebastián Gómez,893952.0,850330.0,818241.0,32089.0,2125400.0,53135000.0,Finalizando,32729.6
2024-03-01,2024,Los Álamos,LA-03,Génova,22,Sebastián Gómez,642008.0,611094.0,5602.0,605492.0,2073526.0,45617572.0,En cosecha,254.6
2024-03-08,2024,Los Álamos,LA-03,Génova,22,Sebastián Gómez,642008.0,611094.0,11278.0,599816.0,2073526.0,45617572.0,En cosecha,512.6
2024-03-15,2024,Los Álamos,LA-03,Génova,22,Sebastián Gómez,642008.0,611094.0,16807.0,594287.0,2073526.0,45617572.0,En cosecha,764.0
2024-03-22,2024,Los Álamos,LA-03,Génova,22,Sebastián Gómez,642008.0,611094.0,22703.0,588391.0,2073526.0,45617572.0,En cosecha,1032.0
2024-03-29,2024,Los Álamos,LA-03,Génova,22,Sebastián Gómez,642008.0,611094.0,27153.0,583941.0,2073526.0,45617572.0,En cosecha,1234.2
2024-04-05,2024,Los Álamos,LA-03,Génova,22,Sebastián Gómez,642008.0,611094.0,40261.0,570833.0,2073526.0,45617572.0,En cosecha,1830.0
2024-04-12,2024,Los Álamos,LA-03,Génova,22,Sebastián Gómez,642008.0,611094.0,52563.0,558531.0,2073526.0,45617572.0,En cosecha,2389.2
2024-04-19,2024,Los Álamos,LA-03,Génova,22,Sebastián Gómez,642008.0,611094.0,67604.0,543490.0,2073526.0,45617572.0,En cosecha,3072.9
2024-04-26,2024,Los Álamos,LA-03,Génova,22,Sebastián Gómez,642008.0,611094.0,83718.0,527376.0,2073526.0,45617572.0,En cosecha,3805.4
2024-05-03,2024,Los Álamos,LA-03,Génova,22,Sebastián Gómez,642008.0,611094.0,103202.0,507892.0,2073526.0,45617572.0,En cosecha,4691.0
2024-05-10,2024,Los Álamos,LA-03,Génova,22,Sebastián Gómez,642008.0,611094.0,126968.0,484126.0,2073526.0,45617572.0,En cosecha,5771.3
2024-05-17,2024,Los Álamos,LA-03,Génova,22,Sebastián Gómez,642008.0,611094.0,145304.0,465790.0,2073526.0,45617572.0,En cosecha,6604.7
2024-05-24,2024,Los Álamos,LA-03,Génova,22,Sebastián Gómez,642008.0,611094.0,169116.0,441978.0,2073526.0,45617572.0,En cosecha,7687.1
2024-05-31,2024,Los Álamos,LA-03,Génova,22,Sebastián Gómez,642008.0,611094.0,189278.0,421816.0,2073526.0,45617572.0,En cosecha,8603.5
2024-06-07,2024,Los Álamos,LA-03,Génova,22,Sebastián Gómez,642008.0,611094.0,210726.0,400368.0,2073526.0,45617572.0,En cosecha,9578.5
2024-06-14,2024,Los Álamos,LA-03,Génova,22,Sebastián Gómez,642008.0,611094.0,234952.0,376142.0,2073526.0,45617572.0,En cosecha,10679.6
2024-06-21,2024,Los Álamos,LA-03,Génova,22,Sebastián Gómez,642008.0,611094.0,257523.0,353571.0,2073526.0,45617572.0,En cosecha,11705.6
2024-06-28,2024,Los Álamos,LA-03,Génova,22,Sebastián Gómez,642008.0,611094.0,280297.0,330797.0,2073526.0,45617572.0,En cosecha,12740.8
2024-07-05,2024,Los Álamos,LA-03,Génova,22,Sebastián Gómez,642008.0,611094.0,304115.0,306979.0,2073526.0,45617572.0,En cosecha,13823.4
2024-07-12,2024,Los Álamos,LA-03,Génova,22,Sebastián Gómez,642008.0,611094.0,331653.0,279441.0,2073526.0,45617572.0,En cosecha,15075.1
2024-07-19,2024,Los Álamos,LA-03,Génova,22,Sebastián Gómez,642008.0,611094.0,357211.0,253883.0,2073526.0,45617572.0,En cosecha,16236.9
2024-07-26,2024,Los Álamos,LA-03,Génova,22,Sebastián Gómez,642008.0,611094.0,381059.0,230035.0,2073526.0,45617572.0,En cosecha,17320.9
2024-08-02,2024,Los Álamos,LA-03,Génova,22,Sebastián Gómez,642008.0,611094.0,403498.0,207596.0,2073526.0,45617572.0,En cosecha,18340.8
2024-08-09,2024,Los Álamos,LA-03,Génova,22,Sebastián Gómez,642008.0,611094.0,426620.0,184474.0,2073526.0,45617572.0,En cosecha,19391.8
2024-08-16,2024,Los Álamos,LA-03,Génova,22,Sebastián Gómez,642008.0,611094.0,446880.0,164214.0,2073526.0,45617572.0,Finalizando,20312.7
2024-08-23,2024,Los Álamos,LA-03,Génova,22,Sebastián Gómez,642008.0,611094.0,468049.0,143045.0,2073526.0,45617572.0,Finalizando,21275.0
2024-08-30,2024,Los Álamos,LA-03,Génova,22,Sebastián Gómez,642008.0,611094.0,487336.0,123758.0,2073526.0,45617572.0,Finalizando,22151.6
2024-09-06,2024,Los Álamos,LA-03,Génova,22,Sebastián Gómez,642008.0,611094.0,500618.0,110476.0,2073526.0,45617572.0,Finalizando,22755.4
2024-09-13,2024,Los Álamos,LA-03,Génova,22,Sebastián Gómez,642008.0,611094.0,516079.0,95015.0,2073526.0,45617572.0,Finalizando,23458.1
2024-09-20,2024,Los Álamos,LA-03,Génova,22,Sebastián Gómez,642008.0,611094.0,529363.0,81731.0,2073526.0,45617572.0,Finalizando,24062.0
2024-09-27,2024,Los Álamos,LA-03,Génova,22,Sebastián Gómez,642008.0,611094.0,544145.0,66949.0,2073526.0,45617572.0,Finalizando,24733.9
2024-10-04,2024,Los Álamos,LA-03,Génova,22,Sebastián Gómez,642008.0,611094.0,551240.0,59854.0,2073526.0,45617572.0,Finalizando,25056.4
2024-10-11,2024,Los Álamos,LA-03,Génova,22,Sebastián Gómez,642008.0,611094.0,557141.0,53953.0,2073526.0,45617572.0,Finalizando,25324.6
2024-10-18,2024,Los Álamos,LA-03,Génova,22,Sebastián Gómez,642008.0,611094.0,563956.0,47138.0,2073526.0,45617572.0,Finalizando,25634.4
2024-10-25,2024,Los Álamos,LA-03,Génova,22,Sebastián Gómez,642008.0,611094.0,570154.0,40940.0,2073526.0,45617572.0,Finalizando,25916.1
2024-11-01,2024,Los Álamos,LA-03,Génova,22,Sebastián Gómez,642008.0,611094.0,572788.0,38306.0,2073526.0,45617572.0,Finalizando,26035.8
2024-11-08,2024,Los Álamos,LA-03,Génova,22,Sebastián Gómez,642008.0,611094.0,575092.0,36002.0,2073526.0,45617572.0,Finalizando,26140.5
2024-11-15,2024,Los Álamos,LA-03,Génova,22,Sebastián Gómez,642008.0,611094.0,577619.0,33475.0,2073526.0,45617572.0,Finalizando,26255.4
2024-11-22,2024,Los Álamos,LA-03,Génova,22,Sebastián Gómez,642008.0,611094.0,579969.0,31125.0,2073526.0,45617572.0,Finalizando,26362.2
2024-11-29,2024,Los Álamos,LA-03,Génova,22,Sebastián Gómez,642008.0,611094.0,581971.0,29123.0,2073526.0,45617572.0,Finalizando,26453.2
