fecha,campaña,pedido_id,finca,lote,variedad,cliente,destino,pais_provincia,canal,producto,calibre,calidad,kg_vendidos,cajas,precio_unitario_usd,importe_usd,tipo_cambio,importe_ars,margen_estimado,moneda,estado_cobro,estado_pedido
2023-03-01,2023,PED-2023-00018,Los Álamos,LA-01,Eureka,Al Salam Trading,Exportación,Emiratos Árabes,Programa Retail UE,Limón Eureka,4,Segunda,4833.0,268.0,0.3275,1583.04,244.53,387100.77,0.2794,USD,Cobrado,Cumplido
2023-03-01,2023,PED-2023-00029,Río Ancho,RA-03,Génova,Al Salam Trading,Exportación,Emiratos Árabes,Programa Retail UE,Limón Génova,7,Primera,2508.0,139.0,0.3133,785.64,233.43,183391.95,0.2241,USD,Cobrado,Cumplido
2023-03-01,2023,PED-2023-00033,San Cayetano,SC-02,Lisbon,Al Salam Trading,Exportación,Emiratos Árabes,Programa Retail UE,Limón Lisbon,5,Primera,4269.0,237.0,0.3196,1364.43,234.85,320436.39,0.2078,USD,Cobrado,Cumplido
2023-03-01,2023,PED-2023-00015,La Esperanza,LE-03,Lisbon,Citrus World Ltd,Exportación,Reino Unido,Programa Retail UE,Limón Lisbon,6,Primera,4644.0,258.0,0.3658,1698.76,235.62,400261.83,0.2282,USD,Cobrado,Cumplido
2023-03-01,2023,PED-2023-00017,La Esperanza,LE-04,Génova,Citrus World Ltd,Exportación,Reino Unido,Trader Golfo,Limón Génova,3,Primera,2649.0,147.0,0.3726,987.05,247.14,243939.54,0.2522,USD,Pendiente,Cumplido
2023-03-01,2023,PED-2023-00023,Río Ancho,RA-01,Eureka,Citrus World Ltd,Exportación,Reino Unido,Programa Retail UE,Limón Eureka,4,Segunda,8663.0,481.0,0.3441,2981.01,240.47,716843.47,0.2539,USD,Cobrado,Cumplido
2023-03-01,2023,PED-2023-00030,San Cayetano,SC-01,Eureka,Citrus World Ltd,Exportación,Reino Unido,Trader Golfo,Limón Eureka,6,Segunda,6418.0,357.0,0.33,2117.97,240.41,509181.17,0.2447,USD,Cobrado,Cumplido
2023-03-01,2023,PED-2023-00035,San Cayetano,SC-03,Génova,Citrus World Ltd,Exportación,Reino Unido,Trader Golfo,Limón Génova,6,Primera,2877.0,160.0,0.3755,1080.33,250.45,270568.65,0.2453,USD,Cobrado,Cumplido
2023-03-01,2023,PED-2023-00001,El Paraíso,EP-01,Eureka,Fischer Import GmbH,Exportación,Alemania,Exportación Directa,Limón Eureka,5,Extra,5911.0,328.0,0.4194,2478.88,241.87,599566.71,0.2325,USD,Cobrado,Cumplido
2023-03-01,2023,PED-2023-00004,El Paraíso,EP-02,Eureka,Fischer Import GmbH,Exportación,Alemania,Trader Golfo,Limón Eureka,7,Primera,6340.0,352.0,0.3567,2261.73,239.46,541593.87,0.25,USD,Cobrado,Cumplido
2023-03-01,2023,PED-2023-00012,La Esperanza,LE-02,Eureka,Fischer Import GmbH,Exportación,Alemania,Programa Retail UE,Limón Eureka,3,Primera,7403.0,411.0,0.4258,3152.04,229.39,723046.46,0.2116,USD,Cobrado,Cumplido
2023-03-01,2023,PED-2023-00021,Los Álamos,LA-02,Lisbon,Fischer Import GmbH,Exportación,Alemania,Exportación Directa,Limón Lisbon,4,Extra,3827.0,213.0,0.4102,1569.66,238.55,374442.39,0.2464,USD,Cobrado,Cumplido
2023-03-01,2023,PED-2023-00026,Río Ancho,RA-02,Lisbon,Fischer Import GmbH,Exportación,Alemania,Exportación Directa,Limón Lisbon,4,Primera,5843.0,325.0,0.4031,2355.5,241.28,568335.04,0.294,USD,Pendiente,Cumplido
2023-03-01,2023,PED-2023-00007,El Paraíso,EP-03,Lisbon,Medifresh SA,Exportación,España,Programa Retail UE,Limón Lisbon,6,Segunda,3400.0,189.0,0.2971,1010.31,244.11,246626.77,0.1849,USD,Cobrado,Parcial
2023-03-01,2023,PED-2023-00009,La Esperanza,LE-01,Eureka,Medifresh SA,Exportación,España,Trader Golfo,Limón Eureka,5,Primera,5846.0,325.0,0.3668,2144.24,235.2,504325.25,0.2598,USD,Cobrado,Cumplido
2023-03-01,2023,PED-2023-00022,Los Álamos,LA-03,Génova,Medifresh SA,Exportación,España,Programa Retail UE,Limón Génova,3,Segunda,2008.0,112.0,0.3532,709.23,230.42,163420.78,0.2003,USD,Cobrado,Cumplido
2023-03-01,2023,PED-2023-00003,El Paraíso,EP-01,Eureka,Citromax SA,Industria,Tucumán,Contrato Industria,Limón Industria,5,Extra,1619.0,90.0,0.0738,119.55,241.87,28915.56,0.0344,ARS,Cobrado,Cumplido
2023-03-01,2023,PED-2023-00006,El Paraíso,EP-02,Eureka,Citromax SA,Industria,Tucumán,Mercado Industrial,Limón Industria,7,Primera,2196.0,122.0,0.0697,153.09,239.46,36658.93,0.0567,ARS,Cobrado,Parcial
2023-03-01,2023,PED-2023-00014,La Esperanza,LE-02,Eureka,Citromax SA,Industria,Tucumán,Contrato Industria,Limón Industria,3,Primera,2829.0,157.0,0.0797,225.59,229.39,51748.09,0.0786,ARS,Cobrado,Cumplido
2023-03-01,2023,PED-2023-00016,La Esperanza,LE-03,Lisbon,Citromax SA,Industria,Tucumán,Contrato Industria,Limón Industria,6,Primera,1666.0,93.0,0.0697,116.1,235.62,27355.48,0.0399,ARS,Cobrado,Cumplido
2023-03-01,2023,PED-2023-00032,San Cayetano,SC-01,Eureka,Citromax SA,Industria,Tucumán,Contrato Industria,Limón Industria,6,Segunda,1923.0,107.0,0.0647,124.35,240.41,29894.98,0.0589,ARS,Cobrado,Cumplido
2023-03-01,2023,PED-2023-00034,San Cayetano,SC-02,Lisbon,Citromax SA,Industria,Tucumán,Contrato Industria,Limón Industria,5,Primera,1610.0,89.0,0.0716,115.26,234.85,27068.81,0.0749,ARS,Cobrado,Cumplido
2023-03-01,2023,PED-2023-00011,La Esperanza,LE-01,Eureka,Frutales Tucumán SRL,Industria,Tucumán,Contrato Industria,Limón Industria,5,Primera,1646.0,91.0,0.0646,106.25,235.2,24990.0,0.0739,ARS,Cobrado,Cumplido
2023-03-01,2023,PED-2023-00020,Los Álamos,LA-01,Eureka,Frutales Tucumán SRL,Industria,Tucumán,Contrato Industria,Limón Industria,4,Segunda,1800.0,100.0,0.0619,111.41,244.53,27243.09,0.0707,ARS,Cobrado,Cumplido
2023-03-01,2023,PED-2023-00025,Río Ancho,RA-01,Eureka,Frutales Tucumán SRL,Industria,Tucumán,Mercado Industrial,Limón Industria,4,Segunda,3299.0,183.0,0.0653,215.52,240.47,51826.09,0.0437,ARS,Cobrado,Cumplido
2023-03-01,2023,PED-2023-00028,Río Ancho,RA-02,Lisbon,Frutales Tucumán SRL,Industria,Tucumán,Mercado Industrial,Limón Industria,4,Primera,2278.0,127.0,0.0683,155.62,241.28,37547.99,0.0635,ARS,Cobrado,Cumplido
2023-03-01,2023,PED-2023-00002,El Paraíso,EP-01,Eureka,Central de Frutas SA,Mercado Interno,Buenos Aires,Mercado Central,Limón Eureka,5,Extra,1962.0,109.0,0.249,488.58,241.87,118172.84,0.1655,ARS,Cobrado,Cumplido
2023-03-01,2023,PED-2023-00005,El Paraíso,EP-02,Eureka,Central de Frutas SA,Mercado Interno,Buenos Aires,Distribuidor Regional,Limón Eureka,7,Primera,3093.0,172.0,0.2116,654.53,239.46,156733.75,0.1571,ARS,Cobrado,Cumplido
2023-03-01,2023,PED-2023-00008,El Paraíso,EP-03,Lisbon,Central de Frutas SA,Mercado Interno,Buenos Aires,Mercado Central,Limón Lisbon,6,Segunda,1699.0,94.0,0.1956,332.28,244.11,81112.87,0.1889,ARS,Cobrado,Cumplido
2023-03-01,2023,PED-2023-00013,La Esperanza,LE-02,Eureka,Central de Frutas SA,Mercado Interno,Buenos Aires,Mercado Central,Limón Eureka,3,Primera,2532.0,141.0,0.2279,576.99,229.39,132355.74,0.2055,ARS,Cobrado,Cumplido
2023-03-01,2023,PED-2023-00024,Río Ancho,RA-01,Eureka,Central de Frutas SA,Mercado Interno,Buenos Aires,Retail Nacional,Limón Eureka,4,Segunda,3728.0,207.0,0.2121,790.78,240.47,190158.87,0.1175,ARS,Cobrado,Cumplido
2023-03-01,2023,PED-2023-00031,San Cayetano,SC-01,Eureka,Frutales del Norte SRL,Mercado Interno,Salta,Mercado Central,Limón Eureka,6,Segunda,3019.0,168.0,0.1848,558.01,240.41,134151.18,0.1611,ARS,Cobrado,Cumplido
2023-03-01,2023,PED-2023-00010,La Esperanza,LE-01,Eureka,Supermercados Norte SA,Mercado Interno,Tucumán,Distribuidor Regional,Limón Eureka,5,Primera,2860.0,159.0,0.2034,581.67,235.2,136808.78,0.1576,ARS,Cobrado,Cumplido
2023-03-01,2023,PED-2023-00019,Los Álamos,LA-01,Eureka,Supermercados Norte SA,Mercado Interno,Tucumán,Distribuidor Regional,Limón Eureka,4,Segunda,2450.0,136.0,0.1951,478.02,244.53,116890.23,0.1175,ARS,Cobrado,Cumplido
2023-03-01,2023,PED-2023-00027,Río Ancho,RA-02,Lisbon,Supermercados Norte SA,Mercado Interno,Tucumán,Distribuidor Regional,Limón Lisbon,4,Primera,2075.0,115.0,0.2117,439.3,241.28,105994.3,0.1115,ARS,Pendiente,Cumplido
2023-03-08,2023,PED-2023-00038,El Paraíso,EP-02,Eureka,Al Salam Trading,Exportación,Emiratos Árabes,Trader Golfo,Limón Eureka,4,Segunda,5519.0,307.0,0.3039,1677.47,244.04,409369.78,0.1755,USD,Pendiente,Cumplido
2023-03-08,2023,PED-2023-00052,La Esperanza,LE-04,Génova,Al Salam Trading,Exportación,Emiratos Árabes,Exportación Directa,Limón Génova,7,Segunda,2285.0,127.0,0.2799,639.6,245.59,157079.36,0.2344,USD,Cobrado,Parcial
2023-03-08,2023,PED-2023-00064,Río Ancho,RA-03,Génova,Al Salam Trading,Exportación,Emiratos Árabes,Trader Golfo,Limón Génova,7,Segunda,2221.0,123.0,0.2778,617.04,242.34,149533.47,0.2199,USD,Pendiente,Cumplido
2023-03-08,2023,PED-2023-00043,La Esperanza,LE-01,Eureka,Citrus World Ltd,Exportación,Reino Unido,Trader Golfo,Limón Eureka,7,Primera,6969.0,387.0,0.3383,2357.96,246.35,580883.45,0.2442,USD,Cobrado,Cumplido
2023-03-08,2023,PED-2023-00056,Los Álamos,LA-02,Lisbon,Citrus World Ltd,Exportación,Reino Unido,Exportación Directa,Limón Lisbon,5,Primera,3473.0,193.0,0.3824,1328.2,243.7,323682.34,0.2483,USD,Cobrado,Parcial
2023-03-08,2023,PED-2023-00057,Los Álamos,LA-03,Génova,Citrus World Ltd,Exportación,Reino Unido,Programa Retail UE,Limón Génova,7,Primera,1935.0,108.0,0.3324,643.15,238.66,153494.18,0.2983,USD,Cobrado,Cumplido
2023-03-08,2023,PED-2023-00069,San Cayetano,SC-02,Lisbon,Citrus World Ltd,Exportación,Reino Unido,Trader Golfo,Limón Lisbon,3,Extra,4074.0,226.0,0.4105,1672.52,250.41,418815.73,0.2337,USD,Cobrado,Cumplido
2023-03-08,2023,PED-2023-00036,El Paraíso,EP-01,Eureka,Fischer Import GmbH,Exportación,Alemania,Exportación Directa,Limón Eureka,3,Extra,6086.0,338.0,0.4132,2514.51,242.83,610598.46,0.1991,USD,Pendiente,Cumplido
2023-03-08,2023,PED-2023-00041,El Paraíso,EP-03,Lisbon,Fischer Import GmbH,Exportación,Alemania,Programa Retail UE,Limón Lisbon,7,Segunda,2806.0,156.0,0.3395,952.73,240.36,228998.18,0.2368,USD,Cobrado,Parcial
2023-03-08,2023,PED-2023-00046,La Esperanza,LE-02,Eureka,Fischer Import GmbH,Exportación,Alemania,Exportación Directa,Limón Eureka,3,Segunda,7807.0,434.0,0.3886,3033.51,242.58,735868.86,0.1828,USD,Cobrado,Cumplido
2023-03-08,2023,PED-2023-00054,Los Álamos,LA-01,Eureka,Fischer Import GmbH,Exportación,Alemania,Programa Retail UE,Limón Eureka,2,Primera,5403.0,300.0,0.4456,2407.81,238.04,573155.09,0.2241,USD,Cobrado,Parcial
2023-03-08,2023,PED-2023-00066,San Cayetano,SC-01,Eureka,Fischer Import GmbH,Exportación,Alemania,Programa Retail UE,Limón Eureka,2,Primera,6394.0,355.0,0.4403,2815.26,234.54,660291.08,0.2099,USD,Pendiente,Cumplido
2023-03-08,2023,PED-2023-00071,San Cayetano,SC-03,Génova,Fischer Import GmbH,Exportación,Alemania,Exportación Directa,Limón Génova,6,Segunda,2491.0,138.0,0.3671,914.41,244.37,223454.37,0.2653,USD,Cobrado,Cumplido
2023-03-08,2023,PED-2023-00049,La Esperanza,LE-03,Lisbon,Medifresh SA,Exportación,España,Programa Retail UE,Limón Lisbon,6,Primera,4020.0,223.0,0.3359,1350.21,243.17,328330.57,0.2929,USD,Cobrado,Cumplido
2023-03-08,2023,PED-2023-00058,Río Ancho,RA-01,Eureka,Medifresh SA,Exportación,España,Programa Retail UE,Limón Eureka,4,Primera,7531.0,418.0,0.3603,2713.22,240.74,653180.58,0.193,USD,Cobrado,Cumplido
2023-03-08,2023,PED-2023-00061,Río Ancho,RA-02,Lisbon,Medifresh SA,Exportación,España,Programa Retail UE,Limón Lisbon,3,Segunda,5152.0,286.0,0.3305,1702.9,240.06,408798.17,0.2642,USD,Cobrado,Cumplido
2023-03-08,2023,PED-2023-00037,El Paraíso,EP-01,Eureka,Citromax SA,Industria,Tucumán,Contrato Industria,Limón Industria,3,Extra,1643.0,91.0,0.0785,128.96,242.83,31315.36,0.0772,ARS,Cobrado,Cumplido
2023-03-08,2023,PED-2023-00045,La Esperanza,LE-01,Eureka,Citromax SA,Industria,Tucumán,Mercado Industrial,Limón Industria,7,Primera,2616.0,145.0,0.0672,175.7,246.35,43283.7,0.0315,ARS,Cobrado,Cumplido
2023-03-08,2023,PED-2023-00048,La Esperanza,LE-02,Eureka,Citromax SA,Industria,Tucumán,Contrato Industria,Limón Industria,3,Segunda,2394.0,133.0,0.0757,181.29,242.58,43977.33,0.0645,ARS,Cobrado,Cumplido
2023-03-08,2023,PED-2023-00051,La Esperanza,LE-03,Lisbon,Citromax SA,Industria,Tucumán,Contrato Industria,Limón Industria,6,Primera,1711.0,95.0,0.0728,124.64,243.17,30308.71,0.0863,ARS,Cobrado,Parcial
2023-03-08,2023,PED-2023-00055,Los Álamos,LA-01,Eureka,Citromax SA,Industria,Tucumán,Mercado Industrial,Limón Industria,2,Primera,1800.0,100.0,0.0791,142.3,238.04,33873.09,0.0351,ARS,Cobrado,Cumplido
2023-03-08,2023,PED-2023-00060,Río Ancho,RA-01,Eureka,Citromax SA,Industria,Tucumán,Mercado Industrial,Limón Industria,4,Primera,2815.0,156.0,0.0753,211.97,240.74,51029.66,0.0608,ARS,Cobrado,Cumplido
2023-03-08,2023,PED-2023-00063,Río Ancho,RA-02,Lisbon,Citromax SA,Industria,Tucumán,Mercado Industrial,Limón Industria,3,Segunda,1898.0,105.0,0.0698,132.45,240.06,31795.95,0.034,ARS,Cobrado,Cumplido
2023-03-08,2023,PED-2023-00065,Río Ancho,RA-03,Génova,Citromax SA,Industria,Tucumán,Contrato Industria,Limón Industria,7,Segunda,1602.0,89.0,0.0645,103.33,242.34,25040.99,0.0694,ARS,Cobrado,Cumplido
2023-03-08,2023,PED-2023-00068,San Cayetano,SC-01,Eureka,Citromax SA,Industria,Tucumán,Mercado Industrial,Limón Industria,2,Primera,1987.0,110.0,0.0819,162.67,234.54,38152.62,0.0346,ARS,Cobrado,Cumplido
2023-03-08,2023,PED-2023-00070,San Cayetano,SC-02,Lisbon,Citromax SA,Industria,Tucumán,Mercado Industrial,Limón Industria,3,Extra,1663.0,92.0,0.0805,133.89,250.41,33527.39,0.0495,ARS,Cobrado,Cumplido
2023-03-08,2023,PED-2023-00040,El Paraíso,EP-02,Eureka,Frutales Tucumán SRL,Industria,Tucumán,Mercado Industrial,Limón Industria,4,Segunda,1541.0,86.0,0.061,93.94,244.04,22925.12,0.0511,ARS,Cobrado,Cumplido
2023-03-08,2023,PED-2023-00072,San Cayetano,SC-03,Génova,Frutales Tucumán SRL,Industria,Tucumán,Mercado Industrial,Limón Industria,6,Segunda,1572.0,87.0,0.0578,90.8,244.37,22188.8,0.0765,ARS,Cobrado,Cumplido
2023-03-08,2023,PED-2023-00039,El Paraíso,EP-02,Eureka,Central de Frutas SA,Mercado Interno,Buenos Aires,Mercado Central,Limón Eureka,4,Segunda,2727.0,152.0,0.2169,591.51,244.04,144352.1,0.1329,ARS,Cobrado,Cumplido
2023-03-08,2023,PED-2023-00042,El Paraíso,EP-03,Lisbon,Central de Frutas SA,Mercado Interno,Buenos Aires,Mercado Central,Limón Lisbon,7,Segunda,1699.0,94.0,0.1872,317.99,240.36,76432.08,0.1813,ARS,Cobrado,Cumplido
2023-03-08,2023,PED-2023-00053,La Esperanza,LE-04,Génova,Central de Frutas SA,Mercado Interno,Buenos Aires,Mercado Central,Limón Génova,7,Segunda,1601.0,89.0,0.191,305.71,245.59,75079.32,0.1537,ARS,Cobrado,Cumplido
2023-03-08,2023,PED-2023-00059,Río Ancho,RA-01,Eureka,Frutales del Norte SRL,Mercado Interno,Salta,Retail Nacional,Limón Eureka,4,Primera,3025.0,168.0,0.1998,604.35,240.74,145491.22,0.1181,ARS,Cobrado,Cumplido
2023-03-08,2023,PED-2023-00067,San Cayetano,SC-01,Eureka,Frutales del Norte SRL,Mercado Interno,Salta,Distribuidor Regional,Limón Eureka,2,Primera,1996.0,111.0,0.2188,436.71,234.54,102425.96,0.1302,ARS,Cobrado,Cumplido
2023-03-08,2023,PED-2023-00044,La Esperanza,LE-01,Eureka,La Morenita SA,Mercado Interno,Tucumán,Retail Nacional,Limón Eureka,7,Primera,2888.0,160.0,0.2117,611.44,246.35,150628.24,0.1229,ARS,Cobrado,Cumplido
2023-03-08,2023,PED-2023-00047,La Esperanza,LE-02,Eureka,Supermercados Norte SA,Mercado Interno,Tucumán,Retail Nacional,Limón Eureka,3,Segunda,2620.0,146.0,0.2032,532.47,242.58,129166.57,0.1235,ARS,Pendiente,Cumplido
2023-03-08,2023,PED-2023-00050,La Esperanza,LE-03,Lisbon,Supermercados Norte SA,Mercado Interno,Tucumán,Mercado Central,Limón Lisbon,6,Primera,1704.0,95.0,0.1914,326.13,243.17,79305.03,0.1955,ARS,Cobrado,Cumplido
2023-03-08,2023,PED-2023-00062,Río Ancho,RA-02,Lisbon,Supermercados Norte SA,Mercado Interno,Tucumán,Retail Nacional,Limón Lisbon,3,Segunda,2444.0,136.0,0.2148,524.96,240.06,126021.9,0.1341,ARS,Cobrado,Cumplido
2023-03-15,2023,PED-2023-00078,El Paraíso,EP-03,Lisbon,Al Salam Trading,Exportación,Emiratos Árabes,Exportación Directa,Limón Lisbon,3,Segunda,3034.0,169.0,0.3417,1036.67,250.43,259613.27,0.2055,USD,Cobrado,Cumplido
2023-03-15,2023,PED-2023-00081,La Esperanza,LE-01,Eureka,Al Salam Trading,Exportación,Emiratos Árabes,Trader Golfo,Limón Eureka,4,Primera,6506.0,361.0,0.3442,2239.42,235.15,526599.61,0.2053,USD,Cobrado,Cumplido
2023-03-15,2023,PED-2023-00089,Los Álamos,LA-01,Eureka,Al Salam Trading,Exportación,Emiratos Árabes,Programa Retail UE,Limón Eureka,5,Primera,5422.0,301.0,0.3325,1802.82,250.97,452453.74,0.1979,USD,Cobrado,Cumplido
2023-03-15,2023,PED-2023-00092,Los Álamos,LA-02,Lisbon,Al Salam Trading,Exportación,Emiratos Árabes,Exportación Directa,Limón Lisbon,7,Primera,3607.0,200.0,0.3208,1156.99,239.39,276971.84,0.213,USD,Cobrado,Cumplido
2023-03-15,2023,PED-2023-00098,Río Ancho,RA-02,Lisbon,Al Salam Trading,Exportación,Emiratos Árabes,Exportación Directa,Limón Lisbon,5,Segunda,5904.0,328.0,0.302,1783.24,239.28,426693.67,0.2731,USD,Cobrado,Cumplido
2023-03-15,2023,PED-2023-00073,El Paraíso,EP-01,Eureka,Citrus World Ltd,Exportación,Reino Unido,Programa Retail UE,Limón Eureka,2,Primera,5172.0,287.0,0.4207,2175.65,242.67,527964.99,0.2058,USD,Cobrado,Cumplido
2023-03-15,2023,PED-2023-00087,La Esperanza,LE-03,Lisbon,Citrus World Ltd,Exportación,Reino Unido,Programa Retail UE,Limón Lisbon,7,Primera,3617.0,201.0,0.3476,1257.32,245.63,308835.51,0.2599,USD,Cobrado,Cumplido
2023-03-15,2023,PED-2023-00101,Río Ancho,RA-03,Génova,Citrus World Ltd,Exportación,Reino Unido,Trader Golfo,Limón Génova,7,Segunda,1810.0,101.0,0.3048,551.66,237.96,131273.01,0.2381,USD,Cobrado,Cumplido
2023-03-15,2023,PED-2023-00108,San Cayetano,SC-03,Génova,Citrus World Ltd,Exportación,Reino Unido,Trader Golfo,Limón Génova,4,Segunda,2788.0,155.0,0.3491,973.35,234.5,228250.58,0.2026,USD,Cobrado,Cumplido
2023-03-15,2023,PED-2023-00084,La Esperanza,LE-02,Eureka,Fischer Import GmbH,Exportación,Alemania,Trader Golfo,Limón Eureka,5,Primera,7162.0,398.0,0.4003,2866.99,245.34,703387.33,0.257,USD,Cobrado,Cumplido
2023-03-15,2023,PED-2023-00094,Los Álamos,LA-03,Génova,Fischer Import GmbH,Exportación,Alemania,Exportación Directa,Limón Génova,4,Primera,2154.0,120.0,0.4207,906.14,251.9,228256.67,0.2714,USD,Pendiente,Cumplido
2023-03-15,2023,PED-2023-00075,El Paraíso,EP-02,Eureka,Medifresh SA,Exportación,España,Exportación Directa,Limón Eureka,6,Primera,5290.0,294.0,0.3442,1820.56,238.65,434476.64,0.1876,USD,Cobrado,Cumplido
2023-03-15,2023,PED-2023-00080,El Paraíso,EP-04,Génova,Medifresh SA,Exportación,España,Programa Retail UE,Limón Génova,5,Extra,1725.0,96.0,0.3824,659.65,246.26,162445.41,0.2196,USD,Cobrado,Cumplido
2023-03-15,2023,PED-2023-00088,La Esperanza,LE-04,Génova,Medifresh SA,Exportación,España,Exportación Directa,Limón Génova,6,Extra,2756.0,153.0,0.3689,1016.75,244.66,248758.06,0.2888,USD,Cobrado,Cumplido
2023-03-15,2023,PED-2023-00095,Río Ancho,RA-01,Eureka,Medifresh SA,Exportación,España,Programa Retail UE,Limón Eureka,4,Primera,10026.0,557.0,0.3571,3580.56,230.39,824925.22,0.288,USD,Cobrado,Cumplido
2023-03-15,2023,PED-2023-00102,San Cayetano,SC-01,Eureka,Medifresh SA,Exportación,España,Exportación Directa,Limón Eureka,3,Primera,6232.0,346.0,0.3625,2258.89,236.47,534159.72,0.2579,USD,Cobrado,Cumplido
2023-03-15,2023,PED-2023-00105,San Cayetano,SC-02,Lisbon,Medifresh SA,Exportación,España,Trader Golfo,Limón Lisbon,6,Segunda,3523.0,196.0,0.3309,1165.65,245.59,286271.98,0.2009,USD,Cobrado,Cumplido
2023-03-15,2023,PED-2023-00077,El Paraíso,EP-02,Eureka,Citromax SA,Industria,Tucumán,Contrato Industria,Limón Industria,6,Primera,1625.0,90.0,0.072,117.02,238.65,27926.82,0.0434,ARS,Cobrado,Cumplido
2023-03-15,2023,PED-2023-00083,La Esperanza,LE-01,Eureka,Citromax SA,Industria,Tucumán,Contrato Industria,Limón Industria,4,Primera,2196.0,122.0,0.0764,167.68,235.15,39429.95,0.0569,ARS,Cobrado,Cumplido
2023-03-15,2023,PED-2023-00086,La Esperanza,LE-02,Eureka,Citromax SA,Industria,Tucumán,Mercado Industrial,Limón Industria,5,Primera,2816.0,156.0,0.0697,196.14,245.34,48120.99,0.0326,ARS,Pendiente,Parcial
2023-03-15,2023,PED-2023-00097,Río Ancho,RA-01,Eureka,Citromax SA,Industria,Tucumán,Contrato Industria,Limón Industria,4,Primera,3550.0,197.0,0.0763,270.75,230.39,62378.09,0.0779,ARS,Cobrado,Cumplido
2023-03-15,2023,PED-2023-00107,San Cayetano,SC-02,Lisbon,Citromax SA,Industria,Tucumán,Mercado Industrial,Limón Industria,6,Segunda,1542.0,86.0,0.0641,98.9,245.59,24288.85,0.0379,ARS,Pendiente,Cumplido
2023-03-15,2023,PED-2023-00109,San Cayetano,SC-03,Génova,Citromax SA,Industria,Tucumán,Mercado Industrial,Limón Industria,4,Segunda,1554.0,86.0,0.0716,111.33,234.5,26106.88,0.0535,ARS,Cobrado,Cumplido
2023-03-15,2023,PED-2023-00091,Los Álamos,LA-01,Eureka,Frutales Tucumán SRL,Industria,Tucumán,Mercado Industrial,Limón Industria,5,Primera,1567.0,87.0,0.0672,105.29,250.97,26424.63,0.0826,ARS,Cobrado,Cumplido
2023-03-15,2023,PED-2023-00100,Río Ancho,RA-02,Lisbon,Frutales Tucumán SRL,Industria,Tucumán,Contrato Industria,Limón Industria,5,Segunda,2191.0,122.0,0.0635,139.21,239.28,33310.17,0.0521,ARS,Cobrado,Cumplido
2023-03-15,2023,PED-2023-00104,San Cayetano,SC-01,Eureka,Frutales Tucumán SRL,Industria,Tucumán,Contrato Industria,Limón Industria,3,Primera,2293.0,127.0,0.0667,152.99,236.47,36177.55,0.0817,ARS,Cobrado,Cumplido
2023-03-15,2023,PED-2023-00076,El Paraíso,EP-02,Eureka,Central de Frutas SA,Mercado Interno,Buenos Aires,Distribuidor Regional,Limón Eureka,6,Primera,2430.0,135.0,0.2121,515.31,238.65,122978.73,0.21,ARS,Cobrado,Cumplido
2023-03-15,2023,PED-2023-00082,La Esperanza,LE-01,Eureka,Central de Frutas SA,Mercado Interno,Buenos Aires,Distribuidor Regional,Limón Eureka,4,Primera,2835.0,158.0,0.2456,696.29,235.15,163732.59,0.1347,ARS,Cobrado,Cumplido
2023-03-15,2023,PED-2023-00096,Río Ancho,RA-01,Eureka,Central de Frutas SA,Mercado Interno,Buenos Aires,Retail Nacional,Limón Eureka,4,Primera,3480.0,193.0,0.2269,789.74,230.39,181948.2,0.1102,ARS,Cobrado,Cumplido
2023-03-15,2023,PED-2023-00103,San Cayetano,SC-01,Eureka,Central de Frutas SA,Mercado Interno,Buenos Aires,Retail Nacional,Limón Eureka,3,Primera,1725.0,96.0,0.2307,397.95,236.47,94103.24,0.1818,ARS,Cobrado,Cumplido
2023-03-15,2023,PED-2023-00093,Los Álamos,LA-02,Lisbon,Frutales del Norte SRL,Mercado Interno,Salta,Retail Nacional,Limón Lisbon,7,Primera,1648.0,92.0,0.1918,316.1,239.39,75671.18,0.177,ARS,Cobrado,Cumplido
2023-03-15,2023,PED-2023-00106,San Cayetano,SC-02,Lisbon,Frutales del Norte SRL,Mercado Interno,Salta,Distribuidor Regional,Limón Lisbon,6,Segunda,1810.0,101.0,0.1743,315.54,245.59,77493.47,0.1511,ARS,Vencido,Cumplido
2023-03-15,2023,PED-2023-00074,El Paraíso,EP-01,Eureka,La Morenita SA,Mercado Interno,Tucumán,Distribuidor Regional,Limón Eureka,2,Primera,1655.0,92.0,0.2229,368.98,242.67,89540.38,0.1722,ARS,Cobrado,Cumplido
2023-03-15,2023,PED-2023-00079,El Paraíso,EP-03,Lisbon,La Morenita SA,Mercado Interno,Tucumán,Retail Nacional,Limón Lisbon,3,Segunda,1592.0,88.0,0.2179,346.88,250.43,86869.16,0.1833,ARS,Cobrado,Cumplido
2023-03-15,2023,PED-2023-00090,Los Álamos,LA-01,Eureka,La Morenita SA,Mercado Interno,Tucumán,Retail Nacional,Limón Eureka,5,Primera,2343.0,130.0,0.2138,501.01,250.97,125738.48,0.1152,ARS,Cobrado,Cumplido
2023-03-15,2023,PED-2023-00099,Río Ancho,RA-02,Lisbon,La Morenita SA,Mercado Interno,Tucumán,Mercado Central,Limón Lisbon,5,Segunda,2229.0,124.0,0.2071,461.69,239.28,110473.18,0.1676,ARS,Cobrado,Parcial
2023-03-15,2023,PED-2023-00085,La Esperanza,LE-02,Eureka,Supermercados Norte SA,Mercado Interno,Tucumán,Retail Nacional,Limón Eureka,5,Primera,2780.0,154.0,0.2052,570.34,245.34,139927.22,0.14,ARS,Cobrado,Cumplido
2023-03-22,2023,PED-2023-00117,El Paraíso,EP-04,Génova,Al Salam Trading,Exportación,Emiratos Árabes,Trader Golfo,Limón Génova,7,Segunda,1529.0,85.0,0.2984,456.26,241.88,110360.17,0.2217,USD,Cobrado,Cumplido
2023-03-22,2023,PED-2023-00130,Los Álamos,LA-02,Lisbon,Al Salam Trading,Exportación,Emiratos Árabes,Programa Retail UE,Limón Lisbon,5,Segunda,2631.0,146.0,0.2959,778.43,247.6,192739.27,0.2626,USD,Cobrado,Cumplido
2023-03-22,2023,PED-2023-00131,Los Álamos,LA-03,Génova,Al Salam Trading,Exportación,Emiratos Árabes,Programa Retail UE,Limón Génova,7,Primera,2028.0,113.0,0.3062,621.05,249.32,154840.19,0.258,USD,Cobrado,Cumplido
2023-03-22,2023,PED-2023-00132,Río Ancho,RA-01,Eureka,Al Salam Trading,Exportación,Emiratos Árabes,Trader Golfo,Limón Eureka,6,Primera,9669.0,537.0,0.3002,2902.73,248.83,722286.31,0.2741,USD,Cobrado,Cumplido
2023-03-22,2023,PED-2023-00139,San Cayetano,SC-01,Eureka,Citrus World Ltd,Exportación,Reino Unido,Programa Retail UE,Limón Eureka,5,Primera,5881.0,327.0,0.3595,2114.18,250.23,529031.26,0.1832,USD,Cobrado,Cumplido
2023-03-22,2023,PED-2023-00113,El Paraíso,EP-02,Eureka,Fischer Import GmbH,Exportación,Alemania,Programa Retail UE,Limón Eureka,4,Primera,6078.0,338.0,0.3887,2362.54,252.78,597202.86,0.2937,USD,Cobrado,Cumplido
2023-03-22,2023,PED-2023-00118,La Esperanza,LE-01,Eureka,Fischer Import GmbH,Exportación,Alemania,Programa Retail UE,Limón Eureka,4,Primera,7767.0,432.0,0.3933,3055.02,246.48,753001.33,0.2624,USD,Cobrado,Cumplido
2023-03-22,2023,PED-2023-00124,La Esperanza,LE-03,Lisbon,Fischer Import GmbH,Exportación,Alemania,Trader Golfo,Limón Lisbon,5,Extra,3426.0,190.0,0.4059,1390.53,251.75,350065.93,0.2431,USD,Pendiente,Cumplido
2023-03-22,2023,PED-2023-00126,La Esperanza,LE-04,Génova,Fischer Import GmbH,Exportación,Alemania,Programa Retail UE,Limón Génova,5,Primera,2690.0,149.0,0.3876,1042.51,244.81,255216.87,0.2882,USD,Cobrado,Cumplido
2023-03-22,2023,PED-2023-00127,Los Álamos,LA-01,Eureka,Fischer Import GmbH,Exportación,Alemania,Trader Golfo,Limón Eureka,4,Extra,4979.0,277.0,0.4237,2109.66,250.11,527647.06,0.2308,USD,Cobrado,Cumplido
2023-03-22,2023,PED-2023-00135,Río Ancho,RA-02,Lisbon,Fischer Import GmbH,Exportación,Alemania,Programa Retail UE,Limón Lisbon,6,Primera,5618.0,312.0,0.3602,2023.68,242.21,490155.53,0.2069,USD,Pendiente,Cumplido
2023-03-22,2023,PED-2023-00138,Río Ancho,RA-03,Génova,Fischer Import GmbH,Exportación,Alemania,Programa Retail UE,Limón Génova,5,Segunda,2350.0,131.0,0.3628,852.57,253.1,215785.47,0.2318,USD,Cobrado,Cumplido
2023-03-22,2023,PED-2023-00110,El Paraíso,EP-01,Eureka,Medifresh SA,Exportación,España,Programa Retail UE,Limón Eureka,3,Primera,5894.0,327.0,0.3888,2291.6,249.01,570631.32,0.2833,USD,Cobrado,Cumplido
2023-03-22,2023,PED-2023-00116,El Paraíso,EP-03,Lisbon,Medifresh SA,Exportación,España,Exportación Directa,Limón Lisbon,6,Segunda,2844.0,158.0,0.2982,847.95,253.21,214709.42,0.2094,USD,Cobrado,Cumplido
2023-03-22,2023,PED-2023-00121,La Esperanza,LE-02,Eureka,Medifresh SA,Exportación,España,Trader Golfo,Limón Eureka,3,Segunda,7620.0,423.0,0.3405,2594.74,256.2,664772.39,0.2413,USD,Cobrado,Cumplido
2023-03-22,2023,PED-2023-00142,San Cayetano,SC-02,Lisbon,Medifresh SA,Exportación,España,Programa Retail UE,Limón Lisbon,7,Segunda,3076.0,171.0,0.3073,945.13,249.55,235857.19,0.2088,USD,Cobrado,Cumplido
2023-03-22,2023,PED-2023-00144,San Cayetano,SC-03,Génova,Medifresh SA,Exportación,España,Exportación Directa,Limón Génova,5,Segunda,2665.0,148.0,0.3377,900.05,249.4,224472.47,0.2756,USD,Cobrado,Cumplido
2023-03-22,2023,PED-2023-00112,El Paraíso,EP-01,Eureka,Citromax SA,Industria,Tucumán,Contrato Industria,Limón Industria,3,Primera,1752.0,97.0,0.0783,137.23,249.01,34171.64,0.0796,ARS,Vencido,Cumplido
2023-03-22,2023,PED-2023-00115,El Paraíso,EP-02,Eureka,Citromax SA,Industria,Tucumán,Mercado Industrial,Limón Industria,4,Primera,1695.0,94.0,0.0767,130.05,252.78,32874.04,0.0619,ARS,Pendiente,Cumplido
2023-03-22,2023,PED-2023-00123,La Esperanza,LE-02,Eureka,Citromax SA,Industria,Tucumán,Contrato Industria,Limón Industria,3,Segunda,2373.0,132.0,0.0737,174.88,256.2,44804.26,0.0892,ARS,Cobrado,Cumplido
2023-03-22,2023,PED-2023-00125,La Esperanza,LE-03,Lisbon,Citromax SA,Industria,Tucumán,Contrato Industria,Limón Industria,5,Extra,1714.0,95.0,0.0788,134.98,251.75,33981.21,0.0313,ARS,Cobrado,Cumplido
2023-03-22,2023,PED-2023-00129,Los Álamos,LA-01,Eureka,Citromax SA,Industria,Tucumán,Contrato Industria,Limón Industria,4,Extra,1861.0,103.0,0.0778,144.75,250.11,36203.42,0.0337,ARS,Cobrado,Parcial
2023-03-22,2023,PED-2023-00134,Río Ancho,RA-01,Eureka,Citromax SA,Industria,Tucumán,Contrato Industria,Limón Industria,6,Primera,3233.0,180.0,0.0736,237.83,248.83,59179.24,0.0354,ARS,Pendiente,Cumplido
2023-03-22,2023,PED-2023-00137,Río Ancho,RA-02,Lisbon,Citromax SA,Industria,Tucumán,Mercado Industrial,Limón Industria,6,Primera,2061.0,114.0,0.0689,141.94,242.21,34379.29,0.0593,ARS,Cobrado,Cumplido
2023-03-22,2023,PED-2023-00141,San Cayetano,SC-01,Eureka,Citromax SA,Industria,Tucumán,Mercado Industrial,Limón Industria,5,Primera,1637.0,91.0,0.0697,114.09,250.23,28548.74,0.0802,ARS,Cobrado,Cumplido
2023-03-22,2023,PED-2023-00120,La Esperanza,LE-01,Eureka,Frutales Tucumán SRL,Industria,Tucumán,Contrato Industria,Limón Industria,4,Primera,2223.0,124.0,0.0672,149.46,246.48,36838.9,0.0811,ARS,Pendiente,Cumplido
2023-03-22,2023,PED-2023-00122,La Esperanza,LE-02,Eureka,Central de Frutas SA,Mercado Interno,Buenos Aires,Distribuidor Regional,Limón Eureka,3,Segunda,2785.0,155.0,0.2172,604.85,256.2,154962.57,0.129,ARS,Pendiente,Cumplido
2023-03-22,2023,PED-2023-00128,Los Álamos,LA-01,Eureka,Central de Frutas SA,Mercado Interno,Buenos Aires,Retail Nacional,Limón Eureka,4,Extra,1825.0,101.0,0.2522,460.21,250.11,115103.12,0.1942,ARS,Cobrado,Cumplido
2023-03-22,2023,PED-2023-00133,Río Ancho,RA-01,Eureka,Central de Frutas SA,Mercado Interno,Buenos Aires,Mercado Central,Limón Eureka,6,Primera,3096.0,172.0,0.227,702.77,248.83,174870.26,0.1684,ARS,Cobrado,Cumplido
2023-03-22,2023,PED-2023-00111,El Paraíso,EP-01,Eureka,Frutales del Norte SRL,Mercado Interno,Salta,Distribuidor Regional,Limón Eureka,3,Primera,2022.0,112.0,0.2047,413.92,249.01,103070.22,0.1571,ARS,Pendiente,Cumplido
2023-03-22,2023,PED-2023-00114,El Paraíso,EP-02,Eureka,La Morenita SA,Mercado Interno,Tucumán,Mercado Central,Limón Eureka,4,Primera,1915.0,106.0,0.2194,420.22,252.78,106223.21,0.1834,ARS,Cobrado,Cumplido
2023-03-22,2023,PED-2023-00136,Río Ancho,RA-02,Lisbon,La Morenita SA,Mercado Interno,Tucumán,Retail Nacional,Limón Lisbon,6,Primera,2181.0,121.0,0.2005,437.27,242.21,105911.17,0.1365,ARS,Cobrado,Cumplido
2023-03-22,2023,PED-2023-00140,San Cayetano,SC-01,Eureka,La Morenita SA,Mercado Interno,Tucumán,Mercado Central,Limón Eureka,5,Primera,1750.0,97.0,0.2093,366.33,250.23,91666.76,0.181,ARS,Cobrado,Cumplido
2023-03-22,2023,PED-2023-00119,La Esperanza,LE-01,Eureka,Supermercados Norte SA,Mercado Interno,Tucumán,Retail Nacional,Limón Eureka,4,Primera,2425.0,135.0,0.2186,530.05,246.48,130646.72,0.1936,ARS,Cobrado,Cumplido
2023-03-22,2023,PED-2023-00143,San Cayetano,SC-02,Lisbon,Supermercados Norte SA,Mercado Interno,Tucumán,Mercado Central,Limón Lisbon,7,Segunda,1972.0,110.0,0.1698,334.79,249.55,83546.84,0.1381,ARS,Cobrado,Cumplido
2023-03-29,2023,PED-2023-00154,La Esperanza,LE-02,Eureka,Al Salam Trading,Exportación,Emiratos Árabes,Programa Retail UE,Limón Eureka,7,Primera,7373.0,410.0,0.3198,2357.71,254.36,599707.12,0.2144,USD,Cobrado,Parcial
2023-03-29,2023,PED-2023-00166,Río Ancho,RA-01,Eureka,Al Salam Trading,Exportación,Emiratos Árabes,Programa Retail UE,Limón Eureka,5,Primera,9272.0,515.0,0.3486,3231.86,258.79,836373.05,0.2208,USD,Cobrado,Cumplido
2023-03-29,2023,PED-2023-00169,Río Ancho,RA-02,Lisbon,Al Salam Trading,Exportación,Emiratos Árabes,Programa Retail UE,Limón Lisbon,6,Extra,5518.0,307.0,0.3181,1755.54,260.92,458055.5,0.2716,USD,Cobrado,Cumplido
2023-03-29,2023,PED-2023-00173,San Cayetano,SC-01,Eureka,Al Salam Trading,Exportación,Emiratos Árabes,Exportación Directa,Limón Eureka,4,Extra,5309.0,295.0,0.347,1842.1,250.21,460911.84,0.1986,USD,Cobrado,Cumplido
2023-03-29,2023,PED-2023-00176,San Cayetano,SC-02,Lisbon,Al Salam Trading,Exportación,Emiratos Árabes,Exportación Directa,Limón Lisbon,3,Segunda,4246.0,236.0,0.3378,1434.37,254.38,364875.04,0.2013,USD,Cobrado,Cumplido
2023-03-29,2023,PED-2023-00179,San Cayetano,SC-03,Génova,Al Salam Trading,Exportación,Emiratos Árabes,Exportación Directa,Limón Génova,5,Segunda,2990.0,166.0,0.3219,962.57,259.18,249478.89,0.2093,USD,Cobrado,Cumplido
2023-03-29,2023,PED-2023-00147,El Paraíso,EP-02,Eureka,Citrus World Ltd,Exportación,Reino Unido,Trader Golfo,Limón Eureka,2,Primera,6297.0,350.0,0.3911,2462.97,267.46,658745.96,0.21,USD,Cobrado,Cumplido
2023-03-29,2023,PED-2023-00151,El Paraíso,EP-04,Génova,Citrus World Ltd,Exportación,Reino Unido,Exportación Directa,Limón Génova,5,Extra,1957.0,109.0,0.407,796.55,254.47,202698.08,0.2012,USD,Cobrado,Cumplido
2023-03-29,2023,PED-2023-00157,La Esperanza,LE-03,Lisbon,Citrus World Ltd,Exportación,Reino Unido,Trader Golfo,Limón Lisbon,6,Segunda,3134.0,174.0,0.3461,1084.53,253.23,274635.53,0.252,USD,Cobrado,Parcial
2023-03-29,2023,PED-2023-00163,Los Álamos,LA-02,Lisbon,Citrus World Ltd,Exportación,Reino Unido,Exportación Directa,Limón Lisbon,4,Segunda,2868.0,159.0,0.3566,1022.84,253.9,259699.08,0.2134,USD,Cobrado,Cumplido
2023-03-29,2023,PED-2023-00159,La Esperanza,LE-04,Génova,Fischer Import GmbH,Exportación,Alemania,Exportación Directa,Limón Génova,5,Segunda,2458.0,137.0,0.3597,884.13,248.02,219281.92,0.225,USD,Cobrado,Cumplido
2023-03-29,2023,PED-2023-00160,Los Álamos,LA-01,Eureka,Fischer Import GmbH,Exportación,Alemania,Programa Retail UE,Limón Eureka,5,Segunda,5924.0,329.0,0.3464,2052.25,241.96,496562.41,0.2125,USD,Cobrado,Cumplido
2023-03-29,2023,PED-2023-00165,Los Álamos,LA-03,Génova,Fischer Import GmbH,Exportación,Alemania,Trader Golfo,Limón Génova,7,Segunda,1686.0,94.0,0.3301,556.49,247.96,137987.26,0.2761,USD,Cobrado,Cumplido
2023-03-29,2023,PED-2023-00145,El Paraíso,EP-01,Eureka,Medifresh SA,Exportación,España,Programa Retail UE,Limón Eureka,5,Primera,5546.0,308.0,0.3635,2016.08,252.38,508818.27,0.2593,USD,Cobrado,Cumplido
2023-03-29,2023,PED-2023-00150,El Paraíso,EP-03,Lisbon,Medifresh SA,Exportación,España,Trader Golfo,Limón Lisbon,3,Segunda,2725.0,151.0,0.3621,986.79,257.24,253841.86,0.225,USD,Cobrado,Cumplido
2023-03-29,2023,PED-2023-00152,La Esperanza,LE-01,Eureka,Medifresh SA,Exportación,España,Programa Retail UE,Limón Eureka,3,Extra,6340.0,352.0,0.3733,2366.42,253.23,599248.54,0.2335,USD,Cobrado,Cumplido
2023-03-29,2023,PED-2023-00172,Río Ancho,RA-03,Génova,Medifresh SA,Exportación,España,Exportación Directa,Limón Génova,5,Primera,2125.0,118.0,0.3697,785.68,256.48,201511.21,0.1988,USD,Pendiente,Cumplido
2023-03-29,2023,PED-2023-00149,El Paraíso,EP-02,Eureka,Citromax SA,Industria,Tucumán,Contrato Industria,Limón Industria,2,Primera,1680.0,93.0,0.0812,136.39,267.46,36478.87,0.0585,ARS,Cobrado,Cumplido
2023-03-29,2023,PED-2023-00162,Los Álamos,LA-01,Eureka,Citromax SA,Industria,Tucumán,Contrato Industria,Limón Industria,5,Segunda,2249.0,125.0,0.0665,149.59,241.96,36194.8,0.0629,ARS,Cobrado,Cumplido
2023-03-29,2023,PED-2023-00168,Río Ancho,RA-01,Eureka,Citromax SA,Industria,Tucumán,Contrato Industria,Limón Industria,5,Primera,3288.0,183.0,0.0755,248.33,258.79,64265.32,0.0384,ARS,Cobrado,Cumplido
2023-03-29,2023,PED-2023-00171,Río Ancho,RA-02,Lisbon,Citromax SA,Industria,Tucumán,Contrato Industria,Limón Industria,6,Extra,2281.0,127.0,0.0723,164.95,260.92,43038.75,0.0402,ARS,Cobrado,Cumplido
2023-03-29,2023,PED-2023-00175,San Cayetano,SC-01,Eureka,Citromax SA,Industria,Tucumán,Contrato Industria,Limón Industria,4,Extra,1775.0,99.0,0.0745,132.18,250.21,33072.76,0.0853,ARS,Cobrado,Cumplido
2023-03-29,2023,PED-2023-00178,San Cayetano,SC-02,Lisbon,Citromax SA,Industria,Tucumán,Contrato Industria,Limón Industria,3,Segunda,1936.0,108.0,0.0712,137.88,254.38,35073.91,0.0853,ARS,Cobrado,Cumplido
2023-03-29,2023,PED-2023-00156,La Esperanza,LE-02,Eureka,Frutales Tucumán SRL,Industria,Tucumán,Mercado Industrial,Limón Industria,7,Primera,2458.0,137.0,0.0586,144.13,254.36,36660.91,0.048,ARS,Cobrado,Cumplido
2023-03-29,2023,PED-2023-00180,San Cayetano,SC-03,Génova,Frutales Tucumán SRL,Industria,Tucumán,Contrato Industria,Limón Industria,5,Segunda,1681.0,93.0,0.0619,104.04,259.18,26965.09,0.0747,ARS,Cobrado,Cumplido
2023-03-29,2023,PED-2023-00146,El Paraíso,EP-01,Eureka,Central de Frutas SA,Mercado Interno,Buenos Aires,Mercado Central,Limón Eureka,5,Primera,2384.0,132.0,0.2321,553.21,252.38,139619.14,0.1287,ARS,Cobrado,Cumplido
2023-03-29,2023,PED-2023-00155,La Esperanza,LE-02,Eureka,Central de Frutas SA,Mercado Interno,Buenos Aires,Retail Nacional,Limón Eureka,7,Primera,3097.0,172.0,0.1998,618.68,254.36,157367.44,0.1663,ARS,Cobrado,Cumplido
2023-03-29,2023,PED-2023-00158,La Esperanza,LE-03,Lisbon,Central de Frutas SA,Mercado Interno,Buenos Aires,Distribuidor Regional,Limón Lisbon,6,Segunda,1817.0,101.0,0.1991,361.84,253.23,91628.74,0.1946,ARS,Cobrado,Cumplido
2023-03-29,2023,PED-2023-00161,Los Álamos,LA-01,Eureka,Central de Frutas SA,Mercado Interno,Buenos Aires,Retail Nacional,Limón Eureka,5,Segunda,2510.0,139.0,0.2188,549.28,241.96,132903.79,0.1194,ARS,Cobrado,Cumplido
2023-03-29,2023,PED-2023-00167,Río Ancho,RA-01,Eureka,Central de Frutas SA,Mercado Interno,Buenos Aires,Mercado Central,Limón Eureka,5,Primera,4059.0,226.0,0.2181,885.34,258.79,229117.14,0.1937,ARS,Cobrado,Cumplido
2023-03-29,2023,PED-2023-00174,San Cayetano,SC-01,Eureka,Central de Frutas SA,Mercado Interno,Buenos Aires,Mercado Central,Limón Eureka,4,Extra,1948.0,108.0,0.2453,477.91,250.21,119577.86,0.1979,ARS,Cobrado,Cumplido
2023-03-29,2023,PED-2023-00177,San Cayetano,SC-02,Lisbon,Central de Frutas SA,Mercado Interno,Buenos Aires,Mercado Central,Limón Lisbon,3,Segunda,1558.0,87.0,0.2324,362.11,254.38,92113.54,0.14,ARS,Cobrado,Cumplido
2023-03-29,2023,PED-2023-00148,El Paraíso,EP-02,Eureka,Frutales del Norte SRL,Mercado Interno,Salta,Distribuidor Regional,Limón Eureka,2,Primera,1512.0,84.0,0.2065,312.27,267.46,83519.73,0.1526,ARS,Cobrado,Cumplido
2023-03-29,2023,PED-2023-00153,La Esperanza,LE-01,Eureka,Frutales del Norte SRL,Mercado Interno,Salta,Distribuidor Regional,Limón Eureka,3,Extra,1910.0,106.0,0.2198,419.9,253.23,106331.28,0.1618,ARS,Cobrado,Parcial
2023-03-29,2023,PED-2023-00164,Los Álamos,LA-02,Lisbon,La Morenita SA,Mercado Interno,Tucumán,Distribuidor Regional,Limón Lisbon,4,Segunda,1617.0,90.0,0.2208,357.1,253.9,90667.69,0.176,ARS,Cobrado,Cumplido
2023-03-29,2023,PED-2023-00170,Río Ancho,RA-02,Lisbon,Supermercados Norte SA,Mercado Interno,Tucumán,Distribuidor Regional,Limón Lisbon,6,Extra,1561.0,87.0,0.2007,313.34,260.92,81756.67,0.2039,ARS,Pendiente,Cumplido
2023-04-05,2023,PED-2023-00215,Río Ancho,RA-01,Eureka,Al Salam Trading,Exportación,Emiratos Árabes,Programa Retail UE,Limón Eureka,3,Primera,12635.0,702.0,0.3738,4722.89,255.41,1206273.33,0.2296,USD,Cobrado,Cumplido
2023-04-05,2023,PED-2023-00224,San Cayetano,SC-01,Eureka,Al Salam Trading,Exportación,Emiratos Árabes,Trader Golfo,Limón Eureka,3,Primera,18883.0,1049.0,0.3453,6520.67,258.48,1685462.78,0.2741,USD,Cobrado,Cumplido
2023-04-05,2023,PED-2023-00230,San Cayetano,SC-03,Génova,Al Salam Trading,Exportación,Emiratos Árabes,Programa Retail UE,Limón Génova,5,Primera,7813.0,434.0,0.3254,2542.12,256.31,651570.78,0.2173,USD,Cobrado,Cumplido
2023-04-05,2023,PED-2023-00181,El Paraíso,EP-01,Eureka,Citrus World Ltd,Exportación,Reino Unido,Exportación Directa,Limón Eureka,3,Primera,15233.0,846.0,0.4144,6312.57,247.37,1561540.44,0.2587,USD,Cobrado,Cumplido
2023-04-05,2023,PED-2023-00193,La Esperanza,LE-01,Eureka,Citrus World Ltd,Exportación,Reino Unido,Exportación Directa,Limón Eureka,5,Primera,20381.0,1132.0,0.3913,7974.57,261.43,2084791.84,0.181,USD,Cobrado,Cumplido
2023-04-05,2023,PED-2023-00196,La Esperanza,LE-02,Eureka,Citrus World Ltd,Exportación,Reino Unido,Trader Golfo,Limón Eureka,4,Segunda,14069.0,782.0,0.387,5444.63,255.65,1391919.66,0.2687,USD,Cobrado,Cumplido
2023-04-05,2023,PED-2023-00202,La Esperanza,LE-04,Génova,Citrus World Ltd,Exportación,Reino Unido,Programa Retail UE,Limón Génova,7,Primera,8398.0,467.0,0.3358,2820.39,254.82,718691.78,0.2615,USD,Cobrado,Cumplido
2023-04-05,2023,PED-2023-00211,Los Álamos,LA-03,Génova,Citrus World Ltd,Exportación,Reino Unido,Trader Golfo,Limón Génova,3,Primera,6639.0,369.0,0.4259,2827.83,251.81,712075.87,0.2201,USD,Cobrado,Cumplido
2023-04-05,2023,PED-2023-00184,El Paraíso,EP-02,Eureka,Fischer Import GmbH,Exportación,Alemania,Programa Retail UE,Limón Eureka,6,Primera,15740.0,874.0,0.3732,5873.7,254.13,1492683.38,0.2648,USD,Cobrado,Cumplido
2023-04-05,2023,PED-2023-00190,El Paraíso,EP-04,Génova,Fischer Import GmbH,Exportación,Alemania,Trader Golfo,Limón Génova,7,Segunda,4559.0,253.0,0.332,1513.7,255.82,387234.73,0.2071,USD,Cobrado,Cumplido
2023-04-05,2023,PED-2023-00205,Los Álamos,LA-01,Eureka,Fischer Import GmbH,Exportación,Alemania,Exportación Directa,Limón Eureka,4,Primera,15021.0,834.0,0.4231,6355.14,263.82,1676613.03,0.2209,USD,Cobrado,Cumplido
2023-04-05,2023,PED-2023-00208,Los Álamos,LA-02,Lisbon,Fischer Import GmbH,Exportación,Alemania,Trader Golfo,Limón Lisbon,5,Primera,9037.0,502.0,0.3995,3609.86,252.18,910334.49,0.2789,USD,Cobrado,Parcial
2023-04-05,2023,PED-2023-00214,Río Ancho,RA-01,Eureka,Fischer Import GmbH,Exportación,Alemania,Exportación Directa,Limón Eureka,3,Primera,12838.0,713.0,0.4012,5150.71,255.41,1315542.84,0.2578,USD,Pendiente,Cumplido
2023-04-05,2023,PED-2023-00227,San Cayetano,SC-02,Lisbon,Fischer Import GmbH,Exportación,Alemania,Trader Golfo,Limón Lisbon,6,Primera,9773.0,543.0,0.3843,3756.03,255.14,958313.49,0.213,USD,Pendiente,Parcial
2023-04-05,2023,PED-2023-00187,El Paraíso,EP-03,Lisbon,Medifresh SA,Exportación,España,Programa Retail UE,Limón Lisbon,6,Extra,8343.0,464.0,0.3593,2998.05,249.28,747353.9,0.3071,USD,Cobrado,Parcial
2023-04-05,2023,PED-2023-00199,La Esperanza,LE-03,Lisbon,Medifresh SA,Exportación,España,Exportación Directa,Limón Lisbon,4,Primera,13256.0,736.0,0.3752,4973.06,253.65,1261416.67,0.1832,USD,Cobrado,Cumplido
2023-04-05,2023,PED-2023-00218,Río Ancho,RA-02,Lisbon,Medifresh SA,Exportación,España,Exportación Directa,Limón Lisbon,4,Segunda,14638.0,813.0,0.3507,5133.66,262.73,1348766.49,0.2427,USD,Cobrado,Cumplido
2023-04-05,2023,PED-2023-00221,Río Ancho,RA-03,Génova,Medifresh SA,Exportación,España,Programa Retail UE,Limón Génova,5,Segunda,7568.0,420.0,0.3451,2611.49,257.17,671596.88,0.2451,USD,Cobrado,Cumplido
2023-04-05,2023,PED-2023-00189,El Paraíso,EP-03,Lisbon,Citromax SA,Industria,Tucumán,Contrato Industria,Limón Industria,6,Extra,2538.0,141.0,0.0747,189.5,249.28,47238.56,0.0372,ARS,Cobrado,Cumplido
2023-04-05,2023,PED-2023-00195,La Esperanza,LE-01,Eureka,Citromax SA,Industria,Tucumán,Contrato Industria,Limón Industria,5,Primera,5751.0,320.0,0.0752,432.28,261.43,113010.96,0.079,ARS,Cobrado,Cumplido
2023-04-05,2023,PED-2023-00198,La Esperanza,LE-02,Eureka,Citromax SA,Industria,Tucumán,Contrato Industria,Limón Industria,4,Segunda,5476.0,304.0,0.0721,394.59,255.65,100876.93,0.0591,ARS,Cobrado,Cumplido
2023-04-05,2023,PED-2023-00201,La Esperanza,LE-03,Lisbon,Citromax SA,Industria,Tucumán,Contrato Industria,Limón Industria,4,Primera,4682.0,260.0,0.0754,353.14,253.65,89573.96,0.0843,ARS,Cobrado,Cumplido
2023-04-05,2023,PED-2023-00204,La Esperanza,LE-04,Génova,Citromax SA,Industria,Tucumán,Contrato Industria,Limón Industria,7,Primera,3596.0,200.0,0.0708,254.62,254.82,64882.27,0.0427,ARS,Cobrado,Cumplido
2023-04-05,2023,PED-2023-00207,Los Álamos,LA-01,Eureka,Citromax SA,Industria,Tucumán,Mercado Industrial,Limón Industria,4,Primera,4648.0,258.0,0.0775,360.31,263.82,95056.98,0.0399,ARS,Cobrado,Cumplido
2023-04-05,2023,PED-2023-00220,Río Ancho,RA-02,Lisbon,Citromax SA,Industria,Tucumán,Contrato Industria,Limón Industria,4,Segunda,6698.0,372.0,0.0717,480.14,262.73,126147.18,0.0811,ARS,Cobrado,Cumplido
2023-04-05,2023,PED-2023-00226,San Cayetano,SC-01,Eureka,Citromax SA,Industria,Tucumán,Contrato Industria,Limón Industria,3,Primera,6042.0,336.0,0.082,495.66,258.48,128118.2,0.0793,ARS,Cobrado,Cumplido
2023-04-05,2023,PED-2023-00183,El Paraíso,EP-01,Eureka,Frutales Tucumán SRL,Industria,Tucumán,Mercado Industrial,Limón Industria,3,Primera,3786.0,210.0,0.0741,280.41,247.37,69365.02,0.0894,ARS,Cobrado,Cumplido
2023-04-05,2023,PED-2023-00186,El Paraíso,EP-02,Eureka,Frutales Tucumán SRL,Industria,Tucumán,Contrato Industria,Limón Industria,6,Primera,4334.0,241.0,0.067,290.17,254.13,73740.9,0.0494,ARS,Cobrado,Cumplido
2023-04-05,2023,PED-2023-00192,El Paraíso,EP-04,Génova,Frutales Tucumán SRL,Industria,Tucumán,Contrato Industria,Limón Industria,7,Segunda,2214.0,123.0,0.0592,130.96,255.82,33502.19,0.0722,ARS,Cobrado,Cumplido
2023-04-05,2023,PED-2023-00210,Los Álamos,LA-02,Lisbon,Frutales Tucumán SRL,Industria,Tucumán,Mercado Industrial,Limón Industria,5,Primera,3314.0,184.0,0.0704,233.24,252.18,58818.46,0.0628,ARS,Cobrado,Cumplido
2023-04-05,2023,PED-2023-00213,Los Álamos,LA-03,Génova,Frutales Tucumán SRL,Industria,Tucumán,Contrato Industria,Limón Industria,3,Primera,2828.0,157.0,0.0742,209.93,251.81,52862.47,0.083,ARS,Pendiente,Cumplido
2023-04-05,2023,PED-2023-00217,Río Ancho,RA-01,Eureka,Frutales Tucumán SRL,Industria,Tucumán,Contrato Industria,Limón Industria,3,Primera,8335.0,463.0,0.0733,610.79,255.41,156001.87,0.0813,ARS,Cobrado,Cumplido
2023-04-05,2023,PED-2023-00223,Río Ancho,RA-03,Génova,Frutales Tucumán SRL,Industria,Tucumán,Contrato Industria,Limón Industria,5,Segunda,2898.0,161.0,0.064,185.58,257.17,47725.61,0.0554,ARS,Pendiente,Parcial
2023-04-05,2023,PED-2023-00229,San Cayetano,SC-02,Lisbon,Frutales Tucumán SRL,Industria,Tucumán,Contrato Industria,Limón Industria,6,Primera,4164.0,231.0,0.0624,259.88,255.14,66305.78,0.0597,ARS,Cobrado,Cumplido
2023-04-05,2023,PED-2023-00232,San Cayetano,SC-03,Génova,Frutales Tucumán SRL,Industria,Tucumán,Mercado Industrial,Limón Industria,5,Primera,2985.0,166.0,0.0696,207.87,256.31,53279.16,0.0787,ARS,Cobrado,Cumplido
2023-04-05,2023,PED-2023-00185,El Paraíso,EP-02,Eureka,Central de Frutas SA,Mercado Interno,Buenos Aires,Retail Nacional,Limón Eureka,6,Primera,6916.0,384.0,0.2345,1621.66,254.13,412112.46,0.1354,ARS,Cobrado,Cumplido
2023-04-05,2023,PED-2023-00191,El Paraíso,EP-04,Génova,Central de Frutas SA,Mercado Interno,Buenos Aires,Distribuidor Regional,Limón Génova,7,Segunda,2702.0,150.0,0.2138,577.64,255.82,147771.86,0.1356,ARS,Cobrado,Cumplido
2023-04-05,2023,PED-2023-00200,La Esperanza,LE-03,Lisbon,Central de Frutas SA,Mercado Interno,Buenos Aires,Retail Nacional,Limón Lisbon,4,Primera,3853.0,214.0,0.2546,980.81,253.65,248782.46,0.1201,ARS,Cobrado,Cumplido
2023-04-05,2023,PED-2023-00231,San Cayetano,SC-03,Génova,Central de Frutas SA,Mercado Interno,Buenos Aires,Distribuidor Regional,Limón Génova,5,Primera,3343.0,186.0,0.2262,756.34,256.31,193857.51,0.1747,ARS,Pendiente,Cumplido
2023-04-05,2023,PED-2023-00209,Los Álamos,LA-02,Lisbon,Frutales del Norte SRL,Mercado Interno,Salta,Distribuidor Regional,Limón Lisbon,5,Primera,3614.0,201.0,0.216,780.51,252.18,196829.01,0.1394,ARS,Cobrado,Cumplido
2023-04-05,2023,PED-2023-00182,El Paraíso,EP-01,Eureka,La Morenita SA,Mercado Interno,Tucumán,Distribuidor Regional,Limón Eureka,3,Primera,6014.0,334.0,0.2307,1387.67,247.37,343267.93,0.1581,ARS,Cobrado,Cumplido
2023-04-05,2023,PED-2023-00188,El Paraíso,EP-03,Lisbon,La Morenita SA,Mercado Interno,Tucumán,Mercado Central,Limón Lisbon,6,Extra,3058.0,170.0,0.2175,665.09,249.28,165793.64,0.1761,ARS,Cobrado,Cumplido
2023-04-05,2023,PED-2023-00197,La Esperanza,LE-02,Eureka,La Morenita SA,Mercado Interno,Tucumán,Mercado Central,Limón Eureka,4,Segunda,6385.0,355.0,0.2116,1351.18,255.65,345429.17,0.1525,ARS,Cobrado,Cumplido
2023-04-05,2023,PED-2023-00203,La Esperanza,LE-04,Génova,La Morenita SA,Mercado Interno,Tucumán,Mercado Central,Limón Génova,7,Primera,3176.0,176.0,0.2122,674.05,254.82,171761.42,0.1132,ARS,Cobrado,Cumplido
2023-04-05,2023,PED-2023-00206,Los Álamos,LA-01,Eureka,La Morenita SA,Mercado Interno,Tucumán,Mercado Central,Limón Eureka,4,Primera,6435.0,358.0,0.233,1499.53,263.82,395606.0,0.1489,ARS,Cobrado,Cumplido
2023-04-05,2023,PED-2023-00212,Los Álamos,LA-03,Génova,La Morenita SA,Mercado Interno,Tucumán,Distribuidor Regional,Limón Génova,3,Primera,2346.0,130.0,0.2418,567.32,251.81,142856.85,0.1441,ARS,Cobrado,Cumplido
2023-04-05,2023,PED-2023-00216,Río Ancho,RA-01,Eureka,La Morenita SA,Mercado Interno,Tucumán,Retail Nacional,Limón Eureka,3,Primera,10271.0,571.0,0.2405,2469.75,255.41,630798.85,0.1476,ARS,Cobrado,Parcial
2023-04-05,2023,PED-2023-00228,San Cayetano,SC-02,Lisbon,La Morenita SA,Mercado Interno,Tucumán,Mercado Central,Limón Lisbon,6,Primera,4957.0,275.0,0.2151,1066.33,255.14,272063.44,0.1908,ARS,Vencido,Cumplido
2023-04-05,2023,PED-2023-00194,La Esperanza,LE-01,Eureka,Supermercados Norte SA,Mercado Interno,Tucumán,Mercado Central,Limón Eureka,5,Primera,8319.0,462.0,0.2076,1727.26,261.43,451557.58,0.1727,ARS,Cobrado,Parcial
2023-04-05,2023,PED-2023-00219,Río Ancho,RA-02,Lisbon,Supermercados Norte SA,Mercado Interno,Tucumán,Mercado Central,Limón Lisbon,4,Segunda,8086.0,449.0,0.1968,1591.08,262.73,418024.45,0.1881,ARS,Cobrado,Cumplido
2023-04-05,2023,PED-2023-00222,Río Ancho,RA-03,Génova,Supermercados Norte SA,Mercado Interno,Tucumán,Retail Nacional,Limón Génova,5,Segunda,2919.0,162.0,0.1936,565.26,257.17,145367.91,0.179,ARS,Cobrado,Cumplido
2023-04-05,2023,PED-2023-00225,San Cayetano,SC-01,Eureka,Supermercados Norte SA,Mercado Interno,Tucumán,Distribuidor Regional,Limón Eureka,3,Primera,6117.0,340.0,0.2309,1412.48,258.48,365097.83,0.1707,ARS,Cobrado,Cumplido
2023-04-12,2023,PED-2023-00233,El Paraíso,EP-01,Eureka,Al Salam Trading,Exportación,Emiratos Árabes,Exportación Directa,Limón Eureka,5,Extra,15132.0,841.0,0.3719,5628.32,256.47,1443495.23,0.291,USD,Cobrado,Cumplido
2023-04-12,2023,PED-2023-00239,El Paraíso,EP-03,Lisbon,Al Salam Trading,Exportación,Emiratos Árabes,Trader Golfo,Limón Lisbon,4,Segunda,9566.0,531.0,0.3238,3097.36,258.11,799459.59,0.2555,USD,Cobrado,Cumplido
2023-04-12,2023,PED-2023-00242,El Paraíso,EP-04,Génova,Al Salam Trading,Exportación,Emiratos Árabes,Programa Retail UE,Limón Génova,6,Primera,6668.0,370.0,0.3305,2203.93,257.57,567666.25,0.2156,USD,Cobrado,Cumplido
2023-04-12,2023,PED-2023-00245,La Esperanza,LE-01,Eureka,Al Salam Trading,Exportación,Emiratos Árabes,Trader Golfo,Limón Eureka,6,Primera,20374.0,1132.0,0.3451,7031.07,258.09,1814648.86,0.2984,USD,Cobrado,Cumplido
2023-04-12,2023,PED-2023-00248,La Esperanza,LE-02,Eureka,Al Salam Trading,Exportación,Emiratos Árabes,Trader Golfo,Limón Eureka,7,Extra,19364.0,1076.0,0.326,6312.83,245.99,1552893.05,0.2925,USD,Cobrado,Cumplido
2023-04-12,2023,PED-2023-00266,Río Ancho,RA-01,Eureka,Al Salam Trading,Exportación,Emiratos Árabes,Programa Retail UE,Limón Eureka,2,Primera,2658.0,148.0,0.365,970.06,265.07,257133.8,0.2068,USD,Cobrado,Cumplido
2023-04-12,2023,PED-2023-00279,San Cayetano,SC-02,Lisbon,Al Salam Trading,Exportación,Emiratos Árabes,Trader Golfo,Limón Lisbon,4,Extra,10388.0,577.0,0.3626,3766.43,265.33,999346.87,0.2883,USD,Vencido,Cumplido
2023-04-12,2023,PED-2023-00236,El Paraíso,EP-02,Eureka,Citrus World Ltd,Exportación,Reino Unido,Programa Retail UE,Limón Eureka,3,Primera,19112.0,1062.0,0.42,8026.14,263.12,2111837.96,0.2836,USD,Cobrado,Cumplido
2023-04-12,2023,PED-2023-00270,Río Ancho,RA-02,Lisbon,Citrus World Ltd,Exportación,Reino Unido,Trader Golfo,Limón Lisbon,7,Primera,12782.0,710.0,0.3495,4467.65,250.05,1117135.88,0.205,USD,Cobrado,Cumplido
2023-04-12,2023,PED-2023-00273,Río Ancho,RA-03,Génova,Citrus World Ltd,Exportación,Reino Unido,Exportación Directa,Limón Génova,4,Extra,7880.0,438.0,0.413,3254.29,245.15,797789.19,0.2908,USD,Cobrado,Cumplido
2023-04-12,2023,PED-2023-00251,La Esperanza,LE-03,Lisbon,Fischer Import GmbH,Exportación,Alemania,Trader Golfo,Limón Lisbon,3,Primera,11662.0,648.0,0.4028,4697.46,256.13,1203160.43,0.2027,USD,Cobrado,Cumplido
2023-04-12,2023,PED-2023-00254,La Esperanza,LE-04,Génova,Fischer Import GmbH,Exportación,Alemania,Trader Golfo,Limón Génova,7,Primera,8564.0,476.0,0.3756,3216.59,264.49,850755.89,0.2883,USD,Cobrado,Cumplido
2023-04-12,2023,PED-2023-00263,Los Álamos,LA-03,Génova,Fischer Import GmbH,Exportación,Alemania,Trader Golfo,Limón Génova,6,Segunda,5228.0,290.0,0.3816,1994.96,261.69,522061.08,0.1647,USD,Cobrado,Cumplido
2023-04-12,2023,PED-2023-00282,San Cayetano,SC-03,Génova,Fischer Import GmbH,Exportación,Alemania,Trader Golfo,Limón Génova,3,Segunda,6565.0,365.0,0.3777,2479.53,258.6,641206.46,0.1541,USD,Cobrado,Cumplido
2023-04-12,2023,PED-2023-00257,Los Álamos,LA-01,Eureka,Medifresh SA,Exportación,España,Exportación Directa,Limón Eureka,6,Primera,14148.0,786.0,0.3406,4819.17,261.09,1258237.1,0.2602,USD,Cobrado,Cumplido
2023-04-12,2023,PED-2023-00260,Los Álamos,LA-02,Lisbon,Medifresh SA,Exportación,España,Programa Retail UE,Limón Lisbon,4,Extra,9915.0,551.0,0.3764,3731.98,258.16,963447.96,0.283,USD,Cobrado,Cumplido
2023-04-12,2023,PED-2023-00267,Río Ancho,RA-01,Eureka,Medifresh SA,Exportación,España,Trader Golfo,Limón Eureka,2,Primera,24879.0,1382.0,0.3868,9623.09,265.07,2550792.47,0.1899,USD,Cobrado,Cumplido
2023-04-12,2023,PED-2023-00276,San Cayetano,SC-01,Eureka,Medifresh SA,Exportación,España,Trader Golfo,Limón Eureka,4,Primera,18703.0,1039.0,0.35,6545.26,251.93,1648947.35,0.2117,USD,Cobrado,Cumplido
2023-04-12,2023,PED-2023-00235,El Paraíso,EP-01,Eureka,Citromax SA,Industria,Tucumán,Contrato Industria,Limón Industria,5,Extra,3994.0,222.0,0.0807,322.16,256.47,82624.38,0.0707,ARS,Cobrado,Cumplido
2023-04-12,2023,PED-2023-00241,El Paraíso,EP-03,Lisbon,Citromax SA,Industria,Tucumán,Mercado Industrial,Limón Industria,4,Segunda,3128.0,174.0,0.0754,235.92,258.11,60893.31,0.0443,ARS,Cobrado,Cumplido
2023-04-12,2023,PED-2023-00247,La Esperanza,LE-01,Eureka,Citromax SA,Industria,Tucumán,Mercado Industrial,Limón Industria,6,Primera,5793.0,322.0,0.0733,424.63,258.09,109592.76,0.0674,ARS,Cobrado,Cumplido
2023-04-12,2023,PED-2023-00250,La Esperanza,LE-02,Eureka,Citromax SA,Industria,Tucumán,Mercado Industrial,Limón Industria,7,Extra,5252.0,292.0,0.0689,362.02,245.99,89053.3,0.0789,ARS,Cobrado,Cumplido
2023-04-12,2023,PED-2023-00253,La Esperanza,LE-03,Lisbon,Citromax SA,Industria,Tucumán,Contrato Industria,Limón Industria,3,Primera,3885.0,216.0,0.0781,303.52,256.13,77740.58,0.0479,ARS,Cobrado,Cumplido
2023-04-12,2023,PED-2023-00259,Los Álamos,LA-01,Eureka,Citromax SA,Industria,Tucumán,Mercado Industrial,Limón Industria,6,Primera,4876.0,271.0,0.0725,353.44,261.09,92279.65,0.0463,ARS,Cobrado,Cumplido
2023-04-12,2023,PED-2023-00265,Los Álamos,LA-03,Génova,Citromax SA,Industria,Tucumán,Contrato Industria,Limón Industria,6,Segunda,2472.0,137.0,0.0656,162.16,261.69,42435.65,0.0682,ARS,Cobrado,Cumplido
2023-04-12,2023,PED-2023-00275,Río Ancho,RA-03,Génova,Citromax SA,Industria,Tucumán,Contrato Industria,Limón Industria,4,Extra,3400.0,189.0,0.0838,284.94,245.15,69853.04,0.0788,ARS,Pendiente,Cumplido
2023-04-12,2023,PED-2023-00278,San Cayetano,SC-01,Eureka,Citromax SA,Industria,Tucumán,Contrato Industria,Limón Industria,4,Primera,5667.0,315.0,0.0747,423.4,251.93,106667.16,0.054,ARS,Cobrado,Cumplido
2023-04-12,2023,PED-2023-00238,El Paraíso,EP-02,Eureka,Frutales Tucumán SRL,Industria,Tucumán,Mercado Industrial,Limón Industria,3,Primera,4586.0,255.0,0.0709,325.28,263.12,85587.67,0.0802,ARS,Cobrado,Cumplido
2023-04-12,2023,PED-2023-00244,El Paraíso,EP-04,Génova,Frutales Tucumán SRL,Industria,Tucumán,Mercado Industrial,Limón Industria,6,Primera,2158.0,120.0,0.0674,145.52,257.57,37481.59,0.0591,ARS,Cobrado,Cumplido
2023-04-12,2023,PED-2023-00256,La Esperanza,LE-04,Génova,Frutales Tucumán SRL,Industria,Tucumán,Mercado Industrial,Limón Industria,7,Primera,3148.0,175.0,0.0613,193.01,264.49,51049.21,0.0843,ARS,Cobrado,Parcial
2023-04-12,2023,PED-2023-00262,Los Álamos,LA-02,Lisbon,Frutales Tucumán SRL,Industria,Tucumán,Contrato Industria,Limón Industria,4,Extra,2954.0,164.0,0.0707,208.81,258.16,53906.39,0.0501,ARS,Cobrado,Cumplido
2023-04-12,2023,PED-2023-00269,Río Ancho,RA-01,Eureka,Frutales Tucumán SRL,Industria,Tucumán,Contrato Industria,Limón Industria,2,Primera,8356.0,464.0,0.0765,639.24,265.07,169443.35,0.0596,ARS,Pendiente,Cumplido
2023-04-12,2023,PED-2023-00272,Río Ancho,RA-02,Lisbon,Frutales Tucumán SRL,Industria,Tucumán,Contrato Industria,Limón Industria,7,Primera,5119.0,284.0,0.0612,313.07,250.05,78283.15,0.0484,ARS,Cobrado,Cumplido
2023-04-12,2023,PED-2023-00281,San Cayetano,SC-02,Lisbon,Frutales Tucumán SRL,Industria,Tucumán,Mercado Industrial,Limón Industria,4,Extra,3896.0,216.0,0.0734,286.03,265.33,75892.34,0.0454,ARS,Cobrado,Cumplido
2023-04-12,2023,PED-2023-00284,San Cayetano,SC-03,Génova,Frutales Tucumán SRL,Industria,Tucumán,Mercado Industrial,Limón Industria,3,Segunda,3949.0,219.0,0.0664,262.2,258.6,67804.92,0.0376,ARS,Cobrado,Parcial
2023-04-12,2023,PED-2023-00237,El Paraíso,EP-02,Eureka,Central de Frutas SA,Mercado Interno,Buenos Aires,Distribuidor Regional,Limón Eureka,3,Primera,6998.0,389.0,0.2368,1656.9,263.12,435963.53,0.1315,ARS,Cobrado,Cumplido
2023-04-12,2023,PED-2023-00243,El Paraíso,EP-04,Génova,Central de Frutas SA,Mercado Interno,Buenos Aires,Distribuidor Regional,Limón Génova,6,Primera,2211.0,123.0,0.2146,474.48,257.57,122211.81,0.1216,ARS,Cobrado,Cumplido
2023-04-12,2023,PED-2023-00249,La Esperanza,LE-02,Eureka,Central de Frutas SA,Mercado Interno,Buenos Aires,Mercado Central,Limón Eureka,7,Extra,5768.0,320.0,0.216,1245.62,245.99,306410.06,0.1532,ARS,Cobrado,Cumplido
2023-04-12,2023,PED-2023-00252,La Esperanza,LE-03,Lisbon,Central de Frutas SA,Mercado Interno,Buenos Aires,Mercado Central,Limón Lisbon,3,Primera,4215.0,234.0,0.2508,1057.25,256.13,270793.44,0.205,ARS,Cobrado,Cumplido
2023-04-12,2023,PED-2023-00255,La Esperanza,LE-04,Génova,Central de Frutas SA,Mercado Interno,Buenos Aires,Retail Nacional,Limón Génova,7,Primera,3397.0,189.0,0.2051,696.6,264.49,184243.73,0.1437,ARS,Cobrado,Cumplido
2023-04-12,2023,PED-2023-00258,Los Álamos,LA-01,Eureka,Central de Frutas SA,Mercado Interno,Buenos Aires,Mercado Central,Limón Eureka,6,Primera,7483.0,416.0,0.2191,1639.79,261.09,428132.77,0.1264,ARS,Cobrado,Cumplido
2023-04-12,2023,PED-2023-00261,Los Álamos,LA-02,Lisbon,Central de Frutas SA,Mercado Interno,Buenos Aires,Retail Nacional,Limón Lisbon,4,Extra,3885.0,216.0,0.2521,979.24,258.16,252800.6,0.1952,ARS,Cobrado,Cumplido
2023-04-12,2023,PED-2023-00264,Los Álamos,LA-03,Génova,Central de Frutas SA,Mercado Interno,Buenos Aires,Distribuidor Regional,Limón Génova,6,Segunda,2777.0,154.0,0.2127,590.59,261.69,154551.5,0.1087,ARS,Cobrado,Cumplido
2023-04-12,2023,PED-2023-00268,Río Ancho,RA-01,Eureka,Central de Frutas SA,Mercado Interno,Buenos Aires,Retail Nacional,Limón Eureka,2,Primera,6705.0,372.0,0.2471,1656.95,265.07,439207.74,0.1411,ARS,Cobrado,Cumplido
2023-04-12,2023,PED-2023-00274,Río Ancho,RA-03,Génova,Central de Frutas SA,Mercado Interno,Buenos Aires,Mercado Central,Limón Génova,4,Extra,2096.0,116.0,0.2447,512.85,245.15,125725.18,0.1618,ARS,Cobrado,Cumplido
2023-04-12,2023,PED-2023-00234,El Paraíso,EP-01,Eureka,Frutales del Norte SRL,Mercado Interno,Salta,Distribuidor Regional,Limón Eureka,5,Extra,6062.0,337.0,0.2175,1318.26,256.47,338094.14,0.1594,ARS,Pendiente,Cumplido
2023-04-12,2023,PED-2023-00277,San Cayetano,SC-01,Eureka,Frutales del Norte SRL,Mercado Interno,Salta,Mercado Central,Limón Eureka,4,Primera,8088.0,449.0,0.2101,1699.3,251.93,428104.65,0.1958,ARS,Cobrado,Cumplido
2023-04-12,2023,PED-2023-00240,El Paraíso,EP-03,Lisbon,La Morenita SA,Mercado Interno,Tucumán,Retail Nacional,Limón Lisbon,4,Segunda,3423.0,190.0,0.2083,712.98,258.11,184027.27,0.1013,ARS,Vencido,Cumplido
2023-04-12,2023,PED-2023-00280,San Cayetano,SC-02,Lisbon,La Morenita SA,Mercado Interno,Tucumán,Retail Nacional,Limón Lisbon,4,Extra,2528.0,140.0,0.2409,609.1,265.33,161612.5,0.1429,ARS,Cobrado,Cumplido
2023-04-12,2023,PED-2023-00283,San Cayetano,SC-03,Génova,La Morenita SA,Mercado Interno,Tucumán,Mercado Central,Limón Génova,3,Segunda,3492.0,194.0,0.2166,756.42,258.6,195610.21,0.1201,ARS,Cobrado,Cumplido
2023-04-12,2023,PED-2023-00246,La Esperanza,LE-01,Eureka,Supermercados Norte SA,Mercado Interno,Tucumán,Mercado Central,Limón Eureka,6,Primera,9252.0,514.0,0.2165,2002.79,258.09,516900.07,0.142,ARS,Cobrado,Cumplido
2023-04-12,2023,PED-2023-00271,Río Ancho,RA-02,Lisbon,Supermercados Norte SA,Mercado Interno,Tucumán,Mercado Central,Limón Lisbon,7,Primera,5664.0,315.0,0.1897,1074.62,250.05,268708.73,0.1204,ARS,Pendiente,Cumplido
2023-04-19,2023,PED-2023-00285,El Paraíso,EP-01,Eureka,Al Salam Trading,Exportación,Emiratos Árabes,Trader Golfo,Limón Eureka,3,Primera,15472.0,860.0,0.3614,5591.84,267.45,1495537.61,0.2729,USD,Pendiente,Cumplido
2023-04-19,2023,PED-2023-00305,La Esperanza,LE-04,Génova,Al Salam Trading,Exportación,Emiratos Árabes,Programa Retail UE,Limón Génova,5,Extra,8568.0,476.0,0.3581,3068.23,260.97,800715.98,0.2136,USD,Cobrado,Parcial
2023-04-19,2023,PED-2023-00311,Los Álamos,LA-02,Lisbon,Al Salam Trading,Exportación,Emiratos Árabes,Exportación Directa,Limón Lisbon,4,Primera,9015.0,501.0,0.3543,3193.59,263.33,840968.05,0.2913,USD,Cobrado,Cumplido
2023-04-19,2023,PED-2023-00314,Los Álamos,LA-03,Génova,Al Salam Trading,Exportación,Emiratos Árabes,Trader Golfo,Limón Génova,5,Primera,5525.0,307.0,0.349,1928.3,257.73,496980.76,0.1872,USD,Cobrado,Cumplido
2023-04-19,2023,PED-2023-00294,El Paraíso,EP-04,Génova,Citrus World Ltd,Exportación,Reino Unido,Programa Retail UE,Limón Génova,4,Primera,5323.0,296.0,0.3754,1998.38,259.86,519299.03,0.2113,USD,Pendiente,Parcial
2023-04-19,2023,PED-2023-00302,La Esperanza,LE-03,Lisbon,Citrus World Ltd,Exportación,Reino Unido,Programa Retail UE,Limón Lisbon,5,Segunda,11346.0,630.0,0.3813,4325.72,261.94,1133079.1,0.1612,USD,Cobrado,Cumplido
2023-04-19,2023,PED-2023-00317,Río Ancho,RA-01,Eureka,Citrus World Ltd,Exportación,Reino Unido,Exportación Directa,Limón Eureka,7,Primera,23627.0,1313.0,0.3352,7919.07,256.65,2032429.32,0.3067,USD,Pendiente,Parcial
2023-04-19,2023,PED-2023-00323,Río Ancho,RA-03,Génova,Citrus World Ltd,Exportación,Reino Unido,Programa Retail UE,Limón Génova,4,Primera,6746.0,375.0,0.3725,2512.99,261.62,657448.44,0.3073,USD,Cobrado,Cumplido
2023-04-19,2023,PED-2023-00326,San Cayetano,SC-01,Eureka,Citrus World Ltd,Exportación,Reino Unido,Exportación Directa,Limón Eureka,4,Primera,16488.0,916.0,0.3858,6361.68,264.9,1685209.03,0.2041,USD,Cobrado,Cumplido
2023-04-19,2023,PED-2023-00332,San Cayetano,SC-03,Génova,Citrus World Ltd,Exportación,Reino Unido,Programa Retail UE,Limón Génova,4,Extra,8403.0,467.0,0.4146,3483.95,262.32,913909.76,0.322,USD,Pendiente,Parcial
2023-04-19,2023,PED-2023-00288,El Paraíso,EP-02,Eureka,Fischer Import GmbH,Exportación,Alemania,Programa Retail UE,Limón Eureka,7,Primera,14924.0,829.0,0.3507,5233.64,262.5,1373830.5,0.309,USD,Cobrado,Cumplido
2023-04-19,2023,PED-2023-00296,La Esperanza,LE-01,Eureka,Fischer Import GmbH,Exportación,Alemania,Trader Golfo,Limón Eureka,2,Primera,18926.0,1051.0,0.4327,8189.74,257.79,2111233.07,0.2827,USD,Pendiente,Cumplido
2023-04-19,2023,PED-2023-00291,El Paraíso,EP-03,Lisbon,Medifresh SA,Exportación,España,Programa Retail UE,Limón Lisbon,2,Extra,10272.0,571.0,0.4291,4407.53,255.86,1127710.63,0.3273,USD,Cobrado,Cumplido
2023-04-19,2023,PED-2023-00299,La Esperanza,LE-02,Eureka,Medifresh SA,Exportación,España,Trader Golfo,Limón Eureka,3,Primera,16839.0,936.0,0.3927,6613.1,267.15,1766689.66,0.2995,USD,Cobrado,Cumplido
2023-04-19,2023,PED-2023-00308,Los Álamos,LA-01,Eureka,Medifresh SA,Exportación,España,Programa Retail UE,Limón Eureka,3,Primera,16426.0,913.0,0.3863,6345.79,259.81,1648699.7,0.2619,USD,Cobrado,Cumplido
2023-04-19,2023,PED-2023-00320,Río Ancho,RA-02,Lisbon,Medifresh SA,Exportación,España,Exportación Directa,Limón Lisbon,4,Primera,13537.0,752.0,0.3569,4831.84,260.69,1259612.37,0.2995,USD,Cobrado,Cumplido
2023-04-19,2023,PED-2023-00329,San Cayetano,SC-02,Lisbon,Medifresh SA,Exportación,España,Trader Golfo,Limón Lisbon,4,Primera,11793.0,655.0,0.3883,4579.55,270.81,1240187.94,0.2874,USD,Cobrado,Cumplido
2023-04-19,2023,PED-2023-00290,El Paraíso,EP-02,Eureka,Citromax SA,Industria,Tucumán,Contrato Industria,Limón Industria,7,Primera,3945.0,219.0,0.0693,273.53,262.5,71801.62,0.038,ARS,Cobrado,Cumplido
2023-04-19,2023,PED-2023-00293,El Paraíso,EP-03,Lisbon,Citromax SA,Industria,Tucumán,Mercado Industrial,Limón Industria,2,Extra,2863.0,159.0,0.081,231.86,255.86,59323.7,0.0879,ARS,Cobrado,Cumplido
2023-04-19,2023,PED-2023-00307,La Esperanza,LE-04,Génova,Citromax SA,Industria,Tucumán,Contrato Industria,Limón Industria,5,Extra,2691.0,150.0,0.0817,219.75,260.97,57348.16,0.0309,ARS,Cobrado,Cumplido
2023-04-19,2023,PED-2023-00310,Los Álamos,LA-01,Eureka,Citromax SA,Industria,Tucumán,Mercado Industrial,Limón Industria,3,Primera,4860.0,270.0,0.0818,397.32,259.81,103227.71,0.0862,ARS,Cobrado,Cumplido
2023-04-19,2023,PED-2023-00313,Los Álamos,LA-02,Lisbon,Citromax SA,Industria,Tucumán,Mercado Industrial,Limón Industria,4,Primera,3348.0,186.0,0.0786,263.22,263.33,69313.72,0.0367,ARS,Cobrado,Cumplido
2023-04-19,2023,PED-2023-00316,Los Álamos,LA-03,Génova,Citromax SA,Industria,Tucumán,Mercado Industrial,Limón Industria,5,Primera,2490.0,138.0,0.0721,179.63,257.73,46296.04,0.0837,ARS,Pendiente,Parcial
2023-04-19,2023,PED-2023-00319,Río Ancho,RA-01,Eureka,Citromax SA,Industria,Tucumán,Contrato Industria,Limón Industria,7,Primera,6728.0,374.0,0.0715,480.81,256.65,123399.89,0.0587,ARS,Cobrado,Cumplido
2023-04-19,2023,PED-2023-00331,San Cayetano,SC-02,Lisbon,Citromax SA,Industria,Tucumán,Contrato Industria,Limón Industria,4,Primera,4230.0,235.0,0.0808,341.6,270.81,92508.7,0.0379,ARS,Cobrado,Cumplido
2023-04-19,2023,PED-2023-00287,El Paraíso,EP-01,Eureka,Frutales Tucumán SRL,Industria,Tucumán,Mercado Industrial,Limón Industria,3,Primera,3029.0,168.0,0.0723,219.1,267.45,58598.3,0.0558,ARS,Pendiente,Cumplido
2023-04-19,2023,PED-2023-00295,El Paraíso,EP-04,Génova,Frutales Tucumán SRL,Industria,Tucumán,Mercado Industrial,Limón Industria,4,Primera,2304.0,128.0,0.0702,161.82,259.86,42050.55,0.0433,ARS,Cobrado,Cumplido
2023-04-19,2023,PED-2023-00298,La Esperanza,LE-01,Eureka,Frutales Tucumán SRL,Industria,Tucumán,Mercado Industrial,Limón Industria,2,Primera,4235.0,235.0,0.0713,301.89,257.79,77824.22,0.0325,ARS,Cobrado,Parcial
2023-04-19,2023,PED-2023-00301,La Esperanza,LE-02,Eureka,Frutales Tucumán SRL,Industria,Tucumán,Mercado Industrial,Limón Industria,3,Primera,4542.0,252.0,0.0688,312.56,267.15,83500.4,0.0404,ARS,Cobrado,Cumplido
2023-04-19,2023,PED-2023-00304,La Esperanza,LE-03,Lisbon,Frutales Tucumán SRL,Industria,Tucumán,Contrato Industria,Limón Industria,5,Segunda,4244.0,236.0,0.063,267.28,261.94,70011.32,0.0834,ARS,Cobrado,Cumplido
2023-04-19,2023,PED-2023-00322,Río Ancho,RA-02,Lisbon,Frutales Tucumán SRL,Industria,Tucumán,Mercado Industrial,Limón Industria,4,Primera,4823.0,268.0,0.0679,327.7,260.69,85428.11,0.0805,ARS,Cobrado,Cumplido
2023-04-19,2023,PED-2023-00325,Río Ancho,RA-03,Génova,Frutales Tucumán SRL,Industria,Tucumán,Contrato Industria,Limón Industria,4,Primera,3839.0,213.0,0.0695,266.82,261.62,69805.45,0.0443,ARS,Cobrado,Cumplido
2023-04-19,2023,PED-2023-00328,San Cayetano,SC-01,Eureka,Frutales Tucumán SRL,Industria,Tucumán,Contrato Industria,Limón Industria,4,Primera,5061.0,281.0,0.0669,338.38,264.9,89636.86,0.0377,ARS,Cobrado,Cumplido
2023-04-19,2023,PED-2023-00334,San Cayetano,SC-03,Génova,Frutales Tucumán SRL,Industria,Tucumán,Mercado Industrial,Limón Industria,4,Extra,3076.0,171.0,0.071,218.53,262.32,57324.79,0.0418,ARS,Cobrado,Cumplido
2023-04-19,2023,PED-2023-00306,La Esperanza,LE-04,Génova,Central de Frutas SA,Mercado Interno,Buenos Aires,Distribuidor Regional,Limón Génova,5,Extra,2157.0,120.0,0.2411,520.13,260.97,135738.33,0.1972,ARS,Cobrado,Parcial
2023-04-19,2023,PED-2023-00309,Los Álamos,LA-01,Eureka,Central de Frutas SA,Mercado Interno,Buenos Aires,Mercado Central,Limón Eureka,3,Primera,6909.0,384.0,0.2446,1690.16,259.81,439120.47,0.1432,ARS,Cobrado,Cumplido
2023-04-19,2023,PED-2023-00315,Los Álamos,LA-03,Génova,Central de Frutas SA,Mercado Interno,Buenos Aires,Mercado Central,Limón Génova,5,Primera,2026.0,113.0,0.236,478.13,257.73,123228.44,0.1437,ARS,Cobrado,Cumplido
2023-04-19,2023,PED-2023-00318,Río Ancho,RA-01,Eureka,Frutales del Norte SRL,Mercado Interno,Salta,Retail Nacional,Limón Eureka,7,Primera,9834.0,546.0,0.1872,1841.1,256.65,472518.31,0.1802,ARS,Vencido,Cumplido
2023-04-19,2023,PED-2023-00324,Río Ancho,RA-03,Génova,Frutales del Norte SRL,Mercado Interno,Salta,Mercado Central,Limón Génova,4,Primera,2009.0,112.0,0.2185,438.95,261.62,114838.1,0.1104,ARS,Pendiente,Cumplido
2023-04-19,2023,PED-2023-00286,El Paraíso,EP-01,Eureka,La Morenita SA,Mercado Interno,Tucumán,Distribuidor Regional,Limón Eureka,3,Primera,4632.0,257.0,0.2416,1118.87,267.45,299241.78,0.1971,ARS,Cobrado,Cumplido
2023-04-19,2023,PED-2023-00292,El Paraíso,EP-03,Lisbon,La Morenita SA,Mercado Interno,Tucumán,Mercado Central,Limón Lisbon,2,Extra,2864.0,159.0,0.2592,742.34,255.86,189935.11,0.1232,ARS,Cobrado,Cumplido
2023-04-19,2023,PED-2023-00297,La Esperanza,LE-01,Eureka,La Morenita SA,Mercado Interno,Tucumán,Distribuidor Regional,Limón Eureka,2,Primera,4398.0,244.0,0.2375,1044.39,257.79,269233.3,0.144,ARS,Pendiente,Cumplido
2023-04-19,2023,PED-2023-00312,Los Álamos,LA-02,Lisbon,La Morenita SA,Mercado Interno,Tucumán,Retail Nacional,Limón Lisbon,4,Primera,2718.0,151.0,0.2225,604.62,263.33,159214.58,0.127,ARS,Cobrado,Cumplido
2023-04-19,2023,PED-2023-00321,Río Ancho,RA-02,Lisbon,La Morenita SA,Mercado Interno,Tucumán,Retail Nacional,Limón Lisbon,4,Primera,3776.0,210.0,0.2436,919.75,260.69,239769.63,0.1974,ARS,Cobrado,Cumplido
2023-04-19,2023,PED-2023-00333,San Cayetano,SC-03,Génova,La Morenita SA,Mercado Interno,Tucumán,Retail Nacional,Limón Génova,4,Extra,2054.0,114.0,0.2508,515.23,262.32,135155.13,0.2148,ARS,Cobrado,Cumplido
2023-04-19,2023,PED-2023-00289,El Paraíso,EP-02,Eureka,Supermercados Norte SA,Mercado Interno,Tucumán,Distribuidor Regional,Limón Eureka,7,Primera,6379.0,354.0,0.1978,1261.92,262.5,331254.0,0.1972,ARS,Cobrado,Parcial
2023-04-19,2023,PED-2023-00300,La Esperanza,LE-02,Eureka,Supermercados Norte SA,Mercado Interno,Tucumán,Mercado Central,Limón Eureka,3,Primera,5765.0,320.0,0.2154,1241.52,267.15,331672.07,0.1689,ARS,Cobrado,Parcial
2023-04-19,2023,PED-2023-00303,La Esperanza,LE-03,Lisbon,Supermercados Norte SA,Mercado Interno,Tucumán,Distribuidor Regional,Limón Lisbon,5,Segunda,4423.0,246.0,0.2103,930.31,261.94,243685.4,0.1294,ARS,Cobrado,Cumplido
2023-04-19,2023,PED-2023-00327,San Cayetano,SC-01,Eureka,Supermercados Norte SA,Mercado Interno,Tucumán,Retail Nacional,Limón Eureka,4,Primera,7459.0,414.0,0.2175,1622.66,264.9,429842.63,0.1193,ARS,Cobrado,Cumplido
2023-04-19,2023,PED-2023-00330,San Cayetano,SC-02,Lisbon,Supermercados Norte SA,Mercado Interno,Tucumán,Distribuidor Regional,Limón Lisbon,4,Primera,4902.0,272.0,0.2138,1048.02,270.81,283814.3,0.1649,ARS,Cobrado,Cumplido
2023-04-26,2023,PED-2023-00347,La Esperanza,LE-01,Eureka,Al Salam Trading,Exportación,Emiratos Árabes,Programa Retail UE,Limón Eureka,4,Primera,17520.0,973.0,0.3676,6440.05,268.84,1731343.04,0.2228,USD,Cobrado,Cumplido
2023-04-26,2023,PED-2023-00356,La Esperanza,LE-04,Génova,Al Salam Trading,Exportación,Emiratos Árabes,Programa Retail UE,Limón Génova,4,Primera,8369.0,465.0,0.3445,2882.72,264.33,761989.38,0.3078,USD,Cobrado,Cumplido
2023-04-26,2023,PED-2023-00362,Los Álamos,LA-02,Lisbon,Al Salam Trading,Exportación,Emiratos Árabes,Exportación Directa,Limón Lisbon,5,Primera,8546.0,475.0,0.3566,3047.57,264.53,806173.69,0.222,USD,Cobrado,Cumplido
2023-04-26,2023,PED-2023-00369,Río Ancho,RA-01,Eureka,Al Salam Trading,Exportación,Emiratos Árabes,Trader Golfo,Limón Eureka,4,Primera,8045.0,447.0,0.363,2920.64,270.29,789419.79,0.2601,USD,Cobrado,Cumplido
2023-04-26,2023,PED-2023-00381,San Cayetano,SC-02,Lisbon,Al Salam Trading,Exportación,Emiratos Árabes,Trader Golfo,Limón Lisbon,4,Primera,10478.0,582.0,0.3632,3805.28,271.24,1032144.15,0.2582,USD,Cobrado,Cumplido
2023-04-26,2023,PED-2023-00384,San Cayetano,SC-03,Génova,Al Salam Trading,Exportación,Emiratos Árabes,Exportación Directa,Limón Génova,7,Segunda,6209.0,345.0,0.2862,1777.31,261.6,464944.3,0.2088,USD,Cobrado,Cumplido
2023-04-26,2023,PED-2023-00341,El Paraíso,EP-03,Lisbon,Citrus World Ltd,Exportación,Reino Unido,Programa Retail UE,Limón Lisbon,7,Primera,8527.0,474.0,0.3647,3109.48,264.59,822737.31,0.3031,USD,Cobrado,Cumplido
2023-04-26,2023,PED-2023-00344,El Paraíso,EP-04,Génova,Citrus World Ltd,Exportación,Reino Unido,Exportación Directa,Limón Génova,6,Segunda,4450.0,247.0,0.352,1566.28,263.23,412291.88,0.1634,USD,Cobrado,Cumplido
2023-04-26,2023,PED-2023-00359,Los Álamos,LA-01,Eureka,Citrus World Ltd,Exportación,Reino Unido,Exportación Directa,Limón Eureka,4,Segunda,15686.0,871.0,0.3818,5989.1,271.11,1623704.9,0.2098,USD,Pendiente,Cumplido
2023-04-26,2023,PED-2023-00335,El Paraíso,EP-01,Eureka,Fischer Import GmbH,Exportación,Alemania,Trader Golfo,Limón Eureka,5,Segunda,12107.0,673.0,0.3972,4808.88,263.89,1269015.34,0.166,USD,Cobrado,Cumplido
2023-04-26,2023,PED-2023-00338,El Paraíso,EP-02,Eureka,Fischer Import GmbH,Exportación,Alemania,Exportación Directa,Limón Eureka,6,Extra,17280.0,960.0,0.4026,6957.57,265.71,1848695.92,0.2338,USD,Cobrado,Parcial
2023-04-26,2023,PED-2023-00368,Río Ancho,RA-01,Eureka,Fischer Import GmbH,Exportación,Alemania,Programa Retail UE,Limón Eureka,4,Primera,20106.0,1117.0,0.3997,8037.04,270.29,2172331.54,0.1978,USD,Cobrado,Cumplido
2023-04-26,2023,PED-2023-00372,Río Ancho,RA-02,Lisbon,Fischer Import GmbH,Exportación,Alemania,Programa Retail UE,Limón Lisbon,5,Primera,11802.0,656.0,0.4183,4936.76,275.05,1357855.84,0.2192,USD,Cobrado,Cumplido
2023-04-26,2023,PED-2023-00375,Río Ancho,RA-03,Génova,Fischer Import GmbH,Exportación,Alemania,Trader Golfo,Limón Génova,6,Primera,6814.0,379.0,0.3689,2513.78,260.35,654462.62,0.2415,USD,Cobrado,Cumplido
2023-04-26,2023,PED-2023-00378,San Cayetano,SC-01,Eureka,Fischer Import GmbH,Exportación,Alemania,Exportación Directa,Limón Eureka,3,Primera,16753.0,931.0,0.4452,7457.85,269.73,2011605.88,0.215,USD,Cobrado,Cumplido
2023-04-26,2023,PED-2023-00350,La Esperanza,LE-02,Eureka,Medifresh SA,Exportación,España,Trader Golfo,Limón Eureka,6,Primera,19118.0,1062.0,0.346,6613.9,272.31,1801031.11,0.1879,USD,Pendiente,Cumplido
2023-04-26,2023,PED-2023-00353,La Esperanza,LE-03,Lisbon,Medifresh SA,Exportación,España,Exportación Directa,Limón Lisbon,5,Primera,14503.0,806.0,0.3788,5493.63,255.84,1405490.3,0.2507,USD,Cobrado,Parcial
2023-04-26,2023,PED-2023-00365,Los Álamos,LA-03,Génova,Medifresh SA,Exportación,España,Trader Golfo,Limón Génova,4,Primera,5876.0,326.0,0.3491,2051.54,268.77,551392.41,0.2793,USD,Cobrado,Cumplido
2023-04-26,2023,PED-2023-00352,La Esperanza,LE-02,Eureka,Citromax SA,Industria,Tucumán,Contrato Industria,Limón Industria,6,Primera,4551.0,253.0,0.0725,329.88,272.31,89829.62,0.0503,ARS,Cobrado,Cumplido
2023-04-26,2023,PED-2023-00355,La Esperanza,LE-03,Lisbon,Citromax SA,Industria,Tucumán,Mercado Industrial,Limón Industria,5,Primera,4850.0,269.0,0.0764,370.44,255.84,94773.37,0.0515,ARS,Cobrado,Cumplido
2023-04-26,2023,PED-2023-00364,Los Álamos,LA-02,Lisbon,Citromax SA,Industria,Tucumán,Contrato Industria,Limón Industria,5,Primera,2487.0,138.0,0.0747,185.8,264.53,49149.67,0.0825,ARS,Cobrado,Cumplido
2023-04-26,2023,PED-2023-00371,Río Ancho,RA-01,Eureka,Citromax SA,Industria,Tucumán,Mercado Industrial,Limón Industria,4,Primera,8981.0,499.0,0.0782,701.97,270.29,189735.47,0.0544,ARS,Cobrado,Cumplido
2023-04-26,2023,PED-2023-00337,El Paraíso,EP-01,Eureka,Frutales Tucumán SRL,Industria,Tucumán,Mercado Industrial,Limón Industria,5,Segunda,3366.0,187.0,0.0636,214.16,263.89,56514.68,0.0674,ARS,Cobrado,Cumplido
2023-04-26,2023,PED-2023-00340,El Paraíso,EP-02,Eureka,Frutales Tucumán SRL,Industria,Tucumán,Mercado Industrial,Limón Industria,6,Extra,4323.0,240.0,0.0676,292.45,265.71,77706.89,0.0654,ARS,Cobrado,Cumplido
2023-04-26,2023,PED-2023-00343,El Paraíso,EP-03,Lisbon,Frutales Tucumán SRL,Industria,Tucumán,Contrato Industria,Limón Industria,7,Primera,3543.0,197.0,0.0661,234.02,264.59,61919.35,0.0303,ARS,Cobrado,Cumplido
2023-04-26,2023,PED-2023-00346,El Paraíso,EP-04,Génova,Frutales Tucumán SRL,Industria,Tucumán,Contrato Industria,Limón Industria,6,Segunda,2239.0,124.0,0.0612,137.07,263.23,36080.94,0.0822,ARS,Cobrado,Parcial
2023-04-26,2023,PED-2023-00349,La Esperanza,LE-01,Eureka,Frutales Tucumán SRL,Industria,Tucumán,Contrato Industria,Limón Industria,4,Primera,4618.0,257.0,0.0667,308.17,268.84,82848.42,0.0802,ARS,Cobrado,Cumplido
2023-04-26,2023,PED-2023-00358,La Esperanza,LE-04,Génova,Frutales Tucumán SRL,Industria,Tucumán,Mercado Industrial,Limón Industria,4,Primera,3190.0,177.0,0.0708,225.86,264.33,59701.57,0.0754,ARS,Pendiente,Parcial
2023-04-26,2023,PED-2023-00361,Los Álamos,LA-01,Eureka,Frutales Tucumán SRL,Industria,Tucumán,Contrato Industria,Limón Industria,4,Segunda,4399.0,244.0,0.0662,291.33,271.11,78982.48,0.0688,ARS,Cobrado,Cumplido
2023-04-26,2023,PED-2023-00367,Los Álamos,LA-03,Génova,Frutales Tucumán SRL,Industria,Tucumán,Mercado Industrial,Limón Industria,4,Primera,2714.0,151.0,0.0667,181.15,268.77,48687.69,0.0473,ARS,Cobrado,Cumplido
2023-04-26,2023,PED-2023-00374,Río Ancho,RA-02,Lisbon,Frutales Tucumán SRL,Industria,Tucumán,Contrato Industria,Limón Industria,5,Primera,4791.0,266.0,0.0662,317.3,275.05,87273.36,0.0367,ARS,Cobrado,Cumplido
2023-04-26,2023,PED-2023-00377,Río Ancho,RA-03,Génova,Frutales Tucumán SRL,Industria,Tucumán,Mercado Industrial,Limón Industria,6,Primera,3505.0,195.0,0.0654,229.22,260.35,59677.43,0.0657,ARS,Cobrado,Cumplido
2023-04-26,2023,PED-2023-00380,San Cayetano,SC-01,Eureka,Frutales Tucumán SRL,Industria,Tucumán,Mercado Industrial,Limón Industria,3,Primera,4694.0,261.0,0.0701,329.12,269.73,88773.54,0.0465,ARS,Cobrado,Cumplido
2023-04-26,2023,PED-2023-00383,San Cayetano,SC-02,Lisbon,Frutales Tucumán SRL,Industria,Tucumán,Contrato Industria,Limón Industria,4,Primera,3570.0,198.0,0.0708,252.72,271.24,68547.77,0.0317,ARS,Cobrado,Cumplido
2023-04-26,2023,PED-2023-00386,San Cayetano,SC-03,Génova,Frutales Tucumán SRL,Industria,Tucumán,Mercado Industrial,Limón Industria,7,Segunda,4254.0,236.0,0.0577,245.66,261.6,64264.66,0.0308,ARS,Cobrado,Parcial
2023-04-26,2023,PED-2023-00339,El Paraíso,EP-02,Eureka,Central de Frutas SA,Mercado Interno,Buenos Aires,Distribuidor Regional,Limón Eureka,6,Extra,6352.0,353.0,0.2221,1410.79,265.71,374861.01,0.1712,ARS,Cobrado,Cumplido
2023-04-26,2023,PED-2023-00360,Los Álamos,LA-01,Eureka,Central de Frutas SA,Mercado Interno,Buenos Aires,Mercado Central,Limón Eureka,4,Segunda,6269.0,348.0,0.2285,1432.22,271.11,388289.16,0.1932,ARS,Cobrado,Cumplido
2023-04-26,2023,PED-2023-00370,Río Ancho,RA-01,Eureka,Central de Frutas SA,Mercado Interno,Buenos Aires,Mercado Central,Limón Eureka,4,Primera,9517.0,529.0,0.2314,2202.55,270.29,595327.24,0.1973,ARS,Cobrado,Cumplido
2023-04-26,2023,PED-2023-00342,El Paraíso,EP-03,Lisbon,Frutales del Norte SRL,Mercado Interno,Salta,Distribuidor Regional,Limón Lisbon,7,Primera,4387.0,244.0,0.1813,795.52,264.59,210486.64,0.206,ARS,Pendiente,Cumplido
2023-04-26,2023,PED-2023-00348,La Esperanza,LE-01,Eureka,Frutales del Norte SRL,Mercado Interno,Salta,Retail Nacional,Limón Eureka,4,Primera,6500.0,361.0,0.2179,1416.45,268.84,380798.42,0.1311,ARS,Cobrado,Cumplido
2023-04-26,2023,PED-2023-00379,San Cayetano,SC-01,Eureka,Frutales del Norte SRL,Mercado Interno,Salta,Mercado Central,Limón Eureka,3,Primera,4133.0,230.0,0.2197,907.97,269.73,244906.75,0.1564,ARS,Cobrado,Cumplido
2023-04-26,2023,PED-2023-00382,San Cayetano,SC-02,Lisbon,Frutales del Norte SRL,Mercado Interno,Salta,Retail Nacional,Limón Lisbon,4,Primera,3551.0,197.0,0.2135,758.15,271.24,205640.61,0.1275,ARS,Cobrado,Cumplido
2023-04-26,2023,PED-2023-00351,La Esperanza,LE-02,Eureka,La Morenita SA,Mercado Interno,Tucumán,Distribuidor Regional,Limón Eureka,6,Primera,6577.0,365.0,0.2185,1437.38,272.31,391412.95,0.1548,ARS,Cobrado,Cumplido
2023-04-26,2023,PED-2023-00354,La Esperanza,LE-03,Lisbon,La Morenita SA,Mercado Interno,Tucumán,Mercado Central,Limón Lisbon,5,Primera,4751.0,264.0,0.2352,1117.3,255.84,285850.03,0.1657,ARS,Cobrado,Parcial
2023-04-26,2023,PED-2023-00357,La Esperanza,LE-04,Génova,La Morenita SA,Mercado Interno,Tucumán,Mercado Central,Limón Génova,4,Primera,2644.0,147.0,0.2209,584.06,264.33,154384.58,0.1378,ARS,Pendiente,Cumplido
2023-04-26,2023,PED-2023-00366,Los Álamos,LA-03,Génova,La Morenita SA,Mercado Interno,Tucumán,Mercado Central,Limón Génova,4,Primera,2508.0,139.0,0.2336,585.95,268.77,157485.78,0.1152,ARS,Cobrado,Cumplido
2023-04-26,2023,PED-2023-00376,Río Ancho,RA-03,Génova,La Morenita SA,Mercado Interno,Tucumán,Distribuidor Regional,Limón Génova,6,Primera,2391.0,133.0,0.2243,536.33,260.35,139633.52,0.186,ARS,Cobrado,Cumplido
2023-04-26,2023,PED-2023-00336,El Paraíso,EP-01,Eureka,Supermercados Norte SA,Mercado Interno,Tucumán,Mercado Central,Limón Eureka,5,Segunda,5637.0,313.0,0.2088,1177.2,263.89,310651.31,0.1075,ARS,Pendiente,Cumplido
2023-04-26,2023,PED-2023-00345,El Paraíso,EP-04,Génova,Supermercados Norte SA,Mercado Interno,Tucumán,Mercado Central,Limón Génova,6,Segunda,1860.0,103.0,0.2006,373.12,263.23,98216.38,0.1509,ARS,Cobrado,Cumplido
2023-04-26,2023,PED-2023-00363,Los Álamos,LA-02,Lisbon,Supermercados Norte SA,Mercado Interno,Tucumán,Mercado Central,Limón Lisbon,5,Primera,3551.0,197.0,0.2133,757.5,264.53,200381.47,0.1249,ARS,Cobrado,Cumplido
2023-04-26,2023,PED-2023-00373,Río Ancho,RA-02,Lisbon,Supermercados Norte SA,Mercado Interno,Tucumán,Mercado Central,Limón Lisbon,5,Primera,5086.0,283.0,0.2221,1129.72,275.05,310729.49,0.1397,ARS,Cobrado,Cumplido
2023-04-26,2023,PED-2023-00385,San Cayetano,SC-03,Génova,Supermercados Norte SA,Mercado Interno,Tucumán,Distribuidor Regional,Limón Génova,7,Segunda,4430.0,246.0,0.1778,787.69,261.6,206059.7,0.1653,ARS,Cobrado,Cumplido
2023-05-03,2023,PED-2023-00400,La Esperanza,LE-01,Eureka,Al Salam Trading,Exportación,Emiratos Árabes,Exportación Directa,Limón Eureka,3,Extra,5343.0,297.0,0.3786,2022.88,269.4,544963.87,0.3269,USD,Cobrado,Cumplido
2023-05-03,2023,PED-2023-00401,La Esperanza,LE-01,Eureka,Al Salam Trading,Exportación,Emiratos Árabes,Trader Golfo,Limón Eureka,3,Extra,19363.0,1076.0,0.3997,7739.47,269.4,2085013.22,0.2806,USD,Cobrado,Cumplido
2023-05-03,2023,PED-2023-00408,La Esperanza,LE-03,Lisbon,Al Salam Trading,Exportación,Emiratos Árabes,Programa Retail UE,Limón Lisbon,4,Primera,17424.0,968.0,0.3477,6058.39,271.0,1641823.69,0.309,USD,Cobrado,Cumplido
2023-05-03,2023,PED-2023-00411,La Esperanza,LE-04,Génova,Al Salam Trading,Exportación,Emiratos Árabes,Exportación Directa,Limón Génova,5,Segunda,12257.0,681.0,0.3165,3879.47,268.35,1041055.77,0.2791,USD,Cobrado,Cumplido
2023-05-03,2023,PED-2023-00427,Río Ancho,RA-02,Lisbon,Al Salam Trading,Exportación,Emiratos Árabes,Exportación Directa,Limón Lisbon,6,Primera,21219.0,1179.0,0.3525,7479.56,272.23,2036160.62,0.2024,USD,Cobrado,Cumplido
2023-05-03,2023,PED-2023-00390,El Paraíso,EP-02,Eureka,Citrus World Ltd,Exportación,Reino Unido,Exportación Directa,Limón Eureka,4,Primera,4702.0,261.0,0.3761,1768.3,264.91,468440.35,0.3084,USD,Cobrado,Cumplido
2023-05-03,2023,PED-2023-00391,El Paraíso,EP-02,Eureka,Citrus World Ltd,Exportación,Reino Unido,Programa Retail UE,Limón Eureka,4,Primera,21899.0,1217.0,0.4053,8876.06,264.91,2351357.05,0.2685,USD,Pendiente,Cumplido
2023-05-03,2023,PED-2023-00394,El Paraíso,EP-03,Lisbon,Citrus World Ltd,Exportación,Reino Unido,Trader Golfo,Limón Lisbon,5,Segunda,12556.0,698.0,0.3762,4723.64,257.51,1216384.54,0.2328,USD,Cobrado,Parcial
2023-05-03,2023,PED-2023-00405,La Esperanza,LE-02,Eureka,Citrus World Ltd,Exportación,Reino Unido,Trader Golfo,Limón Eureka,3,Primera,18609.0,1034.0,0.401,7462.86,272.95,2036987.64,0.1907,USD,Cobrado,Parcial
2023-05-03,2023,PED-2023-00417,Los Álamos,LA-02,Lisbon,Citrus World Ltd,Exportación,Reino Unido,Exportación Directa,Limón Lisbon,3,Primera,15681.0,871.0,0.4294,6732.66,259.28,1745644.08,0.1901,USD,Cobrado,Cumplido
2023-05-03,2023,PED-2023-00430,Río Ancho,RA-03,Génova,Citrus World Ltd,Exportación,Reino Unido,Trader Golfo,Limón Génova,5,Segunda,9019.0,501.0,0.354,3192.34,269.64,860782.56,0.1541,USD,Cobrado,Cumplido
2023-05-03,2023,PED-2023-00439,San Cayetano,SC-03,Génova,Citrus World Ltd,Exportación,Reino Unido,Trader Golfo,Limón Génova,6,Primera,10244.0,569.0,0.3674,3763.25,271.28,1020894.46,0.2498,USD,Cobrado,Cumplido
2023-05-03,2023,PED-2023-00397,El Paraíso,EP-04,Génova,Fischer Import GmbH,Exportación,Alemania,Programa Retail UE,Limón Génova,7,Segunda,7874.0,437.0,0.3683,2899.66,274.84,796942.55,0.174,USD,Cobrado,Cumplido
2023-05-03,2023,PED-2023-00414,Los Álamos,LA-01,Eureka,Fischer Import GmbH,Exportación,Alemania,Programa Retail UE,Limón Eureka,3,Primera,19869.0,1104.0,0.4555,9050.04,271.53,2457357.36,0.2334,USD,Pendiente,Cumplido
2023-05-03,2023,PED-2023-00420,Los Álamos,LA-03,Génova,Fischer Import GmbH,Exportación,Alemania,Trader Golfo,Limón Génova,5,Segunda,7859.0,437.0,0.3743,2941.33,263.36,774628.67,0.2073,USD,Cobrado,Parcial
2023-05-03,2023,PED-2023-00423,Río Ancho,RA-01,Eureka,Fischer Import GmbH,Exportación,Alemania,Exportación Directa,Limón Eureka,4,Primera,4042.0,225.0,0.4176,1688.07,276.44,466650.07,0.2133,USD,Pendiente,Cumplido
2023-05-03,2023,PED-2023-00433,San Cayetano,SC-01,Eureka,Fischer Import GmbH,Exportación,Alemania,Exportación Directa,Limón Eureka,3,Extra,23498.0,1305.0,0.4309,10125.53,271.69,2751005.25,0.2777,USD,Cobrado,Cumplido
2023-05-03,2023,PED-2023-00387,El Paraíso,EP-01,Eureka,Medifresh SA,Exportación,España,Trader Golfo,Limón Eureka,3,Segunda,17320.0,962.0,0.3709,6424.61,267.57,1719032.9,0.2241,USD,Cobrado,Cumplido
2023-05-03,2023,PED-2023-00404,La Esperanza,LE-02,Eureka,Medifresh SA,Exportación,España,Trader Golfo,Limón Eureka,3,Primera,6108.0,339.0,0.3998,2442.01,272.95,666546.63,0.2431,USD,Cobrado,Cumplido
2023-05-03,2023,PED-2023-00424,Río Ancho,RA-01,Eureka,Medifresh SA,Exportación,España,Trader Golfo,Limón Eureka,4,Primera,34101.0,1894.0,0.3934,13416.96,276.44,3708984.42,0.2438,USD,Cobrado,Cumplido
2023-05-03,2023,PED-2023-00436,San Cayetano,SC-02,Lisbon,Medifresh SA,Exportación,España,Programa Retail UE,Limón Lisbon,5,Primera,18077.0,1004.0,0.3538,6395.79,271.76,1738119.89,0.2658,USD,Cobrado,Cumplido
2023-05-03,2023,PED-2023-00389,El Paraíso,EP-01,Eureka,Citromax SA,Industria,Tucumán,Contrato Industria,Limón Industria,3,Segunda,4245.0,236.0,0.0779,330.88,267.57,88533.56,0.0632,ARS,Cobrado,Cumplido
2023-05-03,2023,PED-2023-00396,El Paraíso,EP-03,Lisbon,Citromax SA,Industria,Tucumán,Mercado Industrial,Limón Industria,5,Segunda,4124.0,229.0,0.0755,311.41,257.51,80191.19,0.0653,ARS,Cobrado,Cumplido
2023-05-03,2023,PED-2023-00410,La Esperanza,LE-03,Lisbon,Citromax SA,Industria,Tucumán,Mercado Industrial,Limón Industria,4,Primera,4775.0,265.0,0.075,358.1,271.0,97045.1,0.0368,ARS,Cobrado,Cumplido
2023-05-03,2023,PED-2023-00416,Los Álamos,LA-01,Eureka,Citromax SA,Industria,Tucumán,Contrato Industria,Limón Industria,3,Primera,4982.0,277.0,0.0767,382.19,271.53,103776.05,0.0518,ARS,Cobrado,Cumplido
2023-05-03,2023,PED-2023-00422,Los Álamos,LA-03,Génova,Citromax SA,Industria,Tucumán,Contrato Industria,Limón Industria,5,Segunda,3356.0,186.0,0.0692,232.35,263.36,61191.7,0.0307,ARS,Cobrado,Cumplido
2023-05-03,2023,PED-2023-00426,Río Ancho,RA-01,Eureka,Citromax SA,Industria,Tucumán,Contrato Industria,Limón Industria,4,Primera,11385.0,632.0,0.0789,898.7,276.44,248436.63,0.0507,ARS,Pendiente,Cumplido
2023-05-03,2023,PED-2023-00435,San Cayetano,SC-01,Eureka,Citromax SA,Industria,Tucumán,Contrato Industria,Limón Industria,3,Extra,5064.0,281.0,0.0801,405.64,271.69,110208.33,0.0413,ARS,Vencido,Parcial
2023-05-03,2023,PED-2023-00438,San Cayetano,SC-02,Lisbon,Citromax SA,Industria,Tucumán,Mercado Industrial,Limón Industria,5,Primera,6307.0,350.0,0.0792,499.29,271.76,135687.05,0.0394,ARS,Pendiente,Cumplido
2023-05-03,2023,PED-2023-00393,El Paraíso,EP-02,Eureka,Frutales Tucumán SRL,Industria,Tucumán,Mercado Industrial,Limón Industria,4,Primera,7363.0,409.0,0.0693,510.53,264.91,135244.5,0.0834,ARS,Cobrado,Cumplido
2023-05-03,2023,PED-2023-00399,El Paraíso,EP-04,Génova,Frutales Tucumán SRL,Industria,Tucumán,Contrato Industria,Limón Industria,7,Segunda,3167.0,176.0,0.0579,183.41,274.84,50408.4,0.0758,ARS,Cobrado,Cumplido
2023-05-03,2023,PED-2023-00403,La Esperanza,LE-01,Eureka,Frutales Tucumán SRL,Industria,Tucumán,Mercado Industrial,Limón Industria,3,Extra,5826.0,324.0,0.0743,433.04,269.4,116660.98,0.0345,ARS,Cobrado,Cumplido
2023-05-03,2023,PED-2023-00407,La Esperanza,LE-02,Eureka,Frutales Tucumán SRL,Industria,Tucumán,Contrato Industria,Limón Industria,3,Primera,7225.0,401.0,0.0701,506.36,272.95,138210.96,0.0427,ARS,Pendiente,Cumplido
2023-05-03,2023,PED-2023-00413,La Esperanza,LE-04,Génova,Frutales Tucumán SRL,Industria,Tucumán,Mercado Industrial,Limón Industria,5,Segunda,5586.0,310.0,0.0675,377.12,268.35,101200.15,0.0657,ARS,Cobrado,Cumplido
2023-05-03,2023,PED-2023-00419,Los Álamos,LA-02,Lisbon,Frutales Tucumán SRL,Industria,Tucumán,Contrato Industria,Limón Industria,3,Primera,4186.0,233.0,0.0747,312.79,259.28,81100.19,0.0661,ARS,Pendiente,Cumplido
2023-05-03,2023,PED-2023-00429,Río Ancho,RA-02,Lisbon,Frutales Tucumán SRL,Industria,Tucumán,Mercado Industrial,Limón Industria,6,Primera,9188.0,510.0,0.0656,603.02,272.23,164160.13,0.0711,ARS,Cobrado,Cumplido
2023-05-03,2023,PED-2023-00432,Río Ancho,RA-03,Génova,Frutales Tucumán SRL,Industria,Tucumán,Contrato Industria,Limón Industria,5,Segunda,4951.0,275.0,0.0661,327.37,269.64,88272.05,0.0421,ARS,Cobrado,Cumplido
2023-05-03,2023,PED-2023-00441,San Cayetano,SC-03,Génova,Frutales Tucumán SRL,Industria,Tucumán,Contrato Industria,Limón Industria,6,Primera,5120.0,284.0,0.0666,341.22,271.28,92566.16,0.0765,ARS,Pendiente,Cumplido
2023-05-03,2023,PED-2023-00406,La Esperanza,LE-02,Eureka,Central de Frutas SA,Mercado Interno,Buenos Aires,Distribuidor Regional,Limón Eureka,3,Primera,10439.0,580.0,0.2449,2556.3,272.95,697742.08,0.1715,ARS,Pendiente,Cumplido
2023-05-03,2023,PED-2023-00409,La Esperanza,LE-03,Lisbon,Central de Frutas SA,Mercado Interno,Buenos Aires,Mercado Central,Limón Lisbon,4,Primera,5356.0,298.0,0.2318,1241.26,271.0,336381.46,0.1956,ARS,Cobrado,Cumplido
2023-05-03,2023,PED-2023-00418,Los Álamos,LA-02,Lisbon,Central de Frutas SA,Mercado Interno,Buenos Aires,Mercado Central,Limón Lisbon,3,Primera,4893.0,272.0,0.2579,1261.98,259.28,327206.17,0.143,ARS,Cobrado,Cumplido
2023-05-03,2023,PED-2023-00428,Río Ancho,RA-02,Lisbon,Central de Frutas SA,Mercado Interno,Buenos Aires,Mercado Central,Limón Lisbon,6,Primera,9979.0,554.0,0.234,2334.61,272.23,635550.88,0.178,ARS,Cobrado,Cumplido
2023-05-03,2023,PED-2023-00437,San Cayetano,SC-02,Lisbon,Central de Frutas SA,Mercado Interno,Buenos Aires,Distribuidor Regional,Limón Lisbon,5,Primera,6855.0,381.0,0.2356,1614.87,271.76,438857.07,0.1762,ARS,Cobrado,Parcial
2023-05-03,2023,PED-2023-00392,El Paraíso,EP-02,Eureka,Frutales del Norte SRL,Mercado Interno,Salta,Retail Nacional,Limón Eureka,4,Primera,10353.0,575.0,0.2155,2231.03,264.91,591022.16,0.1585,ARS,Cobrado,Cumplido
2023-05-03,2023,PED-2023-00415,Los Álamos,LA-01,Eureka,Frutales del Norte SRL,Mercado Interno,Salta,Retail Nacional,Limón Eureka,3,Primera,6494.0,361.0,0.2085,1353.86,271.53,367613.61,0.1877,ARS,Cobrado,Cumplido
2023-05-03,2023,PED-2023-00434,San Cayetano,SC-01,Eureka,Frutales del Norte SRL,Mercado Interno,Salta,Mercado Central,Limón Eureka,3,Extra,8283.0,460.0,0.2373,1965.38,271.69,533974.09,0.2137,ARS,Cobrado,Cumplido
2023-05-03,2023,PED-2023-00425,Río Ancho,RA-01,Eureka,La Morenita SA,Mercado Interno,Tucumán,Retail Nacional,Limón Eureka,4,Primera,14322.0,796.0,0.2229,3191.85,276.44,882355.01,0.1483,ARS,Cobrado,Cumplido
2023-05-03,2023,PED-2023-00388,El Paraíso,EP-01,Eureka,Supermercados Norte SA,Mercado Interno,Tucumán,Mercado Central,Limón Eureka,3,Segunda,8767.0,487.0,0.2131,1868.05,267.57,499834.14,0.1594,ARS,Cobrado,Cumplido
2023-05-03,2023,PED-2023-00395,El Paraíso,EP-03,Lisbon,Supermercados Norte SA,Mercado Interno,Tucumán,Retail Nacional,Limón Lisbon,5,Segunda,7375.0,410.0,0.2049,1510.96,257.51,389087.31,0.1573,ARS,Pendiente,Cumplido
2023-05-03,2023,PED-2023-00398,El Paraíso,EP-04,Génova,Supermercados Norte SA,Mercado Interno,Tucumán,Mercado Central,Limón Génova,7,Segunda,4904.0,272.0,0.1936,949.29,274.84,260902.86,0.1295,ARS,Pendiente,Cumplido
2023-05-03,2023,PED-2023-00402,La Esperanza,LE-01,Eureka,Supermercados Norte SA,Mercado Interno,Tucumán,Mercado Central,Limón Eureka,3,Extra,7560.0,420.0,0.2381,1799.77,269.4,484858.04,0.1862,ARS,Cobrado,Cumplido
2023-05-03,2023,PED-2023-00412,La Esperanza,LE-04,Génova,Supermercados Norte SA,Mercado Interno,Tucumán,Retail Nacional,Limón Génova,5,Segunda,7334.0,407.0,0.2133,1564.6,268.35,419860.41,0.1756,ARS,Cobrado,Parcial
2023-05-03,2023,PED-2023-00421,Los Álamos,LA-03,Génova,Supermercados Norte SA,Mercado Interno,Tucumán,Retail Nacional,Limón Génova,5,Segunda,3773.0,210.0,0.213,803.67,263.36,211654.53,0.1744,ARS,Vencido,Cumplido
2023-05-03,2023,PED-2023-00431,Río Ancho,RA-03,Génova,Supermercados Norte SA,Mercado Interno,Tucumán,Mercado Central,Limón Génova,5,Segunda,4948.0,275.0,0.2048,1013.47,269.64,273272.05,0.1949,ARS,Pendiente,Cumplido
2023-05-03,2023,PED-2023-00440,San Cayetano,SC-03,Génova,Supermercados Norte SA,Mercado Interno,Tucumán,Distribuidor Regional,Limón Génova,6,Primera,3524.0,196.0,0.2185,770.11,271.28,208915.44,0.1874,ARS,Cobrado,Cumplido
2023-05-10,2023,PED-2023-00455,La Esperanza,LE-01,Eureka,Al Salam Trading,Exportación,Emiratos Árabes,Exportación Directa,Limón Eureka,4,Extra,21260.0,1181.0,0.3748,7968.57,272.6,2172232.18,0.3124,USD,Cobrado,Cumplido
2023-05-10,2023,PED-2023-00458,La Esperanza,LE-02,Eureka,Al Salam Trading,Exportación,Emiratos Árabes,Programa Retail UE,Limón Eureka,4,Extra,22686.0,1260.0,0.3666,8317.41,268.9,2236551.55,0.2863,USD,Cobrado,Parcial
2023-05-10,2023,PED-2023-00459,La Esperanza,LE-02,Eureka,Al Salam Trading,Exportación,Emiratos Árabes,Exportación Directa,Limón Eureka,4,Extra,6491.0,361.0,0.3825,2482.76,268.9,667614.16,0.2576,USD,Cobrado,Cumplido
2023-05-10,2023,PED-2023-00468,Los Álamos,LA-01,Eureka,Al Salam Trading,Exportación,Emiratos Árabes,Exportación Directa,Limón Eureka,4,Primera,20973.0,1165.0,0.3533,7410.41,270.27,2002811.51,0.2352,USD,Cobrado,Cumplido
2023-05-10,2023,PED-2023-00474,Los Álamos,LA-03,Génova,Al Salam Trading,Exportación,Emiratos Árabes,Programa Retail UE,Limón Génova,7,Extra,8958.0,498.0,0.3182,2850.86,268.35,765028.28,0.3059,USD,Cobrado,Cumplido
2023-05-10,2023,PED-2023-00445,El Paraíso,EP-02,Eureka,Citrus World Ltd,Exportación,Reino Unido,Exportación Directa,Limón Eureka,5,Segunda,19063.0,1059.0,0.3783,7211.22,263.63,1901093.93,0.1613,USD,Cobrado,Cumplido
2023-05-10,2023,PED-2023-00451,El Paraíso,EP-04,Génova,Citrus World Ltd,Exportación,Reino Unido,Programa Retail UE,Limón Génova,5,Segunda,6705.0,372.0,0.3526,2364.03,272.51,644221.82,0.2226,USD,Cobrado,Cumplido
2023-05-10,2023,PED-2023-00462,La Esperanza,LE-03,Lisbon,Citrus World Ltd,Exportación,Reino Unido,Trader Golfo,Limón Lisbon,6,Segunda,15680.0,871.0,0.3712,5820.36,278.07,1618467.51,0.2158,USD,Cobrado,Parcial
2023-05-10,2023,PED-2023-00471,Los Álamos,LA-02,Lisbon,Citrus World Ltd,Exportación,Reino Unido,Exportación Directa,Limón Lisbon,5,Extra,13575.0,754.0,0.4102,5568.48,267.97,1492185.59,0.2897,USD,Cobrado,Cumplido
2023-05-10,2023,PED-2023-00490,San Cayetano,SC-02,Lisbon,Citrus World Ltd,Exportación,Reino Unido,Programa Retail UE,Limón Lisbon,4,Primera,18995.0,1055.0,0.3779,7178.58,278.11,1996434.88,0.2354,USD,Pendiente,Cumplido
2023-05-10,2023,PED-2023-00478,Río Ancho,RA-01,Eureka,Fischer Import GmbH,Exportación,Alemania,Exportación Directa,Limón Eureka,2,Primera,7266.0,404.0,0.4511,3277.69,274.81,900741.99,0.2505,USD,Pendiente,Cumplido
2023-05-10,2023,PED-2023-00481,Río Ancho,RA-02,Lisbon,Fischer Import GmbH,Exportación,Alemania,Programa Retail UE,Limón Lisbon,5,Primera,21699.0,1206.0,0.4192,9095.51,274.7,2498536.6,0.3044,USD,Cobrado,Cumplido
2023-05-10,2023,PED-2023-00487,San Cayetano,SC-01,Eureka,Fischer Import GmbH,Exportación,Alemania,Exportación Directa,Limón Eureka,5,Primera,22922.0,1273.0,0.4168,9553.48,278.8,2663510.22,0.2046,USD,Cobrado,Cumplido
2023-05-10,2023,PED-2023-00493,San Cayetano,SC-03,Génova,Fischer Import GmbH,Exportación,Alemania,Programa Retail UE,Limón Génova,7,Segunda,10880.0,604.0,0.3549,3861.38,276.43,1067401.27,0.1705,USD,Cobrado,Cumplido
2023-05-10,2023,PED-2023-00442,El Paraíso,EP-01,Eureka,Medifresh SA,Exportación,España,Programa Retail UE,Limón Eureka,6,Primera,19861.0,1103.0,0.3359,6672.2,266.39,1777407.36,0.2591,USD,Cobrado,Cumplido
2023-05-10,2023,PED-2023-00448,El Paraíso,EP-03,Lisbon,Medifresh SA,Exportación,España,Trader Golfo,Limón Lisbon,3,Segunda,10877.0,604.0,0.3528,3837.08,265.31,1018015.69,0.2512,USD,Cobrado,Cumplido
2023-05-10,2023,PED-2023-00454,La Esperanza,LE-01,Eureka,Medifresh SA,Exportación,España,Programa Retail UE,Limón Eureka,4,Extra,3866.0,215.0,0.4121,1592.99,272.6,434249.07,0.3253,USD,Cobrado,Cumplido
2023-05-10,2023,PED-2023-00465,La Esperanza,LE-04,Génova,Medifresh SA,Exportación,España,Programa Retail UE,Limón Génova,5,Primera,10721.0,596.0,0.3906,4187.92,269.62,1129146.99,0.2703,USD,Cobrado,Cumplido
2023-05-10,2023,PED-2023-00477,Río Ancho,RA-01,Eureka,Medifresh SA,Exportación,España,Trader Golfo,Limón Eureka,2,Primera,20633.0,1146.0,0.3776,7791.82,274.81,2141270.05,0.309,USD,Cobrado,Cumplido
2023-05-10,2023,PED-2023-00484,Río Ancho,RA-03,Génova,Medifresh SA,Exportación,España,Programa Retail UE,Limón Génova,7,Primera,10400.0,578.0,0.3374,3509.41,270.25,948418.05,0.2585,USD,Cobrado,Cumplido
2023-05-10,2023,PED-2023-00444,El Paraíso,EP-01,Eureka,Citromax SA,Industria,Tucumán,Mercado Industrial,Limón Industria,6,Primera,5570.0,309.0,0.0763,425.08,266.39,113237.06,0.033,ARS,Cobrado,Cumplido
2023-05-10,2023,PED-2023-00453,El Paraíso,EP-04,Génova,Citromax SA,Industria,Tucumán,Mercado Industrial,Limón Industria,5,Segunda,2890.0,161.0,0.0706,204.04,272.51,55602.94,0.0899,ARS,Cobrado,Cumplido
2023-05-10,2023,PED-2023-00461,La Esperanza,LE-02,Eureka,Citromax SA,Industria,Tucumán,Contrato Industria,Limón Industria,4,Extra,7137.0,396.0,0.0775,553.13,268.9,148736.66,0.0832,ARS,Cobrado,Cumplido
2023-05-10,2023,PED-2023-00464,La Esperanza,LE-03,Lisbon,Citromax SA,Industria,Tucumán,Contrato Industria,Limón Industria,6,Segunda,5694.0,316.0,0.0701,399.27,278.07,111025.01,0.0848,ARS,Cobrado,Cumplido
2023-05-10,2023,PED-2023-00476,Los Álamos,LA-03,Génova,Citromax SA,Industria,Tucumán,Contrato Industria,Limón Industria,7,Extra,4147.0,230.0,0.0716,297.03,268.35,79708.0,0.0536,ARS,Cobrado,Cumplido
2023-05-10,2023,PED-2023-00480,Río Ancho,RA-01,Eureka,Citromax SA,Industria,Tucumán,Contrato Industria,Limón Industria,2,Primera,9971.0,554.0,0.0801,798.37,274.81,219400.06,0.0693,ARS,Cobrado,Cumplido
2023-05-10,2023,PED-2023-00486,Río Ancho,RA-03,Génova,Citromax SA,Industria,Tucumán,Contrato Industria,Limón Industria,7,Primera,5493.0,305.0,0.0673,369.92,270.25,99970.88,0.0655,ARS,Cobrado,Cumplido
2023-05-10,2023,PED-2023-00489,San Cayetano,SC-01,Eureka,Citromax SA,Industria,Tucumán,Contrato Industria,Limón Industria,5,Primera,6499.0,361.0,0.074,481.1,278.8,134130.68,0.0648,ARS,Cobrado,Cumplido
2023-05-10,2023,PED-2023-00492,San Cayetano,SC-02,Lisbon,Citromax SA,Industria,Tucumán,Mercado Industrial,Limón Industria,4,Primera,6589.0,366.0,0.0791,520.95,278.11,144881.4,0.0708,ARS,Cobrado,Cumplido
2023-05-10,2023,PED-2023-00495,San Cayetano,SC-03,Génova,Citromax SA,Industria,Tucumán,Contrato Industria,Limón Industria,7,Segunda,4722.0,262.0,0.0676,319.09,276.43,88206.05,0.0682,ARS,Cobrado,Parcial
2023-05-10,2023,PED-2023-00447,El Paraíso,EP-02,Eureka,Frutales Tucumán SRL,Industria,Tucumán,Contrato Industria,Limón Industria,5,Segunda,5774.0,321.0,0.066,381.28,263.63,100516.85,0.06,ARS,Cobrado,Cumplido
2023-05-10,2023,PED-2023-00450,El Paraíso,EP-03,Lisbon,Frutales Tucumán SRL,Industria,Tucumán,Mercado Industrial,Limón Industria,3,Segunda,3267.0,182.0,0.072,235.15,265.31,62387.65,0.0698,ARS,Vencido,Cumplido
2023-05-10,2023,PED-2023-00457,La Esperanza,LE-01,Eureka,Frutales Tucumán SRL,Industria,Tucumán,Mercado Industrial,Limón Industria,4,Extra,5982.0,332.0,0.0707,423.15,272.6,115350.69,0.0644,ARS,Pendiente,Cumplido
2023-05-10,2023,PED-2023-00467,La Esperanza,LE-04,Génova,Frutales Tucumán SRL,Industria,Tucumán,Mercado Industrial,Limón Industria,5,Primera,4346.0,241.0,0.0718,312.08,269.62,84143.01,0.048,ARS,Cobrado,Cumplido
2023-05-10,2023,PED-2023-00470,Los Álamos,LA-01,Eureka,Frutales Tucumán SRL,Industria,Tucumán,Mercado Industrial,Limón Industria,4,Primera,5767.0,320.0,0.0729,420.52,270.27,113653.94,0.0478,ARS,Cobrado,Cumplido
2023-05-10,2023,PED-2023-00473,Los Álamos,LA-02,Lisbon,Frutales Tucumán SRL,Industria,Tucumán,Contrato Industria,Limón Industria,5,Extra,4323.0,240.0,0.0712,307.69,267.97,82451.69,0.0428,ARS,Cobrado,Cumplido
2023-05-10,2023,PED-2023-00483,Río Ancho,RA-02,Lisbon,Frutales Tucumán SRL,Industria,Tucumán,Contrato Industria,Limón Industria,5,Primera,7258.0,403.0,0.0672,487.56,274.7,133932.73,0.061,ARS,Cobrado,Parcial
2023-05-10,2023,PED-2023-00446,El Paraíso,EP-02,Eureka,Central de Frutas SA,Mercado Interno,Buenos Aires,Retail Nacional,Limón Eureka,5,Segunda,10115.0,562.0,0.2269,2295.1,263.63,605057.21,0.1881,ARS,Cobrado,Cumplido
2023-05-10,2023,PED-2023-00485,Río Ancho,RA-03,Génova,Central de Frutas SA,Mercado Interno,Buenos Aires,Mercado Central,Limón Génova,7,Primera,4860.0,270.0,0.2305,1120.37,270.25,302779.99,0.1748,ARS,Cobrado,Cumplido
2023-05-10,2023,PED-2023-00443,El Paraíso,EP-01,Eureka,Frutales del Norte SRL,Mercado Interno,Salta,Distribuidor Regional,Limón Eureka,6,Primera,9045.0,502.0,0.2086,1886.7,266.39,502598.01,0.1455,ARS,Vencido,Cumplido
2023-05-10,2023,PED-2023-00452,El Paraíso,EP-04,Génova,Frutales del Norte SRL,Mercado Interno,Salta,Distribuidor Regional,Limón Génova,5,Segunda,3429.0,190.0,0.2024,693.9,272.51,189094.69,0.1508,ARS,Cobrado,Cumplido
2023-05-10,2023,PED-2023-00456,La Esperanza,LE-01,Eureka,Frutales del Norte SRL,Mercado Interno,Salta,Mercado Central,Limón Eureka,4,Extra,9776.0,543.0,0.2333,2280.71,272.6,621721.55,0.1323,ARS,Cobrado,Cumplido
2023-05-10,2023,PED-2023-00466,La Esperanza,LE-04,Génova,Frutales del Norte SRL,Mercado Interno,Salta,Retail Nacional,Limón Génova,5,Primera,5264.0,292.0,0.2181,1148.27,269.62,309596.56,0.1882,ARS,Cobrado,Cumplido
2023-05-10,2023,PED-2023-00488,San Cayetano,SC-01,Eureka,Frutales del Norte SRL,Mercado Interno,Salta,Retail Nacional,Limón Eureka,5,Primera,11219.0,623.0,0.2126,2385.04,278.8,664949.15,0.1154,ARS,Cobrado,Cumplido
2023-05-10,2023,PED-2023-00449,El Paraíso,EP-03,Lisbon,La Morenita SA,Mercado Interno,Tucumán,Mercado Central,Limón Lisbon,3,Segunda,4643.0,258.0,0.2398,1113.55,265.31,295435.95,0.1241,ARS,Cobrado,Cumplido
2023-05-10,2023,PED-2023-00469,Los Álamos,LA-01,Eureka,La Morenita SA,Mercado Interno,Tucumán,Mercado Central,Limón Eureka,4,Primera,9140.0,508.0,0.225,2056.43,270.27,555791.34,0.1862,ARS,Cobrado,Cumplido
2023-05-10,2023,PED-2023-00475,Los Álamos,LA-03,Génova,La Morenita SA,Mercado Interno,Tucumán,Distribuidor Regional,Limón Génova,7,Extra,3781.0,210.0,0.2134,806.97,268.35,216550.4,0.1245,ARS,Pendiente,Cumplido
2023-05-10,2023,PED-2023-00479,Río Ancho,RA-01,Eureka,La Morenita SA,Mercado Interno,Tucumán,Distribuidor Regional,Limón Eureka,2,Primera,10174.0,565.0,0.2574,2619.19,274.81,719779.6,0.1907,ARS,Cobrado,Cumplido
2023-05-10,2023,PED-2023-00491,San Cayetano,SC-02,Lisbon,La Morenita SA,Mercado Interno,Tucumán,Retail Nacional,Limón Lisbon,4,Primera,7831.0,435.0,0.2263,1771.83,278.11,492763.64,0.1357,ARS,Cobrado,Cumplido
2023-05-10,2023,PED-2023-00460,La Esperanza,LE-02,Eureka,Supermercados Norte SA,Mercado Interno,Tucumán,Retail Nacional,Limón Eureka,4,Extra,6423.0,357.0,0.2255,1448.65,268.9,389541.98,0.1826,ARS,Pendiente,Cumplido
2023-05-10,2023,PED-2023-00463,La Esperanza,LE-03,Lisbon,Supermercados Norte SA,Mercado Interno,Tucumán,Retail Nacional,Limón Lisbon,6,Segunda,7940.0,441.0,0.1905,1512.75,278.07,420650.39,0.1224,ARS,Cobrado,Cumplido
2023-05-10,2023,PED-2023-00472,Los Álamos,LA-02,Lisbon,Supermercados Norte SA,Mercado Interno,Tucumán,Distribuidor Regional,Limón Lisbon,5,Extra,5357.0,298.0,0.2221,1189.75,267.97,318817.31,0.151,ARS,Cobrado,Cumplido
2023-05-10,2023,PED-2023-00482,Río Ancho,RA-02,Lisbon,Supermercados Norte SA,Mercado Interno,Tucumán,Retail Nacional,Limón Lisbon,5,Primera,8805.0,489.0,0.2287,2013.76,274.7,553179.87,0.1421,ARS,Cobrado,Cumplido
2023-05-10,2023,PED-2023-00494,San Cayetano,SC-03,Génova,Supermercados Norte SA,Mercado Interno,Tucumán,Retail Nacional,Limón Génova,7,Segunda,5788.0,322.0,0.1932,1118.19,276.43,309101.26,0.1593,ARS,Cobrado,Cumplido
2023-05-17,2023,PED-2023-00500,El Paraíso,EP-02,Eureka,Al Salam Trading,Exportación,Emiratos Árabes,Exportación Directa,Limón Eureka,3,Primera,1985.0,110.0,0.3581,710.8,280.05,199059.54,0.1845,USD,Cobrado,Cumplido
2023-05-17,2023,PED-2023-00503,El Paraíso,EP-03,Lisbon,Al Salam Trading,Exportación,Emiratos Árabes,Programa Retail UE,Limón Lisbon,2,Primera,13722.0,762.0,0.3865,5303.92,272.63,1446007.71,0.3032,USD,Pendiente,Cumplido
2023-05-17,2023,PED-2023-00509,La Esperanza,LE-01,Eureka,Al Salam Trading,Exportación,Emiratos Árabes,Programa Retail UE,Limón Eureka,3,Extra,14432.0,802.0,0.368,5310.55,286.19,1519826.3,0.2025,USD,Cobrado,Parcial
2023-05-17,2023,PED-2023-00513,La Esperanza,LE-02,Eureka,Al Salam Trading,Exportación,Emiratos Árabes,Trader Golfo,Limón Eureka,4,Primera,12829.0,713.0,0.3422,4390.03,270.03,1185439.8,0.2203,USD,Pendiente,Cumplido
2023-05-17,2023,PED-2023-00514,La Esperanza,LE-02,Eureka,Al Salam Trading,Exportación,Emiratos Árabes,Trader Golfo,Limón Eureka,4,Primera,18450.0,1025.0,0.3438,6343.25,270.03,1712867.8,0.2266,USD,Cobrado,Cumplido
2023-05-17,2023,PED-2023-00526,Los Álamos,LA-02,Lisbon,Al Salam Trading,Exportación,Emiratos Árabes,Exportación Directa,Limón Lisbon,7,Extra,14386.0,799.0,0.3188,4586.63,270.84,1242242.87,0.2073,USD,Cobrado,Cumplido
2023-05-17,2023,PED-2023-00532,Río Ancho,RA-01,Eureka,Al Salam Trading,Exportación,Emiratos Árabes,Programa Retail UE,Limón Eureka,3,Primera,11699.0,650.0,0.3654,4274.59,279.4,1194320.45,0.2858,USD,Cobrado,Cumplido
2023-05-17,2023,PED-2023-00533,Río Ancho,RA-01,Eureka,Al Salam Trading,Exportación,Emiratos Árabes,Programa Retail UE,Limón Eureka,3,Primera,17306.0,961.0,0.3743,6477.16,279.4,1809718.5,0.26,USD,Cobrado,Cumplido
2023-05-17,2023,PED-2023-00499,El Paraíso,EP-02,Eureka,Citrus World Ltd,Exportación,Reino Unido,Trader Golfo,Limón Eureka,3,Primera,28498.0,1583.0,0.3908,11135.66,280.05,3118541.58,0.2573,USD,Pendiente,Parcial
2023-05-17,2023,PED-2023-00506,El Paraíso,EP-04,Génova,Citrus World Ltd,Exportación,Reino Unido,Trader Golfo,Limón Génova,3,Primera,8701.0,483.0,0.406,3532.5,278.14,982529.55,0.2518,USD,Cobrado,Cumplido
2023-05-17,2023,PED-2023-00542,San Cayetano,SC-01,Eureka,Citrus World Ltd,Exportación,Reino Unido,Exportación Directa,Limón Eureka,4,Primera,18789.0,1044.0,0.3886,7300.58,277.46,2025618.93,0.2083,USD,Cobrado,Cumplido
2023-05-17,2023,PED-2023-00549,San Cayetano,SC-03,Génova,Citrus World Ltd,Exportación,Reino Unido,Trader Golfo,Limón Génova,3,Segunda,11171.0,621.0,0.3661,4089.21,273.75,1119421.24,0.2384,USD,Cobrado,Cumplido
2023-05-17,2023,PED-2023-00496,El Paraíso,EP-01,Eureka,Fischer Import GmbH,Exportación,Alemania,Exportación Directa,Limón Eureka,3,Extra,18635.0,1035.0,0.4563,8503.85,276.3,2349613.76,0.3153,USD,Cobrado,Cumplido
2023-05-17,2023,PED-2023-00523,Los Álamos,LA-01,Eureka,Fischer Import GmbH,Exportación,Alemania,Programa Retail UE,Limón Eureka,4,Segunda,18999.0,1056.0,0.4089,7768.96,279.07,2168083.67,0.1876,USD,Cobrado,Cumplido
2023-05-17,2023,PED-2023-00536,Río Ancho,RA-02,Lisbon,Fischer Import GmbH,Exportación,Alemania,Trader Golfo,Limón Lisbon,6,Primera,21407.0,1189.0,0.3804,8143.63,279.32,2274678.73,0.2836,USD,Cobrado,Parcial
2023-05-17,2023,PED-2023-00539,Río Ancho,RA-03,Génova,Fischer Import GmbH,Exportación,Alemania,Exportación Directa,Limón Génova,7,Segunda,8430.0,468.0,0.3376,2845.87,279.93,796644.39,0.2497,USD,Cobrado,Cumplido
2023-05-17,2023,PED-2023-00543,San Cayetano,SC-01,Eureka,Fischer Import GmbH,Exportación,Alemania,Trader Golfo,Limón Eureka,4,Primera,8985.0,499.0,0.4106,3689.26,277.46,1023622.08,0.2617,USD,Cobrado,Cumplido
2023-05-17,2023,PED-2023-00546,San Cayetano,SC-02,Lisbon,Fischer Import GmbH,Exportación,Alemania,Programa Retail UE,Limón Lisbon,5,Primera,20027.0,1113.0,0.4152,8314.56,276.25,2296897.2,0.2434,USD,Cobrado,Cumplido
2023-05-17,2023,PED-2023-00510,La Esperanza,LE-01,Eureka,Medifresh SA,Exportación,España,Exportación Directa,Limón Eureka,3,Extra,15862.0,881.0,0.3898,6183.8,286.19,1769741.72,0.2342,USD,Cobrado,Cumplido
2023-05-17,2023,PED-2023-00517,La Esperanza,LE-03,Lisbon,Medifresh SA,Exportación,España,Programa Retail UE,Limón Lisbon,3,Extra,20990.0,1166.0,0.4158,8727.35,284.08,2479265.59,0.2515,USD,Cobrado,Cumplido
2023-05-17,2023,PED-2023-00520,La Esperanza,LE-04,Génova,Medifresh SA,Exportación,España,Trader Golfo,Limón Génova,6,Primera,10537.0,585.0,0.3424,3607.51,276.74,998342.32,0.2701,USD,Pendiente,Cumplido
2023-05-17,2023,PED-2023-00529,Los Álamos,LA-03,Génova,Medifresh SA,Exportación,España,Exportación Directa,Limón Génova,6,Primera,8454.0,470.0,0.3651,3086.18,279.11,861383.7,0.2317,USD,Pendiente,Cumplido
2023-05-17,2023,PED-2023-00498,El Paraíso,EP-01,Eureka,Citromax SA,Industria,Tucumán,Contrato Industria,Limón Industria,3,Extra,4197.0,233.0,0.0841,353.03,276.3,97542.19,0.0378,ARS,Cobrado,Parcial
2023-05-17,2023,PED-2023-00505,El Paraíso,EP-03,Lisbon,Citromax SA,Industria,Tucumán,Mercado Industrial,Limón Industria,2,Primera,3382.0,188.0,0.0821,277.54,272.63,75665.73,0.0345,ARS,Cobrado,Cumplido
2023-05-17,2023,PED-2023-00522,La Esperanza,LE-04,Génova,Citromax SA,Industria,Tucumán,Contrato Industria,Limón Industria,6,Primera,4160.0,231.0,0.0734,305.51,276.74,84546.84,0.0474,ARS,Vencido,Parcial
2023-05-17,2023,PED-2023-00528,Los Álamos,LA-02,Lisbon,Citromax SA,Industria,Tucumán,Mercado Industrial,Limón Industria,7,Extra,4903.0,272.0,0.0757,370.97,270.84,100473.51,0.0477,ARS,Pendiente,Cumplido
2023-05-17,2023,PED-2023-00538,Río Ancho,RA-02,Lisbon,Citromax SA,Industria,Tucumán,Contrato Industria,Limón Industria,6,Primera,7845.0,436.0,0.075,588.23,279.32,164304.4,0.063,ARS,Cobrado,Cumplido
2023-05-17,2023,PED-2023-00545,San Cayetano,SC-01,Eureka,Citromax SA,Industria,Tucumán,Contrato Industria,Limón Industria,4,Primera,6453.0,358.0,0.0789,509.34,277.46,141321.48,0.0854,ARS,Cobrado,Cumplido
2023-05-17,2023,PED-2023-00551,San Cayetano,SC-03,Génova,Citromax SA,Industria,Tucumán,Mercado Industrial,Limón Industria,3,Segunda,5196.0,289.0,0.0747,387.94,273.75,106198.58,0.039,ARS,Cobrado,Cumplido
2023-05-17,2023,PED-2023-00502,El Paraíso,EP-02,Eureka,Frutales Tucumán SRL,Industria,Tucumán,Mercado Industrial,Limón Industria,3,Primera,6485.0,360.0,0.076,492.9,280.05,138036.64,0.0754,ARS,Cobrado,Cumplido
2023-05-17,2023,PED-2023-00508,El Paraíso,EP-04,Génova,Frutales Tucumán SRL,Industria,Tucumán,Mercado Industrial,Limón Industria,3,Primera,3645.0,202.0,0.0721,262.9,278.14,73123.01,0.0792,ARS,Cobrado,Parcial
2023-05-17,2023,PED-2023-00512,La Esperanza,LE-01,Eureka,Frutales Tucumán SRL,Industria,Tucumán,Contrato Industria,Limón Industria,3,Extra,6352.0,353.0,0.073,463.76,286.19,132723.47,0.0678,ARS,Pendiente,Cumplido
2023-05-17,2023,PED-2023-00516,La Esperanza,LE-02,Eureka,Frutales Tucumán SRL,Industria,Tucumán,Contrato Industria,Limón Industria,4,Primera,8277.0,460.0,0.0676,559.14,270.03,150984.57,0.0339,ARS,Cobrado,Cumplido
2023-05-17,2023,PED-2023-00519,La Esperanza,LE-03,Lisbon,Frutales Tucumán SRL,Industria,Tucumán,Contrato Industria,Limón Industria,3,Extra,5130.0,285.0,0.0794,407.32,284.08,115711.47,0.0507,ARS,Cobrado,Cumplido
2023-05-17,2023,PED-2023-00525,Los Álamos,LA-01,Eureka,Frutales Tucumán SRL,Industria,Tucumán,Contrato Industria,Limón Industria,4,Segunda,7010.0,389.0,0.0659,461.63,279.07,128827.08,0.0802,ARS,Pendiente,Cumplido
2023-05-17,2023,PED-2023-00531,Los Álamos,LA-03,Génova,Frutales Tucumán SRL,Industria,Tucumán,Contrato Industria,Limón Industria,6,Primera,3608.0,200.0,0.0647,233.36,279.11,65133.11,0.071,ARS,Pendiente,Cumplido
2023-05-17,2023,PED-2023-00535,Río Ancho,RA-01,Eureka,Frutales Tucumán SRL,Industria,Tucumán,Mercado Industrial,Limón Industria,3,Primera,9358.0,520.0,0.0729,681.84,279.4,190506.1,0.0455,ARS,Cobrado,Cumplido
2023-05-17,2023,PED-2023-00541,Río Ancho,RA-03,Génova,Frutales Tucumán SRL,Industria,Tucumán,Contrato Industria,Limón Industria,7,Segunda,4588.0,255.0,0.0626,287.26,279.93,80412.69,0.0844,ARS,Cobrado,Cumplido
2023-05-17,2023,PED-2023-00548,San Cayetano,SC-02,Lisbon,Frutales Tucumán SRL,Industria,Tucumán,Mercado Industrial,Limón Industria,5,Primera,5564.0,309.0,0.0713,396.93,276.25,109651.91,0.0405,ARS,Cobrado,Cumplido
2023-05-17,2023,PED-2023-00501,El Paraíso,EP-02,Eureka,Central de Frutas SA,Mercado Interno,Buenos Aires,Distribuidor Regional,Limón Eureka,3,Primera,7554.0,420.0,0.2484,1876.16,280.05,525418.61,0.1201,ARS,Vencido,Cumplido
2023-05-17,2023,PED-2023-00504,El Paraíso,EP-03,Lisbon,Central de Frutas SA,Mercado Interno,Buenos Aires,Retail Nacional,Limón Lisbon,2,Primera,4847.0,269.0,0.2704,1310.7,272.63,357336.14,0.1739,ARS,Cobrado,Cumplido
2023-05-17,2023,PED-2023-00530,Los Álamos,LA-03,Génova,Central de Frutas SA,Mercado Interno,Buenos Aires,Distribuidor Regional,Limón Génova,6,Primera,4033.0,224.0,0.2314,933.22,279.11,260471.03,0.2021,ARS,Cobrado,Cumplido
2023-05-17,2023,PED-2023-00540,Río Ancho,RA-03,Génova,Central de Frutas SA,Mercado Interno,Buenos Aires,Mercado Central,Limón Génova,7,Segunda,5728.0,318.0,0.1967,1126.66,279.93,315385.93,0.154,ARS,Cobrado,Cumplido
2023-05-17,2023,PED-2023-00497,El Paraíso,EP-01,Eureka,Frutales del Norte SRL,Mercado Interno,Salta,Mercado Central,Limón Eureka,3,Extra,4296.0,239.0,0.2345,1007.38,276.3,278339.09,0.1905,ARS,Cobrado,Cumplido
2023-05-17,2023,PED-2023-00524,Los Álamos,LA-01,Eureka,Frutales del Norte SRL,Mercado Interno,Salta,Retail Nacional,Limón Eureka,4,Segunda,11021.0,612.0,0.2047,2256.38,279.07,629687.97,0.1635,ARS,Cobrado,Cumplido
2023-05-17,2023,PED-2023-00527,Los Álamos,LA-02,Lisbon,Frutales del Norte SRL,Mercado Interno,Salta,Retail Nacional,Limón Lisbon,7,Extra,4913.0,273.0,0.2027,995.78,270.84,269697.06,0.1232,ARS,Cobrado,Cumplido
2023-05-17,2023,PED-2023-00534,Río Ancho,RA-01,Eureka,Frutales del Norte SRL,Mercado Interno,Salta,Retail Nacional,Limón Eureka,3,Primera,10086.0,560.0,0.2276,2295.82,279.4,641452.11,0.2036,ARS,Cobrado,Cumplido
2023-05-17,2023,PED-2023-00537,Río Ancho,RA-02,Lisbon,Frutales del Norte SRL,Mercado Interno,Salta,Distribuidor Regional,Limón Lisbon,6,Primera,10760.0,598.0,0.1966,2115.55,279.32,590915.43,0.1258,ARS,Cobrado,Cumplido
2023-05-17,2023,PED-2023-00511,La Esperanza,LE-01,Eureka,La Morenita SA,Mercado Interno,Tucumán,Distribuidor Regional,Limón Eureka,3,Extra,6404.0,356.0,0.2541,1627.2,286.19,465688.37,0.1262,ARS,Cobrado,Parcial
2023-05-17,2023,PED-2023-00515,La Esperanza,LE-02,Eureka,La Morenita SA,Mercado Interno,Tucumán,Distribuidor Regional,Limón Eureka,4,Primera,9829.0,546.0,0.2362,2321.6,270.03,626901.65,0.1838,ARS,Cobrado,Cumplido
2023-05-17,2023,PED-2023-00518,La Esperanza,LE-03,Lisbon,La Morenita SA,Mercado Interno,Tucumán,Retail Nacional,Limón Lisbon,3,Extra,6971.0,387.0,0.2468,1720.56,284.08,488776.68,0.1858,ARS,Cobrado,Parcial
2023-05-17,2023,PED-2023-00521,La Esperanza,LE-04,Génova,La Morenita SA,Mercado Interno,Tucumán,Distribuidor Regional,Limón Génova,6,Primera,4619.0,257.0,0.218,1007.0,276.74,278677.18,0.128,ARS,Cobrado,Cumplido
2023-05-17,2023,PED-2023-00544,San Cayetano,SC-01,Eureka,La Morenita SA,Mercado Interno,Tucumán,Retail Nacional,Limón Eureka,4,Primera,8331.0,463.0,0.2274,1894.44,277.46,525631.32,0.1568,ARS,Cobrado,Cumplido
2023-05-17,2023,PED-2023-00547,San Cayetano,SC-02,Lisbon,La Morenita SA,Mercado Interno,Tucumán,Distribuidor Regional,Limón Lisbon,5,Primera,6595.0,366.0,0.2404,1585.68,276.25,438044.1,0.1349,ARS,Cobrado,Cumplido
2023-05-17,2023,PED-2023-00507,El Paraíso,EP-04,Génova,Supermercados Norte SA,Mercado Interno,Tucumán,Retail Nacional,Limón Génova,3,Primera,3756.0,209.0,0.2238,840.41,278.14,233751.64,0.1576,ARS,Cobrado,Parcial
2023-05-17,2023,PED-2023-00550,San Cayetano,SC-03,Génova,Supermercados Norte SA,Mercado Interno,Tucumán,Mercado Central,Limón Génova,3,Segunda,5701.0,317.0,0.2138,1219.09,273.75,333725.89,0.1855,ARS,Cobrado,Cumplido
2023-05-24,2023,PED-2023-00555,El Paraíso,EP-02,Eureka,Al Salam Trading,Exportación,Emiratos Árabes,Programa Retail UE,Limón Eureka,3,Primera,13137.0,730.0,0.3509,4610.22,272.7,1257206.99,0.3002,USD,Cobrado,Cumplido
2023-05-24,2023,PED-2023-00579,Los Álamos,LA-01,Eureka,Al Salam Trading,Exportación,Emiratos Árabes,Trader Golfo,Limón Eureka,5,Extra,19910.0,1106.0,0.3572,7110.9,274.29,1950448.76,0.2658,USD,Cobrado,Cumplido
2023-05-24,2023,PED-2023-00556,El Paraíso,EP-02,Eureka,Citrus World Ltd,Exportación,Reino Unido,Exportación Directa,Limón Eureka,3,Primera,11322.0,629.0,0.4216,4773.03,272.7,1301605.28,0.2426,USD,Cobrado,Cumplido
2023-05-24,2023,PED-2023-00559,El Paraíso,EP-03,Lisbon,Citrus World Ltd,Exportación,Reino Unido,Exportación Directa,Limón Lisbon,4,Segunda,9406.0,523.0,0.373,3508.39,280.59,984419.15,0.1997,USD,Cobrado,Cumplido
2023-05-24,2023,PED-2023-00580,Los Álamos,LA-01,Eureka,Citrus World Ltd,Exportación,Reino Unido,Exportación Directa,Limón Eureka,5,Extra,4547.0,253.0,0.4185,1902.81,274.29,521921.75,0.2422,USD,Cobrado,Cumplido
2023-05-24,2023,PED-2023-00606,San Cayetano,SC-03,Génova,Citrus World Ltd,Exportación,Reino Unido,Programa Retail UE,Limón Génova,3,Segunda,10611.0,590.0,0.4057,4304.64,282.34,1215372.06,0.259,USD,Cobrado,Cumplido
2023-05-24,2023,PED-2023-00552,El Paraíso,EP-01,Eureka,Fischer Import GmbH,Exportación,Alemania,Programa Retail UE,Limón Eureka,7,Segunda,15559.0,864.0,0.3602,5604.53,278.17,1559012.11,0.252,USD,Cobrado,Cumplido
2023-05-24,2023,PED-2023-00562,El Paraíso,EP-04,Génova,Fischer Import GmbH,Exportación,Alemania,Programa Retail UE,Limón Génova,4,Primera,7625.0,424.0,0.422,3217.88,278.18,895149.86,0.1875,USD,Cobrado,Parcial
2023-05-24,2023,PED-2023-00566,La Esperanza,LE-01,Eureka,Fischer Import GmbH,Exportación,Alemania,Programa Retail UE,Limón Eureka,5,Extra,7257.0,403.0,0.4047,2937.23,285.13,837492.39,0.1983,USD,Pendiente,Parcial
2023-05-24,2023,PED-2023-00570,La Esperanza,LE-02,Eureka,Fischer Import GmbH,Exportación,Alemania,Programa Retail UE,Limón Eureka,3,Primera,1913.0,106.0,0.4247,812.53,272.86,221706.94,0.1944,USD,Cobrado,Cumplido
2023-05-24,2023,PED-2023-00576,La Esperanza,LE-04,Génova,Fischer Import GmbH,Exportación,Alemania,Exportación Directa,Limón Génova,6,Segunda,11016.0,612.0,0.3879,4272.57,278.73,1190893.44,0.2216,USD,Cobrado,Cumplido
2023-05-24,2023,PED-2023-00586,Los Álamos,LA-03,Génova,Fischer Import GmbH,Exportación,Alemania,Exportación Directa,Limón Génova,3,Segunda,7581.0,421.0,0.4208,3189.89,273.29,871765.04,0.2388,USD,Cobrado,Cumplido
2023-05-24,2023,PED-2023-00590,Río Ancho,RA-01,Eureka,Fischer Import GmbH,Exportación,Alemania,Exportación Directa,Limón Eureka,3,Extra,21805.0,1211.0,0.4731,10315.02,285.84,2948445.32,0.2132,USD,Cobrado,Cumplido
2023-05-24,2023,PED-2023-00593,Río Ancho,RA-02,Lisbon,Fischer Import GmbH,Exportación,Alemania,Exportación Directa,Limón Lisbon,4,Extra,21636.0,1202.0,0.4313,9330.89,287.97,2687016.39,0.3201,USD,Cobrado,Cumplido
2023-05-24,2023,PED-2023-00599,San Cayetano,SC-01,Eureka,Fischer Import GmbH,Exportación,Alemania,Programa Retail UE,Limón Eureka,4,Extra,22731.0,1263.0,0.4253,9667.74,277.57,2683474.59,0.2666,USD,Pendiente,Cumplido
2023-05-24,2023,PED-2023-00600,San Cayetano,SC-01,Eureka,Fischer Import GmbH,Exportación,Alemania,Programa Retail UE,Limón Eureka,4,Extra,4974.0,276.0,0.4205,2091.54,277.57,580548.76,0.313,USD,Cobrado,Cumplido
2023-05-24,2023,PED-2023-00565,La Esperanza,LE-01,Eureka,Medifresh SA,Exportación,España,Trader Golfo,Limón Eureka,5,Extra,19452.0,1081.0,0.3874,7536.59,285.13,2148907.91,0.2367,USD,Cobrado,Cumplido
2023-05-24,2023,PED-2023-00569,La Esperanza,LE-02,Eureka,Medifresh SA,Exportación,España,Trader Golfo,Limón Eureka,3,Primera,23774.0,1321.0,0.3989,9483.11,272.86,2587561.39,0.1831,USD,Cobrado,Cumplido
2023-05-24,2023,PED-2023-00573,La Esperanza,LE-03,Lisbon,Medifresh SA,Exportación,España,Exportación Directa,Limón Lisbon,3,Extra,18807.0,1045.0,0.3866,7270.91,279.38,2031346.84,0.2332,USD,Cobrado,Cumplido
2023-05-24,2023,PED-2023-00583,Los Álamos,LA-02,Lisbon,Medifresh SA,Exportación,España,Exportación Directa,Limón Lisbon,6,Primera,12276.0,682.0,0.3424,4203.49,288.56,1212959.07,0.2782,USD,Cobrado,Cumplido
2023-05-24,2023,PED-2023-00589,Río Ancho,RA-01,Eureka,Medifresh SA,Exportación,España,Trader Golfo,Limón Eureka,3,Extra,15239.0,847.0,0.4036,6150.68,285.84,1758110.37,0.3238,USD,Cobrado,Parcial
2023-05-24,2023,PED-2023-00596,Río Ancho,RA-03,Génova,Medifresh SA,Exportación,España,Programa Retail UE,Limón Génova,6,Primera,11373.0,632.0,0.3613,4109.14,285.14,1171680.18,0.2733,USD,Cobrado,Cumplido
2023-05-24,2023,PED-2023-00603,San Cayetano,SC-02,Lisbon,Medifresh SA,Exportación,España,Exportación Directa,Limón Lisbon,4,Extra,18420.0,1023.0,0.3687,6791.8,277.05,1881668.19,0.3051,USD,Cobrado,Cumplido
2023-05-24,2023,PED-2023-00554,El Paraíso,EP-01,Eureka,Citromax SA,Industria,Tucumán,Contrato Industria,Limón Industria,7,Segunda,4373.0,243.0,0.0654,286.02,278.17,79562.18,0.0731,ARS,Cobrado,Cumplido
2023-05-24,2023,PED-2023-00561,El Paraíso,EP-03,Lisbon,Citromax SA,Industria,Tucumán,Contrato Industria,Limón Industria,4,Segunda,3989.0,222.0,0.0731,291.72,280.59,81853.71,0.0871,ARS,Cobrado,Cumplido
2023-05-24,2023,PED-2023-00568,La Esperanza,LE-01,Eureka,Citromax SA,Industria,Tucumán,Mercado Industrial,Limón Industria,5,Extra,6809.0,378.0,0.0798,543.47,285.13,154959.6,0.0388,ARS,Cobrado,Cumplido
2023-05-24,2023,PED-2023-00575,La Esperanza,LE-03,Lisbon,Citromax SA,Industria,Tucumán,Contrato Industria,Limón Industria,3,Extra,4675.0,260.0,0.083,388.04,279.38,108410.62,0.0467,ARS,Cobrado,Cumplido
2023-05-24,2023,PED-2023-00578,La Esperanza,LE-04,Génova,Citromax SA,Industria,Tucumán,Mercado Industrial,Limón Industria,6,Segunda,4519.0,251.0,0.0691,312.25,278.73,87033.44,0.043,ARS,Cobrado,Cumplido
2023-05-24,2023,PED-2023-00582,Los Álamos,LA-01,Eureka,Citromax SA,Industria,Tucumán,Contrato Industria,Limón Industria,5,Extra,6192.0,344.0,0.0828,512.64,274.29,140612.03,0.0523,ARS,Cobrado,Cumplido
2023-05-24,2023,PED-2023-00605,San Cayetano,SC-02,Lisbon,Citromax SA,Industria,Tucumán,Mercado Industrial,Limón Industria,4,Extra,5274.0,293.0,0.0831,438.22,277.05,121408.85,0.0675,ARS,Cobrado,Parcial
2023-05-24,2023,PED-2023-00558,El Paraíso,EP-02,Eureka,Frutales Tucumán SRL,Industria,Tucumán,Mercado Industrial,Limón Industria,3,Primera,4955.0,275.0,0.0733,363.02,272.7,98995.55,0.0779,ARS,Cobrado,Cumplido
2023-05-24,2023,PED-2023-00564,El Paraíso,EP-04,Génova,Frutales Tucumán SRL,Industria,Tucumán,Mercado Industrial,Limón Industria,4,Primera,2188.0,122.0,0.069,151.07,278.18,42024.65,0.0494,ARS,Pendiente,Cumplido
2023-05-24,2023,PED-2023-00572,La Esperanza,LE-02,Eureka,Frutales Tucumán SRL,Industria,Tucumán,Contrato Industria,Limón Industria,3,Primera,8054.0,447.0,0.0715,575.69,272.86,157082.77,0.0694,ARS,Vencido,Cumplido
2023-05-24,2023,PED-2023-00585,Los Álamos,LA-02,Lisbon,Frutales Tucumán SRL,Industria,Tucumán,Contrato Industria,Limón Industria,6,Primera,4480.0,249.0,0.0641,287.07,288.56,82836.92,0.0504,ARS,Cobrado,Cumplido
2023-05-24,2023,PED-2023-00588,Los Álamos,LA-03,Génova,Frutales Tucumán SRL,Industria,Tucumán,Mercado Industrial,Limón Industria,3,Segunda,3517.0,195.0,0.0662,232.73,273.29,63602.78,0.0596,ARS,Cobrado,Cumplido
2023-05-24,2023,PED-2023-00592,Río Ancho,RA-01,Eureka,Frutales Tucumán SRL,Industria,Tucumán,Contrato Industria,Limón Industria,3,Extra,8887.0,494.0,0.0722,642.07,285.84,183529.29,0.0604,ARS,Pendiente,Cumplido
2023-05-24,2023,PED-2023-00595,Río Ancho,RA-02,Lisbon,Frutales Tucumán SRL,Industria,Tucumán,Mercado Industrial,Limón Industria,4,Extra,6468.0,359.0,0.0746,482.53,287.97,138954.16,0.078,ARS,Cobrado,Cumplido
2023-05-24,2023,PED-2023-00598,Río Ancho,RA-03,Génova,Frutales Tucumán SRL,Industria,Tucumán,Contrato Industria,Limón Industria,6,Primera,4687.0,260.0,0.0654,306.63,285.14,87432.48,0.0704,ARS,Cobrado,Cumplido
2023-05-24,2023,PED-2023-00602,San Cayetano,SC-01,Eureka,Frutales Tucumán SRL,Industria,Tucumán,Contrato Industria,Limón Industria,4,Extra,5760.0,320.0,0.0721,415.16,277.57,115235.96,0.0552,ARS,Cobrado,Parcial
2023-05-24,2023,PED-2023-00608,San Cayetano,SC-03,Génova,Frutales Tucumán SRL,Industria,Tucumán,Mercado Industrial,Limón Industria,3,Segunda,5154.0,286.0,0.0657,338.48,282.34,95566.44,0.0401,ARS,Cobrado,Cumplido
2023-05-24,2023,PED-2023-00557,El Paraíso,EP-02,Eureka,Central de Frutas SA,Mercado Interno,Buenos Aires,Distribuidor Regional,Limón Eureka,3,Primera,8757.0,486.0,0.2636,2308.36,272.7,629489.77,0.1236,ARS,Cobrado,Parcial
2023-05-24,2023,PED-2023-00560,El Paraíso,EP-03,Lisbon,Central de Frutas SA,Mercado Interno,Buenos Aires,Mercado Central,Limón Lisbon,4,Segunda,5383.0,299.0,0.2219,1194.4,280.59,335136.7,0.1772,ARS,Vencido,Cumplido
2023-05-24,2023,PED-2023-00581,Los Álamos,LA-01,Eureka,Central de Frutas SA,Mercado Interno,Buenos Aires,Mercado Central,Limón Eureka,5,Extra,8648.0,480.0,0.2519,2178.55,274.29,597554.48,0.1845,ARS,Cobrado,Parcial
2023-05-24,2023,PED-2023-00584,Los Álamos,LA-02,Lisbon,Central de Frutas SA,Mercado Interno,Buenos Aires,Retail Nacional,Limón Lisbon,6,Primera,4697.0,261.0,0.2323,1090.95,288.56,314804.53,0.1589,ARS,Pendiente,Parcial
2023-05-24,2023,PED-2023-00587,Los Álamos,LA-03,Génova,Central de Frutas SA,Mercado Interno,Buenos Aires,Mercado Central,Limón Génova,3,Segunda,3548.0,197.0,0.2284,810.31,273.29,221449.62,0.1958,ARS,Cobrado,Cumplido
2023-05-24,2023,PED-2023-00594,Río Ancho,RA-02,Lisbon,Central de Frutas SA,Mercado Interno,Buenos Aires,Retail Nacional,Limón Lisbon,4,Extra,5148.0,286.0,0.2498,1285.81,287.97,370274.71,0.1621,ARS,Cobrado,Cumplido
2023-05-24,2023,PED-2023-00604,San Cayetano,SC-02,Lisbon,Central de Frutas SA,Mercado Interno,Buenos Aires,Mercado Central,Limón Lisbon,4,Extra,3994.0,222.0,0.2408,961.7,277.05,266438.99,0.1417,ARS,Pendiente,Cumplido
2023-05-24,2023,PED-2023-00563,El Paraíso,EP-04,Génova,Frutales del Norte SRL,Mercado Interno,Salta,Retail Nacional,Limón Génova,4,Primera,2486.0,138.0,0.2015,500.98,278.18,139362.62,0.1917,ARS,Cobrado,Cumplido
2023-05-24,2023,PED-2023-00574,La Esperanza,LE-03,Lisbon,Frutales del Norte SRL,Mercado Interno,Salta,Mercado Central,Limón Lisbon,3,Extra,3905.0,217.0,0.2289,893.85,279.38,249723.81,0.1635,ARS,Pendiente,Cumplido
2023-05-24,2023,PED-2023-00591,Río Ancho,RA-01,Eureka,Frutales del Norte SRL,Mercado Interno,Salta,Mercado Central,Limón Eureka,3,Extra,8328.0,463.0,0.227,1890.14,285.84,540277.62,0.1568,ARS,Cobrado,Cumplido
2023-05-24,2023,PED-2023-00597,Río Ancho,RA-03,Génova,Frutales del Norte SRL,Mercado Interno,Salta,Mercado Central,Limón Génova,6,Primera,4675.0,260.0,0.1901,888.88,285.14,253455.24,0.127,ARS,Cobrado,Cumplido
2023-05-24,2023,PED-2023-00601,San Cayetano,SC-01,Eureka,Frutales del Norte SRL,Mercado Interno,Salta,Distribuidor Regional,Limón Eureka,4,Extra,11097.0,616.0,0.2194,2435.21,277.57,675941.24,0.2029,ARS,Cobrado,Cumplido
2023-05-24,2023,PED-2023-00607,San Cayetano,SC-03,Génova,Frutales del Norte SRL,Mercado Interno,Salta,Mercado Central,Limón Génova,3,Segunda,5152.0,286.0,0.2186,1126.3,282.34,317999.54,0.1689,ARS,Cobrado,Cumplido
2023-05-24,2023,PED-2023-00553,El Paraíso,EP-01,Eureka,La Morenita SA,Mercado Interno,Tucumán,Retail Nacional,Limón Eureka,7,Segunda,8369.0,465.0,0.2016,1686.93,278.17,469253.32,0.1915,ARS,Cobrado,Cumplido
2023-05-24,2023,PED-2023-00571,La Esperanza,LE-02,Eureka,La Morenita SA,Mercado Interno,Tucumán,Retail Nacional,Limón Eureka,3,Primera,8013.0,445.0,0.2314,1854.5,272.86,506018.87,0.1473,ARS,Cobrado,Cumplido
2023-05-24,2023,PED-2023-00577,La Esperanza,LE-04,Génova,La Morenita SA,Mercado Interno,Tucumán,Mercado Central,Limón Génova,6,Segunda,6560.0,364.0,0.2002,1313.62,278.73,366145.3,0.178,ARS,Pendiente,Cumplido
2023-05-24,2023,PED-2023-00567,La Esperanza,LE-01,Eureka,Supermercados Norte SA,Mercado Interno,Tucumán,Retail Nacional,Limón Eureka,5,Extra,8670.0,482.0,0.2356,2042.8,285.13,582463.56,0.2141,ARS,Pendiente,Cumplido
2023-05-31,2023,PED-2023-00618,El Paraíso,EP-04,Génova,Al Salam Trading,Exportación,Emiratos Árabes,Exportación Directa,Limón Génova,4,Segunda,8970.0,498.0,0.3413,3061.87,275.5,843545.18,0.2244,USD,Cobrado,Cumplido
2023-05-31,2023,PED-2023-00621,La Esperanza,LE-01,Eureka,Al Salam Trading,Exportación,Emiratos Árabes,Exportación Directa,Limón Eureka,7,Extra,23444.0,1302.0,0.3413,8001.2,276.66,2213611.99,0.2679,USD,Cobrado,Cumplido
2023-05-31,2023,PED-2023-00628,La Esperanza,LE-03,Lisbon,Al Salam Trading,Exportación,Emiratos Árabes,Exportación Directa,Limón Lisbon,4,Primera,17532.0,974.0,0.3419,5993.99,279.08,1672802.73,0.3066,USD,Cobrado,Parcial
2023-05-31,2023,PED-2023-00631,La Esperanza,LE-04,Génova,Al Salam Trading,Exportación,Emiratos Árabes,Trader Golfo,Limón Génova,7,Segunda,11973.0,665.0,0.2895,3466.18,285.97,991223.49,0.2238,USD,Cobrado,Cumplido
2023-05-31,2023,PED-2023-00635,Los Álamos,LA-01,Eureka,Al Salam Trading,Exportación,Emiratos Árabes,Trader Golfo,Limón Eureka,2,Extra,4249.0,236.0,0.4097,1740.9,278.04,484039.84,0.2883,USD,Cobrado,Cumplido
2023-05-31,2023,PED-2023-00644,Río Ancho,RA-01,Eureka,Al Salam Trading,Exportación,Emiratos Árabes,Programa Retail UE,Limón Eureka,5,Primera,34435.0,1913.0,0.3542,12198.5,289.76,3534637.36,0.1856,USD,Cobrado,Cumplido
2023-05-31,2023,PED-2023-00648,Río Ancho,RA-02,Lisbon,Al Salam Trading,Exportación,Emiratos Árabes,Exportación Directa,Limón Lisbon,3,Segunda,18540.0,1030.0,0.3508,6503.42,276.84,1800406.79,0.2824,USD,Cobrado,Cumplido
2023-05-31,2023,PED-2023-00609,El Paraíso,EP-01,Eureka,Citrus World Ltd,Exportación,Reino Unido,Programa Retail UE,Limón Eureka,3,Primera,18476.0,1026.0,0.4292,7929.9,277.87,2203481.31,0.2247,USD,Cobrado,Cumplido
2023-05-31,2023,PED-2023-00624,La Esperanza,LE-02,Eureka,Citrus World Ltd,Exportación,Reino Unido,Programa Retail UE,Limón Eureka,4,Segunda,9023.0,501.0,0.3607,3254.94,272.66,887491.94,0.2259,USD,Pendiente,Cumplido
2023-05-31,2023,PED-2023-00625,La Esperanza,LE-02,Eureka,Citrus World Ltd,Exportación,Reino Unido,Exportación Directa,Limón Eureka,4,Segunda,16821.0,934.0,0.3962,6664.8,272.66,1817224.37,0.2204,USD,Cobrado,Cumplido
2023-05-31,2023,PED-2023-00645,Río Ancho,RA-01,Eureka,Citrus World Ltd,Exportación,Reino Unido,Programa Retail UE,Limón Eureka,5,Primera,2491.0,138.0,0.3702,922.13,289.76,267196.39,0.2517,USD,Cobrado,Cumplido
2023-05-31,2023,PED-2023-00651,Río Ancho,RA-03,Génova,Citrus World Ltd,Exportación,Reino Unido,Exportación Directa,Limón Génova,5,Segunda,10489.0,583.0,0.3507,3678.24,284.61,1046863.89,0.2475,USD,Cobrado,Cumplido
2023-05-31,2023,PED-2023-00658,San Cayetano,SC-02,Lisbon,Citrus World Ltd,Exportación,Reino Unido,Trader Golfo,Limón Lisbon,5,Segunda,13013.0,723.0,0.3822,4973.66,281.18,1398493.72,0.1815,USD,Cobrado,Cumplido
2023-05-31,2023,PED-2023-00661,San Cayetano,SC-03,Génova,Citrus World Ltd,Exportación,Reino Unido,Trader Golfo,Limón Génova,7,Primera,12343.0,686.0,0.3783,4669.52,282.01,1316851.34,0.3041,USD,Cobrado,Cumplido
2023-05-31,2023,PED-2023-00612,El Paraíso,EP-02,Eureka,Fischer Import GmbH,Exportación,Alemania,Programa Retail UE,Limón Eureka,7,Segunda,19045.0,1058.0,0.3392,6459.6,284.83,1839887.87,0.2029,USD,Cobrado,Cumplido
2023-05-31,2023,PED-2023-00615,El Paraíso,EP-03,Lisbon,Fischer Import GmbH,Exportación,Alemania,Exportación Directa,Limón Lisbon,3,Extra,15172.0,843.0,0.4302,6526.94,283.24,1848690.49,0.3227,USD,Cobrado,Parcial
2023-05-31,2023,PED-2023-00638,Los Álamos,LA-02,Lisbon,Fischer Import GmbH,Exportación,Alemania,Programa Retail UE,Limón Lisbon,2,Primera,15343.0,852.0,0.4198,6440.58,279.25,1798531.96,0.2229,USD,Cobrado,Cumplido
2023-05-31,2023,PED-2023-00641,Los Álamos,LA-03,Génova,Fischer Import GmbH,Exportación,Alemania,Programa Retail UE,Limón Génova,5,Primera,9874.0,549.0,0.3954,3903.97,275.36,1074997.18,0.209,USD,Cobrado,Cumplido
2023-05-31,2023,PED-2023-00654,San Cayetano,SC-01,Eureka,Fischer Import GmbH,Exportación,Alemania,Programa Retail UE,Limón Eureka,4,Primera,4512.0,251.0,0.4237,1911.79,281.06,537327.7,0.2507,USD,Cobrado,Cumplido
2023-05-31,2023,PED-2023-00655,San Cayetano,SC-01,Eureka,Fischer Import GmbH,Exportación,Alemania,Exportación Directa,Limón Eureka,4,Primera,23031.0,1280.0,0.3994,9197.48,281.06,2585043.73,0.2214,USD,Cobrado,Cumplido
2023-05-31,2023,PED-2023-00634,Los Álamos,LA-01,Eureka,Medifresh SA,Exportación,España,Trader Golfo,Limón Eureka,2,Extra,19953.0,1108.0,0.3878,7737.94,278.04,2151456.84,0.2426,USD,Pendiente,Cumplido
2023-05-31,2023,PED-2023-00620,El Paraíso,EP-04,Génova,Citromax SA,Industria,Tucumán,Contrato Industria,Limón Industria,4,Segunda,3471.0,193.0,0.0719,249.73,275.5,68800.61,0.0483,ARS,Cobrado,Cumplido
2023-05-31,2023,PED-2023-00623,La Esperanza,LE-01,Eureka,Citromax SA,Industria,Tucumán,Mercado Industrial,Limón Industria,7,Extra,6120.0,340.0,0.0748,457.94,276.66,126693.68,0.0872,ARS,Cobrado,Cumplido
2023-05-31,2023,PED-2023-00627,La Esperanza,LE-02,Eureka,Citromax SA,Industria,Tucumán,Contrato Industria,Limón Industria,4,Segunda,6336.0,352.0,0.0704,445.82,272.66,121557.28,0.0652,ARS,Cobrado,Cumplido
2023-05-31,2023,PED-2023-00630,La Esperanza,LE-03,Lisbon,Citromax SA,Industria,Tucumán,Contrato Industria,Limón Industria,4,Primera,4146.0,230.0,0.0815,337.93,279.08,94309.5,0.0705,ARS,Vencido,Cumplido
2023-05-31,2023,PED-2023-00633,La Esperanza,LE-04,Génova,Citromax SA,Industria,Tucumán,Mercado Industrial,Limón Industria,7,Segunda,5811.0,323.0,0.0686,398.78,285.97,114039.12,0.0867,ARS,Cobrado,Parcial
2023-05-31,2023,PED-2023-00640,Los Álamos,LA-02,Lisbon,Citromax SA,Industria,Tucumán,Contrato Industria,Limón Industria,2,Primera,4671.0,260.0,0.085,396.92,279.25,110839.91,0.0728,ARS,Pendiente,Cumplido
2023-05-31,2023,PED-2023-00643,Los Álamos,LA-03,Génova,Citromax SA,Industria,Tucumán,Mercado Industrial,Limón Industria,5,Primera,4052.0,225.0,0.0769,311.66,275.36,85818.7,0.0499,ARS,Cobrado,Cumplido
2023-05-31,2023,PED-2023-00650,Río Ancho,RA-02,Lisbon,Citromax SA,Industria,Tucumán,Mercado Industrial,Limón Industria,3,Segunda,6549.0,364.0,0.0795,520.52,276.84,144100.76,0.0469,ARS,Cobrado,Cumplido
2023-05-31,2023,PED-2023-00653,Río Ancho,RA-03,Génova,Citromax SA,Industria,Tucumán,Contrato Industria,Limón Industria,5,Segunda,5526.0,307.0,0.0706,389.9,284.61,110969.44,0.0327,ARS,Cobrado,Cumplido
2023-05-31,2023,PED-2023-00657,San Cayetano,SC-01,Eureka,Citromax SA,Industria,Tucumán,Mercado Industrial,Limón Industria,4,Primera,6970.0,387.0,0.0798,555.88,281.06,156235.63,0.0619,ARS,Cobrado,Cumplido
2023-05-31,2023,PED-2023-00611,El Paraíso,EP-01,Eureka,Frutales Tucumán SRL,Industria,Tucumán,Contrato Industria,Limón Industria,3,Primera,4034.0,224.0,0.0694,280.14,277.87,77842.5,0.0845,ARS,Cobrado,Cumplido
2023-05-31,2023,PED-2023-00614,El Paraíso,EP-02,Eureka,Frutales Tucumán SRL,Industria,Tucumán,Mercado Industrial,Limón Industria,7,Segunda,5475.0,304.0,0.0574,314.16,284.83,89482.19,0.0885,ARS,Cobrado,Cumplido
2023-05-31,2023,PED-2023-00617,El Paraíso,EP-03,Lisbon,Frutales Tucumán SRL,Industria,Tucumán,Mercado Industrial,Limón Industria,3,Extra,3930.0,218.0,0.0793,311.6,283.24,88257.58,0.0649,ARS,Cobrado,Cumplido
2023-05-31,2023,PED-2023-00637,Los Álamos,LA-01,Eureka,Frutales Tucumán SRL,Industria,Tucumán,Mercado Industrial,Limón Industria,2,Extra,6284.0,349.0,0.0746,468.61,278.04,130292.32,0.0844,ARS,Cobrado,Cumplido
2023-05-31,2023,PED-2023-00647,Río Ancho,RA-01,Eureka,Frutales Tucumán SRL,Industria,Tucumán,Contrato Industria,Limón Industria,5,Primera,10677.0,593.0,0.071,758.19,289.76,219693.13,0.0421,ARS,Cobrado,Cumplido
2023-05-31,2023,PED-2023-00660,San Cayetano,SC-02,Lisbon,Frutales Tucumán SRL,Industria,Tucumán,Contrato Industria,Limón Industria,5,Segunda,4627.0,257.0,0.0653,302.36,281.18,85017.58,0.0356,ARS,Cobrado,Cumplido
2023-05-31,2023,PED-2023-00663,San Cayetano,SC-03,Génova,Frutales Tucumán SRL,Industria,Tucumán,Contrato Industria,Limón Industria,7,Primera,5101.0,283.0,0.0646,329.74,282.01,92989.98,0.0635,ARS,Cobrado,Cumplido
2023-05-31,2023,PED-2023-00613,El Paraíso,EP-02,Eureka,Central de Frutas SA,Mercado Interno,Buenos Aires,Retail Nacional,Limón Eureka,7,Segunda,10759.0,598.0,0.2123,2284.58,284.83,650716.92,0.1848,ARS,Cobrado,Cumplido
2023-05-31,2023,PED-2023-00616,El Paraíso,EP-03,Lisbon,Central de Frutas SA,Mercado Interno,Buenos Aires,Distribuidor Regional,Limón Lisbon,3,Extra,3862.0,215.0,0.2718,1049.59,283.24,297285.87,0.172,ARS,Cobrado,Cumplido
2023-05-31,2023,PED-2023-00642,Los Álamos,LA-03,Génova,Central de Frutas SA,Mercado Interno,Buenos Aires,Mercado Central,Limón Génova,5,Primera,2949.0,164.0,0.2284,673.68,275.36,185504.52,0.1536,ARS,Cobrado,Cumplido
2023-05-31,2023,PED-2023-00652,Río Ancho,RA-03,Génova,Central de Frutas SA,Mercado Interno,Buenos Aires,Retail Nacional,Limón Génova,5,Segunda,5307.0,295.0,0.2291,1216.06,284.61,346102.84,0.1696,ARS,Cobrado,Cumplido
2023-05-31,2023,PED-2023-00610,El Paraíso,EP-01,Eureka,Frutales del Norte SRL,Mercado Interno,Salta,Mercado Central,Limón Eureka,3,Primera,6117.0,340.0,0.2305,1409.7,277.87,391713.34,0.1106,ARS,Cobrado,Cumplido
2023-05-31,2023,PED-2023-00629,La Esperanza,LE-03,Lisbon,Frutales del Norte SRL,Mercado Interno,Salta,Distribuidor Regional,Limón Lisbon,4,Primera,5308.0,295.0,0.2154,1143.29,279.08,319069.37,0.171,ARS,Cobrado,Cumplido
2023-05-31,2023,PED-2023-00639,Los Álamos,LA-02,Lisbon,Frutales del Norte SRL,Mercado Interno,Salta,Mercado Central,Limón Lisbon,2,Primera,3374.0,187.0,0.2171,732.35,279.25,204508.74,0.1401,ARS,Pendiente,Cumplido
2023-05-31,2023,PED-2023-00646,Río Ancho,RA-01,Eureka,Frutales del Norte SRL,Mercado Interno,Salta,Mercado Central,Limón Eureka,5,Primera,13680.0,760.0,0.1969,2694.12,289.76,780648.21,0.1272,ARS,Cobrado,Cumplido
2023-05-31,2023,PED-2023-00649,Río Ancho,RA-02,Lisbon,Frutales del Norte SRL,Mercado Interno,Salta,Retail Nacional,Limón Lisbon,3,Segunda,7409.0,412.0,0.1946,1441.71,276.84,399123.0,0.1865,ARS,Cobrado,Cumplido
2023-05-31,2023,PED-2023-00656,San Cayetano,SC-01,Eureka,Frutales del Norte SRL,Mercado Interno,Salta,Mercado Central,Limón Eureka,4,Primera,7740.0,430.0,0.2102,1626.86,281.06,457245.27,0.1289,ARS,Pendiente,Cumplido
2023-05-31,2023,PED-2023-00626,La Esperanza,LE-02,Eureka,La Morenita SA,Mercado Interno,Tucumán,Mercado Central,Limón Eureka,4,Segunda,9834.0,546.0,0.2183,2147.23,272.66,585463.73,0.1979,ARS,Pendiente,Cumplido
2023-05-31,2023,PED-2023-00659,San Cayetano,SC-02,Lisbon,La Morenita SA,Mercado Interno,Tucumán,Distribuidor Regional,Limón Lisbon,5,Segunda,6416.0,356.0,0.223,1430.46,281.18,402216.74,0.1399,ARS,Cobrado,Cumplido
2023-05-31,2023,PED-2023-00619,El Paraíso,EP-04,Génova,Supermercados Norte SA,Mercado Interno,Tucumán,Distribuidor Regional,Limón Génova,4,Segunda,3363.0,187.0,0.1992,669.99,275.5,184582.24,0.1181,ARS,Pendiente,Cumplido
2023-05-31,2023,PED-2023-00622,La Esperanza,LE-01,Eureka,Supermercados Norte SA,Mercado Interno,Tucumán,Mercado Central,Limón Eureka,7,Extra,11397.0,633.0,0.2141,2440.2,276.66,675105.73,0.2008,ARS,Cobrado,Cumplido
2023-05-31,2023,PED-2023-00632,La Esperanza,LE-04,Génova,Supermercados Norte SA,Mercado Interno,Tucumán,Mercado Central,Limón Génova,7,Segunda,7140.0,397.0,0.1924,1373.42,285.97,392756.92,0.1797,ARS,Cobrado,Cumplido
2023-05-31,2023,PED-2023-00636,Los Álamos,LA-01,Eureka,Supermercados Norte SA,Mercado Interno,Tucumán,Retail Nacional,Limón Eureka,2,Extra,6231.0,346.0,0.2357,1468.91,278.04,408415.74,0.1536,ARS,Cobrado,Cumplido
2023-05-31,2023,PED-2023-00662,San Cayetano,SC-03,Génova,Supermercados Norte SA,Mercado Interno,Tucumán,Retail Nacional,Limón Génova,7,Primera,4720.0,262.0,0.2104,992.95,282.01,280021.83,0.1464,ARS,Cobrado,Cumplido
2023-06-07,2023,PED-2023-00678,La Esperanza,LE-01,Eureka,Al Salam Trading,Exportación,Emiratos Árabes,Trader Golfo,Limón Eureka,5,Primera,14309.0,795.0,0.3365,4814.46,282.36,1359410.93,0.2555,USD,Pendiente,Cumplido
2023-06-07,2023,PED-2023-00688,La Esperanza,LE-04,Génova,Al Salam Trading,Exportación,Emiratos Árabes,Programa Retail UE,Limón Génova,6,Segunda,12808.0,712.0,0.3305,4233.23,278.59,1179335.55,0.2056,USD,Cobrado,Cumplido
2023-06-07,2023,PED-2023-00700,Río Ancho,RA-01,Eureka,Al Salam Trading,Exportación,Emiratos Árabes,Trader Golfo,Limón Eureka,4,Primera,39007.0,2167.0,0.3489,13608.48,275.81,3753354.87,0.2463,USD,Cobrado,Cumplido
2023-06-07,2023,PED-2023-00711,San Cayetano,SC-01,Eureka,Al Salam Trading,Exportación,Emiratos Árabes,Programa Retail UE,Limón Eureka,5,Primera,17845.0,991.0,0.3629,6476.49,283.3,1834789.62,0.2419,USD,Cobrado,Parcial
2023-06-07,2023,PED-2023-00714,San Cayetano,SC-02,Lisbon,Al Salam Trading,Exportación,Emiratos Árabes,Trader Golfo,Limón Lisbon,7,Primera,19617.0,1090.0,0.332,6512.87,291.72,1899934.44,0.2361,USD,Cobrado,Cumplido
2023-06-07,2023,PED-2023-00717,San Cayetano,SC-03,Génova,Al Salam Trading,Exportación,Emiratos Árabes,Trader Golfo,Limón Génova,7,Primera,11294.0,627.0,0.3129,3534.06,288.56,1019788.35,0.2956,USD,Cobrado,Parcial
2023-06-07,2023,PED-2023-00668,El Paraíso,EP-02,Eureka,Citrus World Ltd,Exportación,Reino Unido,Programa Retail UE,Limón Eureka,3,Extra,29511.0,1640.0,0.4109,12125.98,286.36,3472395.63,0.3184,USD,Pendiente,Cumplido
2023-06-07,2023,PED-2023-00682,La Esperanza,LE-02,Eureka,Citrus World Ltd,Exportación,Reino Unido,Trader Golfo,Limón Eureka,3,Primera,25067.0,1393.0,0.4195,10515.81,283.05,2976500.02,0.2732,USD,Cobrado,Cumplido
2023-06-07,2023,PED-2023-00685,La Esperanza,LE-03,Lisbon,Citrus World Ltd,Exportación,Reino Unido,Exportación Directa,Limón Lisbon,4,Primera,17481.0,971.0,0.3846,6723.69,283.99,1909460.72,0.2582,USD,Cobrado,Cumplido
2023-06-07,2023,PED-2023-00710,San Cayetano,SC-01,Eureka,Citrus World Ltd,Exportación,Reino Unido,Exportación Directa,Limón Eureka,5,Primera,7044.0,391.0,0.377,2655.54,283.3,752314.48,0.29,USD,Cobrado,Cumplido
2023-06-07,2023,PED-2023-00664,El Paraíso,EP-01,Eureka,Fischer Import GmbH,Exportación,Alemania,Programa Retail UE,Limón Eureka,4,Primera,19757.0,1098.0,0.4221,8338.89,278.43,2321797.14,0.2249,USD,Cobrado,Cumplido
2023-06-07,2023,PED-2023-00667,El Paraíso,EP-02,Eureka,Fischer Import GmbH,Exportación,Alemania,Trader Golfo,Limón Eureka,3,Extra,2450.0,136.0,0.4588,1124.0,286.36,321868.64,0.2201,USD,Cobrado,Parcial
2023-06-07,2023,PED-2023-00674,El Paraíso,EP-04,Génova,Fischer Import GmbH,Exportación,Alemania,Programa Retail UE,Limón Génova,5,Segunda,7384.0,410.0,0.3979,2937.98,284.84,836854.22,0.2742,USD,Cobrado,Cumplido
2023-06-07,2023,PED-2023-00677,La Esperanza,LE-01,Eureka,Fischer Import GmbH,Exportación,Alemania,Exportación Directa,Limón Eureka,5,Primera,13391.0,744.0,0.4222,5653.58,282.36,1596344.85,0.2237,USD,Pendiente,Cumplido
2023-06-07,2023,PED-2023-00691,Los Álamos,LA-01,Eureka,Fischer Import GmbH,Exportación,Alemania,Programa Retail UE,Limón Eureka,3,Segunda,19555.0,1086.0,0.4324,8456.53,288.33,2438271.29,0.2475,USD,Cobrado,Cumplido
2023-06-07,2023,PED-2023-00694,Los Álamos,LA-02,Lisbon,Fischer Import GmbH,Exportación,Alemania,Programa Retail UE,Limón Lisbon,2,Primera,16598.0,922.0,0.4682,7770.76,292.98,2276677.26,0.2467,USD,Cobrado,Cumplido
2023-06-07,2023,PED-2023-00701,Río Ancho,RA-01,Eureka,Fischer Import GmbH,Exportación,Alemania,Programa Retail UE,Limón Eureka,4,Primera,2427.0,135.0,0.4397,1067.1,275.81,294316.85,0.2342,USD,Pendiente,Parcial
2023-06-07,2023,PED-2023-00671,El Paraíso,EP-03,Lisbon,Medifresh SA,Exportación,España,Trader Golfo,Limón Lisbon,7,Primera,13460.0,748.0,0.3542,4767.09,288.82,1376830.93,0.2966,USD,Cobrado,Cumplido
2023-06-07,2023,PED-2023-00681,La Esperanza,LE-02,Eureka,Medifresh SA,Exportación,España,Programa Retail UE,Limón Eureka,3,Primera,4527.0,252.0,0.4004,1812.73,283.05,513093.23,0.2223,USD,Cobrado,Cumplido
2023-06-07,2023,PED-2023-00697,Los Álamos,LA-03,Génova,Medifresh SA,Exportación,España,Exportación Directa,Limón Génova,6,Extra,10231.0,568.0,0.3882,3971.78,291.94,1159521.45,0.2716,USD,Cobrado,Cumplido
2023-06-07,2023,PED-2023-00704,Río Ancho,RA-02,Lisbon,Medifresh SA,Exportación,España,Trader Golfo,Limón Lisbon,7,Primera,17888.0,994.0,0.35,6259.97,284.96,1783841.05,0.2535,USD,Cobrado,Cumplido
2023-06-07,2023,PED-2023-00707,Río Ancho,RA-03,Génova,Medifresh SA,Exportación,España,Trader Golfo,Limón Génova,7,Primera,13914.0,773.0,0.3518,4894.63,288.3,1411121.83,0.1846,USD,Cobrado,Cumplido
2023-06-07,2023,PED-2023-00666,El Paraíso,EP-01,Eureka,Citromax SA,Industria,Tucumán,Mercado Industrial,Limón Industria,4,Primera,4505.0,250.0,0.0813,366.2,278.43,101961.07,0.0603,ARS,Cobrado,Cumplido
2023-06-07,2023,PED-2023-00670,El Paraíso,EP-02,Eureka,Citromax SA,Industria,Tucumán,Mercado Industrial,Limón Industria,3,Extra,6211.0,345.0,0.0868,539.0,286.36,154348.04,0.0516,ARS,Cobrado,Cumplido
2023-06-07,2023,PED-2023-00673,El Paraíso,EP-03,Lisbon,Citromax SA,Industria,Tucumán,Contrato Industria,Limón Industria,7,Primera,4770.0,265.0,0.0685,326.59,288.82,94325.72,0.0462,ARS,Cobrado,Cumplido
2023-06-07,2023,PED-2023-00684,La Esperanza,LE-02,Eureka,Citromax SA,Industria,Tucumán,Contrato Industria,Limón Industria,3,Primera,7421.0,412.0,0.0847,628.43,283.05,177877.11,0.0817,ARS,Pendiente,Cumplido
2023-06-07,2023,PED-2023-00687,La Esperanza,LE-03,Lisbon,Citromax SA,Industria,Tucumán,Contrato Industria,Limón Industria,4,Primera,5585.0,310.0,0.0781,436.07,283.99,123839.52,0.0812,ARS,Cobrado,Cumplido
2023-06-07,2023,PED-2023-00693,Los Álamos,LA-01,Eureka,Citromax SA,Industria,Tucumán,Mercado Industrial,Limón Industria,3,Segunda,5392.0,300.0,0.0768,413.88,288.33,119334.02,0.0801,ARS,Cobrado,Cumplido
2023-06-07,2023,PED-2023-00709,Río Ancho,RA-03,Génova,Citromax SA,Industria,Tucumán,Mercado Industrial,Limón Industria,7,Primera,7053.0,392.0,0.0704,496.72,288.3,143204.38,0.0514,ARS,Cobrado,Cumplido
2023-06-07,2023,PED-2023-00713,San Cayetano,SC-01,Eureka,Citromax SA,Industria,Tucumán,Mercado Industrial,Limón Industria,5,Primera,7535.0,419.0,0.0769,579.38,283.3,164138.35,0.064,ARS,Cobrado,Cumplido
2023-06-07,2023,PED-2023-00676,El Paraíso,EP-04,Génova,Frutales Tucumán SRL,Industria,Tucumán,Mercado Industrial,Limón Industria,5,Segunda,3526.0,196.0,0.0642,226.39,284.84,64484.93,0.036,ARS,Cobrado,Cumplido
2023-06-07,2023,PED-2023-00680,La Esperanza,LE-01,Eureka,Frutales Tucumán SRL,Industria,Tucumán,Mercado Industrial,Limón Industria,5,Primera,6843.0,380.0,0.0686,469.1,282.36,132455.08,0.0427,ARS,Cobrado,Cumplido
2023-06-07,2023,PED-2023-00690,La Esperanza,LE-04,Génova,Frutales Tucumán SRL,Industria,Tucumán,Contrato Industria,Limón Industria,6,Segunda,4885.0,271.0,0.0636,310.67,278.59,86549.56,0.0301,ARS,Cobrado,Cumplido
2023-06-07,2023,PED-2023-00696,Los Álamos,LA-02,Lisbon,Frutales Tucumán SRL,Industria,Tucumán,Mercado Industrial,Limón Industria,2,Primera,4647.0,258.0,0.0754,350.38,292.98,102654.33,0.0362,ARS,Cobrado,Cumplido
2023-06-07,2023,PED-2023-00699,Los Álamos,LA-03,Génova,Frutales Tucumán SRL,Industria,Tucumán,Mercado Industrial,Limón Industria,6,Extra,3577.0,199.0,0.0711,254.46,291.94,74287.05,0.033,ARS,Cobrado,Cumplido
2023-06-07,2023,PED-2023-00703,Río Ancho,RA-01,Eureka,Frutales Tucumán SRL,Industria,Tucumán,Mercado Industrial,Limón Industria,4,Primera,11629.0,646.0,0.0703,817.81,275.81,225560.18,0.08,ARS,Cobrado,Cumplido
2023-06-07,2023,PED-2023-00706,Río Ancho,RA-02,Lisbon,Frutales Tucumán SRL,Industria,Tucumán,Contrato Industria,Limón Industria,7,Primera,7754.0,431.0,0.0646,501.21,284.96,142824.8,0.0841,ARS,Cobrado,Cumplido
2023-06-07,2023,PED-2023-00716,San Cayetano,SC-02,Lisbon,Frutales Tucumán SRL,Industria,Tucumán,Contrato Industria,Limón Industria,7,Primera,6034.0,335.0,0.0655,394.96,291.72,115217.73,0.0404,ARS,Cobrado,Cumplido
2023-06-07,2023,PED-2023-00719,San Cayetano,SC-03,Génova,Frutales Tucumán SRL,Industria,Tucumán,Mercado Industrial,Limón Industria,7,Primera,4476.0,249.0,0.0617,276.0,288.56,79642.56,0.0304,ARS,Cobrado,Cumplido
2023-06-07,2023,PED-2023-00665,El Paraíso,EP-01,Eureka,Central de Frutas SA,Mercado Interno,Buenos Aires,Distribuidor Regional,Limón Eureka,4,Primera,5785.0,321.0,0.2318,1340.68,278.43,373285.53,0.1609,ARS,Cobrado,Cumplido
2023-06-07,2023,PED-2023-00679,La Esperanza,LE-01,Eureka,Central de Frutas SA,Mercado Interno,Buenos Aires,Distribuidor Regional,Limón Eureka,5,Primera,12660.0,703.0,0.2482,3141.71,282.36,887093.24,0.1541,ARS,Cobrado,Cumplido
2023-06-07,2023,PED-2023-00705,Río Ancho,RA-02,Lisbon,Central de Frutas SA,Mercado Interno,Buenos Aires,Distribuidor Regional,Limón Lisbon,7,Primera,10288.0,572.0,0.2241,2305.2,284.96,656889.79,0.1298,ARS,Cobrado,Cumplido
2023-06-07,2023,PED-2023-00675,El Paraíso,EP-04,Génova,Frutales del Norte SRL,Mercado Interno,Salta,Distribuidor Regional,Limón Génova,5,Segunda,2972.0,165.0,0.2025,601.87,284.84,171436.65,0.1955,ARS,Cobrado,Cumplido
2023-06-07,2023,PED-2023-00686,La Esperanza,LE-03,Lisbon,Frutales del Norte SRL,Mercado Interno,Salta,Retail Nacional,Limón Lisbon,4,Primera,7546.0,419.0,0.2095,1580.63,283.99,448883.11,0.164,ARS,Cobrado,Cumplido
2023-06-07,2023,PED-2023-00695,Los Álamos,LA-02,Lisbon,Frutales del Norte SRL,Mercado Interno,Salta,Mercado Central,Limón Lisbon,2,Primera,4972.0,276.0,0.2252,1119.46,292.98,327979.39,0.1287,ARS,Cobrado,Cumplido
2023-06-07,2023,PED-2023-00698,Los Álamos,LA-03,Génova,Frutales del Norte SRL,Mercado Interno,Salta,Retail Nacional,Limón Génova,6,Extra,4307.0,239.0,0.2061,887.51,291.94,259099.67,0.1751,ARS,Cobrado,Cumplido
2023-06-07,2023,PED-2023-00708,Río Ancho,RA-03,Génova,Frutales del Norte SRL,Mercado Interno,Salta,Mercado Central,Limón Génova,7,Primera,5938.0,330.0,0.2025,1202.48,288.3,346674.98,0.1397,ARS,Cobrado,Parcial
2023-06-07,2023,PED-2023-00702,Río Ancho,RA-01,Eureka,La Morenita SA,Mercado Interno,Tucumán,Mercado Central,Limón Eureka,4,Primera,16444.0,914.0,0.2455,4037.08,275.81,1113467.03,0.141,ARS,Pendiente,Cumplido
2023-06-07,2023,PED-2023-00712,San Cayetano,SC-01,Eureka,La Morenita SA,Mercado Interno,Tucumán,Distribuidor Regional,Limón Eureka,5,Primera,10119.0,562.0,0.2241,2268.13,283.3,642561.23,0.1118,ARS,Pendiente,Cumplido
2023-06-07,2023,PED-2023-00715,San Cayetano,SC-02,Lisbon,La Morenita SA,Mercado Interno,Tucumán,Retail Nacional,Limón Lisbon,7,Primera,11072.0,615.0,0.2085,2308.08,291.72,673313.1,0.1707,ARS,Cobrado,Cumplido
2023-06-07,2023,PED-2023-00669,El Paraíso,EP-02,Eureka,Supermercados Norte SA,Mercado Interno,Tucumán,Distribuidor Regional,Limón Eureka,3,Extra,7042.0,391.0,0.2386,1680.26,286.36,481159.25,0.1493,ARS,Pendiente,Cumplido
2023-06-07,2023,PED-2023-00672,El Paraíso,EP-03,Lisbon,Supermercados Norte SA,Mercado Interno,Tucumán,Mercado Central,Limón Lisbon,7,Primera,6423.0,357.0,0.1972,1266.5,288.82,365790.53,0.1512,ARS,Cobrado,Cumplido
2023-06-07,2023,PED-2023-00683,La Esperanza,LE-02,Eureka,Supermercados Norte SA,Mercado Interno,Tucumán,Distribuidor Regional,Limón Eureka,3,Primera,10771.0,598.0,0.2438,2625.85,283.05,743246.84,0.1121,ARS,Cobrado,Cumplido
2023-06-07,2023,PED-2023-00689,La Esperanza,LE-04,Génova,Supermercados Norte SA,Mercado Interno,Tucumán,Retail Nacional,Limón Génova,6,Segunda,6500.0,361.0,0.1931,1255.04,278.59,349641.59,0.1513,ARS,Cobrado,Cumplido
2023-06-07,2023,PED-2023-00692,Los Álamos,LA-01,Eureka,Supermercados Norte SA,Mercado Interno,Tucumán,Mercado Central,Limón Eureka,3,Segunda,9092.0,505.0,0.2079,1890.18,288.33,544995.6,0.1497,ARS,Cobrado,Cumplido
2023-06-07,2023,PED-2023-00718,San Cayetano,SC-03,Génova,Supermercados Norte SA,Mercado Interno,Tucumán,Retail Nacional,Limón Génova,7,Primera,6436.0,358.0,0.1958,1260.12,288.56,363620.23,0.1649,ARS,Cobrado,Cumplido
2023-06-14,2023,PED-2023-00724,El Paraíso,EP-02,Eureka,Al Salam Trading,Exportación,Emiratos Árabes,Programa Retail UE,Limón Eureka,3,Primera,3535.0,196.0,0.3779,1335.83,277.54,370746.26,0.3014,USD,Cobrado,Cumplido
2023-06-14,2023,PED-2023-00727,El Paraíso,EP-03,Lisbon,Al Salam Trading,Exportación,Emiratos Árabes,Programa Retail UE,Limón Lisbon,6,Extra,16730.0,929.0,0.368,6156.34,284.93,1754125.96,0.2358,USD,Cobrado,Cumplido
2023-06-14,2023,PED-2023-00730,El Paraíso,EP-04,Génova,Al Salam Trading,Exportación,Emiratos Árabes,Trader Golfo,Limón Génova,4,Extra,10767.0,598.0,0.3811,4102.78,292.91,1201745.29,0.3167,USD,Cobrado,Parcial
2023-06-14,2023,PED-2023-00736,La Esperanza,LE-02,Eureka,Al Salam Trading,Exportación,Emiratos Árabes,Trader Golfo,Limón Eureka,6,Primera,5922.0,329.0,0.3428,2030.35,285.59,579847.66,0.2555,USD,Cobrado,Parcial
2023-06-14,2023,PED-2023-00743,La Esperanza,LE-04,Génova,Al Salam Trading,Exportación,Emiratos Árabes,Trader Golfo,Limón Génova,4,Primera,16028.0,890.0,0.3458,5541.99,288.49,1598808.7,0.2369,USD,Pendiente,Parcial
2023-06-14,2023,PED-2023-00746,Los Álamos,LA-01,Eureka,Al Salam Trading,Exportación,Emiratos Árabes,Exportación Directa,Limón Eureka,6,Primera,19868.0,1104.0,0.3233,6423.38,295.8,1900035.8,0.1873,USD,Pendiente,Parcial
2023-06-14,2023,PED-2023-00752,Los Álamos,LA-03,Génova,Al Salam Trading,Exportación,Emiratos Árabes,Exportación Directa,Limón Génova,5,Segunda,10104.0,561.0,0.3321,3355.84,281.24,943796.44,0.265,USD,Cobrado,Cumplido
2023-06-14,2023,PED-2023-00755,Río Ancho,RA-01,Eureka,Al Salam Trading,Exportación,Emiratos Árabes,Trader Golfo,Limón Eureka,3,Extra,12907.0,717.0,0.3692,4765.91,286.08,1363431.53,0.2467,USD,Cobrado,Cumplido
2023-06-14,2023,PED-2023-00756,Río Ancho,RA-01,Eureka,Al Salam Trading,Exportación,Emiratos Árabes,Exportación Directa,Limón Eureka,3,Extra,22099.0,1228.0,0.3938,8702.14,286.08,2489508.21,0.3065,USD,Cobrado,Cumplido
2023-06-14,2023,PED-2023-00720,El Paraíso,EP-01,Eureka,Citrus World Ltd,Exportación,Reino Unido,Exportación Directa,Limón Eureka,5,Primera,23241.0,1291.0,0.3994,9281.95,286.19,2656401.27,0.2948,USD,Cobrado,Cumplido
2023-06-14,2023,PED-2023-00723,El Paraíso,EP-02,Eureka,Citrus World Ltd,Exportación,Reino Unido,Exportación Directa,Limón Eureka,3,Primera,26896.0,1494.0,0.4336,11662.51,277.54,3236813.03,0.2943,USD,Cobrado,Parcial
2023-06-14,2023,PED-2023-00762,Río Ancho,RA-03,Génova,Citrus World Ltd,Exportación,Reino Unido,Trader Golfo,Limón Génova,7,Segunda,10548.0,586.0,0.3403,3588.96,297.4,1067356.7,0.1613,USD,Cobrado,Cumplido
2023-06-14,2023,PED-2023-00765,San Cayetano,SC-01,Eureka,Citrus World Ltd,Exportación,Reino Unido,Programa Retail UE,Limón Eureka,3,Primera,22389.0,1244.0,0.3886,8700.57,291.67,2537695.25,0.3014,USD,Cobrado,Cumplido
2023-06-14,2023,PED-2023-00771,San Cayetano,SC-03,Génova,Citrus World Ltd,Exportación,Reino Unido,Trader Golfo,Limón Génova,3,Primera,13965.0,776.0,0.4297,6001.0,284.79,1709024.79,0.2394,USD,Pendiente,Cumplido
2023-06-14,2023,PED-2023-00737,La Esperanza,LE-02,Eureka,Fischer Import GmbH,Exportación,Alemania,Trader Golfo,Limón Eureka,6,Primera,18478.0,1027.0,0.3992,7376.4,285.59,2106626.08,0.2896,USD,Cobrado,Cumplido
2023-06-14,2023,PED-2023-00749,Los Álamos,LA-02,Lisbon,Fischer Import GmbH,Exportación,Alemania,Exportación Directa,Limón Lisbon,5,Extra,14865.0,826.0,0.4421,6572.37,284.2,1867867.55,0.293,USD,Pendiente,Cumplido
2023-06-14,2023,PED-2023-00768,San Cayetano,SC-02,Lisbon,Fischer Import GmbH,Exportación,Alemania,Programa Retail UE,Limón Lisbon,3,Primera,19722.0,1096.0,0.4149,8182.5,288.33,2359260.22,0.2066,USD,Vencido,Cumplido
2023-06-14,2023,PED-2023-00733,La Esperanza,LE-01,Eureka,Medifresh SA,Exportación,España,Exportación Directa,Limón Eureka,6,Segunda,21967.0,1220.0,0.3226,7087.2,291.41,2065280.95,0.2077,USD,Pendiente,Cumplido
2023-06-14,2023,PED-2023-00740,La Esperanza,LE-03,Lisbon,Medifresh SA,Exportación,España,Exportación Directa,Limón Lisbon,5,Segunda,16302.0,906.0,0.3469,5655.76,286.33,1619413.76,0.2654,USD,Cobrado,Cumplido
2023-06-14,2023,PED-2023-00759,Río Ancho,RA-02,Lisbon,Medifresh SA,Exportación,España,Programa Retail UE,Limón Lisbon,6,Primera,23781.0,1321.0,0.3403,8091.87,292.68,2368328.51,0.2251,USD,Cobrado,Cumplido
2023-06-14,2023,PED-2023-00729,El Paraíso,EP-03,Lisbon,Citromax SA,Industria,Tucumán,Contrato Industria,Limón Industria,6,Extra,4508.0,250.0,0.0794,357.9,284.93,101976.45,0.0813,ARS,Cobrado,Cumplido
2023-06-14,2023,PED-2023-00745,La Esperanza,LE-04,Génova,Citromax SA,Industria,Tucumán,Contrato Industria,Limón Industria,4,Primera,4829.0,268.0,0.0804,388.21,288.49,111994.7,0.0526,ARS,Cobrado,Cumplido
2023-06-14,2023,PED-2023-00748,Los Álamos,LA-01,Eureka,Citromax SA,Industria,Tucumán,Contrato Industria,Limón Industria,6,Primera,6079.0,338.0,0.073,443.74,295.8,131258.29,0.0656,ARS,Cobrado,Parcial
2023-06-14,2023,PED-2023-00758,Río Ancho,RA-01,Eureka,Citromax SA,Industria,Tucumán,Contrato Industria,Limón Industria,3,Extra,10042.0,558.0,0.0872,875.67,286.08,250511.67,0.0432,ARS,Cobrado,Cumplido
2023-06-14,2023,PED-2023-00767,San Cayetano,SC-01,Eureka,Citromax SA,Industria,Tucumán,Mercado Industrial,Limón Industria,3,Primera,6717.0,373.0,0.0808,542.63,291.67,158268.89,0.0881,ARS,Cobrado,Parcial
2023-06-14,2023,PED-2023-00722,El Paraíso,EP-01,Eureka,Frutales Tucumán SRL,Industria,Tucumán,Contrato Industria,Limón Industria,5,Primera,4438.0,247.0,0.0667,296.19,286.19,84766.62,0.0384,ARS,Cobrado,Cumplido
2023-06-14,2023,PED-2023-00726,El Paraíso,EP-02,Eureka,Frutales Tucumán SRL,Industria,Tucumán,Contrato Industria,Limón Industria,3,Primera,6510.0,362.0,0.0756,492.02,277.54,136555.23,0.0508,ARS,Cobrado,Cumplido
2023-06-14,2023,PED-2023-00732,El Paraíso,EP-04,Génova,Frutales Tucumán SRL,Industria,Tucumán,Mercado Industrial,Limón Industria,4,Extra,4038.0,224.0,0.0746,301.32,292.91,88259.64,0.0799,ARS,Cobrado,Parcial
2023-06-14,2023,PED-2023-00735,La Esperanza,LE-01,Eureka,Frutales Tucumán SRL,Industria,Tucumán,Contrato Industria,Limón Industria,6,Segunda,5665.0,315.0,0.0619,350.53,291.41,102147.95,0.0885,ARS,Cobrado,Cumplido
2023-06-14,2023,PED-2023-00739,La Esperanza,LE-02,Eureka,Frutales Tucumán SRL,Industria,Tucumán,Mercado Industrial,Limón Industria,6,Primera,6487.0,360.0,0.0656,425.7,285.59,121575.66,0.05,ARS,Cobrado,Cumplido
2023-06-14,2023,PED-2023-00742,La Esperanza,LE-03,Lisbon,Frutales Tucumán SRL,Industria,Tucumán,Contrato Industria,Limón Industria,5,Segunda,5577.0,310.0,0.0678,378.38,286.33,108341.55,0.0895,ARS,Cobrado,Parcial
2023-06-14,2023,PED-2023-00751,Los Álamos,LA-02,Lisbon,Frutales Tucumán SRL,Industria,Tucumán,Contrato Industria,Limón Industria,5,Extra,3880.0,216.0,0.0709,275.18,284.2,78206.16,0.0462,ARS,Cobrado,Parcial
2023-06-14,2023,PED-2023-00754,Los Álamos,LA-03,Génova,Frutales Tucumán SRL,Industria,Tucumán,Mercado Industrial,Limón Industria,5,Segunda,3969.0,220.0,0.0687,272.83,281.24,76730.71,0.0543,ARS,Pendiente,Cumplido
2023-06-14,2023,PED-2023-00761,Río Ancho,RA-02,Lisbon,Frutales Tucumán SRL,Industria,Tucumán,Mercado Industrial,Limón Industria,6,Primera,7002.0,389.0,0.0666,466.6,292.68,136564.49,0.0413,ARS,Cobrado,Cumplido
2023-06-14,2023,PED-2023-00764,Río Ancho,RA-03,Génova,Frutales Tucumán SRL,Industria,Tucumán,Contrato Industria,Limón Industria,7,Segunda,5143.0,286.0,0.0602,309.37,297.4,92006.64,0.0436,ARS,Cobrado,Cumplido
2023-06-14,2023,PED-2023-00770,San Cayetano,SC-02,Lisbon,Frutales Tucumán SRL,Industria,Tucumán,Contrato Industria,Limón Industria,3,Primera,6488.0,360.0,0.0709,460.2,288.33,132689.47,0.0306,ARS,Vencido,Cumplido
2023-06-14,2023,PED-2023-00773,San Cayetano,SC-03,Génova,Frutales Tucumán SRL,Industria,Tucumán,Contrato Industria,Limón Industria,3,Primera,4919.0,273.0,0.0766,376.96,284.79,107354.44,0.0412,ARS,Vencido,Cumplido
2023-06-14,2023,PED-2023-00731,El Paraíso,EP-04,Génova,Central de Frutas SA,Mercado Interno,Buenos Aires,Mercado Central,Limón Génova,4,Extra,3401.0,189.0,0.2472,840.88,292.91,246302.16,0.2068,ARS,Cobrado,Cumplido
2023-06-14,2023,PED-2023-00741,La Esperanza,LE-03,Lisbon,Central de Frutas SA,Mercado Interno,Buenos Aires,Distribuidor Regional,Limón Lisbon,5,Segunda,9488.0,527.0,0.2143,2033.74,286.33,582320.77,0.1597,ARS,Cobrado,Cumplido
2023-06-14,2023,PED-2023-00766,San Cayetano,SC-01,Eureka,Central de Frutas SA,Mercado Interno,Buenos Aires,Retail Nacional,Limón Eureka,3,Primera,6003.0,334.0,0.2543,1526.83,291.67,445330.51,0.1881,ARS,Cobrado,Cumplido
2023-06-14,2023,PED-2023-00721,El Paraíso,EP-01,Eureka,Frutales del Norte SRL,Mercado Interno,Salta,Mercado Central,Limón Eureka,5,Primera,9993.0,555.0,0.2186,2184.22,286.19,625101.92,0.1222,ARS,Cobrado,Parcial
2023-06-14,2023,PED-2023-00725,El Paraíso,EP-02,Eureka,Frutales del Norte SRL,Mercado Interno,Salta,Retail Nacional,Limón Eureka,3,Primera,7804.0,434.0,0.229,1786.96,277.54,495952.88,0.179,ARS,Cobrado,Cumplido
2023-06-14,2023,PED-2023-00738,La Esperanza,LE-02,Eureka,Frutales del Norte SRL,Mercado Interno,Salta,Mercado Central,Limón Eureka,6,Primera,12013.0,667.0,0.2006,2410.04,285.59,688283.32,0.1255,ARS,Cobrado,Cumplido
2023-06-14,2023,PED-2023-00753,Los Álamos,LA-03,Génova,Frutales del Norte SRL,Mercado Interno,Salta,Distribuidor Regional,Limón Génova,5,Segunda,5778.0,321.0,0.1928,1114.19,281.24,313354.8,0.1528,ARS,Cobrado,Cumplido
2023-06-14,2023,PED-2023-00728,El Paraíso,EP-03,Lisbon,La Morenita SA,Mercado Interno,Tucumán,Mercado Central,Limón Lisbon,6,Extra,6566.0,365.0,0.2281,1497.73,284.93,426748.21,0.214,ARS,Cobrado,Cumplido
2023-06-14,2023,PED-2023-00757,Río Ancho,RA-01,Eureka,La Morenita SA,Mercado Interno,Tucumán,Retail Nacional,Limón Eureka,3,Extra,10439.0,580.0,0.2502,2611.44,286.08,747080.76,0.2054,ARS,Cobrado,Cumplido
2023-06-14,2023,PED-2023-00760,Río Ancho,RA-02,Lisbon,La Morenita SA,Mercado Interno,Tucumán,Distribuidor Regional,Limón Lisbon,6,Primera,9675.0,538.0,0.2304,2229.29,292.68,652468.6,0.1316,ARS,Cobrado,Cumplido
2023-06-14,2023,PED-2023-00763,Río Ancho,RA-03,Génova,La Morenita SA,Mercado Interno,Tucumán,Mercado Central,Limón Génova,7,Segunda,5302.0,295.0,0.2024,1073.03,297.4,319119.12,0.1536,ARS,Cobrado,Cumplido
2023-06-14,2023,PED-2023-00772,San Cayetano,SC-03,Génova,La Morenita SA,Mercado Interno,Tucumán,Retail Nacional,Limón Génova,3,Primera,4870.0,271.0,0.2438,1187.21,284.79,338105.54,0.1343,ARS,Pendiente,Cumplido
2023-06-14,2023,PED-2023-00734,La Esperanza,LE-01,Eureka,Supermercados Norte SA,Mercado Interno,Tucumán,Distribuidor Regional,Limón Eureka,6,Segunda,10938.0,608.0,0.188,2056.19,291.41,599194.33,0.1092,ARS,Cobrado,Cumplido
2023-06-14,2023,PED-2023-00744,La Esperanza,LE-04,Génova,Supermercados Norte SA,Mercado Interno,Tucumán,Mercado Central,Limón Génova,4,Primera,5678.0,315.0,0.2159,1226.12,288.49,353723.36,0.1366,ARS,Cobrado,Cumplido
2023-06-14,2023,PED-2023-00747,Los Álamos,LA-01,Eureka,Supermercados Norte SA,Mercado Interno,Tucumán,Distribuidor Regional,Limón Eureka,6,Primera,9572.0,532.0,0.2229,2133.94,295.8,631219.45,0.1652,ARS,Cobrado,Cumplido
2023-06-14,2023,PED-2023-00750,Los Álamos,LA-02,Lisbon,Supermercados Norte SA,Mercado Interno,Tucumán,Mercado Central,Limón Lisbon,5,Extra,4786.0,266.0,0.2304,1102.79,284.2,313412.92,0.1647,ARS,Cobrado,Cumplido
2023-06-14,2023,PED-2023-00769,San Cayetano,SC-02,Lisbon,Supermercados Norte SA,Mercado Interno,Tucumán,Distribuidor Regional,Limón Lisbon,3,Primera,5927.0,329.0,0.2256,1336.94,288.33,385479.91,0.1121,ARS,Cobrado,Cumplido
2023-06-21,2023,PED-2023-00787,La Esperanza,LE-01,Eureka,Al Salam Trading,Exportación,Emiratos Árabes,Programa Retail UE,Limón Eureka,2,Segunda,16560.0,920.0,0.346,5728.97,299.99,1718633.71,0.1532,USD,Cobrado,Parcial
2023-06-21,2023,PED-2023-00788,La Esperanza,LE-01,Eureka,Al Salam Trading,Exportación,Emiratos Árabes,Trader Golfo,Limón Eureka,2,Segunda,8632.0,480.0,0.3593,3101.59,299.99,930445.98,0.2298,USD,Vencido,Cumplido
2023-06-21,2023,PED-2023-00795,La Esperanza,LE-03,Lisbon,Al Salam Trading,Exportación,Emiratos Árabes,Programa Retail UE,Limón Lisbon,2,Primera,19367.0,1076.0,0.3688,7142.5,284.85,2034541.13,0.3024,USD,Cobrado,Cumplido
2023-06-21,2023,PED-2023-00815,Río Ancho,RA-02,Lisbon,Al Salam Trading,Exportación,Emiratos Árabes,Trader Golfo,Limón Lisbon,6,Primera,19628.0,1090.0,0.3278,6433.38,296.41,1906918.17,0.2124,USD,Cobrado,Cumplido
2023-06-21,2023,PED-2023-00819,Río Ancho,RA-03,Génova,Al Salam Trading,Exportación,Emiratos Árabes,Programa Retail UE,Limón Génova,4,Segunda,14387.0,799.0,0.3362,4837.03,288.56,1395773.38,0.1643,USD,Cobrado,Cumplido
2023-06-21,2023,PED-2023-00784,El Paraíso,EP-04,Génova,Citrus World Ltd,Exportación,Reino Unido,Exportación Directa,Limón Génova,6,Segunda,8174.0,454.0,0.3553,2904.12,290.39,843327.41,0.2148,USD,Cobrado,Cumplido
2023-06-21,2023,PED-2023-00792,La Esperanza,LE-02,Eureka,Citrus World Ltd,Exportación,Reino Unido,Exportación Directa,Limón Eureka,2,Extra,27492.0,1527.0,0.4582,12596.3,295.09,3717042.17,0.31,USD,Cobrado,Parcial
2023-06-21,2023,PED-2023-00802,Los Álamos,LA-01,Eureka,Citrus World Ltd,Exportación,Reino Unido,Trader Golfo,Limón Eureka,6,Primera,21758.0,1209.0,0.3774,8210.89,299.26,2457190.94,0.2417,USD,Cobrado,Cumplido
2023-06-21,2023,PED-2023-00811,Río Ancho,RA-01,Eureka,Citrus World Ltd,Exportación,Reino Unido,Trader Golfo,Limón Eureka,3,Primera,20599.0,1144.0,0.3951,8138.41,295.41,2404167.7,0.2933,USD,Cobrado,Cumplido
2023-06-21,2023,PED-2023-00828,San Cayetano,SC-03,Génova,Citrus World Ltd,Exportación,Reino Unido,Programa Retail UE,Limón Génova,7,Primera,15221.0,846.0,0.3658,5567.43,287.51,1600691.8,0.2981,USD,Pendiente,Cumplido
2023-06-21,2023,PED-2023-00777,El Paraíso,EP-02,Eureka,Fischer Import GmbH,Exportación,Alemania,Exportación Directa,Limón Eureka,4,Extra,9619.0,534.0,0.4175,4015.89,290.35,1166013.66,0.2532,USD,Cobrado,Cumplido
2023-06-21,2023,PED-2023-00778,El Paraíso,EP-02,Eureka,Fischer Import GmbH,Exportación,Alemania,Trader Golfo,Limón Eureka,4,Extra,19660.0,1092.0,0.4128,8114.77,290.35,2356123.47,0.2024,USD,Cobrado,Cumplido
2023-06-21,2023,PED-2023-00781,El Paraíso,EP-03,Lisbon,Fischer Import GmbH,Exportación,Alemania,Programa Retail UE,Limón Lisbon,7,Primera,13762.0,765.0,0.3995,5498.41,295.65,1625604.92,0.3098,USD,Cobrado,Cumplido
2023-06-21,2023,PED-2023-00791,La Esperanza,LE-02,Eureka,Fischer Import GmbH,Exportación,Alemania,Exportación Directa,Limón Eureka,2,Extra,8381.0,466.0,0.4584,3841.82,295.09,1133682.66,0.235,USD,Cobrado,Cumplido
2023-06-21,2023,PED-2023-00796,La Esperanza,LE-03,Lisbon,Fischer Import GmbH,Exportación,Alemania,Trader Golfo,Limón Lisbon,2,Primera,5324.0,296.0,0.4639,2469.57,284.85,703457.01,0.2897,USD,Pendiente,Cumplido
2023-06-21,2023,PED-2023-00799,La Esperanza,LE-04,Génova,Fischer Import GmbH,Exportación,Alemania,Exportación Directa,Limón Génova,4,Primera,13991.0,777.0,0.4052,5669.52,291.75,1654082.46,0.2621,USD,Pendiente,Cumplido
2023-06-21,2023,PED-2023-00805,Los Álamos,LA-02,Lisbon,Fischer Import GmbH,Exportación,Alemania,Exportación Directa,Limón Lisbon,3,Primera,14424.0,801.0,0.4189,6042.01,294.03,1776532.2,0.2524,USD,Cobrado,Parcial
2023-06-21,2023,PED-2023-00825,San Cayetano,SC-02,Lisbon,Fischer Import GmbH,Exportación,Alemania,Exportación Directa,Limón Lisbon,3,Primera,20940.0,1163.0,0.4124,8636.07,287.13,2479674.78,0.2764,USD,Cobrado,Cumplido
2023-06-21,2023,PED-2023-00774,El Paraíso,EP-01,Eureka,Medifresh SA,Exportación,España,Programa Retail UE,Limón Eureka,3,Primera,21687.0,1205.0,0.3887,8430.74,288.18,2429570.65,0.1824,USD,Cobrado,Parcial
2023-06-21,2023,PED-2023-00808,Los Álamos,LA-03,Génova,Medifresh SA,Exportación,España,Trader Golfo,Limón Génova,4,Primera,11509.0,639.0,0.3986,4587.94,289.49,1328162.75,0.3088,USD,Cobrado,Cumplido
2023-06-21,2023,PED-2023-00812,Río Ancho,RA-01,Eureka,Medifresh SA,Exportación,España,Exportación Directa,Limón Eureka,3,Primera,15085.0,838.0,0.3787,5712.74,295.41,1687600.52,0.1905,USD,Cobrado,Cumplido
2023-06-21,2023,PED-2023-00816,Río Ancho,RA-02,Lisbon,Medifresh SA,Exportación,España,Trader Golfo,Limón Lisbon,6,Primera,6727.0,374.0,0.3459,2326.54,296.41,689609.72,0.2051,USD,Cobrado,Cumplido
2023-06-21,2023,PED-2023-00822,San Cayetano,SC-01,Eureka,Medifresh SA,Exportación,España,Programa Retail UE,Limón Eureka,6,Primera,20768.0,1154.0,0.3754,7795.95,291.85,2275248.01,0.2327,USD,Cobrado,Cumplido
2023-06-21,2023,PED-2023-00780,El Paraíso,EP-02,Eureka,Citromax SA,Industria,Tucumán,Contrato Industria,Limón Industria,4,Extra,7491.0,416.0,0.0813,608.98,290.35,176817.34,0.0545,ARS,Cobrado,Cumplido
2023-06-21,2023,PED-2023-00783,El Paraíso,EP-03,Lisbon,Citromax SA,Industria,Tucumán,Contrato Industria,Limón Industria,7,Primera,4209.0,234.0,0.0724,304.91,295.65,90146.64,0.0809,ARS,Cobrado,Parcial
2023-06-21,2023,PED-2023-00794,La Esperanza,LE-02,Eureka,Citromax SA,Industria,Tucumán,Mercado Industrial,Limón Industria,2,Extra,8179.0,454.0,0.0902,738.06,295.09,217794.13,0.0635,ARS,Cobrado,Cumplido
2023-06-21,2023,PED-2023-00810,Los Álamos,LA-03,Génova,Citromax SA,Industria,Tucumán,Contrato Industria,Limón Industria,4,Primera,4826.0,268.0,0.0773,372.85,289.49,107936.35,0.0874,ARS,Cobrado,Cumplido
2023-06-21,2023,PED-2023-00818,Río Ancho,RA-02,Lisbon,Citromax SA,Industria,Tucumán,Mercado Industrial,Limón Industria,6,Primera,7574.0,421.0,0.074,560.36,296.41,166096.31,0.0308,ARS,Cobrado,Cumplido
2023-06-21,2023,PED-2023-00824,San Cayetano,SC-01,Eureka,Citromax SA,Industria,Tucumán,Mercado Industrial,Limón Industria,6,Primera,7472.0,415.0,0.0706,527.54,291.85,153962.55,0.0513,ARS,Pendiente,Cumplido
2023-06-21,2023,PED-2023-00776,El Paraíso,EP-01,Eureka,Frutales Tucumán SRL,Industria,Tucumán,Contrato Industria,Limón Industria,3,Primera,5138.0,285.0,0.0728,374.09,288.18,107805.26,0.0634,ARS,Cobrado,Cumplido
2023-06-21,2023,PED-2023-00786,El Paraíso,EP-04,Génova,Frutales Tucumán SRL,Industria,Tucumán,Contrato Industria,Limón Industria,6,Segunda,3627.0,202.0,0.0647,234.6,290.39,68125.49,0.0686,ARS,Cobrado,Cumplido
2023-06-21,2023,PED-2023-00790,La Esperanza,LE-01,Eureka,Frutales Tucumán SRL,Industria,Tucumán,Mercado Industrial,Limón Industria,2,Segunda,6755.0,375.0,0.0683,461.12,299.99,138331.39,0.0764,ARS,Cobrado,Cumplido
2023-06-21,2023,PED-2023-00798,La Esperanza,LE-03,Lisbon,Frutales Tucumán SRL,Industria,Tucumán,Contrato Industria,Limón Industria,2,Primera,6032.0,335.0,0.0791,477.03,284.85,135882.0,0.0475,ARS,Cobrado,Cumplido
2023-06-21,2023,PED-2023-00801,La Esperanza,LE-04,Génova,Frutales Tucumán SRL,Industria,Tucumán,Mercado Industrial,Limón Industria,4,Primera,5399.0,300.0,0.0687,370.84,291.75,108192.57,0.0868,ARS,Cobrado,Cumplido
2023-06-21,2023,PED-2023-00804,Los Álamos,LA-01,Eureka,Frutales Tucumán SRL,Industria,Tucumán,Contrato Industria,Limón Industria,6,Primera,7322.0,407.0,0.0693,507.68,299.26,151928.32,0.0548,ARS,Cobrado,Parcial
2023-06-21,2023,PED-2023-00807,Los Álamos,LA-02,Lisbon,Frutales Tucumán SRL,Industria,Tucumán,Mercado Industrial,Limón Industria,3,Primera,4824.0,268.0,0.0752,362.85,294.03,106688.79,0.0433,ARS,Cobrado,Parcial
2023-06-21,2023,PED-2023-00814,Río Ancho,RA-01,Eureka,Frutales Tucumán SRL,Industria,Tucumán,Mercado Industrial,Limón Industria,3,Primera,10520.0,584.0,0.077,810.37,295.41,239391.4,0.0707,ARS,Cobrado,Cumplido
2023-06-21,2023,PED-2023-00821,Río Ancho,RA-03,Génova,Frutales Tucumán SRL,Industria,Tucumán,Contrato Industria,Limón Industria,4,Segunda,7534.0,419.0,0.0695,523.29,288.56,151000.56,0.0761,ARS,Cobrado,Cumplido
2023-06-21,2023,PED-2023-00827,San Cayetano,SC-02,Lisbon,Frutales Tucumán SRL,Industria,Tucumán,Mercado Industrial,Limón Industria,3,Primera,6428.0,357.0,0.0753,484.17,287.13,139019.73,0.0826,ARS,Cobrado,Parcial
2023-06-21,2023,PED-2023-00830,San Cayetano,SC-03,Génova,Frutales Tucumán SRL,Industria,Tucumán,Mercado Industrial,Limón Industria,7,Primera,6592.0,366.0,0.0645,424.88,287.51,122157.25,0.0779,ARS,Cobrado,Cumplido
2023-06-21,2023,PED-2023-00785,El Paraíso,EP-04,Génova,Central de Frutas SA,Mercado Interno,Buenos Aires,Distribuidor Regional,Limón Génova,6,Segunda,4037.0,224.0,0.2199,887.55,290.39,257735.64,0.1624,ARS,Cobrado,Cumplido
2023-06-21,2023,PED-2023-00806,Los Álamos,LA-02,Lisbon,Central de Frutas SA,Mercado Interno,Buenos Aires,Distribuidor Regional,Limón Lisbon,3,Primera,5937.0,330.0,0.2476,1470.12,294.03,432259.38,0.1185,ARS,Cobrado,Cumplido
2023-06-21,2023,PED-2023-00813,Río Ancho,RA-01,Eureka,Central de Frutas SA,Mercado Interno,Buenos Aires,Mercado Central,Limón Eureka,3,Primera,14192.0,788.0,0.2578,3659.18,295.41,1080958.36,0.1195,ARS,Cobrado,Parcial
2023-06-21,2023,PED-2023-00817,Río Ancho,RA-02,Lisbon,Central de Frutas SA,Mercado Interno,Buenos Aires,Distribuidor Regional,Limón Lisbon,6,Primera,9733.0,541.0,0.2276,2214.8,296.41,656488.87,0.192,ARS,Cobrado,Cumplido
2023-06-21,2023,PED-2023-00823,San Cayetano,SC-01,Eureka,Central de Frutas SA,Mercado Interno,Buenos Aires,Retail Nacional,Limón Eureka,6,Primera,7361.0,409.0,0.2403,1769.01,291.85,516285.57,0.1797,ARS,Cobrado,Parcial
2023-06-21,2023,PED-2023-00829,San Cayetano,SC-03,Génova,Central de Frutas SA,Mercado Interno,Buenos Aires,Distribuidor Regional,Limón Génova,7,Primera,5810.0,323.0,0.2335,1356.43,287.51,389987.19,0.1112,ARS,Cobrado,Cumplido
2023-06-21,2023,PED-2023-00779,El Paraíso,EP-02,Eureka,Frutales del Norte SRL,Mercado Interno,Salta,Mercado Central,Limón Eureka,4,Extra,11012.0,612.0,0.2169,2388.2,290.35,693413.87,0.2025,ARS,Cobrado,Cumplido
2023-06-21,2023,PED-2023-00782,El Paraíso,EP-03,Lisbon,Frutales del Norte SRL,Mercado Interno,Salta,Mercado Central,Limón Lisbon,7,Primera,6338.0,352.0,0.1852,1173.63,295.65,346983.71,0.1244,ARS,Pendiente,Cumplido
2023-06-21,2023,PED-2023-00797,La Esperanza,LE-03,Lisbon,Frutales del Norte SRL,Mercado Interno,Salta,Mercado Central,Limón Lisbon,2,Primera,8184.0,455.0,0.234,1915.22,284.85,545550.42,0.1279,ARS,Cobrado,Cumplido
2023-06-21,2023,PED-2023-00800,La Esperanza,LE-04,Génova,Frutales del Norte SRL,Mercado Interno,Salta,Distribuidor Regional,Limón Génova,4,Primera,6452.0,358.0,0.2255,1454.85,291.75,424452.49,0.1392,ARS,Cobrado,Cumplido
2023-06-21,2023,PED-2023-00789,La Esperanza,LE-01,Eureka,La Morenita SA,Mercado Interno,Tucumán,Mercado Central,Limón Eureka,2,Segunda,9837.0,546.0,0.2317,2278.8,299.99,683617.21,0.1374,ARS,Pendiente,Cumplido
2023-06-21,2023,PED-2023-00803,Los Álamos,LA-01,Eureka,La Morenita SA,Mercado Interno,Tucumán,Retail Nacional,Limón Eureka,6,Primera,8116.0,451.0,0.2238,1816.2,299.26,543516.01,0.1347,ARS,Vencido,Cumplido
2023-06-21,2023,PED-2023-00809,Los Álamos,LA-03,Génova,La Morenita SA,Mercado Interno,Tucumán,Distribuidor Regional,Limón Génova,4,Primera,4835.0,269.0,0.2268,1096.61,289.49,317457.63,0.1312,ARS,Cobrado,Cumplido
2023-06-21,2023,PED-2023-00820,Río Ancho,RA-03,Génova,La Morenita SA,Mercado Interno,Tucumán,Mercado Central,Limón Génova,4,Segunda,5067.0,282.0,0.229,1160.5,288.56,334873.88,0.1171,ARS,Cobrado,Cumplido
2023-06-21,2023,PED-2023-00775,El Paraíso,EP-01,Eureka,Supermercados Norte SA,Mercado Interno,Tucumán,Mercado Central,Limón Eureka,3,Primera,8567.0,476.0,0.2278,1951.92,288.18,562504.31,0.1784,ARS,Cobrado,Cumplido
2023-06-21,2023,PED-2023-00793,La Esperanza,LE-02,Eureka,Supermercados Norte SA,Mercado Interno,Tucumán,Mercado Central,Limón Eureka,2,Extra,8000.0,444.0,0.2322,1857.43,295.09,548109.02,0.127,ARS,Cobrado,Cumplido
2023-06-21,2023,PED-2023-00826,San Cayetano,SC-02,Lisbon,Supermercados Norte SA,Mercado Interno,Tucumán,Retail Nacional,Limón Lisbon,3,Primera,8164.0,454.0,0.2243,1831.55,287.13,525892.95,0.1353,ARS,Cobrado,Cumplido
2023-06-28,2023,PED-2023-00834,El Paraíso,EP-02,Eureka,Al Salam Trading,Exportación,Emiratos Árabes,Exportación Directa,Limón Eureka,2,Extra,27160.0,1509.0,0.3756,10199.95,290.47,2962779.48,0.2301,USD,Cobrado,Cumplido
2023-06-28,2023,PED-2023-00835,El Paraíso,EP-02,Eureka,Al Salam Trading,Exportación,Emiratos Árabes,Trader Golfo,Limón Eureka,2,Extra,3321.0,184.0,0.4122,1368.98,290.47,397647.62,0.2496,USD,Cobrado,Parcial
2023-06-28,2023,PED-2023-00868,Río Ancho,RA-01,Eureka,Al Salam Trading,Exportación,Emiratos Árabes,Trader Golfo,Limón Eureka,3,Primera,10580.0,588.0,0.3556,3762.42,300.99,1132450.8,0.2993,USD,Cobrado,Cumplido
2023-06-28,2023,PED-2023-00869,Río Ancho,RA-01,Eureka,Al Salam Trading,Exportación,Emiratos Árabes,Exportación Directa,Limón Eureka,3,Primera,25528.0,1418.0,0.3487,8901.19,300.99,2679169.18,0.2356,USD,Cobrado,Cumplido
2023-06-28,2023,PED-2023-00831,El Paraíso,EP-01,Eureka,Citrus World Ltd,Exportación,Reino Unido,Trader Golfo,Limón Eureka,5,Extra,20839.0,1158.0,0.3895,8117.34,293.98,2386335.61,0.3027,USD,Cobrado,Cumplido
2023-06-28,2023,PED-2023-00841,El Paraíso,EP-04,Génova,Citrus World Ltd,Exportación,Reino Unido,Programa Retail UE,Limón Génova,5,Primera,9750.0,542.0,0.3891,3793.65,293.91,1114991.67,0.197,USD,Cobrado,Cumplido
2023-06-28,2023,PED-2023-00844,La Esperanza,LE-01,Eureka,Citrus World Ltd,Exportación,Reino Unido,Trader Golfo,Limón Eureka,5,Primera,19424.0,1079.0,0.3883,7541.56,298.78,2253267.3,0.2203,USD,Cobrado,Parcial
2023-06-28,2023,PED-2023-00855,La Esperanza,LE-04,Génova,Citrus World Ltd,Exportación,Reino Unido,Programa Retail UE,Limón Génova,3,Extra,15335.0,852.0,0.4313,6614.22,296.8,1963100.5,0.214,USD,Cobrado,Cumplido
2023-06-28,2023,PED-2023-00858,Los Álamos,LA-01,Eureka,Citrus World Ltd,Exportación,Reino Unido,Trader Golfo,Limón Eureka,4,Primera,497.0,28.0,0.3874,192.53,283.63,54607.28,0.2903,USD,Cobrado,Cumplido
2023-06-28,2023,PED-2023-00865,Los Álamos,LA-03,Génova,Citrus World Ltd,Exportación,Reino Unido,Programa Retail UE,Limón Génova,4,Segunda,11448.0,636.0,0.3987,4564.62,286.58,1308128.8,0.2331,USD,Pendiente,Parcial
2023-06-28,2023,PED-2023-00878,San Cayetano,SC-01,Eureka,Citrus World Ltd,Exportación,Reino Unido,Exportación Directa,Limón Eureka,3,Primera,28515.0,1584.0,0.4009,11431.81,290.95,3326085.12,0.1955,USD,Cobrado,Cumplido
2023-06-28,2023,PED-2023-00838,El Paraíso,EP-03,Lisbon,Fischer Import GmbH,Exportación,Alemania,Exportación Directa,Limón Lisbon,5,Primera,13872.0,771.0,0.4086,5668.56,290.22,1645129.48,0.2612,USD,Cobrado,Parcial
2023-06-28,2023,PED-2023-00845,La Esperanza,LE-01,Eureka,Fischer Import GmbH,Exportación,Alemania,Trader Golfo,Limón Eureka,5,Primera,6916.0,384.0,0.4038,2792.94,298.78,834474.61,0.2198,USD,Cobrado,Cumplido
2023-06-28,2023,PED-2023-00849,La Esperanza,LE-02,Eureka,Fischer Import GmbH,Exportación,Alemania,Programa Retail UE,Limón Eureka,5,Primera,4913.0,273.0,0.4089,2009.17,293.35,589390.02,0.1887,USD,Cobrado,Cumplido
2023-06-28,2023,PED-2023-00852,La Esperanza,LE-03,Lisbon,Fischer Import GmbH,Exportación,Alemania,Programa Retail UE,Limón Lisbon,6,Extra,22566.0,1254.0,0.422,9522.48,291.6,2776755.17,0.1997,USD,Pendiente,Cumplido
2023-06-28,2023,PED-2023-00862,Los Álamos,LA-02,Lisbon,Fischer Import GmbH,Exportación,Alemania,Programa Retail UE,Limón Lisbon,3,Primera,14556.0,809.0,0.4105,5975.75,296.84,1773841.63,0.212,USD,Pendiente,Cumplido
2023-06-28,2023,PED-2023-00872,Río Ancho,RA-02,Lisbon,Fischer Import GmbH,Exportación,Alemania,Programa Retail UE,Limón Lisbon,3,Segunda,23575.0,1310.0,0.3988,9401.95,294.47,2768592.22,0.2281,USD,Cobrado,Cumplido
2023-06-28,2023,PED-2023-00882,San Cayetano,SC-02,Lisbon,Fischer Import GmbH,Exportación,Alemania,Trader Golfo,Limón Lisbon,4,Extra,21918.0,1218.0,0.4505,9873.4,290.42,2867432.83,0.2075,USD,Cobrado,Cumplido
2023-06-28,2023,PED-2023-00885,San Cayetano,SC-03,Génova,Fischer Import GmbH,Exportación,Alemania,Exportación Directa,Limón Génova,6,Segunda,13574.0,754.0,0.392,5321.62,295.44,1572219.41,0.1861,USD,Cobrado,Cumplido
2023-06-28,2023,PED-2023-00848,La Esperanza,LE-02,Eureka,Medifresh SA,Exportación,España,Exportación Directa,Limón Eureka,5,Primera,20252.0,1125.0,0.3775,7645.82,293.35,2242901.3,0.2947,USD,Cobrado,Cumplido
2023-06-28,2023,PED-2023-00859,Los Álamos,LA-01,Eureka,Medifresh SA,Exportación,España,Programa Retail UE,Limón Eureka,4,Primera,26122.0,1451.0,0.3624,9465.49,283.63,2684696.93,0.2554,USD,Cobrado,Cumplido
2023-06-28,2023,PED-2023-00875,Río Ancho,RA-03,Génova,Medifresh SA,Exportación,España,Trader Golfo,Limón Génova,2,Primera,14598.0,811.0,0.3859,5633.79,291.61,1642869.5,0.2509,USD,Cobrado,Cumplido
2023-06-28,2023,PED-2023-00879,San Cayetano,SC-01,Eureka,Medifresh SA,Exportación,España,Exportación Directa,Limón Eureka,3,Primera,576.0,32.0,0.3709,213.67,290.95,62167.29,0.1901,USD,Pendiente,Cumplido
2023-06-28,2023,PED-2023-00843,El Paraíso,EP-04,Génova,Citromax SA,Industria,Tucumán,Mercado Industrial,Limón Industria,5,Primera,4495.0,250.0,0.0744,334.47,293.91,98304.08,0.065,ARS,Cobrado,Cumplido
2023-06-28,2023,PED-2023-00851,La Esperanza,LE-02,Eureka,Citromax SA,Industria,Tucumán,Mercado Industrial,Limón Industria,5,Primera,5633.0,313.0,0.0771,434.35,293.35,127416.57,0.058,ARS,Pendiente,Parcial
2023-06-28,2023,PED-2023-00857,La Esperanza,LE-04,Génova,Citromax SA,Industria,Tucumán,Mercado Industrial,Limón Industria,3,Extra,4906.0,273.0,0.0849,416.56,296.8,123635.01,0.0803,ARS,Cobrado,Cumplido
2023-06-28,2023,PED-2023-00867,Los Álamos,LA-03,Génova,Citromax SA,Industria,Tucumán,Mercado Industrial,Limón Industria,4,Segunda,4261.0,237.0,0.077,327.94,286.58,93981.05,0.039,ARS,Cobrado,Cumplido
2023-06-28,2023,PED-2023-00871,Río Ancho,RA-01,Eureka,Citromax SA,Industria,Tucumán,Contrato Industria,Limón Industria,3,Primera,8879.0,493.0,0.0848,752.77,300.99,226576.24,0.0772,ARS,Cobrado,Cumplido
2023-06-28,2023,PED-2023-00874,Río Ancho,RA-02,Lisbon,Citromax SA,Industria,Tucumán,Contrato Industria,Limón Industria,3,Segunda,7882.0,438.0,0.0801,631.05,294.47,185825.29,0.0858,ARS,Cobrado,Cumplido
2023-06-28,2023,PED-2023-00877,Río Ancho,RA-03,Génova,Citromax SA,Industria,Tucumán,Contrato Industria,Limón Industria,2,Primera,6740.0,374.0,0.084,566.14,291.61,165092.09,0.0499,ARS,Vencido,Cumplido
2023-06-28,2023,PED-2023-00887,San Cayetano,SC-03,Génova,Citromax SA,Industria,Tucumán,Mercado Industrial,Limón Industria,6,Segunda,5583.0,310.0,0.0664,370.75,295.44,109534.38,0.0879,ARS,Cobrado,Parcial
2023-06-28,2023,PED-2023-00833,El Paraíso,EP-01,Eureka,Frutales Tucumán SRL,Industria,Tucumán,Contrato Industria,Limón Industria,5,Extra,4809.0,267.0,0.0709,340.96,293.98,100235.42,0.0455,ARS,Cobrado,Cumplido
2023-06-28,2023,PED-2023-00837,El Paraíso,EP-02,Eureka,Frutales Tucumán SRL,Industria,Tucumán,Mercado Industrial,Limón Industria,2,Extra,7385.0,410.0,0.0744,549.6,290.47,159642.31,0.0581,ARS,Cobrado,Cumplido
2023-06-28,2023,PED-2023-00840,El Paraíso,EP-03,Lisbon,Frutales Tucumán SRL,Industria,Tucumán,Contrato Industria,Limón Industria,5,Primera,3359.0,187.0,0.0674,226.34,290.22,65688.39,0.0607,ARS,Pendiente,Cumplido
2023-06-28,2023,PED-2023-00847,La Esperanza,LE-01,Eureka,Frutales Tucumán SRL,Industria,Tucumán,Contrato Industria,Limón Industria,5,Primera,5538.0,308.0,0.0683,378.22,298.78,113004.57,0.0671,ARS,Cobrado,Cumplido
2023-06-28,2023,PED-2023-00854,La Esperanza,LE-03,Lisbon,Frutales Tucumán SRL,Industria,Tucumán,Mercado Industrial,Limón Industria,6,Extra,6468.0,359.0,0.0685,443.34,291.6,129277.94,0.0859,ARS,Cobrado,Cumplido
2023-06-28,2023,PED-2023-00861,Los Álamos,LA-01,Eureka,Frutales Tucumán SRL,Industria,Tucumán,Contrato Industria,Limón Industria,4,Primera,6904.0,384.0,0.0731,504.43,283.63,143071.48,0.0855,ARS,Cobrado,Cumplido
2023-06-28,2023,PED-2023-00864,Los Álamos,LA-02,Lisbon,Frutales Tucumán SRL,Industria,Tucumán,Mercado Industrial,Limón Industria,3,Primera,4797.0,266.0,0.0699,335.5,296.84,99589.82,0.0799,ARS,Pendiente,Cumplido
2023-06-28,2023,PED-2023-00881,San Cayetano,SC-01,Eureka,Frutales Tucumán SRL,Industria,Tucumán,Contrato Industria,Limón Industria,3,Primera,8564.0,476.0,0.0728,623.61,290.95,181439.33,0.0849,ARS,Cobrado,Cumplido
2023-06-28,2023,PED-2023-00884,San Cayetano,SC-02,Lisbon,Frutales Tucumán SRL,Industria,Tucumán,Contrato Industria,Limón Industria,4,Extra,7138.0,397.0,0.0772,550.81,290.42,159966.24,0.0533,ARS,Cobrado,Cumplido
2023-06-28,2023,PED-2023-00832,El Paraíso,EP-01,Eureka,Central de Frutas SA,Mercado Interno,Buenos Aires,Retail Nacional,Limón Eureka,5,Extra,7635.0,424.0,0.2453,1872.83,293.98,550574.56,0.1354,ARS,Pendiente,Cumplido
2023-06-28,2023,PED-2023-00860,Los Álamos,LA-01,Eureka,Central de Frutas SA,Mercado Interno,Buenos Aires,Retail Nacional,Limón Eureka,4,Primera,7447.0,414.0,0.2455,1827.97,283.63,518467.13,0.1847,ARS,Vencido,Cumplido
2023-06-28,2023,PED-2023-00836,El Paraíso,EP-02,Eureka,Frutales del Norte SRL,Mercado Interno,Salta,Mercado Central,Limón Eureka,2,Extra,7825.0,435.0,0.2271,1777.25,290.47,516237.81,0.167,ARS,Cobrado,Cumplido
2023-06-28,2023,PED-2023-00839,El Paraíso,EP-03,Lisbon,Frutales del Norte SRL,Mercado Interno,Salta,Distribuidor Regional,Limón Lisbon,5,Primera,4732.0,263.0,0.2184,1033.26,290.22,299872.72,0.1564,ARS,Cobrado,Cumplido
2023-06-28,2023,PED-2023-00846,La Esperanza,LE-01,Eureka,Frutales del Norte SRL,Mercado Interno,Salta,Retail Nacional,Limón Eureka,5,Primera,12512.0,695.0,0.2157,2698.41,298.78,806230.94,0.177,ARS,Cobrado,Cumplido
2023-06-28,2023,PED-2023-00850,La Esperanza,LE-02,Eureka,Frutales del Norte SRL,Mercado Interno,Salta,Retail Nacional,Limón Eureka,5,Primera,9757.0,542.0,0.2062,2012.24,293.35,590290.6,0.1772,ARS,Cobrado,Cumplido
2023-06-28,2023,PED-2023-00876,Río Ancho,RA-03,Génova,Frutales del Norte SRL,Mercado Interno,Salta,Mercado Central,Limón Génova,2,Primera,3791.0,211.0,0.2369,898.0,291.61,261865.78,0.189,ARS,Cobrado,Cumplido
2023-06-28,2023,PED-2023-00880,San Cayetano,SC-01,Eureka,Frutales del Norte SRL,Mercado Interno,Salta,Retail Nacional,Limón Eureka,3,Primera,7246.0,403.0,0.2121,1536.54,290.95,447056.31,0.1461,ARS,Pendiente,Cumplido
2023-06-28,2023,PED-2023-00886,San Cayetano,SC-03,Génova,Frutales del Norte SRL,Mercado Interno,Salta,Mercado Central,Limón Génova,6,Segunda,5545.0,308.0,0.1846,1023.55,295.44,302397.61,0.1189,ARS,Cobrado,Parcial
2023-06-28,2023,PED-2023-00842,El Paraíso,EP-04,Génova,La Morenita SA,Mercado Interno,Tucumán,Mercado Central,Limón Génova,5,Primera,4165.0,231.0,0.2299,957.48,293.91,281412.95,0.1631,ARS,Cobrado,Cumplido
2023-06-28,2023,PED-2023-00853,La Esperanza,LE-03,Lisbon,La Morenita SA,Mercado Interno,Tucumán,Mercado Central,Limón Lisbon,6,Extra,9222.0,512.0,0.2361,2177.39,291.6,634926.92,0.1944,ARS,Cobrado,Cumplido
2023-06-28,2023,PED-2023-00863,Los Álamos,LA-02,Lisbon,La Morenita SA,Mercado Interno,Tucumán,Retail Nacional,Limón Lisbon,3,Primera,5005.0,278.0,0.2439,1220.55,296.84,362308.06,0.1285,ARS,Cobrado,Cumplido
2023-06-28,2023,PED-2023-00866,Los Álamos,LA-03,Génova,La Morenita SA,Mercado Interno,Tucumán,Mercado Central,Limón Génova,4,Segunda,4227.0,235.0,0.2269,959.22,286.58,274893.27,0.1743,ARS,Cobrado,Cumplido
2023-06-28,2023,PED-2023-00870,Río Ancho,RA-01,Eureka,La Morenita SA,Mercado Interno,Tucumán,Retail Nacional,Limón Eureka,3,Primera,13650.0,758.0,0.2537,3462.61,300.99,1042210.98,0.2098,ARS,Cobrado,Cumplido
2023-06-28,2023,PED-2023-00873,Río Ancho,RA-02,Lisbon,La Morenita SA,Mercado Interno,Tucumán,Mercado Central,Limón Lisbon,3,Segunda,9253.0,514.0,0.2162,2000.7,294.47,589146.13,0.1749,ARS,Cobrado,Cumplido
2023-06-28,2023,PED-2023-00883,San Cayetano,SC-02,Lisbon,La Morenita SA,Mercado Interno,Tucumán,Mercado Central,Limón Lisbon,4,Extra,6667.0,370.0,0.2488,1658.97,290.42,481798.07,0.1667,ARS,Cobrado,Parcial
2023-06-28,2023,PED-2023-00856,La Esperanza,LE-04,Génova,Supermercados Norte SA,Mercado Interno,Tucumán,Retail Nacional,Limón Génova,3,Extra,4130.0,229.0,0.2289,945.5,296.8,280624.4,0.1435,ARS,Cobrado,Cumplido
2023-07-05,2023,PED-2023-00892,El Paraíso,EP-02,Eureka,Al Salam Trading,Exportación,Emiratos Árabes,Exportación Directa,Limón Eureka,3,Segunda,3097.0,172.0,0.3381,1047.05,297.81,311821.96,0.2062,USD,Pendiente,Cumplido
2023-07-05,2023,PED-2023-00921,Los Álamos,LA-03,Génova,Al Salam Trading,Exportación,Emiratos Árabes,Programa Retail UE,Limón Génova,6,Primera,9466.0,526.0,0.3306,3129.81,300.41,940226.22,0.2717,USD,Cobrado,Cumplido
2023-07-05,2023,PED-2023-00934,San Cayetano,SC-01,Eureka,Al Salam Trading,Exportación,Emiratos Árabes,Exportación Directa,Limón Eureka,4,Extra,6881.0,382.0,0.3668,2523.8,302.53,763525.21,0.2059,USD,Cobrado,Cumplido
2023-07-05,2023,PED-2023-00901,La Esperanza,LE-01,Eureka,Citrus World Ltd,Exportación,Reino Unido,Programa Retail UE,Limón Eureka,3,Extra,5838.0,324.0,0.4119,2404.93,296.55,713181.99,0.2689,USD,Cobrado,Cumplido
2023-07-05,2023,PED-2023-00902,La Esperanza,LE-01,Eureka,Citrus World Ltd,Exportación,Reino Unido,Trader Golfo,Limón Eureka,3,Extra,23851.0,1325.0,0.4104,9788.43,296.55,2902758.92,0.2432,USD,Cobrado,Cumplido
2023-07-05,2023,PED-2023-00909,La Esperanza,LE-03,Lisbon,Citrus World Ltd,Exportación,Reino Unido,Programa Retail UE,Limón Lisbon,7,Primera,20746.0,1153.0,0.365,7571.8,300.02,2271691.44,0.3067,USD,Cobrado,Cumplido
2023-07-05,2023,PED-2023-00924,Río Ancho,RA-01,Eureka,Citrus World Ltd,Exportación,Reino Unido,Trader Golfo,Limón Eureka,2,Segunda,32179.0,1788.0,0.3845,12372.51,298.16,3688987.58,0.2514,USD,Cobrado,Cumplido
2023-07-05,2023,PED-2023-00925,Río Ancho,RA-01,Eureka,Citrus World Ltd,Exportación,Reino Unido,Programa Retail UE,Limón Eureka,2,Segunda,8219.0,457.0,0.4157,3416.57,298.16,1018684.51,0.2675,USD,Cobrado,Cumplido
2023-07-05,2023,PED-2023-00931,Río Ancho,RA-03,Génova,Citrus World Ltd,Exportación,Reino Unido,Trader Golfo,Limón Génova,6,Segunda,10840.0,602.0,0.3447,3736.01,296.86,1109071.93,0.1652,USD,Cobrado,Cumplido
2023-07-05,2023,PED-2023-00935,San Cayetano,SC-01,Eureka,Citrus World Ltd,Exportación,Reino Unido,Exportación Directa,Limón Eureka,4,Extra,19341.0,1074.0,0.4146,8019.14,302.53,2426030.42,0.3037,USD,Cobrado,Cumplido
2023-07-05,2023,PED-2023-00938,San Cayetano,SC-02,Lisbon,Citrus World Ltd,Exportación,Reino Unido,Exportación Directa,Limón Lisbon,7,Segunda,19482.0,1082.0,0.3522,6861.13,303.68,2083587.96,0.2366,USD,Pendiente,Cumplido
2023-07-05,2023,PED-2023-00895,El Paraíso,EP-03,Lisbon,Fischer Import GmbH,Exportación,Alemania,Trader Golfo,Limón Lisbon,4,Primera,12848.0,714.0,0.4007,5148.54,294.29,1515163.84,0.2049,USD,Cobrado,Cumplido
2023-07-05,2023,PED-2023-00905,La Esperanza,LE-02,Eureka,Fischer Import GmbH,Exportación,Alemania,Exportación Directa,Limón Eureka,6,Primera,27055.0,1503.0,0.3831,10366.06,292.13,3028237.11,0.2391,USD,Cobrado,Cumplido
2023-07-05,2023,PED-2023-00906,La Esperanza,LE-02,Eureka,Fischer Import GmbH,Exportación,Alemania,Trader Golfo,Limón Eureka,6,Primera,1826.0,101.0,0.4094,747.56,292.13,218384.7,0.2166,USD,Cobrado,Cumplido
2023-07-05,2023,PED-2023-00915,Los Álamos,LA-01,Eureka,Fischer Import GmbH,Exportación,Alemania,Trader Golfo,Limón Eureka,4,Primera,22381.0,1243.0,0.4458,9976.9,303.58,3028787.3,0.1841,USD,Cobrado,Cumplido
2023-07-05,2023,PED-2023-00928,Río Ancho,RA-02,Lisbon,Fischer Import GmbH,Exportación,Alemania,Trader Golfo,Limón Lisbon,6,Extra,22845.0,1269.0,0.4124,9420.9,298.13,2808652.92,0.2384,USD,Cobrado,Cumplido
2023-07-05,2023,PED-2023-00941,San Cayetano,SC-03,Génova,Fischer Import GmbH,Exportación,Alemania,Programa Retail UE,Limón Génova,6,Extra,12865.0,715.0,0.4083,5252.77,298.29,1566848.76,0.2135,USD,Cobrado,Cumplido
2023-07-05,2023,PED-2023-00888,El Paraíso,EP-01,Eureka,Medifresh SA,Exportación,España,Programa Retail UE,Limón Eureka,3,Extra,18026.0,1001.0,0.3928,7080.17,311.53,2205685.36,0.2436,USD,Cobrado,Cumplido
2023-07-05,2023,PED-2023-00891,El Paraíso,EP-02,Eureka,Medifresh SA,Exportación,España,Exportación Directa,Limón Eureka,3,Segunda,24161.0,1342.0,0.3709,8961.97,297.81,2668964.29,0.2529,USD,Cobrado,Cumplido
2023-07-05,2023,PED-2023-00898,El Paraíso,EP-04,Génova,Medifresh SA,Exportación,España,Programa Retail UE,Limón Génova,5,Primera,8044.0,447.0,0.3672,2953.55,301.4,890199.97,0.308,USD,Cobrado,Cumplido
2023-07-05,2023,PED-2023-00912,La Esperanza,LE-04,Génova,Medifresh SA,Exportación,España,Trader Golfo,Limón Génova,3,Extra,17626.0,979.0,0.4185,7375.67,295.19,2177224.03,0.2124,USD,Cobrado,Cumplido
2023-07-05,2023,PED-2023-00918,Los Álamos,LA-02,Lisbon,Medifresh SA,Exportación,España,Trader Golfo,Limón Lisbon,5,Extra,14964.0,831.0,0.3642,5449.69,295.23,1608911.98,0.2519,USD,Cobrado,Cumplido
2023-07-05,2023,PED-2023-00894,El Paraíso,EP-02,Eureka,Citromax SA,Industria,Tucumán,Contrato Industria,Limón Industria,3,Segunda,6789.0,377.0,0.0775,525.86,297.81,156606.37,0.0344,ARS,Cobrado,Parcial
2023-07-05,2023,PED-2023-00897,El Paraíso,EP-03,Lisbon,Citromax SA,Industria,Tucumán,Contrato Industria,Limón Industria,4,Primera,3439.0,191.0,0.0801,275.39,294.29,81044.52,0.0653,ARS,Cobrado,Cumplido
2023-07-05,2023,PED-2023-00900,El Paraíso,EP-04,Génova,Citromax SA,Industria,Tucumán,Contrato Industria,Limón Industria,5,Primera,3670.0,204.0,0.0792,290.71,301.4,87619.99,0.0828,ARS,Cobrado,Cumplido
2023-07-05,2023,PED-2023-00911,La Esperanza,LE-03,Lisbon,Citromax SA,Industria,Tucumán,Contrato Industria,Limón Industria,7,Primera,5777.0,321.0,0.0698,403.07,300.02,120929.06,0.0482,ARS,Cobrado,Cumplido
2023-07-05,2023,PED-2023-00914,La Esperanza,LE-04,Génova,Citromax SA,Industria,Tucumán,Mercado Industrial,Limón Industria,3,Extra,6049.0,336.0,0.0821,496.38,295.19,146526.41,0.0494,ARS,Pendiente,Cumplido
2023-07-05,2023,PED-2023-00917,Los Álamos,LA-01,Eureka,Citromax SA,Industria,Tucumán,Contrato Industria,Limón Industria,4,Primera,5173.0,287.0,0.0801,414.29,303.58,125770.16,0.0738,ARS,Cobrado,Cumplido
2023-07-05,2023,PED-2023-00923,Los Álamos,LA-03,Génova,Citromax SA,Industria,Tucumán,Contrato Industria,Limón Industria,6,Primera,4113.0,228.0,0.0755,310.33,300.41,93226.24,0.0473,ARS,Cobrado,Parcial
2023-07-05,2023,PED-2023-00930,Río Ancho,RA-02,Lisbon,Citromax SA,Industria,Tucumán,Contrato Industria,Limón Industria,6,Extra,7530.0,418.0,0.0736,553.89,298.13,165131.23,0.0704,ARS,Cobrado,Cumplido
2023-07-05,2023,PED-2023-00933,Río Ancho,RA-03,Génova,Citromax SA,Industria,Tucumán,Contrato Industria,Limón Industria,6,Segunda,5253.0,292.0,0.0693,364.17,296.86,108107.51,0.0575,ARS,Cobrado,Cumplido
2023-07-05,2023,PED-2023-00940,San Cayetano,SC-02,Lisbon,Citromax SA,Industria,Tucumán,Mercado Industrial,Limón Industria,7,Segunda,7317.0,406.0,0.0638,466.81,303.68,141760.86,0.0875,ARS,Cobrado,Cumplido
2023-07-05,2023,PED-2023-00943,San Cayetano,SC-03,Génova,Citromax SA,Industria,Tucumán,Mercado Industrial,Limón Industria,6,Extra,4991.0,277.0,0.0788,393.25,298.29,117302.54,0.0892,ARS,Pendiente,Parcial
2023-07-05,2023,PED-2023-00890,El Paraíso,EP-01,Eureka,Frutales Tucumán SRL,Industria,Tucumán,Mercado Industrial,Limón Industria,3,Extra,4222.0,235.0,0.0723,305.46,311.53,95159.95,0.0339,ARS,Cobrado,Cumplido
2023-07-05,2023,PED-2023-00904,La Esperanza,LE-01,Eureka,Frutales Tucumán SRL,Industria,Tucumán,Mercado Industrial,Limón Industria,3,Extra,5361.0,298.0,0.0732,392.2,296.55,116306.91,0.0496,ARS,Cobrado,Cumplido
2023-07-05,2023,PED-2023-00908,La Esperanza,LE-02,Eureka,Frutales Tucumán SRL,Industria,Tucumán,Contrato Industria,Limón Industria,6,Primera,8076.0,449.0,0.0668,539.29,292.13,157542.79,0.0881,ARS,Cobrado,Cumplido
2023-07-05,2023,PED-2023-00920,Los Álamos,LA-02,Lisbon,Frutales Tucumán SRL,Industria,Tucumán,Contrato Industria,Limón Industria,5,Extra,3690.0,205.0,0.0713,263.28,295.23,77728.15,0.0336,ARS,Cobrado,Cumplido
2023-07-05,2023,PED-2023-00927,Río Ancho,RA-01,Eureka,Frutales Tucumán SRL,Industria,Tucumán,Contrato Industria,Limón Industria,2,Segunda,11419.0,634.0,0.0684,781.32,298.16,232958.37,0.0728,ARS,Cobrado,Cumplido
2023-07-05,2023,PED-2023-00937,San Cayetano,SC-01,Eureka,Frutales Tucumán SRL,Industria,Tucumán,Contrato Industria,Limón Industria,4,Extra,6175.0,343.0,0.0757,467.62,302.53,141469.08,0.0639,ARS,Cobrado,Cumplido
2023-07-05,2023,PED-2023-00907,La Esperanza,LE-02,Eureka,Central de Frutas SA,Mercado Interno,Buenos Aires,Mercado Central,Limón Eureka,6,Primera,10250.0,569.0,0.2334,2392.74,292.13,698991.14,0.2057,ARS,Pendiente,Cumplido
2023-07-05,2023,PED-2023-00910,La Esperanza,LE-03,Lisbon,Central de Frutas SA,Mercado Interno,Buenos Aires,Retail Nacional,Limón Lisbon,7,Primera,8622.0,479.0,0.2335,2013.02,300.02,603946.26,0.1799,ARS,Cobrado,Cumplido
2023-07-05,2023,PED-2023-00916,Los Álamos,LA-01,Eureka,Frutales del Norte SRL,Mercado Interno,Salta,Distribuidor Regional,Limón Eureka,4,Primera,8762.0,487.0,0.2108,1847.42,303.58,560839.76,0.1746,ARS,Pendiente,Cumplido
2023-07-05,2023,PED-2023-00926,Río Ancho,RA-01,Eureka,Frutales del Norte SRL,Mercado Interno,Salta,Retail Nacional,Limón Eureka,2,Segunda,14766.0,820.0,0.2233,3297.2,298.16,983093.15,0.0995,ARS,Cobrado,Cumplido
2023-07-05,2023,PED-2023-00889,El Paraíso,EP-01,Eureka,La Morenita SA,Mercado Interno,Tucumán,Distribuidor Regional,Limón Eureka,3,Extra,6222.0,346.0,0.2536,1578.13,311.53,491634.84,0.1528,ARS,Cobrado,Cumplido
2023-07-05,2023,PED-2023-00893,El Paraíso,EP-02,Eureka,La Morenita SA,Mercado Interno,Tucumán,Retail Nacional,Limón Eureka,3,Segunda,9746.0,541.0,0.2189,2133.77,297.81,635458.04,0.1006,ARS,Cobrado,Parcial
2023-07-05,2023,PED-2023-00903,La Esperanza,LE-01,Eureka,La Morenita SA,Mercado Interno,Tucumán,Retail Nacional,Limón Eureka,3,Extra,5950.0,331.0,0.2405,1431.14,296.55,424404.57,0.1812,ARS,Cobrado,Cumplido
2023-07-05,2023,PED-2023-00913,La Esperanza,LE-04,Génova,La Morenita SA,Mercado Interno,Tucumán,Distribuidor Regional,Limón Génova,3,Extra,4717.0,262.0,0.2542,1198.83,295.19,353882.63,0.1367,ARS,Pendiente,Cumplido
2023-07-05,2023,PED-2023-00929,Río Ancho,RA-02,Lisbon,La Morenita SA,Mercado Interno,Tucumán,Retail Nacional,Limón Lisbon,6,Extra,10280.0,571.0,0.222,2282.57,298.13,680502.59,0.1532,ARS,Cobrado,Cumplido
2023-07-05,2023,PED-2023-00932,Río Ancho,RA-03,Génova,La Morenita SA,Mercado Interno,Tucumán,Retail Nacional,Limón Génova,6,Segunda,5424.0,301.0,0.2182,1183.4,296.86,351304.12,0.1327,ARS,Cobrado,Cumplido
2023-07-05,2023,PED-2023-00936,San Cayetano,SC-01,Eureka,La Morenita SA,Mercado Interno,Tucumán,Retail Nacional,Limón Eureka,4,Extra,5809.0,323.0,0.2319,1347.23,302.53,407577.49,0.1334,ARS,Cobrado,Cumplido
2023-07-05,2023,PED-2023-00942,San Cayetano,SC-03,Génova,La Morenita SA,Mercado Interno,Tucumán,Mercado Central,Limón Génova,6,Extra,5191.0,288.0,0.2217,1150.62,298.29,343218.44,0.143,ARS,Cobrado,Cumplido
2023-07-05,2023,PED-2023-00896,El Paraíso,EP-03,Lisbon,Supermercados Norte SA,Mercado Interno,Tucumán,Retail Nacional,Limón Lisbon,4,Primera,5484.0,305.0,0.212,1162.53,294.29,342120.95,0.1753,ARS,Cobrado,Cumplido
2023-07-05,2023,PED-2023-00899,El Paraíso,EP-04,Génova,Supermercados Norte SA,Mercado Interno,Tucumán,Retail Nacional,Limón Génova,5,Primera,3065.0,170.0,0.2328,713.52,301.4,215054.93,0.1614,ARS,Cobrado,Cumplido
2023-07-05,2023,PED-2023-00919,Los Álamos,LA-02,Lisbon,Supermercados Norte SA,Mercado Interno,Tucumán,Retail Nacional,Limón Lisbon,5,Extra,4363.0,242.0,0.2282,995.53,295.23,293910.32,0.1885,ARS,Cobrado,Cumplido
2023-07-05,2023,PED-2023-00922,Los Álamos,LA-03,Génova,Supermercados Norte SA,Mercado Interno,Tucumán,Retail Nacional,Limón Génova,6,Primera,3581.0,199.0,0.2113,756.75,300.41,227335.27,0.1611,ARS,Cobrado,Cumplido
2023-07-05,2023,PED-2023-00939,San Cayetano,SC-02,Lisbon,Supermercados Norte SA,Mercado Interno,Tucumán,Mercado Central,Limón Lisbon,7,Segunda,9755.0,542.0,0.1992,1942.81,303.68,589992.54,0.1906,ARS,Cobrado,Cumplido
2023-07-12,2023,PED-2023-00947,El Paraíso,EP-02,Eureka,Al Salam Trading,Exportación,Emiratos Árabes,Trader Golfo,Limón Eureka,2,Extra,14406.0,800.0,0.38,5473.96,288.22,1577704.75,0.2643,USD,Cobrado,Cumplido
2023-07-12,2023,PED-2023-00961,La Esperanza,LE-02,Eureka,Al Salam Trading,Exportación,Emiratos Árabes,Exportación Directa,Limón Eureka,2,Primera,29187.0,1622.0,0.393,11469.09,292.37,3353217.84,0.2811,USD,Cobrado,Cumplido
2023-07-12,2023,PED-2023-00972,Los Álamos,LA-01,Eureka,Al Salam Trading,Exportación,Emiratos Árabes,Trader Golfo,Limón Eureka,5,Segunda,21424.0,1190.0,0.3264,6992.97,307.94,2153415.18,0.2013,USD,Pendiente,Cumplido
2023-07-12,2023,PED-2023-00975,Los Álamos,LA-02,Lisbon,Al Salam Trading,Exportación,Emiratos Árabes,Exportación Directa,Limón Lisbon,6,Primera,16518.0,918.0,0.3397,5611.29,311.23,1746401.79,0.3084,USD,Cobrado,Cumplido
2023-07-12,2023,PED-2023-00978,Los Álamos,LA-03,Génova,Al Salam Trading,Exportación,Emiratos Árabes,Programa Retail UE,Limón Génova,4,Segunda,10956.0,609.0,0.3219,3526.87,300.82,1060953.03,0.2123,USD,Cobrado,Cumplido
2023-07-12,2023,PED-2023-00986,Río Ancho,RA-02,Lisbon,Al Salam Trading,Exportación,Emiratos Árabes,Trader Golfo,Limón Lisbon,3,Extra,11800.0,656.0,0.3716,4385.04,307.06,1346470.38,0.2026,USD,Cobrado,Cumplido
2023-07-12,2023,PED-2023-00954,El Paraíso,EP-04,Génova,Citrus World Ltd,Exportación,Reino Unido,Trader Golfo,Limón Génova,4,Segunda,8415.0,468.0,0.392,3298.49,309.72,1021608.32,0.2145,USD,Pendiente,Cumplido
2023-07-12,2023,PED-2023-00957,La Esperanza,LE-01,Eureka,Citrus World Ltd,Exportación,Reino Unido,Trader Golfo,Limón Eureka,5,Primera,8369.0,465.0,0.3783,3166.13,302.06,956361.23,0.2065,USD,Cobrado,Cumplido
2023-07-12,2023,PED-2023-00958,La Esperanza,LE-01,Eureka,Citrus World Ltd,Exportación,Reino Unido,Exportación Directa,Limón Eureka,5,Primera,19683.0,1094.0,0.378,7441.07,302.06,2247649.6,0.2436,USD,Cobrado,Cumplido
2023-07-12,2023,PED-2023-00962,La Esperanza,LE-02,Eureka,Citrus World Ltd,Exportación,Reino Unido,Exportación Directa,Limón Eureka,2,Primera,1804.0,100.0,0.41,739.67,292.37,216257.32,0.2798,USD,Pendiente,Cumplido
2023-07-12,2023,PED-2023-00992,San Cayetano,SC-01,Eureka,Citrus World Ltd,Exportación,Reino Unido,Trader Golfo,Limón Eureka,4,Primera,19969.0,1109.0,0.4014,8016.26,301.66,2418184.99,0.1838,USD,Cobrado,Cumplido
2023-07-12,2023,PED-2023-00944,El Paraíso,EP-01,Eureka,Fischer Import GmbH,Exportación,Alemania,Trader Golfo,Limón Eureka,2,Segunda,19607.0,1089.0,0.4225,8284.9,306.36,2538161.96,0.1541,USD,Cobrado,Cumplido
2023-07-12,2023,PED-2023-00948,El Paraíso,EP-02,Eureka,Fischer Import GmbH,Exportación,Alemania,Exportación Directa,Limón Eureka,2,Extra,10821.0,601.0,0.4438,4802.67,288.22,1384225.55,0.3028,USD,Pendiente,Parcial
2023-07-12,2023,PED-2023-00965,La Esperanza,LE-03,Lisbon,Fischer Import GmbH,Exportación,Alemania,Programa Retail UE,Limón Lisbon,3,Extra,3349.0,186.0,0.4275,1431.76,302.06,432477.43,0.2216,USD,Cobrado,Cumplido
2023-07-12,2023,PED-2023-00966,La Esperanza,LE-03,Lisbon,Fischer Import GmbH,Exportación,Alemania,Exportación Directa,Limón Lisbon,3,Extra,20808.0,1156.0,0.4482,9326.85,302.06,2817268.31,0.283,USD,Cobrado,Cumplido
2023-07-12,2023,PED-2023-00981,Río Ancho,RA-01,Eureka,Fischer Import GmbH,Exportación,Alemania,Exportación Directa,Limón Eureka,4,Primera,15975.0,888.0,0.4361,6966.05,296.41,2064806.88,0.2657,USD,Cobrado,Cumplido
2023-07-12,2023,PED-2023-00989,Río Ancho,RA-03,Génova,Fischer Import GmbH,Exportación,Alemania,Trader Golfo,Limón Génova,5,Extra,17029.0,946.0,0.4229,7200.74,306.02,2203570.45,0.2375,USD,Cobrado,Cumplido
2023-07-12,2023,PED-2023-00998,San Cayetano,SC-03,Génova,Fischer Import GmbH,Exportación,Alemania,Exportación Directa,Limón Génova,5,Primera,14439.0,802.0,0.4238,6119.0,298.65,1827439.35,0.1852,USD,Cobrado,Cumplido
2023-07-12,2023,PED-2023-00951,El Paraíso,EP-03,Lisbon,Medifresh SA,Exportación,España,Exportación Directa,Limón Lisbon,4,Segunda,16210.0,901.0,0.3719,6029.09,299.8,1807521.18,0.2154,USD,Cobrado,Parcial
2023-07-12,2023,PED-2023-00969,La Esperanza,LE-04,Génova,Medifresh SA,Exportación,España,Programa Retail UE,Limón Génova,5,Primera,15125.0,840.0,0.3833,5797.93,301.11,1745814.7,0.2735,USD,Cobrado,Cumplido
2023-07-12,2023,PED-2023-00982,Río Ancho,RA-01,Eureka,Medifresh SA,Exportación,España,Exportación Directa,Limón Eureka,4,Primera,26192.0,1455.0,0.3943,10327.38,296.41,3061138.71,0.1898,USD,Cobrado,Cumplido
2023-07-12,2023,PED-2023-00985,Río Ancho,RA-02,Lisbon,Medifresh SA,Exportación,España,Exportación Directa,Limón Lisbon,3,Extra,17466.0,970.0,0.4197,7331.02,307.06,2251063.0,0.2855,USD,Vencido,Cumplido
2023-07-12,2023,PED-2023-00995,San Cayetano,SC-02,Lisbon,Medifresh SA,Exportación,España,Trader Golfo,Limón Lisbon,4,Extra,20202.0,1122.0,0.3979,8038.84,299.48,2407471.8,0.2797,USD,Pendiente,Cumplido
2023-07-12,2023,PED-2023-00956,El Paraíso,EP-04,Génova,Citromax SA,Industria,Tucumán,Mercado Industrial,Limón Industria,4,Segunda,3770.0,209.0,0.071,267.5,309.72,82850.1,0.0839,ARS,Cobrado,Cumplido
2023-07-12,2023,PED-2023-00960,La Esperanza,LE-01,Eureka,Citromax SA,Industria,Tucumán,Mercado Industrial,Limón Industria,5,Primera,6384.0,355.0,0.0787,502.4,302.06,151754.94,0.0701,ARS,Cobrado,Cumplido
2023-07-12,2023,PED-2023-00968,La Esperanza,LE-03,Lisbon,Citromax SA,Industria,Tucumán,Contrato Industria,Limón Industria,3,Extra,6967.0,387.0,0.0816,568.4,302.06,171690.9,0.0537,ARS,Cobrado,Cumplido
2023-07-12,2023,PED-2023-00971,La Esperanza,LE-04,Génova,Citromax SA,Industria,Tucumán,Contrato Industria,Limón Industria,5,Primera,5544.0,308.0,0.0745,412.9,301.11,124328.32,0.0313,ARS,Cobrado,Cumplido
2023-07-12,2023,PED-2023-00977,Los Álamos,LA-02,Lisbon,Citromax SA,Industria,Tucumán,Mercado Industrial,Limón Industria,6,Primera,5941.0,330.0,0.0716,425.22,311.23,132341.22,0.0867,ARS,Cobrado,Cumplido
2023-07-12,2023,PED-2023-00984,Río Ancho,RA-01,Eureka,Citromax SA,Industria,Tucumán,Mercado Industrial,Limón Industria,4,Primera,8886.0,494.0,0.0809,719.13,296.41,213157.32,0.0825,ARS,Cobrado,Cumplido
2023-07-12,2023,PED-2023-00991,Río Ancho,RA-03,Génova,Citromax SA,Industria,Tucumán,Contrato Industria,Limón Industria,5,Extra,7345.0,408.0,0.0802,589.24,306.02,180319.22,0.0616,ARS,Pendiente,Cumplido
2023-07-12,2023,PED-2023-00997,San Cayetano,SC-02,Lisbon,Citromax SA,Industria,Tucumán,Contrato Industria,Limón Industria,4,Extra,5619.0,312.0,0.0854,479.84,299.48,143702.48,0.0623,ARS,Cobrado,Parcial
2023-07-12,2023,PED-2023-00946,El Paraíso,EP-01,Eureka,Frutales Tucumán SRL,Industria,Tucumán,Mercado Industrial,Limón Industria,2,Segunda,4213.0,234.0,0.0692,291.68,306.36,89359.08,0.0837,ARS,Cobrado,Cumplido
2023-07-12,2023,PED-2023-00950,El Paraíso,EP-02,Eureka,Frutales Tucumán SRL,Industria,Tucumán,Contrato Industria,Limón Industria,2,Extra,6259.0,348.0,0.0749,468.9,288.22,135146.36,0.0324,ARS,Cobrado,Cumplido
2023-07-12,2023,PED-2023-00953,El Paraíso,EP-03,Lisbon,Frutales Tucumán SRL,Industria,Tucumán,Mercado Industrial,Limón Industria,4,Segunda,4427.0,246.0,0.0704,311.57,299.8,93408.69,0.0391,ARS,Cobrado,Cumplido
2023-07-12,2023,PED-2023-00964,La Esperanza,LE-02,Eureka,Frutales Tucumán SRL,Industria,Tucumán,Contrato Industria,Limón Industria,2,Primera,7869.0,437.0,0.0773,608.64,292.37,177948.08,0.0788,ARS,Cobrado,Cumplido
2023-07-12,2023,PED-2023-00974,Los Álamos,LA-01,Eureka,Frutales Tucumán SRL,Industria,Tucumán,Contrato Industria,Limón Industria,5,Segunda,5342.0,297.0,0.0634,338.69,307.94,104296.2,0.0444,ARS,Cobrado,Cumplido
2023-07-12,2023,PED-2023-00980,Los Álamos,LA-03,Génova,Frutales Tucumán SRL,Industria,Tucumán,Mercado Industrial,Limón Industria,4,Segunda,5190.0,288.0,0.0706,366.45,300.82,110235.49,0.0497,ARS,Cobrado,Cumplido
2023-07-12,2023,PED-2023-00988,Río Ancho,RA-02,Lisbon,Frutales Tucumán SRL,Industria,Tucumán,Contrato Industria,Limón Industria,3,Extra,9925.0,551.0,0.0786,780.14,307.06,239549.79,0.0802,ARS,Cobrado,Cumplido
2023-07-12,2023,PED-2023-00994,San Cayetano,SC-01,Eureka,Frutales Tucumán SRL,Industria,Tucumán,Mercado Industrial,Limón Industria,4,Primera,4191.0,233.0,0.0718,300.72,301.66,90715.2,0.078,ARS,Cobrado,Cumplido
2023-07-12,2023,PED-2023-01000,San Cayetano,SC-03,Génova,Frutales Tucumán SRL,Industria,Tucumán,Contrato Industria,Limón Industria,5,Primera,6788.0,377.0,0.0666,452.26,298.65,135067.45,0.0815,ARS,Cobrado,Cumplido
2023-07-12,2023,PED-2023-00945,El Paraíso,EP-01,Eureka,Central de Frutas SA,Mercado Interno,Buenos Aires,Distribuidor Regional,Limón Eureka,2,Segunda,7648.0,425.0,0.2345,1793.21,306.36,549367.82,0.1082,ARS,Cobrado,Cumplido
2023-07-12,2023,PED-2023-00973,Los Álamos,LA-01,Eureka,Central de Frutas SA,Mercado Interno,Buenos Aires,Distribuidor Regional,Limón Eureka,5,Segunda,7902.0,439.0,0.2183,1724.63,307.94,531082.56,0.1118,ARS,Cobrado,Cumplido
2023-07-12,2023,PED-2023-00987,Río Ancho,RA-02,Lisbon,Central de Frutas SA,Mercado Interno,Buenos Aires,Retail Nacional,Limón Lisbon,3,Extra,8037.0,446.0,0.2652,2131.29,307.06,654433.91,0.1478,ARS,Cobrado,Cumplido
2023-07-12,2023,PED-2023-00949,El Paraíso,EP-02,Eureka,Frutales del Norte SRL,Mercado Interno,Salta,Mercado Central,Limón Eureka,2,Extra,4658.0,259.0,0.2441,1137.02,288.22,327711.9,0.1613,ARS,Cobrado,Cumplido
2023-07-12,2023,PED-2023-00952,El Paraíso,EP-03,Lisbon,Frutales del Norte SRL,Mercado Interno,Salta,Mercado Central,Limón Lisbon,4,Segunda,5651.0,314.0,0.2096,1184.51,299.8,355116.1,0.1896,ARS,Cobrado,Cumplido
2023-07-12,2023,PED-2023-00959,La Esperanza,LE-01,Eureka,Frutales del Norte SRL,Mercado Interno,Salta,Retail Nacional,Limón Eureka,5,Primera,11102.0,617.0,0.2118,2351.42,302.06,710269.93,0.1993,ARS,Cobrado,Cumplido
2023-07-12,2023,PED-2023-00993,San Cayetano,SC-01,Eureka,Frutales del Norte SRL,Mercado Interno,Salta,Distribuidor Regional,Limón Eureka,4,Primera,9101.0,506.0,0.217,1974.79,301.66,595715.15,0.1906,ARS,Cobrado,Cumplido
2023-07-12,2023,PED-2023-00967,La Esperanza,LE-03,Lisbon,La Morenita SA,Mercado Interno,Tucumán,Retail Nacional,Limón Lisbon,3,Extra,5869.0,326.0,0.2417,1418.51,302.06,428475.13,0.1384,ARS,Cobrado,Cumplido
2023-07-12,2023,PED-2023-00970,La Esperanza,LE-04,Génova,La Morenita SA,Mercado Interno,Tucumán,Mercado Central,Limón Génova,5,Primera,5261.0,292.0,0.2187,1150.59,301.11,346454.15,0.1978,ARS,Cobrado,Cumplido
2023-07-12,2023,PED-2023-00976,Los Álamos,LA-02,Lisbon,La Morenita SA,Mercado Interno,Tucumán,Retail Nacional,Limón Lisbon,6,Primera,7641.0,424.0,0.2211,1689.28,311.23,525754.61,0.1425,ARS,Cobrado,Cumplido
2023-07-12,2023,PED-2023-00983,Río Ancho,RA-01,Eureka,La Morenita SA,Mercado Interno,Tucumán,Retail Nacional,Limón Eureka,4,Primera,12143.0,675.0,0.2492,3026.32,296.41,897031.51,0.187,ARS,Cobrado,Parcial
2023-07-12,2023,PED-2023-00990,Río Ancho,RA-03,Génova,La Morenita SA,Mercado Interno,Tucumán,Mercado Central,Limón Génova,5,Extra,4483.0,249.0,0.2495,1118.45,306.02,342268.07,0.1267,ARS,Cobrado,Cumplido
2023-07-12,2023,PED-2023-00999,San Cayetano,SC-03,Génova,La Morenita SA,Mercado Interno,Tucumán,Mercado Central,Limón Génova,5,Primera,5845.0,325.0,0.2198,1284.64,298.65,383657.74,0.2096,ARS,Cobrado,Cumplido
2023-07-12,2023,PED-2023-00955,El Paraíso,EP-04,Génova,Supermercados Norte SA,Mercado Interno,Tucumán,Distribuidor Regional,Limón Génova,4,Segunda,4713.0,262.0,0.2179,1026.91,309.72,318054.57,0.1189,ARS,Cobrado,Cumplido
2023-07-12,2023,PED-2023-00963,La Esperanza,LE-02,Eureka,Supermercados Norte SA,Mercado Interno,Tucumán,Distribuidor Regional,Limón Eureka,2,Primera,9817.0,545.0,0.2296,2253.7,292.37,658914.27,0.1165,ARS,Cobrado,Parcial
2023-07-12,2023,PED-2023-00979,Los Álamos,LA-03,Génova,Supermercados Norte SA,Mercado Interno,Tucumán,Retail Nacional,Limón Génova,4,Segunda,5835.0,324.0,0.2084,1215.83,300.82,365745.98,0.1074,ARS,Cobrado,Cumplido
2023-07-12,2023,PED-2023-00996,San Cayetano,SC-02,Lisbon,Supermercados Norte SA,Mercado Interno,Tucumán,Retail Nacional,Limón Lisbon,4,Extra,5726.0,318.0,0.2367,1355.12,299.48,405831.34,0.2149,ARS,Cobrado,Cumplido
2023-07-19,2023,PED-2023-01004,El Paraíso,EP-02,Eureka,Al Salam Trading,Exportación,Emiratos Árabes,Exportación Directa,Limón Eureka,4,Segunda,22927.0,1274.0,0.3384,7757.41,299.86,2326136.96,0.2773,USD,Cobrado,Cumplido
2023-07-19,2023,PED-2023-01007,El Paraíso,EP-03,Lisbon,Al Salam Trading,Exportación,Emiratos Árabes,Programa Retail UE,Limón Lisbon,5,Primera,14996.0,833.0,0.36,5397.97,297.0,1603197.09,0.2801,USD,Pendiente,Parcial
2023-07-19,2023,PED-2023-01010,El Paraíso,EP-04,Génova,Al Salam Trading,Exportación,Emiratos Árabes,Exportación Directa,Limón Génova,6,Extra,11490.0,638.0,0.3661,4206.36,308.44,1297409.68,0.3271,USD,Cobrado,Cumplido
2023-07-19,2023,PED-2023-01013,La Esperanza,LE-01,Eureka,Al Salam Trading,Exportación,Emiratos Árabes,Exportación Directa,Limón Eureka,3,Primera,17878.0,993.0,0.3696,6607.02,304.01,2008600.15,0.1818,USD,Cobrado,Cumplido
2023-07-19,2023,PED-2023-01014,La Esperanza,LE-01,Eureka,Al Salam Trading,Exportación,Emiratos Árabes,Programa Retail UE,Limón Eureka,3,Primera,6270.0,348.0,0.3631,2276.58,304.01,692103.09,0.1895,USD,Cobrado,Cumplido
2023-07-19,2023,PED-2023-01025,La Esperanza,LE-04,Génova,Al Salam Trading,Exportación,Emiratos Árabes,Programa Retail UE,Limón Génova,3,Primera,17357.0,964.0,0.3543,6149.91,312.53,1922031.37,0.2445,USD,Pendiente,Cumplido
2023-07-19,2023,PED-2023-01028,Los Álamos,LA-01,Eureka,Al Salam Trading,Exportación,Emiratos Árabes,Exportación Directa,Limón Eureka,6,Extra,2205.0,122.0,0.3614,796.78,303.76,242029.89,0.2177,USD,Cobrado,Cumplido
2023-07-19,2023,PED-2023-01052,San Cayetano,SC-02,Lisbon,Al Salam Trading,Exportación,Emiratos Árabes,Trader Golfo,Limón Lisbon,5,Segunda,17575.0,976.0,0.3234,5683.37,309.63,1759741.85,0.189,USD,Cobrado,Cumplido
2023-07-19,2023,PED-2023-01055,San Cayetano,SC-03,Génova,Al Salam Trading,Exportación,Emiratos Árabes,Trader Golfo,Limón Génova,6,Segunda,14054.0,781.0,0.308,4328.09,303.99,1315696.08,0.2062,USD,Cobrado,Parcial
2023-07-19,2023,PED-2023-01017,La Esperanza,LE-02,Eureka,Citrus World Ltd,Exportación,Reino Unido,Programa Retail UE,Limón Eureka,5,Extra,17590.0,977.0,0.4204,7393.98,301.35,2228175.87,0.2559,USD,Cobrado,Cumplido
2023-07-19,2023,PED-2023-01029,Los Álamos,LA-01,Eureka,Citrus World Ltd,Exportación,Reino Unido,Exportación Directa,Limón Eureka,6,Extra,23859.0,1326.0,0.3976,9487.44,303.76,2881904.77,0.2291,USD,Cobrado,Cumplido
2023-07-19,2023,PED-2023-01032,Los Álamos,LA-02,Lisbon,Citrus World Ltd,Exportación,Reino Unido,Programa Retail UE,Limón Lisbon,6,Segunda,13469.0,748.0,0.3575,4815.69,296.35,1427129.73,0.238,USD,Pendiente,Cumplido
2023-07-19,2023,PED-2023-01018,La Esperanza,LE-02,Eureka,Fischer Import GmbH,Exportación,Alemania,Trader Golfo,Limón Eureka,5,Extra,6930.0,385.0,0.4218,2923.35,301.35,880951.52,0.2567,USD,Cobrado,Cumplido
2023-07-19,2023,PED-2023-01022,La Esperanza,LE-03,Lisbon,Fischer Import GmbH,Exportación,Alemania,Programa Retail UE,Limón Lisbon,3,Extra,22960.0,1276.0,0.4631,10633.1,308.97,3285308.91,0.2114,USD,Cobrado,Cumplido
2023-07-19,2023,PED-2023-01035,Los Álamos,LA-03,Génova,Fischer Import GmbH,Exportación,Alemania,Exportación Directa,Limón Génova,5,Primera,11337.0,630.0,0.4215,4778.26,300.25,1434672.57,0.1854,USD,Cobrado,Parcial
2023-07-19,2023,PED-2023-01038,Río Ancho,RA-01,Eureka,Fischer Import GmbH,Exportación,Alemania,Programa Retail UE,Limón Eureka,5,Extra,29840.0,1658.0,0.4474,13351.41,303.09,4046678.86,0.2425,USD,Cobrado,Cumplido
2023-07-19,2023,PED-2023-01046,Río Ancho,RA-03,Génova,Fischer Import GmbH,Exportación,Alemania,Exportación Directa,Limón Génova,2,Segunda,14305.0,795.0,0.435,6222.1,303.03,1885482.96,0.2639,USD,Cobrado,Cumplido
2023-07-19,2023,PED-2023-01001,El Paraíso,EP-01,Eureka,Medifresh SA,Exportación,España,Exportación Directa,Limón Eureka,4,Primera,20842.0,1158.0,0.3882,8090.7,306.87,2482793.11,0.2375,USD,Cobrado,Cumplido
2023-07-19,2023,PED-2023-01021,La Esperanza,LE-03,Lisbon,Medifresh SA,Exportación,España,Programa Retail UE,Limón Lisbon,3,Extra,3823.0,212.0,0.4096,1565.93,308.97,483825.39,0.3194,USD,Cobrado,Cumplido
2023-07-19,2023,PED-2023-01039,Río Ancho,RA-01,Eureka,Medifresh SA,Exportación,España,Trader Golfo,Limón Eureka,5,Extra,7993.0,444.0,0.3781,3022.06,303.09,915956.17,0.3261,USD,Cobrado,Cumplido
2023-07-19,2023,PED-2023-01042,Río Ancho,RA-02,Lisbon,Medifresh SA,Exportación,España,Exportación Directa,Limón Lisbon,2,Primera,19420.0,1079.0,0.4225,8205.71,312.53,2564530.55,0.2035,USD,Pendiente,Cumplido
2023-07-19,2023,PED-2023-01043,Río Ancho,RA-02,Lisbon,Medifresh SA,Exportación,España,Exportación Directa,Limón Lisbon,2,Primera,5634.0,313.0,0.4041,2276.81,312.53,711571.43,0.1917,USD,Cobrado,Cumplido
2023-07-19,2023,PED-2023-01049,San Cayetano,SC-01,Eureka,Medifresh SA,Exportación,España,Programa Retail UE,Limón Eureka,5,Primera,21184.0,1177.0,0.3728,7898.45,302.09,2386042.76,0.2951,USD,Cobrado,Cumplido
2023-07-19,2023,PED-2023-01009,El Paraíso,EP-03,Lisbon,Citromax SA,Industria,Tucumán,Contrato Industria,Limón Industria,5,Primera,4033.0,224.0,0.081,326.7,297.0,97029.9,0.0504,ARS,Cobrado,Cumplido
2023-07-19,2023,PED-2023-01020,La Esperanza,LE-02,Eureka,Citromax SA,Industria,Tucumán,Contrato Industria,Limón Industria,5,Extra,5789.0,322.0,0.0764,442.31,301.35,133290.12,0.0581,ARS,Pendiente,Cumplido
2023-07-19,2023,PED-2023-01027,La Esperanza,LE-04,Génova,Citromax SA,Industria,Tucumán,Mercado Industrial,Limón Industria,3,Primera,5023.0,279.0,0.0805,404.56,312.53,126437.14,0.0614,ARS,Cobrado,Cumplido
2023-07-19,2023,PED-2023-01048,Río Ancho,RA-03,Génova,Citromax SA,Industria,Tucumán,Mercado Industrial,Limón Industria,2,Segunda,7882.0,438.0,0.0778,613.51,303.03,185911.94,0.0805,ARS,Cobrado,Cumplido
2023-07-19,2023,PED-2023-01051,San Cayetano,SC-01,Eureka,Citromax SA,Industria,Tucumán,Mercado Industrial,Limón Industria,5,Primera,4939.0,274.0,0.0803,396.38,302.09,119742.43,0.0508,ARS,Pendiente,Parcial
2023-07-19,2023,PED-2023-01003,El Paraíso,EP-01,Eureka,Frutales Tucumán SRL,Industria,Tucumán,Contrato Industria,Limón Industria,4,Primera,4357.0,242.0,0.0688,299.78,306.87,91993.49,0.0799,ARS,Pendiente,Parcial
2023-07-19,2023,PED-2023-01006,El Paraíso,EP-02,Eureka,Frutales Tucumán SRL,Industria,Tucumán,Mercado Industrial,Limón Industria,4,Segunda,5176.0,288.0,0.0665,343.96,299.86,103139.85,0.0523,ARS,Cobrado,Cumplido
2023-07-19,2023,PED-2023-01012,El Paraíso,EP-04,Génova,Frutales Tucumán SRL,Industria,Tucumán,Mercado Industrial,Limón Industria,6,Extra,4129.0,229.0,0.0729,301.2,308.44,92902.13,0.0884,ARS,Cobrado,Cumplido
2023-07-19,2023,PED-2023-01016,La Esperanza,LE-01,Eureka,Frutales Tucumán SRL,Industria,Tucumán,Contrato Industria,Limón Industria,3,Primera,5349.0,297.0,0.0721,385.7,304.01,117256.66,0.0822,ARS,Cobrado,Cumplido
2023-07-19,2023,PED-2023-01024,La Esperanza,LE-03,Lisbon,Frutales Tucumán SRL,Industria,Tucumán,Contrato Industria,Limón Industria,3,Extra,6335.0,352.0,0.0759,480.52,308.97,148466.26,0.0874,ARS,Cobrado,Cumplido
2023-07-19,2023,PED-2023-01031,Los Álamos,LA-01,Eureka,Frutales Tucumán SRL,Industria,Tucumán,Contrato Industria,Limón Industria,6,Extra,6661.0,370.0,0.0678,451.45,303.76,137132.45,0.0471,ARS,Cobrado,Cumplido
2023-07-19,2023,PED-2023-01034,Los Álamos,LA-02,Lisbon,Frutales Tucumán SRL,Industria,Tucumán,Contrato Industria,Limón Industria,6,Segunda,4467.0,248.0,0.0617,275.74,296.35,81715.55,0.0544,ARS,Cobrado,Cumplido
2023-07-19,2023,PED-2023-01037,Los Álamos,LA-03,Génova,Frutales Tucumán SRL,Industria,Tucumán,Contrato Industria,Limón Industria,5,Primera,4900.0,272.0,0.0697,341.37,300.25,102496.34,0.0389,ARS,Cobrado,Parcial
2023-07-19,2023,PED-2023-01041,Río Ancho,RA-01,Eureka,Frutales Tucumán SRL,Industria,Tucumán,Mercado Industrial,Limón Industria,5,Extra,10636.0,591.0,0.0693,737.56,303.09,223547.06,0.0578,ARS,Cobrado,Cumplido
2023-07-19,2023,PED-2023-01045,Río Ancho,RA-02,Lisbon,Frutales Tucumán SRL,Industria,Tucumán,Mercado Industrial,Limón Industria,2,Primera,7782.0,432.0,0.0753,585.85,312.53,183095.7,0.0801,ARS,Cobrado,Parcial
2023-07-19,2023,PED-2023-01054,San Cayetano,SC-02,Lisbon,Frutales Tucumán SRL,Industria,Tucumán,Mercado Industrial,Limón Industria,5,Segunda,6059.0,337.0,0.0639,387.25,309.63,119904.22,0.0716,ARS,Cobrado,Parcial
2023-07-19,2023,PED-2023-01057,San Cayetano,SC-03,Génova,Frutales Tucumán SRL,Industria,Tucumán,Mercado Industrial,Limón Industria,6,Segunda,7602.0,422.0,0.0649,493.59,303.99,150046.42,0.0671,ARS,Cobrado,Parcial
2023-07-19,2023,PED-2023-01015,La Esperanza,LE-01,Eureka,Central de Frutas SA,Mercado Interno,Buenos Aires,Mercado Central,Limón Eureka,3,Primera,9213.0,512.0,0.2394,2205.28,304.01,670427.17,0.1935,ARS,Vencido,Cumplido
2023-07-19,2023,PED-2023-01019,La Esperanza,LE-02,Eureka,Central de Frutas SA,Mercado Interno,Buenos Aires,Mercado Central,Limón Eureka,5,Extra,10019.0,557.0,0.2629,2633.73,301.35,793674.54,0.123,ARS,Vencido,Cumplido
2023-07-19,2023,PED-2023-01011,El Paraíso,EP-04,Génova,Frutales del Norte SRL,Mercado Interno,Salta,Mercado Central,Limón Génova,6,Extra,3905.0,217.0,0.2191,855.67,308.44,263922.85,0.1571,ARS,Pendiente,Cumplido
2023-07-19,2023,PED-2023-01026,La Esperanza,LE-04,Génova,Frutales del Norte SRL,Mercado Interno,Salta,Mercado Central,Limón Génova,3,Primera,4377.0,243.0,0.2176,952.26,312.53,297609.82,0.1461,ARS,Pendiente,Cumplido
2023-07-19,2023,PED-2023-01030,Los Álamos,LA-01,Eureka,Frutales del Norte SRL,Mercado Interno,Salta,Mercado Central,Limón Eureka,6,Extra,6925.0,385.0,0.2058,1424.92,303.76,432833.7,0.1509,ARS,Cobrado,Cumplido
2023-07-19,2023,PED-2023-01008,El Paraíso,EP-03,Lisbon,La Morenita SA,Mercado Interno,Tucumán,Distribuidor Regional,Limón Lisbon,5,Primera,6692.0,372.0,0.2386,1596.68,297.0,474213.96,0.1343,ARS,Vencido,Cumplido
2023-07-19,2023,PED-2023-01047,Río Ancho,RA-03,Génova,La Morenita SA,Mercado Interno,Tucumán,Distribuidor Regional,Limón Génova,2,Segunda,6989.0,388.0,0.2392,1671.77,303.03,506596.46,0.1494,ARS,Pendiente,Cumplido
2023-07-19,2023,PED-2023-01053,San Cayetano,SC-02,Lisbon,La Morenita SA,Mercado Interno,Tucumán,Mercado Central,Limón Lisbon,5,Segunda,8536.0,474.0,0.2079,1774.81,309.63,549534.42,0.1859,ARS,Cobrado,Cumplido
2023-07-19,2023,PED-2023-01002,El Paraíso,EP-01,Eureka,Supermercados Norte SA,Mercado Interno,Tucumán,Mercado Central,Limón Eureka,4,Primera,5839.0,324.0,0.2206,1287.85,306.87,395202.53,0.1423,ARS,Vencido,Parcial
2023-07-19,2023,PED-2023-01005,El Paraíso,EP-02,Eureka,Supermercados Norte SA,Mercado Interno,Tucumán,Distribuidor Regional,Limón Eureka,4,Segunda,8465.0,470.0,0.2038,1724.92,299.86,517234.51,0.1453,ARS,Pendiente,Cumplido
2023-07-19,2023,PED-2023-01023,La Esperanza,LE-03,Lisbon,Supermercados Norte SA,Mercado Interno,Tucumán,Mercado Central,Limón Lisbon,3,Extra,5706.0,317.0,0.2367,1350.38,308.97,417226.91,0.135,ARS,Cobrado,Cumplido
2023-07-19,2023,PED-2023-01033,Los Álamos,LA-02,Lisbon,Supermercados Norte SA,Mercado Interno,Tucumán,Mercado Central,Limón Lisbon,6,Segunda,6947.0,386.0,0.1905,1323.58,296.35,392242.93,0.1741,ARS,Cobrado,Cumplido
2023-07-19,2023,PED-2023-01036,Los Álamos,LA-03,Génova,Supermercados Norte SA,Mercado Interno,Tucumán,Distribuidor Regional,Limón Génova,5,Primera,4304.0,239.0,0.2091,899.98,300.25,270219.0,0.1568,ARS,Cobrado,Cumplido
2023-07-19,2023,PED-2023-01040,Río Ancho,RA-01,Eureka,Supermercados Norte SA,Mercado Interno,Tucumán,Distribuidor Regional,Limón Eureka,5,Extra,14551.0,808.0,0.2193,3190.88,303.09,967123.82,0.14,ARS,Vencido,Cumplido
2023-07-19,2023,PED-2023-01044,Río Ancho,RA-02,Lisbon,Supermercados Norte SA,Mercado Interno,Tucumán,Mercado Central,Limón Lisbon,2,Primera,8082.0,449.0,0.2515,2032.75,312.53,635295.36,0.1919,ARS,Cobrado,Cumplido
2023-07-19,2023,PED-2023-01050,San Cayetano,SC-01,Eureka,Supermercados Norte SA,Mercado Interno,Tucumán,Retail Nacional,Limón Eureka,5,Primera,7271.0,404.0,0.2175,1581.22,302.09,477670.75,0.1878,ARS,Cobrado,Cumplido
2023-07-19,2023,PED-2023-01056,San Cayetano,SC-03,Génova,Supermercados Norte SA,Mercado Interno,Tucumán,Retail Nacional,Limón Génova,6,Segunda,6976.0,388.0,0.2027,1413.76,303.99,429768.9,0.1512,ARS,Cobrado,Cumplido
2023-07-26,2023,PED-2023-01058,El Paraíso,EP-01,Eureka,Al Salam Trading,Exportación,Emiratos Árabes,Exportación Directa,Limón Eureka,4,Primera,19028.0,1057.0,0.3703,7046.59,305.56,2153156.04,0.251,USD,Cobrado,Cumplido
2023-07-26,2023,PED-2023-01065,El Paraíso,EP-03,Lisbon,Al Salam Trading,Exportación,Emiratos Árabes,Exportación Directa,Limón Lisbon,4,Extra,14222.0,790.0,0.383,5446.57,308.6,1680811.5,0.2202,USD,Cobrado,Cumplido
2023-07-26,2023,PED-2023-01068,El Paraíso,EP-04,Génova,Al Salam Trading,Exportación,Emiratos Árabes,Trader Golfo,Limón Génova,2,Primera,9914.0,551.0,0.3597,3566.12,296.46,1057211.94,0.2826,USD,Cobrado,Cumplido
2023-07-26,2023,PED-2023-01078,La Esperanza,LE-03,Lisbon,Al Salam Trading,Exportación,Emiratos Árabes,Exportación Directa,Limón Lisbon,3,Primera,19887.0,1105.0,0.3606,7171.58,306.05,2194862.06,0.2126,USD,Cobrado,Cumplido
2023-07-26,2023,PED-2023-01081,La Esperanza,LE-04,Génova,Al Salam Trading,Exportación,Emiratos Árabes,Trader Golfo,Limón Génova,5,Primera,16695.0,928.0,0.3361,5610.93,303.38,1702243.94,0.268,USD,Cobrado,Cumplido
2023-07-26,2023,PED-2023-01091,Los Álamos,LA-03,Génova,Al Salam Trading,Exportación,Emiratos Árabes,Programa Retail UE,Limón Génova,4,Segunda,10109.0,562.0,0.3194,3228.65,305.82,987385.74,0.2647,USD,Pendiente,Cumplido
2023-07-26,2023,PED-2023-01062,El Paraíso,EP-02,Eureka,Citrus World Ltd,Exportación,Reino Unido,Trader Golfo,Limón Eureka,4,Primera,4448.0,247.0,0.4136,1839.9,314.32,578317.37,0.2229,USD,Cobrado,Cumplido
2023-07-26,2023,PED-2023-01075,La Esperanza,LE-02,Eureka,Citrus World Ltd,Exportación,Reino Unido,Programa Retail UE,Limón Eureka,6,Extra,22413.0,1245.0,0.3818,8557.84,306.14,2619897.14,0.2053,USD,Cobrado,Cumplido
2023-07-26,2023,PED-2023-01084,Los Álamos,LA-01,Eureka,Citrus World Ltd,Exportación,Reino Unido,Exportación Directa,Limón Eureka,4,Primera,20123.0,1118.0,0.3969,7987.32,309.85,2474871.1,0.2394,USD,Cobrado,Cumplido
2023-07-26,2023,PED-2023-01085,Los Álamos,LA-01,Eureka,Citrus World Ltd,Exportación,Reino Unido,Programa Retail UE,Limón Eureka,4,Primera,4344.0,241.0,0.4024,1748.21,309.85,541682.87,0.1937,USD,Cobrado,Cumplido
2023-07-26,2023,PED-2023-01088,Los Álamos,LA-02,Lisbon,Citrus World Ltd,Exportación,Reino Unido,Programa Retail UE,Limón Lisbon,5,Segunda,16641.0,924.0,0.3746,6234.14,313.31,1953218.4,0.2471,USD,Cobrado,Cumplido
2023-07-26,2023,PED-2023-01102,Río Ancho,RA-03,Génova,Citrus World Ltd,Exportación,Reino Unido,Exportación Directa,Limón Génova,2,Segunda,12892.0,716.0,0.4155,5356.41,305.32,1635419.1,0.2404,USD,Cobrado,Cumplido
2023-07-26,2023,PED-2023-01072,La Esperanza,LE-01,Eureka,Fischer Import GmbH,Exportación,Alemania,Exportación Directa,Limón Eureka,5,Segunda,16022.0,890.0,0.3763,6028.31,311.38,1877095.17,0.2367,USD,Cobrado,Cumplido
2023-07-26,2023,PED-2023-01094,Río Ancho,RA-01,Eureka,Fischer Import GmbH,Exportación,Alemania,Programa Retail UE,Limón Eureka,2,Primera,8127.0,452.0,0.4663,3789.49,298.28,1130329.08,0.3043,USD,Cobrado,Cumplido
2023-07-26,2023,PED-2023-01098,Río Ancho,RA-02,Lisbon,Fischer Import GmbH,Exportación,Alemania,Exportación Directa,Limón Lisbon,4,Extra,21722.0,1207.0,0.4549,9881.89,298.15,2946285.5,0.2357,USD,Cobrado,Cumplido
2023-07-26,2023,PED-2023-01105,San Cayetano,SC-01,Eureka,Fischer Import GmbH,Exportación,Alemania,Programa Retail UE,Limón Eureka,4,Segunda,21566.0,1198.0,0.3988,8601.26,299.43,2575475.28,0.1966,USD,Cobrado,Parcial
2023-07-26,2023,PED-2023-01108,San Cayetano,SC-02,Lisbon,Fischer Import GmbH,Exportación,Alemania,Trader Golfo,Limón Lisbon,3,Segunda,20724.0,1151.0,0.4244,8794.77,298.83,2628141.12,0.2118,USD,Cobrado,Cumplido
2023-07-26,2023,PED-2023-01111,San Cayetano,SC-03,Génova,Fischer Import GmbH,Exportación,Alemania,Programa Retail UE,Limón Génova,6,Primera,12199.0,678.0,0.3912,4772.33,305.43,1457612.75,0.2099,USD,Cobrado,Cumplido
2023-07-26,2023,PED-2023-01061,El Paraíso,EP-02,Eureka,Medifresh SA,Exportación,España,Trader Golfo,Limón Eureka,4,Primera,20959.0,1164.0,0.4,8383.16,314.32,2634994.85,0.2894,USD,Cobrado,Cumplido
2023-07-26,2023,PED-2023-01071,La Esperanza,LE-01,Eureka,Medifresh SA,Exportación,España,Exportación Directa,Limón Eureka,5,Segunda,9523.0,529.0,0.3347,3187.38,311.38,992486.38,0.2028,USD,Pendiente,Cumplido
2023-07-26,2023,PED-2023-01095,Río Ancho,RA-01,Eureka,Medifresh SA,Exportación,España,Trader Golfo,Limón Eureka,2,Primera,24362.0,1353.0,0.4177,10175.88,298.28,3035261.49,0.2554,USD,Cobrado,Cumplido
2023-07-26,2023,PED-2023-01099,Río Ancho,RA-02,Lisbon,Medifresh SA,Exportación,España,Exportación Directa,Limón Lisbon,4,Extra,4587.0,255.0,0.3782,1734.92,298.15,517266.4,0.2508,USD,Cobrado,Cumplido
2023-07-26,2023,PED-2023-01060,El Paraíso,EP-01,Eureka,Citromax SA,Industria,Tucumán,Mercado Industrial,Limón Industria,4,Primera,4190.0,233.0,0.0785,328.97,305.56,100520.07,0.0802,ARS,Vencido,Cumplido
2023-07-26,2023,PED-2023-01064,El Paraíso,EP-02,Eureka,Citromax SA,Industria,Tucumán,Mercado Industrial,Limón Industria,4,Primera,6268.0,348.0,0.0791,495.97,314.32,155893.29,0.0689,ARS,Cobrado,Cumplido
2023-07-26,2023,PED-2023-01067,El Paraíso,EP-03,Lisbon,Citromax SA,Industria,Tucumán,Mercado Industrial,Limón Industria,4,Extra,3532.0,196.0,0.0847,299.33,308.6,92373.24,0.0615,ARS,Cobrado,Cumplido
2023-07-26,2023,PED-2023-01070,El Paraíso,EP-04,Génova,Citromax SA,Industria,Tucumán,Mercado Industrial,Limón Industria,2,Primera,3472.0,193.0,0.0821,284.98,296.46,84485.17,0.0798,ARS,Cobrado,Cumplido
2023-07-26,2023,PED-2023-01074,La Esperanza,LE-01,Eureka,Citromax SA,Industria,Tucumán,Contrato Industria,Limón Industria,5,Segunda,5508.0,306.0,0.0758,417.56,311.38,130019.83,0.0604,ARS,Cobrado,Cumplido
2023-07-26,2023,PED-2023-01077,La Esperanza,LE-02,Eureka,Citromax SA,Industria,Tucumán,Mercado Industrial,Limón Industria,6,Extra,6575.0,365.0,0.0775,509.44,306.14,155959.96,0.0381,ARS,Cobrado,Cumplido
2023-07-26,2023,PED-2023-01080,La Esperanza,LE-03,Lisbon,Citromax SA,Industria,Tucumán,Contrato Industria,Limón Industria,3,Primera,5781.0,321.0,0.0845,488.23,306.05,149422.79,0.0859,ARS,Vencido,Parcial
2023-07-26,2023,PED-2023-01083,La Esperanza,LE-04,Génova,Citromax SA,Industria,Tucumán,Contrato Industria,Limón Industria,5,Primera,5126.0,285.0,0.0801,410.58,303.38,124561.76,0.0514,ARS,Cobrado,Cumplido
2023-07-26,2023,PED-2023-01101,Río Ancho,RA-02,Lisbon,Citromax SA,Industria,Tucumán,Contrato Industria,Limón Industria,4,Extra,8689.0,483.0,0.0787,683.91,298.15,203907.77,0.0343,ARS,Cobrado,Cumplido
2023-07-26,2023,PED-2023-01087,Los Álamos,LA-01,Eureka,Frutales Tucumán SRL,Industria,Tucumán,Mercado Industrial,Limón Industria,4,Primera,5213.0,290.0,0.0716,373.39,309.85,115694.89,0.0564,ARS,Cobrado,Parcial
2023-07-26,2023,PED-2023-01090,Los Álamos,LA-02,Lisbon,Frutales Tucumán SRL,Industria,Tucumán,Contrato Industria,Limón Industria,5,Segunda,4835.0,269.0,0.0653,315.93,313.31,98984.03,0.0856,ARS,Cobrado,Parcial
2023-07-26,2023,PED-2023-01093,Los Álamos,LA-03,Génova,Frutales Tucumán SRL,Industria,Tucumán,Contrato Industria,Limón Industria,4,Segunda,3981.0,221.0,0.0689,274.46,305.82,83935.36,0.0459,ARS,Cobrado,Cumplido
2023-07-26,2023,PED-2023-01097,Río Ancho,RA-01,Eureka,Frutales Tucumán SRL,Industria,Tucumán,Mercado Industrial,Limón Industria,2,Primera,9199.0,511.0,0.0723,664.68,298.28,198260.75,0.0856,ARS,Cobrado,Cumplido
2023-07-26,2023,PED-2023-01104,Río Ancho,RA-03,Génova,Frutales Tucumán SRL,Industria,Tucumán,Mercado Industrial,Limón Industria,2,Segunda,5013.0,278.0,0.0695,348.3,305.32,106342.96,0.0654,ARS,Cobrado,Cumplido
2023-07-26,2023,PED-2023-01107,San Cayetano,SC-01,Eureka,Frutales Tucumán SRL,Industria,Tucumán,Mercado Industrial,Limón Industria,4,Segunda,6824.0,379.0,0.0648,442.31,299.43,132440.88,0.0605,ARS,Cobrado,Cumplido
2023-07-26,2023,PED-2023-01110,San Cayetano,SC-02,Lisbon,Frutales Tucumán SRL,Industria,Tucumán,Contrato Industria,Limón Industria,3,Segunda,6185.0,344.0,0.0689,426.03,298.83,127310.54,0.0551,ARS,Pendiente,Parcial
2023-07-26,2023,PED-2023-01113,San Cayetano,SC-03,Génova,Frutales Tucumán SRL,Industria,Tucumán,Mercado Industrial,Limón Industria,6,Primera,6148.0,342.0,0.0706,434.32,305.43,132654.36,0.0656,ARS,Cobrado,Cumplido
2023-07-26,2023,PED-2023-01082,La Esperanza,LE-04,Génova,Central de Frutas SA,Mercado Interno,Buenos Aires,Retail Nacional,Limón Génova,5,Primera,4802.0,267.0,0.2278,1093.75,303.38,331821.88,0.1162,ARS,Cobrado,Cumplido
2023-07-26,2023,PED-2023-01089,Los Álamos,LA-02,Lisbon,Central de Frutas SA,Mercado Interno,Buenos Aires,Mercado Central,Limón Lisbon,5,Segunda,6899.0,383.0,0.2296,1583.77,313.31,496210.98,0.1864,ARS,Cobrado,Cumplido
2023-07-26,2023,PED-2023-01092,Los Álamos,LA-03,Génova,Central de Frutas SA,Mercado Interno,Buenos Aires,Mercado Central,Limón Génova,4,Segunda,3553.0,197.0,0.2315,822.62,305.82,251573.65,0.1494,ARS,Cobrado,Cumplido
2023-07-26,2023,PED-2023-01096,Río Ancho,RA-01,Eureka,Central de Frutas SA,Mercado Interno,Buenos Aires,Mercado Central,Limón Eureka,2,Primera,13151.0,731.0,0.2687,3533.31,298.28,1053915.71,0.184,ARS,Cobrado,Cumplido
2023-07-26,2023,PED-2023-01100,Río Ancho,RA-02,Lisbon,Central de Frutas SA,Mercado Interno,Buenos Aires,Retail Nacional,Limón Lisbon,4,Extra,7367.0,409.0,0.2697,1986.59,298.15,592301.81,0.1989,ARS,Cobrado,Cumplido
2023-07-26,2023,PED-2023-01069,El Paraíso,EP-04,Génova,Frutales del Norte SRL,Mercado Interno,Salta,Distribuidor Regional,Limón Génova,2,Primera,4002.0,222.0,0.2221,888.79,296.46,263490.68,0.1861,ARS,Pendiente,Cumplido
2023-07-26,2023,PED-2023-01079,La Esperanza,LE-03,Lisbon,Frutales del Norte SRL,Mercado Interno,Salta,Distribuidor Regional,Limón Lisbon,3,Primera,6195.0,344.0,0.2294,1421.14,306.05,434939.9,0.168,ARS,Cobrado,Cumplido
2023-07-26,2023,PED-2023-01066,El Paraíso,EP-03,Lisbon,La Morenita SA,Mercado Interno,Tucumán,Distribuidor Regional,Limón Lisbon,4,Extra,3373.0,187.0,0.2353,793.63,308.6,244914.22,0.1945,ARS,Cobrado,Parcial
2023-07-26,2023,PED-2023-01073,La Esperanza,LE-01,Eureka,La Morenita SA,Mercado Interno,Tucumán,Retail Nacional,Limón Eureka,5,Segunda,11246.0,625.0,0.2051,2306.9,311.38,718322.52,0.1521,ARS,Cobrado,Cumplido
2023-07-26,2023,PED-2023-01086,Los Álamos,LA-01,Eureka,La Morenita SA,Mercado Interno,Tucumán,Mercado Central,Limón Eureka,4,Primera,7364.0,409.0,0.2284,1681.73,309.85,521084.04,0.1299,ARS,Cobrado,Cumplido
2023-07-26,2023,PED-2023-01103,Río Ancho,RA-03,Génova,La Morenita SA,Mercado Interno,Tucumán,Distribuidor Regional,Limón Génova,2,Segunda,4931.0,274.0,0.2287,1127.57,305.32,344269.67,0.1466,ARS,Pendiente,Cumplido
2023-07-26,2023,PED-2023-01109,San Cayetano,SC-02,Lisbon,La Morenita SA,Mercado Interno,Tucumán,Mercado Central,Limón Lisbon,3,Segunda,7933.0,441.0,0.2373,1882.55,298.83,562562.42,0.1408,ARS,Cobrado,Cumplido
2023-07-26,2023,PED-2023-01112,San Cayetano,SC-03,Génova,La Morenita SA,Mercado Interno,Tucumán,Mercado Central,Limón Génova,6,Primera,5552.0,308.0,0.2301,1277.36,305.43,390144.06,0.1887,ARS,Cobrado,Cumplido
2023-07-26,2023,PED-2023-01059,El Paraíso,EP-01,Eureka,Supermercados Norte SA,Mercado Interno,Tucumán,Retail Nacional,Limón Eureka,4,Primera,5463.0,304.0,0.226,1234.41,305.56,377186.32,0.1471,ARS,Cobrado,Cumplido
2023-07-26,2023,PED-2023-01063,El Paraíso,EP-02,Eureka,Supermercados Norte SA,Mercado Interno,Tucumán,Distribuidor Regional,Limón Eureka,4,Primera,8263.0,459.0,0.2151,1777.64,314.32,558747.8,0.1638,ARS,Pendiente,Cumplido
2023-07-26,2023,PED-2023-01076,La Esperanza,LE-02,Eureka,Supermercados Norte SA,Mercado Interno,Tucumán,Retail Nacional,Limón Eureka,6,Extra,7801.0,433.0,0.2089,1629.3,306.14,498793.9,0.173,ARS,Cobrado,Cumplido
2023-07-26,2023,PED-2023-01106,San Cayetano,SC-01,Eureka,Supermercados Norte SA,Mercado Interno,Tucumán,Retail Nacional,Limón Eureka,4,Segunda,10531.0,585.0,0.2073,2182.66,299.43,653553.88,0.1259,ARS,Cobrado,Cumplido
2023-08-02,2023,PED-2023-01114,El Paraíso,EP-01,Eureka,Al Salam Trading,Exportación,Emiratos Árabes,Trader Golfo,Limón Eureka,4,Primera,15969.0,887.0,0.3626,5789.93,314.79,1822612.06,0.2774,USD,Cobrado,Cumplido
2023-08-02,2023,PED-2023-01123,El Paraíso,EP-04,Génova,Al Salam Trading,Exportación,Emiratos Árabes,Programa Retail UE,Limón Génova,5,Segunda,7945.0,441.0,0.341,2709.64,313.89,850528.9,0.2099,USD,Cobrado,Parcial
2023-08-02,2023,PED-2023-01142,Los Álamos,LA-02,Lisbon,Al Salam Trading,Exportación,Emiratos Árabes,Trader Golfo,Limón Lisbon,2,Primera,12850.0,714.0,0.3772,4847.44,306.44,1485449.51,0.273,USD,Cobrado,Cumplido
2023-08-02,2023,PED-2023-01164,San Cayetano,SC-03,Génova,Al Salam Trading,Exportación,Emiratos Árabes,Programa Retail UE,Limón Génova,6,Primera,13819.0,768.0,0.3492,4826.02,316.75,1528641.84,0.2592,USD,Cobrado,Parcial
2023-08-02,2023,PED-2023-01117,El Paraíso,EP-02,Eureka,Citrus World Ltd,Exportación,Reino Unido,Exportación Directa,Limón Eureka,4,Primera,22251.0,1236.0,0.4047,9004.41,309.67,2788395.64,0.2752,USD,Cobrado,Cumplido
2023-08-02,2023,PED-2023-01126,La Esperanza,LE-01,Eureka,Citrus World Ltd,Exportación,Reino Unido,Trader Golfo,Limón Eureka,3,Extra,12715.0,706.0,0.4241,5392.33,305.44,1647033.28,0.2188,USD,Cobrado,Cumplido
2023-08-02,2023,PED-2023-01130,La Esperanza,LE-02,Eureka,Citrus World Ltd,Exportación,Reino Unido,Trader Golfo,Limón Eureka,4,Primera,22642.0,1258.0,0.3845,8706.48,314.22,2735750.15,0.2507,USD,Cobrado,Parcial
2023-08-02,2023,PED-2023-01155,Río Ancho,RA-03,Génova,Citrus World Ltd,Exportación,Reino Unido,Programa Retail UE,Limón Génova,3,Extra,10990.0,611.0,0.4345,4775.07,312.79,1493594.15,0.2711,USD,Cobrado,Cumplido
2023-08-02,2023,PED-2023-01120,El Paraíso,EP-03,Lisbon,Fischer Import GmbH,Exportación,Alemania,Trader Golfo,Limón Lisbon,5,Primera,9484.0,527.0,0.4207,3990.25,316.02,1260998.8,0.2806,USD,Pendiente,Cumplido
2023-08-02,2023,PED-2023-01161,San Cayetano,SC-02,Lisbon,Fischer Import GmbH,Exportación,Alemania,Exportación Directa,Limón Lisbon,5,Primera,14427.0,802.0,0.4224,6094.08,306.54,1868079.28,0.193,USD,Cobrado,Parcial
2023-08-02,2023,PED-2023-01127,La Esperanza,LE-01,Eureka,Medifresh SA,Exportación,España,Programa Retail UE,Limón Eureka,3,Extra,11514.0,640.0,0.3763,4332.49,305.44,1323315.75,0.253,USD,Cobrado,Cumplido
2023-08-02,2023,PED-2023-01133,La Esperanza,LE-03,Lisbon,Medifresh SA,Exportación,España,Programa Retail UE,Limón Lisbon,4,Segunda,17308.0,962.0,0.3629,6281.3,296.95,1865232.04,0.2709,USD,Cobrado,Cumplido
2023-08-02,2023,PED-2023-01136,La Esperanza,LE-04,Génova,Medifresh SA,Exportación,España,Programa Retail UE,Limón Génova,5,Segunda,10651.0,592.0,0.3484,3710.33,311.18,1154580.49,0.1969,USD,Cobrado,Cumplido
2023-08-02,2023,PED-2023-01139,Los Álamos,LA-01,Eureka,Medifresh SA,Exportación,España,Exportación Directa,Limón Eureka,4,Primera,16483.0,916.0,0.3579,5898.9,306.93,1810549.38,0.2249,USD,Cobrado,Cumplido
2023-08-02,2023,PED-2023-01145,Los Álamos,LA-03,Génova,Medifresh SA,Exportación,España,Trader Golfo,Limón Génova,7,Segunda,7329.0,407.0,0.313,2294.0,313.28,718664.32,0.2539,USD,Cobrado,Cumplido
2023-08-02,2023,PED-2023-01148,Río Ancho,RA-01,Eureka,Medifresh SA,Exportación,España,Exportación Directa,Limón Eureka,3,Segunda,23555.0,1309.0,0.3656,8612.15,309.56,2665977.15,0.1797,USD,Cobrado,Cumplido
2023-08-02,2023,PED-2023-01151,Río Ancho,RA-02,Lisbon,Medifresh SA,Exportación,España,Programa Retail UE,Limón Lisbon,2,Primera,6681.0,371.0,0.4084,2728.32,309.91,845533.65,0.2668,USD,Cobrado,Cumplido
2023-08-02,2023,PED-2023-01152,Río Ancho,RA-02,Lisbon,Medifresh SA,Exportación,España,Trader Golfo,Limón Lisbon,2,Primera,17476.0,971.0,0.4124,7206.46,309.91,2233354.02,0.3021,USD,Cobrado,Cumplido
2023-08-02,2023,PED-2023-01158,San Cayetano,SC-01,Eureka,Medifresh SA,Exportación,España,Exportación Directa,Limón Eureka,3,Primera,14437.0,802.0,0.3702,5345.22,310.49,1659637.36,0.308,USD,Cobrado,Cumplido
2023-08-02,2023,PED-2023-01116,El Paraíso,EP-01,Eureka,Citromax SA,Industria,Tucumán,Mercado Industrial,Limón Industria,4,Primera,3631.0,202.0,0.0793,288.0,314.79,90659.52,0.0653,ARS,Pendiente,Cumplido
2023-08-02,2023,PED-2023-01119,El Paraíso,EP-02,Eureka,Citromax SA,Industria,Tucumán,Contrato Industria,Limón Industria,4,Primera,5657.0,314.0,0.0772,436.97,309.67,135316.5,0.0417,ARS,Cobrado,Cumplido
2023-08-02,2023,PED-2023-01138,La Esperanza,LE-04,Génova,Citromax SA,Industria,Tucumán,Contrato Industria,Limón Industria,5,Segunda,4694.0,261.0,0.071,333.11,311.18,103657.17,0.0756,ARS,Cobrado,Cumplido
2023-08-02,2023,PED-2023-01147,Los Álamos,LA-03,Génova,Citromax SA,Industria,Tucumán,Contrato Industria,Limón Industria,7,Segunda,3809.0,212.0,0.0693,264.06,313.28,82724.72,0.0596,ARS,Cobrado,Parcial
2023-08-02,2023,PED-2023-01160,San Cayetano,SC-01,Eureka,Citromax SA,Industria,Tucumán,Mercado Industrial,Limón Industria,3,Primera,4838.0,269.0,0.0818,395.62,310.49,122836.05,0.0416,ARS,Pendiente,Cumplido
2023-08-02,2023,PED-2023-01163,San Cayetano,SC-02,Lisbon,Citromax SA,Industria,Tucumán,Contrato Industria,Limón Industria,5,Primera,5353.0,297.0,0.0754,403.38,306.54,123652.11,0.0687,ARS,Cobrado,Cumplido
2023-08-02,2023,PED-2023-01166,San Cayetano,SC-03,Génova,Citromax SA,Industria,Tucumán,Mercado Industrial,Limón Industria,6,Primera,4908.0,273.0,0.0728,357.24,316.75,113155.77,0.0621,ARS,Cobrado,Cumplido
2023-08-02,2023,PED-2023-01122,El Paraíso,EP-03,Lisbon,Frutales Tucumán SRL,Industria,Tucumán,Mercado Industrial,Limón Industria,5,Primera,3242.0,180.0,0.066,213.97,316.02,67618.8,0.0791,ARS,Cobrado,Cumplido
2023-08-02,2023,PED-2023-01125,El Paraíso,EP-04,Génova,Frutales Tucumán SRL,Industria,Tucumán,Mercado Industrial,Limón Industria,5,Segunda,3541.0,197.0,0.065,230.19,313.89,72254.34,0.0356,ARS,Cobrado,Cumplido
2023-08-02,2023,PED-2023-01129,La Esperanza,LE-01,Eureka,Frutales Tucumán SRL,Industria,Tucumán,Contrato Industria,Limón Industria,3,Extra,4508.0,250.0,0.077,346.92,305.44,105963.24,0.0785,ARS,Cobrado,Cumplido
2023-08-02,2023,PED-2023-01132,La Esperanza,LE-02,Eureka,Frutales Tucumán SRL,Industria,Tucumán,Contrato Industria,Limón Industria,4,Primera,6144.0,341.0,0.0726,446.1,314.22,140173.54,0.0518,ARS,Cobrado,Cumplido
2023-08-02,2023,PED-2023-01135,La Esperanza,LE-03,Lisbon,Frutales Tucumán SRL,Industria,Tucumán,Contrato Industria,Limón Industria,4,Segunda,5300.0,294.0,0.0695,368.33,296.95,109375.59,0.0575,ARS,Cobrado,Cumplido
2023-08-02,2023,PED-2023-01141,Los Álamos,LA-01,Eureka,Frutales Tucumán SRL,Industria,Tucumán,Mercado Industrial,Limón Industria,4,Primera,4312.0,240.0,0.0703,302.98,306.93,92993.65,0.048,ARS,Cobrado,Cumplido
2023-08-02,2023,PED-2023-01144,Los Álamos,LA-02,Lisbon,Frutales Tucumán SRL,Industria,Tucumán,Contrato Industria,Limón Industria,2,Primera,4065.0,226.0,0.0747,303.53,306.44,93013.73,0.0761,ARS,Cobrado,Cumplido
2023-08-02,2023,PED-2023-01150,Río Ancho,RA-01,Eureka,Frutales Tucumán SRL,Industria,Tucumán,Contrato Industria,Limón Industria,3,Segunda,7907.0,439.0,0.072,569.17,309.56,176192.27,0.0525,ARS,Cobrado,Cumplido
2023-08-02,2023,PED-2023-01154,Río Ancho,RA-02,Lisbon,Frutales Tucumán SRL,Industria,Tucumán,Mercado Industrial,Limón Industria,2,Primera,6328.0,352.0,0.0758,479.55,309.91,148617.34,0.0407,ARS,Pendiente,Cumplido
2023-08-02,2023,PED-2023-01157,Río Ancho,RA-03,Génova,Frutales Tucumán SRL,Industria,Tucumán,Mercado Industrial,Limón Industria,3,Extra,5700.0,317.0,0.0758,432.15,312.79,135172.2,0.0602,ARS,Cobrado,Cumplido
2023-08-02,2023,PED-2023-01118,El Paraíso,EP-02,Eureka,Central de Frutas SA,Mercado Interno,Buenos Aires,Distribuidor Regional,Limón Eureka,4,Primera,7684.0,427.0,0.2487,1911.2,309.67,591841.3,0.1515,ARS,Cobrado,Cumplido
2023-08-02,2023,PED-2023-01140,Los Álamos,LA-01,Eureka,Central de Frutas SA,Mercado Interno,Buenos Aires,Mercado Central,Limón Eureka,4,Primera,5992.0,333.0,0.2581,1546.29,306.93,474602.79,0.1149,ARS,Cobrado,Cumplido
2023-08-02,2023,PED-2023-01143,Los Álamos,LA-02,Lisbon,Central de Frutas SA,Mercado Interno,Buenos Aires,Retail Nacional,Limón Lisbon,2,Primera,3289.0,183.0,0.2679,880.96,306.44,269961.38,0.1708,ARS,Cobrado,Cumplido
2023-08-02,2023,PED-2023-01156,Río Ancho,RA-03,Génova,Central de Frutas SA,Mercado Interno,Buenos Aires,Mercado Central,Limón Génova,3,Extra,3574.0,199.0,0.2502,894.17,312.79,279687.43,0.1399,ARS,Cobrado,Cumplido
2023-08-02,2023,PED-2023-01165,San Cayetano,SC-03,Génova,Central de Frutas SA,Mercado Interno,Buenos Aires,Distribuidor Regional,Limón Génova,6,Primera,4503.0,250.0,0.2265,1020.06,316.75,323104.0,0.1572,ARS,Cobrado,Cumplido
2023-08-02,2023,PED-2023-01149,Río Ancho,RA-01,Eureka,Frutales del Norte SRL,Mercado Interno,Salta,Distribuidor Regional,Limón Eureka,3,Segunda,12591.0,700.0,0.2117,2665.43,309.56,825110.51,0.1239,ARS,Cobrado,Cumplido
2023-08-02,2023,PED-2023-01162,San Cayetano,SC-02,Lisbon,Frutales del Norte SRL,Mercado Interno,Salta,Distribuidor Regional,Limón Lisbon,5,Primera,4518.0,251.0,0.203,917.08,306.54,281121.7,0.1754,ARS,Cobrado,Cumplido
2023-08-02,2023,PED-2023-01121,El Paraíso,EP-03,Lisbon,La Morenita SA,Mercado Interno,Tucumán,Retail Nacional,Limón Lisbon,5,Primera,3767.0,209.0,0.2156,812.3,316.02,256703.05,0.2031,ARS,Cobrado,Cumplido
2023-08-02,2023,PED-2023-01128,La Esperanza,LE-01,Eureka,La Morenita SA,Mercado Interno,Tucumán,Mercado Central,Limón Eureka,3,Extra,5537.0,308.0,0.2386,1320.96,305.44,403474.02,0.1257,ARS,Cobrado,Cumplido
2023-08-02,2023,PED-2023-01131,La Esperanza,LE-02,Eureka,La Morenita SA,Mercado Interno,Tucumán,Retail Nacional,Limón Eureka,4,Primera,10480.0,582.0,0.236,2472.76,314.22,776990.65,0.1492,ARS,Cobrado,Cumplido
2023-08-02,2023,PED-2023-01134,La Esperanza,LE-03,Lisbon,La Morenita SA,Mercado Interno,Tucumán,Retail Nacional,Limón Lisbon,4,Segunda,6968.0,387.0,0.2206,1537.33,296.95,456510.14,0.1492,ARS,Cobrado,Cumplido
2023-08-02,2023,PED-2023-01137,La Esperanza,LE-04,Génova,La Morenita SA,Mercado Interno,Tucumán,Retail Nacional,Limón Génova,5,Segunda,6096.0,339.0,0.2266,1381.42,311.18,429870.28,0.1753,ARS,Cobrado,Cumplido
2023-08-02,2023,PED-2023-01146,Los Álamos,LA-03,Génova,La Morenita SA,Mercado Interno,Tucumán,Distribuidor Regional,Limón Génova,7,Segunda,3472.0,193.0,0.1936,672.02,313.28,210530.43,0.1391,ARS,Cobrado,Cumplido
2023-08-02,2023,PED-2023-01153,Río Ancho,RA-02,Lisbon,La Morenita SA,Mercado Interno,Tucumán,Retail Nacional,Limón Lisbon,2,Primera,6280.0,349.0,0.2387,1498.98,309.91,464548.89,0.1499,ARS,Cobrado,Parcial
2023-08-02,2023,PED-2023-01159,San Cayetano,SC-01,Eureka,La Morenita SA,Mercado Interno,Tucumán,Distribuidor Regional,Limón Eureka,3,Primera,5689.0,316.0,0.2502,1423.23,310.49,441898.68,0.1949,ARS,Cobrado,Cumplido
2023-08-02,2023,PED-2023-01115,El Paraíso,EP-01,Eureka,Supermercados Norte SA,Mercado Interno,Tucumán,Mercado Central,Limón Eureka,4,Primera,6089.0,338.0,0.2216,1349.4,314.79,424777.63,0.1962,ARS,Pendiente,Parcial
2023-08-02,2023,PED-2023-01124,El Paraíso,EP-04,Génova,Supermercados Norte SA,Mercado Interno,Tucumán,Retail Nacional,Limón Génova,5,Segunda,3855.0,214.0,0.2164,834.17,313.89,261837.62,0.1901,ARS,Cobrado,Cumplido
2023-08-09,2023,PED-2023-01167,El Paraíso,EP-01,Eureka,Al Salam Trading,Exportación,Emiratos Árabes,Exportación Directa,Limón Eureka,4,Extra,16181.0,899.0,0.3641,5892.09,322.27,1898843.84,0.2442,USD,Cobrado,Cumplido
2023-08-09,2023,PED-2023-01170,El Paraíso,EP-02,Eureka,Al Salam Trading,Exportación,Emiratos Árabes,Programa Retail UE,Limón Eureka,2,Primera,23916.0,1329.0,0.3807,9105.25,319.91,2912860.53,0.2107,USD,Cobrado,Cumplido
2023-08-09,2023,PED-2023-01188,La Esperanza,LE-04,Génova,Al Salam Trading,Exportación,Emiratos Árabes,Trader Golfo,Limón Génova,7,Segunda,10019.0,557.0,0.2912,2917.45,316.73,924043.94,0.2362,USD,Pendiente,Cumplido
2023-08-09,2023,PED-2023-01191,Los Álamos,LA-01,Eureka,Al Salam Trading,Exportación,Emiratos Árabes,Trader Golfo,Limón Eureka,3,Primera,15523.0,862.0,0.3837,5956.15,310.76,1850933.17,0.2725,USD,Cobrado,Cumplido
2023-08-09,2023,PED-2023-01194,Los Álamos,LA-02,Lisbon,Al Salam Trading,Exportación,Emiratos Árabes,Programa Retail UE,Limón Lisbon,6,Primera,11788.0,655.0,0.3466,4085.32,310.85,1269921.72,0.3041,USD,Cobrado,Parcial
2023-08-09,2023,PED-2023-01201,Río Ancho,RA-01,Eureka,Al Salam Trading,Exportación,Emiratos Árabes,Trader Golfo,Limón Eureka,2,Primera,5100.0,283.0,0.3656,1864.64,305.85,570300.14,0.2176,USD,Cobrado,Cumplido
2023-08-09,2023,PED-2023-01216,San Cayetano,SC-03,Génova,Al Salam Trading,Exportación,Emiratos Árabes,Programa Retail UE,Limón Génova,3,Segunda,10272.0,571.0,0.3379,3471.08,315.12,1093806.73,0.2281,USD,Cobrado,Cumplido
2023-08-09,2023,PED-2023-01185,La Esperanza,LE-03,Lisbon,Citrus World Ltd,Exportación,Reino Unido,Exportación Directa,Limón Lisbon,4,Segunda,14757.0,820.0,0.3875,5718.89,317.55,1816033.52,0.2402,USD,Cobrado,Cumplido
2023-08-09,2023,PED-2023-01204,Río Ancho,RA-02,Lisbon,Citrus World Ltd,Exportación,Reino Unido,Programa Retail UE,Limón Lisbon,3,Segunda,18804.0,1045.0,0.4062,7637.61,317.4,2424177.41,0.1625,USD,Cobrado,Cumplido
2023-08-09,2023,PED-2023-01213,San Cayetano,SC-02,Lisbon,Citrus World Ltd,Exportación,Reino Unido,Programa Retail UE,Limón Lisbon,6,Primera,13319.0,740.0,0.3515,4681.4,319.93,1497720.3,0.1862,USD,Cobrado,Cumplido
2023-08-09,2023,PED-2023-01200,Río Ancho,RA-01,Eureka,Fischer Import GmbH,Exportación,Alemania,Programa Retail UE,Limón Eureka,2,Primera,19382.0,1077.0,0.4645,9003.13,305.85,2753607.31,0.2729,USD,Cobrado,Cumplido
2023-08-09,2023,PED-2023-01207,Río Ancho,RA-03,Génova,Fischer Import GmbH,Exportación,Alemania,Exportación Directa,Limón Génova,6,Primera,11613.0,645.0,0.3997,4641.48,301.94,1401448.47,0.2478,USD,Cobrado,Cumplido
2023-08-09,2023,PED-2023-01173,El Paraíso,EP-03,Lisbon,Medifresh SA,Exportación,España,Programa Retail UE,Limón Lisbon,5,Primera,13503.0,750.0,0.3554,4799.25,310.46,1489975.15,0.2599,USD,Cobrado,Parcial
2023-08-09,2023,PED-2023-01176,El Paraíso,EP-04,Génova,Medifresh SA,Exportación,España,Programa Retail UE,Limón Génova,6,Extra,9226.0,513.0,0.366,3376.54,317.13,1070802.13,0.2479,USD,Cobrado,Cumplido
2023-08-09,2023,PED-2023-01179,La Esperanza,LE-01,Eureka,Medifresh SA,Exportación,España,Exportación Directa,Limón Eureka,2,Extra,20049.0,1114.0,0.4053,8125.93,309.6,2515787.93,0.2751,USD,Cobrado,Cumplido
2023-08-09,2023,PED-2023-01182,La Esperanza,LE-02,Eureka,Medifresh SA,Exportación,España,Trader Golfo,Limón Eureka,4,Primera,21892.0,1216.0,0.3771,8255.19,312.11,2576527.35,0.2926,USD,Cobrado,Cumplido
2023-08-09,2023,PED-2023-01197,Los Álamos,LA-03,Génova,Medifresh SA,Exportación,España,Exportación Directa,Limón Génova,3,Segunda,9543.0,530.0,0.3634,3468.12,312.1,1082400.25,0.1918,USD,Cobrado,Cumplido
2023-08-09,2023,PED-2023-01210,San Cayetano,SC-01,Eureka,Medifresh SA,Exportación,España,Trader Golfo,Limón Eureka,4,Primera,17195.0,955.0,0.3756,6458.26,315.87,2039970.59,0.2501,USD,Cobrado,Cumplido
2023-08-09,2023,PED-2023-01169,El Paraíso,EP-01,Eureka,Citromax SA,Industria,Tucumán,Mercado Industrial,Limón Industria,4,Extra,3480.0,193.0,0.084,292.43,322.27,94241.42,0.0583,ARS,Cobrado,Cumplido
2023-08-09,2023,PED-2023-01184,La Esperanza,LE-02,Eureka,Citromax SA,Industria,Tucumán,Mercado Industrial,Limón Industria,4,Primera,5455.0,303.0,0.0751,409.66,312.11,127858.98,0.0759,ARS,Cobrado,Cumplido
2023-08-09,2023,PED-2023-01206,Río Ancho,RA-02,Lisbon,Citromax SA,Industria,Tucumán,Contrato Industria,Limón Industria,3,Segunda,6256.0,348.0,0.0781,488.45,317.4,155034.03,0.0848,ARS,Cobrado,Cumplido
2023-08-09,2023,PED-2023-01212,San Cayetano,SC-01,Eureka,Citromax SA,Industria,Tucumán,Contrato Industria,Limón Industria,4,Primera,5069.0,282.0,0.0808,409.33,315.87,129295.07,0.0863,ARS,Cobrado,Cumplido
2023-08-09,2023,PED-2023-01218,San Cayetano,SC-03,Génova,Citromax SA,Industria,Tucumán,Mercado Industrial,Limón Industria,3,Segunda,4251.0,236.0,0.0754,320.71,315.12,101062.14,0.0873,ARS,Cobrado,Parcial
2023-08-09,2023,PED-2023-01172,El Paraíso,EP-02,Eureka,Frutales Tucumán SRL,Industria,Tucumán,Contrato Industria,Limón Industria,2,Primera,5200.0,289.0,0.0727,377.95,319.91,120909.98,0.036,ARS,Cobrado,Cumplido
2023-08-09,2023,PED-2023-01175,El Paraíso,EP-03,Lisbon,Frutales Tucumán SRL,Industria,Tucumán,Contrato Industria,Limón Industria,5,Primera,3816.0,212.0,0.0682,260.09,310.46,80747.54,0.0346,ARS,Cobrado,Cumplido
2023-08-09,2023,PED-2023-01178,El Paraíso,EP-04,Génova,Frutales Tucumán SRL,Industria,Tucumán,Contrato Industria,Limón Industria,6,Extra,2944.0,164.0,0.0667,196.39,317.13,62281.16,0.0657,ARS,Cobrado,Cumplido
2023-08-09,2023,PED-2023-01181,La Esperanza,LE-01,Eureka,Frutales Tucumán SRL,Industria,Tucumán,Contrato Industria,Limón Industria,2,Extra,4620.0,257.0,0.0736,340.22,309.6,105332.11,0.058,ARS,Cobrado,Cumplido
2023-08-09,2023,PED-2023-01187,La Esperanza,LE-03,Lisbon,Frutales Tucumán SRL,Industria,Tucumán,Mercado Industrial,Limón Industria,4,Segunda,4638.0,258.0,0.0634,294.25,317.55,93439.09,0.0608,ARS,Cobrado,Cumplido
2023-08-09,2023,PED-2023-01190,La Esperanza,LE-04,Génova,Frutales Tucumán SRL,Industria,Tucumán,Contrato Industria,Limón Industria,7,Segunda,4614.0,256.0,0.0628,289.6,316.73,91725.01,0.0847,ARS,Cobrado,Cumplido
2023-08-09,2023,PED-2023-01193,Los Álamos,LA-01,Eureka,Frutales Tucumán SRL,Industria,Tucumán,Mercado Industrial,Limón Industria,3,Primera,4572.0,254.0,0.0745,340.82,310.76,105913.22,0.0863,ARS,Cobrado,Cumplido
2023-08-09,2023,PED-2023-01196,Los Álamos,LA-02,Lisbon,Frutales Tucumán SRL,Industria,Tucumán,Contrato Industria,Limón Industria,6,Primera,4564.0,254.0,0.0672,306.89,310.85,95396.76,0.0455,ARS,Cobrado,Cumplido
2023-08-09,2023,PED-2023-01199,Los Álamos,LA-03,Génova,Frutales Tucumán SRL,Industria,Tucumán,Contrato Industria,Limón Industria,3,Segunda,4311.0,240.0,0.0706,304.22,312.1,94947.06,0.0402,ARS,Cobrado,Cumplido
2023-08-09,2023,PED-2023-01203,Río Ancho,RA-01,Eureka,Frutales Tucumán SRL,Industria,Tucumán,Contrato Industria,Limón Industria,2,Primera,8266.0,459.0,0.0767,634.13,305.85,193948.66,0.0608,ARS,Cobrado,Cumplido
2023-08-09,2023,PED-2023-01209,Río Ancho,RA-03,Génova,Frutales Tucumán SRL,Industria,Tucumán,Mercado Industrial,Limón Industria,6,Primera,6053.0,336.0,0.0686,414.95,301.94,125290.0,0.0758,ARS,Vencido,Cumplido
2023-08-09,2023,PED-2023-01215,San Cayetano,SC-02,Lisbon,Frutales Tucumán SRL,Industria,Tucumán,Mercado Industrial,Limón Industria,6,Primera,4454.0,247.0,0.0645,287.11,319.93,91855.1,0.0672,ARS,Cobrado,Cumplido
2023-08-09,2023,PED-2023-01174,El Paraíso,EP-03,Lisbon,Central de Frutas SA,Mercado Interno,Buenos Aires,Mercado Central,Limón Lisbon,5,Primera,3943.0,219.0,0.2513,990.68,310.46,307566.51,0.1623,ARS,Cobrado,Cumplido
2023-08-09,2023,PED-2023-01177,El Paraíso,EP-04,Génova,Frutales del Norte SRL,Mercado Interno,Salta,Mercado Central,Limón Génova,6,Extra,3495.0,194.0,0.2015,704.31,317.13,223357.83,0.128,ARS,Cobrado,Cumplido
2023-08-09,2023,PED-2023-01183,La Esperanza,LE-02,Eureka,Frutales del Norte SRL,Mercado Interno,Salta,Retail Nacional,Limón Eureka,4,Primera,10004.0,556.0,0.201,2011.13,312.11,627693.78,0.1519,ARS,Cobrado,Cumplido
2023-08-09,2023,PED-2023-01189,La Esperanza,LE-04,Génova,Frutales del Norte SRL,Mercado Interno,Salta,Distribuidor Regional,Limón Génova,7,Segunda,5418.0,301.0,0.1872,1014.11,316.73,321199.06,0.1322,ARS,Cobrado,Cumplido
2023-08-09,2023,PED-2023-01168,El Paraíso,EP-01,Eureka,La Morenita SA,Mercado Interno,Tucumán,Retail Nacional,Limón Eureka,4,Extra,4669.0,259.0,0.2526,1179.28,322.27,380046.57,0.1956,ARS,Vencido,Cumplido
2023-08-09,2023,PED-2023-01180,La Esperanza,LE-01,Eureka,La Morenita SA,Mercado Interno,Tucumán,Retail Nacional,Limón Eureka,2,Extra,4631.0,257.0,0.2493,1154.52,309.6,357439.39,0.1739,ARS,Cobrado,Cumplido
2023-08-09,2023,PED-2023-01195,Los Álamos,LA-02,Lisbon,La Morenita SA,Mercado Interno,Tucumán,Mercado Central,Limón Lisbon,6,Primera,6005.0,334.0,0.2198,1319.98,310.85,410315.78,0.1781,ARS,Cobrado,Cumplido
2023-08-09,2023,PED-2023-01202,Río Ancho,RA-01,Eureka,La Morenita SA,Mercado Interno,Tucumán,Distribuidor Regional,Limón Eureka,2,Primera,9430.0,524.0,0.2341,2207.15,305.85,675056.83,0.1218,ARS,Cobrado,Cumplido
2023-08-09,2023,PED-2023-01205,Río Ancho,RA-02,Lisbon,La Morenita SA,Mercado Interno,Tucumán,Mercado Central,Limón Lisbon,3,Segunda,9238.0,513.0,0.2195,2027.42,317.4,643503.11,0.1229,ARS,Cobrado,Cumplido
2023-08-09,2023,PED-2023-01211,San Cayetano,SC-01,Eureka,La Morenita SA,Mercado Interno,Tucumán,Mercado Central,Limón Eureka,4,Primera,5010.0,278.0,0.2219,1111.73,315.87,351162.16,0.134,ARS,Cobrado,Cumplido
2023-08-09,2023,PED-2023-01214,San Cayetano,SC-02,Lisbon,La Morenita SA,Mercado Interno,Tucumán,Distribuidor Regional,Limón Lisbon,6,Primera,4225.0,235.0,0.2158,911.61,319.93,291651.39,0.193,ARS,Cobrado,Cumplido
2023-08-09,2023,PED-2023-01217,San Cayetano,SC-03,Génova,La Morenita SA,Mercado Interno,Tucumán,Distribuidor Regional,Limón Génova,3,Segunda,5330.0,296.0,0.2134,1137.4,315.12,358417.49,0.1974,ARS,Cobrado,Cumplido
2023-08-09,2023,PED-2023-01171,El Paraíso,EP-02,Eureka,Supermercados Norte SA,Mercado Interno,Tucumán,Distribuidor Regional,Limón Eureka,2,Primera,6288.0,349.0,0.2217,1393.9,319.91,445922.55,0.1252,ARS,Cobrado,Cumplido
2023-08-09,2023,PED-2023-01186,La Esperanza,LE-03,Lisbon,Supermercados Norte SA,Mercado Interno,Tucumán,Mercado Central,Limón Lisbon,4,Segunda,8558.0,475.0,0.1987,1700.39,317.55,539958.84,0.1577,ARS,Cobrado,Parcial
2023-08-09,2023,PED-2023-01192,Los Álamos,LA-01,Eureka,Supermercados Norte SA,Mercado Interno,Tucumán,Retail Nacional,Limón Eureka,3,Primera,4248.0,236.0,0.2342,994.97,310.76,309196.88,0.2099,ARS,Cobrado,Cumplido
2023-08-09,2023,PED-2023-01198,Los Álamos,LA-03,Génova,Supermercados Norte SA,Mercado Interno,Tucumán,Distribuidor Regional,Limón Génova,3,Segunda,3989.0,222.0,0.2045,815.62,312.1,254555.0,0.1176,ARS,Cobrado,Cumplido
2023-08-09,2023,PED-2023-01208,Río Ancho,RA-03,Génova,Supermercados Norte SA,Mercado Interno,Tucumán,Mercado Central,Limón Génova,6,Primera,5662.0,315.0,0.202,1144.0,301.94,345419.36,0.1588,ARS,Cobrado,Cumplido
2023-08-16,2023,PED-2023-01225,El Paraíso,EP-03,Lisbon,Al Salam Trading,Exportación,Emiratos Árabes,Programa Retail UE,Limón Lisbon,3,Extra,10722.0,596.0,0.3648,3911.35,319.9,1251240.86,0.2084,USD,Pendiente,Cumplido
2023-08-16,2023,PED-2023-01264,San Cayetano,SC-02,Lisbon,Al Salam Trading,Exportación,Emiratos Árabes,Exportación Directa,Limón Lisbon,6,Extra,16546.0,919.0,0.3541,5859.2,320.67,1878869.66,0.2959,USD,Cobrado,Cumplido
2023-08-16,2023,PED-2023-01219,El Paraíso,EP-01,Eureka,Citrus World Ltd,Exportación,Reino Unido,Programa Retail UE,Limón Eureka,4,Primera,15903.0,884.0,0.4102,6522.78,323.03,2107053.62,0.2139,USD,Pendiente,Cumplido
2023-08-16,2023,PED-2023-01237,La Esperanza,LE-03,Lisbon,Citrus World Ltd,Exportación,Reino Unido,Trader Golfo,Limón Lisbon,6,Primera,17991.0,1000.0,0.3583,6447.01,326.81,2106947.34,0.1816,USD,Cobrado,Cumplido
2023-08-16,2023,PED-2023-01240,La Esperanza,LE-04,Génova,Citrus World Ltd,Exportación,Reino Unido,Exportación Directa,Limón Génova,4,Extra,13454.0,747.0,0.3977,5350.89,322.36,1724912.9,0.2699,USD,Cobrado,Cumplido
2023-08-16,2023,PED-2023-01246,Los Álamos,LA-02,Lisbon,Citrus World Ltd,Exportación,Reino Unido,Exportación Directa,Limón Lisbon,4,Primera,13547.0,753.0,0.3831,5190.35,322.79,1675393.08,0.2609,USD,Cobrado,Cumplido
2023-08-16,2023,PED-2023-01255,Río Ancho,RA-02,Lisbon,Citrus World Ltd,Exportación,Reino Unido,Programa Retail UE,Limón Lisbon,5,Primera,20752.0,1153.0,0.406,8426.0,324.4,2733394.4,0.2219,USD,Pendiente,Cumplido
2023-08-16,2023,PED-2023-01222,El Paraíso,EP-02,Eureka,Fischer Import GmbH,Exportación,Alemania,Exportación Directa,Limón Eureka,2,Extra,22036.0,1224.0,0.4731,10425.9,322.03,3357452.58,0.2814,USD,Cobrado,Cumplido
2023-08-16,2023,PED-2023-01243,Los Álamos,LA-01,Eureka,Fischer Import GmbH,Exportación,Alemania,Programa Retail UE,Limón Eureka,5,Segunda,15574.0,865.0,0.3865,6019.82,322.88,1943679.48,0.2615,USD,Cobrado,Cumplido
2023-08-16,2023,PED-2023-01258,Río Ancho,RA-03,Génova,Fischer Import GmbH,Exportación,Alemania,Programa Retail UE,Limón Génova,3,Segunda,11423.0,635.0,0.3953,4515.83,323.56,1461141.95,0.2581,USD,Vencido,Parcial
2023-08-16,2023,PED-2023-01228,El Paraíso,EP-04,Génova,Medifresh SA,Exportación,España,Trader Golfo,Limón Génova,7,Segunda,6888.0,383.0,0.3336,2297.72,327.51,752526.28,0.2632,USD,Cobrado,Cumplido
2023-08-16,2023,PED-2023-01231,La Esperanza,LE-01,Eureka,Medifresh SA,Exportación,España,Exportación Directa,Limón Eureka,6,Segunda,19162.0,1065.0,0.3257,6240.52,313.48,1956278.21,0.2613,USD,Vencido,Cumplido
2023-08-16,2023,PED-2023-01234,La Esperanza,LE-02,Eureka,Medifresh SA,Exportación,España,Exportación Directa,Limón Eureka,5,Primera,22987.0,1277.0,0.3555,8172.85,311.98,2549765.74,0.2296,USD,Cobrado,Cumplido
2023-08-16,2023,PED-2023-01249,Los Álamos,LA-03,Génova,Medifresh SA,Exportación,España,Exportación Directa,Limón Génova,6,Primera,10232.0,568.0,0.3488,3568.73,321.44,1147132.57,0.2215,USD,Cobrado,Parcial
2023-08-16,2023,PED-2023-01252,Río Ancho,RA-01,Eureka,Medifresh SA,Exportación,España,Programa Retail UE,Limón Eureka,4,Primera,22306.0,1239.0,0.3606,8044.11,318.09,2558750.95,0.2612,USD,Cobrado,Cumplido
2023-08-16,2023,PED-2023-01261,San Cayetano,SC-01,Eureka,Medifresh SA,Exportación,España,Programa Retail UE,Limón Eureka,6,Extra,19770.0,1098.0,0.3822,7555.7,318.44,2406037.11,0.2235,USD,Cobrado,Cumplido
2023-08-16,2023,PED-2023-01267,San Cayetano,SC-03,Génova,Medifresh SA,Exportación,España,Programa Retail UE,Limón Génova,6,Segunda,9740.0,541.0,0.3486,3394.9,326.85,1109623.07,0.2265,USD,Cobrado,Cumplido
2023-08-16,2023,PED-2023-01221,El Paraíso,EP-01,Eureka,Citromax SA,Industria,Tucumán,Mercado Industrial,Limón Industria,4,Primera,3602.0,200.0,0.0755,271.91,323.03,87835.09,0.0755,ARS,Pendiente,Cumplido
2023-08-16,2023,PED-2023-01230,El Paraíso,EP-04,Génova,Citromax SA,Industria,Tucumán,Contrato Industria,Limón Industria,7,Segunda,3398.0,189.0,0.0673,228.69,327.51,74898.26,0.0834,ARS,Cobrado,Cumplido
2023-08-16,2023,PED-2023-01236,La Esperanza,LE-02,Eureka,Citromax SA,Industria,Tucumán,Mercado Industrial,Limón Industria,5,Primera,7470.0,415.0,0.0791,590.82,311.98,184324.02,0.0341,ARS,Cobrado,Cumplido
2023-08-16,2023,PED-2023-01239,La Esperanza,LE-03,Lisbon,Citromax SA,Industria,Tucumán,Contrato Industria,Limón Industria,6,Primera,5679.0,316.0,0.0753,427.78,326.81,139802.78,0.0652,ARS,Cobrado,Cumplido
2023-08-16,2023,PED-2023-01242,La Esperanza,LE-04,Génova,Citromax SA,Industria,Tucumán,Mercado Industrial,Limón Industria,4,Extra,4973.0,276.0,0.0772,384.07,322.36,123808.81,0.0862,ARS,Cobrado,Cumplido
2023-08-16,2023,PED-2023-01251,Los Álamos,LA-03,Génova,Citromax SA,Industria,Tucumán,Mercado Industrial,Limón Industria,6,Primera,3600.0,200.0,0.076,273.47,321.44,87904.2,0.0306,ARS,Cobrado,Cumplido
2023-08-16,2023,PED-2023-01257,Río Ancho,RA-02,Lisbon,Citromax SA,Industria,Tucumán,Contrato Industria,Limón Industria,5,Primera,6685.0,371.0,0.0743,496.8,324.4,161161.92,0.0451,ARS,Cobrado,Cumplido
2023-08-16,2023,PED-2023-01260,Río Ancho,RA-03,Génova,Citromax SA,Industria,Tucumán,Contrato Industria,Limón Industria,3,Segunda,6421.0,357.0,0.0759,487.17,323.56,157628.73,0.0711,ARS,Cobrado,Cumplido
2023-08-16,2023,PED-2023-01263,San Cayetano,SC-01,Eureka,Citromax SA,Industria,Tucumán,Mercado Industrial,Limón Industria,6,Extra,4334.0,241.0,0.075,324.97,318.44,103483.45,0.0486,ARS,Cobrado,Cumplido
2023-08-16,2023,PED-2023-01266,San Cayetano,SC-02,Lisbon,Citromax SA,Industria,Tucumán,Mercado Industrial,Limón Industria,6,Extra,4911.0,273.0,0.075,368.4,320.67,118134.83,0.0712,ARS,Cobrado,Cumplido
2023-08-16,2023,PED-2023-01269,San Cayetano,SC-03,Génova,Citromax SA,Industria,Tucumán,Mercado Industrial,Limón Industria,6,Segunda,3970.0,221.0,0.0698,276.97,326.85,90527.64,0.0887,ARS,Cobrado,Parcial
2023-08-16,2023,PED-2023-01224,El Paraíso,EP-02,Eureka,Frutales Tucumán SRL,Industria,Tucumán,Mercado Industrial,Limón Industria,2,Extra,4158.0,231.0,0.0784,326.01,322.03,104985.0,0.0479,ARS,Pendiente,Cumplido
2023-08-16,2023,PED-2023-01227,El Paraíso,EP-03,Lisbon,Frutales Tucumán SRL,Industria,Tucumán,Contrato Industria,Limón Industria,3,Extra,2652.0,147.0,0.0744,197.22,319.9,63090.68,0.0592,ARS,Cobrado,Cumplido
2023-08-16,2023,PED-2023-01233,La Esperanza,LE-01,Eureka,Frutales Tucumán SRL,Industria,Tucumán,Mercado Industrial,Limón Industria,6,Segunda,6000.0,333.0,0.0651,390.33,313.48,122360.65,0.0431,ARS,Pendiente,Cumplido
2023-08-16,2023,PED-2023-01245,Los Álamos,LA-01,Eureka,Frutales Tucumán SRL,Industria,Tucumán,Mercado Industrial,Limón Industria,5,Segunda,4473.0,248.0,0.0666,297.79,322.88,96150.44,0.0536,ARS,Cobrado,Parcial
2023-08-16,2023,PED-2023-01248,Los Álamos,LA-02,Lisbon,Frutales Tucumán SRL,Industria,Tucumán,Contrato Industria,Limón Industria,4,Primera,4161.0,231.0,0.0698,290.27,322.79,93696.25,0.0759,ARS,Cobrado,Cumplido
2023-08-16,2023,PED-2023-01254,Río Ancho,RA-01,Eureka,Frutales Tucumán SRL,Industria,Tucumán,Contrato Industria,Limón Industria,4,Primera,7459.0,414.0,0.073,544.84,318.09,173308.16,0.0732,ARS,Cobrado,Cumplido
2023-08-16,2023,PED-2023-01223,El Paraíso,EP-02,Eureka,Central de Frutas SA,Mercado Interno,Buenos Aires,Mercado Central,Limón Eureka,2,Extra,4573.0,254.0,0.2774,1268.56,322.03,408514.38,0.1754,ARS,Cobrado,Cumplido
2023-08-16,2023,PED-2023-01238,La Esperanza,LE-03,Lisbon,Central de Frutas SA,Mercado Interno,Buenos Aires,Mercado Central,Limón Lisbon,6,Primera,5704.0,317.0,0.2389,1362.84,326.81,445389.74,0.1122,ARS,Cobrado,Cumplido
2023-08-16,2023,PED-2023-01250,Los Álamos,LA-03,Génova,Central de Frutas SA,Mercado Interno,Buenos Aires,Mercado Central,Limón Génova,6,Primera,4064.0,226.0,0.2174,883.5,321.44,283992.24,0.1236,ARS,Cobrado,Cumplido
2023-08-16,2023,PED-2023-01226,El Paraíso,EP-03,Lisbon,Frutales del Norte SRL,Mercado Interno,Salta,Distribuidor Regional,Limón Lisbon,3,Extra,3630.0,202.0,0.2289,830.93,319.9,265814.51,0.1542,ARS,Cobrado,Cumplido
2023-08-16,2023,PED-2023-01232,La Esperanza,LE-01,Eureka,Frutales del Norte SRL,Mercado Interno,Salta,Retail Nacional,Limón Eureka,6,Segunda,8985.0,499.0,0.1919,1724.08,313.48,540464.6,0.1306,ARS,Pendiente,Cumplido
2023-08-16,2023,PED-2023-01256,Río Ancho,RA-02,Lisbon,Frutales del Norte SRL,Mercado Interno,Salta,Distribuidor Regional,Limón Lisbon,5,Primera,6507.0,362.0,0.2163,1407.44,324.4,456573.54,0.2042,ARS,Cobrado,Cumplido
2023-08-16,2023,PED-2023-01262,San Cayetano,SC-01,Eureka,Frutales del Norte SRL,Mercado Interno,Salta,Retail Nacional,Limón Eureka,6,Extra,6572.0,365.0,0.2017,1325.3,318.44,422028.53,0.1914,ARS,Pendiente,Cumplido
2023-08-16,2023,PED-2023-01265,San Cayetano,SC-02,Lisbon,Frutales del Norte SRL,Mercado Interno,Salta,Mercado Central,Limón Lisbon,6,Extra,4691.0,261.0,0.2054,963.36,320.67,308920.65,0.1663,ARS,Cobrado,Cumplido
2023-08-16,2023,PED-2023-01220,El Paraíso,EP-01,Eureka,La Morenita SA,Mercado Interno,Tucumán,Retail Nacional,Limón Eureka,4,Primera,6909.0,384.0,0.2267,1566.39,323.03,505990.96,0.1133,ARS,Cobrado,Cumplido
2023-08-16,2023,PED-2023-01229,El Paraíso,EP-04,Génova,La Morenita SA,Mercado Interno,Tucumán,Retail Nacional,Limón Génova,7,Segunda,4201.0,233.0,0.1963,824.65,327.51,270081.12,0.1516,ARS,Pendiente,Cumplido
2023-08-16,2023,PED-2023-01241,La Esperanza,LE-04,Génova,La Morenita SA,Mercado Interno,Tucumán,Retail Nacional,Limón Génova,4,Extra,5295.0,294.0,0.2324,1230.59,322.36,396692.99,0.2156,ARS,Cobrado,Cumplido
2023-08-16,2023,PED-2023-01247,Los Álamos,LA-02,Lisbon,La Morenita SA,Mercado Interno,Tucumán,Distribuidor Regional,Limón Lisbon,4,Primera,5178.0,288.0,0.2327,1205.07,322.79,388984.55,0.1744,ARS,Cobrado,Cumplido
2023-08-16,2023,PED-2023-01253,Río Ancho,RA-01,Eureka,La Morenita SA,Mercado Interno,Tucumán,Distribuidor Regional,Limón Eureka,4,Primera,10476.0,582.0,0.2327,2437.74,318.09,775420.72,0.1141,ARS,Cobrado,Parcial
2023-08-16,2023,PED-2023-01259,Río Ancho,RA-03,Génova,La Morenita SA,Mercado Interno,Tucumán,Distribuidor Regional,Limón Génova,3,Segunda,5794.0,322.0,0.2244,1300.33,323.56,420734.77,0.1345,ARS,Cobrado,Cumplido
2023-08-16,2023,PED-2023-01268,San Cayetano,SC-03,Génova,La Morenita SA,Mercado Interno,Tucumán,Retail Nacional,Limón Génova,6,Segunda,5826.0,324.0,0.1958,1140.79,326.85,372867.21,0.1844,ARS,Cobrado,Cumplido
2023-08-16,2023,PED-2023-01235,La Esperanza,LE-02,Eureka,Supermercados Norte SA,Mercado Interno,Tucumán,Mercado Central,Limón Eureka,5,Primera,6527.0,363.0,0.2072,1352.51,311.98,421956.07,0.1704,ARS,Cobrado,Cumplido
2023-08-16,2023,PED-2023-01244,Los Álamos,LA-01,Eureka,Supermercados Norte SA,Mercado Interno,Tucumán,Retail Nacional,Limón Eureka,5,Segunda,7112.0,395.0,0.1998,1421.17,322.88,458867.37,0.145,ARS,Cobrado,Cumplido
2023-08-23,2023,PED-2023-01279,El Paraíso,EP-04,Génova,Al Salam Trading,Exportación,Emiratos Árabes,Programa Retail UE,Limón Génova,6,Primera,8873.0,493.0,0.3423,3036.87,315.22,957282.16,0.2887,USD,Cobrado,Parcial
2023-08-23,2023,PED-2023-01282,La Esperanza,LE-01,Eureka,Al Salam Trading,Exportación,Emiratos Árabes,Trader Golfo,Limón Eureka,5,Primera,20924.0,1162.0,0.3506,7336.25,323.85,2375844.56,0.2075,USD,Cobrado,Parcial
2023-08-23,2023,PED-2023-01291,La Esperanza,LE-04,Génova,Al Salam Trading,Exportación,Emiratos Árabes,Programa Retail UE,Limón Génova,3,Primera,12935.0,719.0,0.3616,4677.77,322.83,1510124.49,0.1912,USD,Cobrado,Parcial
2023-08-23,2023,PED-2023-01304,Río Ancho,RA-01,Eureka,Al Salam Trading,Exportación,Emiratos Árabes,Exportación Directa,Limón Eureka,4,Primera,16456.0,914.0,0.3414,5617.63,328.07,1842975.87,0.2837,USD,Cobrado,Cumplido
2023-08-23,2023,PED-2023-01313,San Cayetano,SC-01,Eureka,Al Salam Trading,Exportación,Emiratos Árabes,Exportación Directa,Limón Eureka,5,Extra,21351.0,1186.0,0.3509,7492.4,329.86,2471443.06,0.2148,USD,Cobrado,Cumplido
2023-08-23,2023,PED-2023-01273,El Paraíso,EP-02,Eureka,Citrus World Ltd,Exportación,Reino Unido,Programa Retail UE,Limón Eureka,6,Segunda,17076.0,949.0,0.3492,5962.97,325.5,1940946.74,0.1935,USD,Cobrado,Cumplido
2023-08-23,2023,PED-2023-01276,El Paraíso,EP-03,Lisbon,Citrus World Ltd,Exportación,Reino Unido,Programa Retail UE,Limón Lisbon,5,Extra,13677.0,760.0,0.4119,5633.36,321.67,1812082.91,0.2692,USD,Cobrado,Parcial
2023-08-23,2023,PED-2023-01307,Río Ancho,RA-02,Lisbon,Citrus World Ltd,Exportación,Reino Unido,Trader Golfo,Limón Lisbon,4,Segunda,19155.0,1064.0,0.3598,6892.37,327.47,2257044.4,0.1747,USD,Cobrado,Cumplido
2023-08-23,2023,PED-2023-01270,El Paraíso,EP-01,Eureka,Fischer Import GmbH,Exportación,Alemania,Exportación Directa,Limón Eureka,5,Primera,16259.0,903.0,0.4236,6887.08,329.98,2272598.66,0.1845,USD,Pendiente,Cumplido
2023-08-23,2023,PED-2023-01285,La Esperanza,LE-02,Eureka,Medifresh SA,Exportación,España,Trader Golfo,Limón Eureka,6,Extra,22560.0,1253.0,0.3672,8284.49,330.59,2738769.55,0.2228,USD,Cobrado,Cumplido
2023-08-23,2023,PED-2023-01288,La Esperanza,LE-03,Lisbon,Medifresh SA,Exportación,España,Exportación Directa,Limón Lisbon,7,Primera,16972.0,943.0,0.3452,5858.89,322.45,1889199.08,0.2898,USD,Cobrado,Cumplido
2023-08-23,2023,PED-2023-01294,Los Álamos,LA-01,Eureka,Medifresh SA,Exportación,España,Exportación Directa,Limón Eureka,5,Segunda,15359.0,853.0,0.358,5498.05,327.22,1799071.92,0.2453,USD,Pendiente,Cumplido
2023-08-23,2023,PED-2023-01297,Los Álamos,LA-02,Lisbon,Medifresh SA,Exportación,España,Programa Retail UE,Limón Lisbon,4,Extra,12691.0,705.0,0.3788,4807.86,320.23,1539621.01,0.283,USD,Cobrado,Cumplido
2023-08-23,2023,PED-2023-01300,Los Álamos,LA-03,Génova,Medifresh SA,Exportación,España,Exportación Directa,Limón Génova,2,Segunda,9097.0,505.0,0.3534,3214.71,326.27,1048863.43,0.2581,USD,Cobrado,Cumplido
2023-08-23,2023,PED-2023-01303,Río Ancho,RA-01,Eureka,Medifresh SA,Exportación,España,Trader Golfo,Limón Eureka,4,Primera,14794.0,822.0,0.3924,5804.9,328.07,1904413.54,0.2485,USD,Cobrado,Parcial
2023-08-23,2023,PED-2023-01310,Río Ancho,RA-03,Génova,Medifresh SA,Exportación,España,Trader Golfo,Limón Génova,7,Primera,9761.0,542.0,0.3408,3326.07,321.53,1069431.29,0.1944,USD,Cobrado,Cumplido
2023-08-23,2023,PED-2023-01316,San Cayetano,SC-02,Lisbon,Medifresh SA,Exportación,España,Trader Golfo,Limón Lisbon,5,Extra,18768.0,1043.0,0.3685,6916.87,326.25,2256628.84,0.2999,USD,Cobrado,Cumplido
2023-08-23,2023,PED-2023-01319,San Cayetano,SC-03,Génova,Medifresh SA,Exportación,España,Exportación Directa,Limón Génova,2,Segunda,11912.0,662.0,0.3833,4566.44,326.59,1491353.64,0.283,USD,Cobrado,Cumplido
2023-08-23,2023,PED-2023-01275,El Paraíso,EP-02,Eureka,Citromax SA,Industria,Tucumán,Mercado Industrial,Limón Industria,6,Segunda,5210.0,289.0,0.0724,377.03,325.5,122723.26,0.0601,ARS,Cobrado,Cumplido
2023-08-23,2023,PED-2023-01299,Los Álamos,LA-02,Lisbon,Citromax SA,Industria,Tucumán,Contrato Industria,Limón Industria,4,Extra,4004.0,222.0,0.0772,308.94,320.23,98931.86,0.0747,ARS,Cobrado,Cumplido
2023-08-23,2023,PED-2023-01302,Los Álamos,LA-03,Génova,Citromax SA,Industria,Tucumán,Mercado Industrial,Limón Industria,2,Segunda,3657.0,203.0,0.0767,280.44,326.27,91499.16,0.0783,ARS,Cobrado,Parcial
2023-08-23,2023,PED-2023-01306,Río Ancho,RA-01,Eureka,Citromax SA,Industria,Tucumán,Contrato Industria,Limón Industria,4,Primera,9145.0,508.0,0.0765,699.34,328.07,229432.47,0.0392,ARS,Cobrado,Cumplido
2023-08-23,2023,PED-2023-01312,Río Ancho,RA-03,Génova,Citromax SA,Industria,Tucumán,Contrato Industria,Limón Industria,7,Primera,5106.0,284.0,0.0671,342.7,321.53,110188.33,0.0694,ARS,Cobrado,Cumplido
2023-08-23,2023,PED-2023-01318,San Cayetano,SC-02,Lisbon,Citromax SA,Industria,Tucumán,Mercado Industrial,Limón Industria,5,Extra,5139.0,286.0,0.0812,417.53,326.25,136219.16,0.0462,ARS,Cobrado,Cumplido
2023-08-23,2023,PED-2023-01321,San Cayetano,SC-03,Génova,Citromax SA,Industria,Tucumán,Contrato Industria,Limón Industria,2,Segunda,5104.0,284.0,0.0797,406.74,326.59,132837.22,0.0578,ARS,Cobrado,Parcial
2023-08-23,2023,PED-2023-01272,El Paraíso,EP-01,Eureka,Frutales Tucumán SRL,Industria,Tucumán,Contrato Industria,Limón Industria,5,Primera,3964.0,220.0,0.0694,274.94,329.98,90724.7,0.0658,ARS,Cobrado,Cumplido
2023-08-23,2023,PED-2023-01278,El Paraíso,EP-03,Lisbon,Frutales Tucumán SRL,Industria,Tucumán,Contrato Industria,Limón Industria,5,Extra,3630.0,202.0,0.0743,269.84,321.67,86799.43,0.0683,ARS,Cobrado,Parcial
2023-08-23,2023,PED-2023-01281,El Paraíso,EP-04,Génova,Frutales Tucumán SRL,Industria,Tucumán,Contrato Industria,Limón Industria,6,Primera,3442.0,191.0,0.0666,229.32,315.22,72286.25,0.0349,ARS,Cobrado,Cumplido
2023-08-23,2023,PED-2023-01284,La Esperanza,LE-01,Eureka,Frutales Tucumán SRL,Industria,Tucumán,Mercado Industrial,Limón Industria,5,Primera,4206.0,234.0,0.0717,301.71,323.85,97708.78,0.0346,ARS,Cobrado,Cumplido
2023-08-23,2023,PED-2023-01287,La Esperanza,LE-02,Eureka,Frutales Tucumán SRL,Industria,Tucumán,Contrato Industria,Limón Industria,6,Extra,6158.0,342.0,0.0686,422.52,330.59,139680.89,0.0316,ARS,Cobrado,Cumplido
2023-08-23,2023,PED-2023-01290,La Esperanza,LE-03,Lisbon,Frutales Tucumán SRL,Industria,Tucumán,Contrato Industria,Limón Industria,7,Primera,5243.0,291.0,0.0625,327.85,322.45,105715.23,0.0767,ARS,Cobrado,Cumplido
2023-08-23,2023,PED-2023-01293,La Esperanza,LE-04,Génova,Frutales Tucumán SRL,Industria,Tucumán,Mercado Industrial,Limón Industria,3,Primera,4312.0,240.0,0.069,297.55,322.83,96058.07,0.0894,ARS,Cobrado,Cumplido
2023-08-23,2023,PED-2023-01296,Los Álamos,LA-01,Eureka,Frutales Tucumán SRL,Industria,Tucumán,Contrato Industria,Limón Industria,5,Segunda,4758.0,264.0,0.0679,323.21,327.22,105760.78,0.0356,ARS,Vencido,Cumplido
2023-08-23,2023,PED-2023-01309,Río Ancho,RA-02,Lisbon,Frutales Tucumán SRL,Industria,Tucumán,Mercado Industrial,Limón Industria,4,Segunda,8934.0,496.0,0.0683,609.8,327.47,199691.21,0.0865,ARS,Cobrado,Cumplido
2023-08-23,2023,PED-2023-01315,San Cayetano,SC-01,Eureka,Frutales Tucumán SRL,Industria,Tucumán,Mercado Industrial,Limón Industria,5,Extra,4466.0,248.0,0.0753,336.48,329.86,110991.29,0.0656,ARS,Pendiente,Cumplido
2023-08-23,2023,PED-2023-01277,El Paraíso,EP-03,Lisbon,Central de Frutas SA,Mercado Interno,Buenos Aires,Distribuidor Regional,Limón Lisbon,5,Extra,3477.0,193.0,0.2576,895.84,321.67,288164.85,0.1549,ARS,Cobrado,Cumplido
2023-08-23,2023,PED-2023-01298,Los Álamos,LA-02,Lisbon,Central de Frutas SA,Mercado Interno,Buenos Aires,Mercado Central,Limón Lisbon,4,Extra,4436.0,246.0,0.2558,1134.83,320.23,363406.61,0.1596,ARS,Cobrado,Cumplido
2023-08-23,2023,PED-2023-01305,Río Ancho,RA-01,Eureka,Central de Frutas SA,Mercado Interno,Buenos Aires,Mercado Central,Limón Eureka,4,Primera,8760.0,487.0,0.2369,2075.22,328.07,680817.43,0.1333,ARS,Cobrado,Cumplido
2023-08-23,2023,PED-2023-01308,Río Ancho,RA-02,Lisbon,Central de Frutas SA,Mercado Interno,Buenos Aires,Retail Nacional,Limón Lisbon,4,Segunda,8416.0,468.0,0.2287,1924.72,327.47,630288.06,0.164,ARS,Cobrado,Cumplido
2023-08-23,2023,PED-2023-01311,Río Ancho,RA-03,Génova,Central de Frutas SA,Mercado Interno,Buenos Aires,Retail Nacional,Limón Génova,7,Primera,4726.0,263.0,0.2128,1005.49,321.53,323295.2,0.1497,ARS,Cobrado,Cumplido
2023-08-23,2023,PED-2023-01317,San Cayetano,SC-02,Lisbon,Central de Frutas SA,Mercado Interno,Buenos Aires,Retail Nacional,Limón Lisbon,5,Extra,4985.0,277.0,0.2536,1264.3,326.25,412477.88,0.1733,ARS,Pendiente,Cumplido
2023-08-23,2023,PED-2023-01280,El Paraíso,EP-04,Génova,Frutales del Norte SRL,Mercado Interno,Salta,Mercado Central,Limón Génova,6,Primera,2977.0,165.0,0.2063,614.12,315.22,193582.91,0.1714,ARS,Cobrado,Cumplido
2023-08-23,2023,PED-2023-01295,Los Álamos,LA-01,Eureka,Frutales del Norte SRL,Mercado Interno,Salta,Retail Nacional,Limón Eureka,5,Segunda,7200.0,400.0,0.196,1411.46,327.22,461857.94,0.1067,ARS,Pendiente,Cumplido
2023-08-23,2023,PED-2023-01314,San Cayetano,SC-01,Eureka,Frutales del Norte SRL,Mercado Interno,Salta,Retail Nacional,Limón Eureka,5,Extra,6212.0,345.0,0.2222,1380.5,329.86,455371.73,0.1382,ARS,Cobrado,Cumplido
2023-08-23,2023,PED-2023-01320,San Cayetano,SC-03,Génova,Frutales del Norte SRL,Mercado Interno,Salta,Mercado Central,Limón Génova,2,Segunda,5203.0,289.0,0.21,1092.88,326.59,356923.68,0.1823,ARS,Cobrado,Cumplido
2023-08-23,2023,PED-2023-01271,El Paraíso,EP-01,Eureka,La Morenita SA,Mercado Interno,Tucumán,Retail Nacional,Limón Eureka,5,Primera,6355.0,353.0,0.2156,1370.4,329.98,452204.59,0.1962,ARS,Cobrado,Cumplido
2023-08-23,2023,PED-2023-01274,El Paraíso,EP-02,Eureka,La Morenita SA,Mercado Interno,Tucumán,Distribuidor Regional,Limón Eureka,6,Segunda,9101.0,506.0,0.2029,1846.77,325.5,601123.64,0.1546,ARS,Cobrado,Cumplido
2023-08-23,2023,PED-2023-01283,La Esperanza,LE-01,Eureka,La Morenita SA,Mercado Interno,Tucumán,Mercado Central,Limón Eureka,5,Primera,6078.0,338.0,0.2346,1426.18,323.85,461868.39,0.1822,ARS,Cobrado,Cumplido
2023-08-23,2023,PED-2023-01289,La Esperanza,LE-03,Lisbon,La Morenita SA,Mercado Interno,Tucumán,Distribuidor Regional,Limón Lisbon,7,Primera,8357.0,464.0,0.2078,1736.55,322.45,559950.55,0.1579,ARS,Cobrado,Cumplido
2023-08-23,2023,PED-2023-01292,La Esperanza,LE-04,Génova,La Morenita SA,Mercado Interno,Tucumán,Retail Nacional,Limón Génova,3,Primera,3369.0,187.0,0.2361,795.52,322.83,256817.72,0.1564,ARS,Cobrado,Parcial
2023-08-23,2023,PED-2023-01301,Los Álamos,LA-03,Génova,La Morenita SA,Mercado Interno,Tucumán,Mercado Central,Limón Génova,2,Segunda,3317.0,184.0,0.2277,755.26,326.27,246418.68,0.1082,ARS,Cobrado,Cumplido
2023-08-23,2023,PED-2023-01286,La Esperanza,LE-02,Eureka,Supermercados Norte SA,Mercado Interno,Tucumán,Mercado Central,Limón Eureka,6,Extra,8784.0,488.0,0.2158,1895.66,330.59,626686.24,0.157,ARS,Cobrado,Cumplido
2023-08-30,2023,PED-2023-01322,El Paraíso,EP-01,Eureka,Al Salam Trading,Exportación,Emiratos Árabes,Trader Golfo,Limón Eureka,4,Primera,13142.0,730.0,0.3687,4844.82,323.81,1568801.16,0.2949,USD,Cobrado,Cumplido
2023-08-30,2023,PED-2023-01328,El Paraíso,EP-03,Lisbon,Al Salam Trading,Exportación,Emiratos Árabes,Programa Retail UE,Limón Lisbon,5,Extra,13599.0,756.0,0.3447,4687.04,323.47,1516116.83,0.2014,USD,Cobrado,Cumplido
2023-08-30,2023,PED-2023-01337,La Esperanza,LE-02,Eureka,Al Salam Trading,Exportación,Emiratos Árabes,Trader Golfo,Limón Eureka,4,Primera,18234.0,1013.0,0.3372,6147.72,329.47,2025489.31,0.2102,USD,Cobrado,Cumplido
2023-08-30,2023,PED-2023-01340,La Esperanza,LE-03,Lisbon,Al Salam Trading,Exportación,Emiratos Árabes,Trader Golfo,Limón Lisbon,5,Extra,15143.0,841.0,0.3685,5580.83,329.44,1838548.64,0.2788,USD,Cobrado,Cumplido
2023-08-30,2023,PED-2023-01343,La Esperanza,LE-04,Génova,Al Salam Trading,Exportación,Emiratos Árabes,Programa Retail UE,Limón Génova,6,Segunda,9051.0,503.0,0.3145,2846.19,315.95,899253.73,0.1632,USD,Cobrado,Cumplido
2023-08-30,2023,PED-2023-01349,Los Álamos,LA-02,Lisbon,Al Salam Trading,Exportación,Emiratos Árabes,Programa Retail UE,Limón Lisbon,7,Primera,11499.0,639.0,0.33,3795.22,321.93,1221795.17,0.3,USD,Cobrado,Cumplido
2023-08-30,2023,PED-2023-01331,El Paraíso,EP-04,Génova,Citrus World Ltd,Exportación,Reino Unido,Trader Golfo,Limón Génova,3,Primera,8531.0,474.0,0.4013,3423.73,318.15,1089259.7,0.2703,USD,Cobrado,Parcial
2023-08-30,2023,PED-2023-01334,La Esperanza,LE-01,Eureka,Citrus World Ltd,Exportación,Reino Unido,Trader Golfo,Limón Eureka,4,Primera,18068.0,1004.0,0.4107,7420.31,320.95,2381548.49,0.2984,USD,Cobrado,Cumplido
2023-08-30,2023,PED-2023-01356,Río Ancho,RA-01,Eureka,Citrus World Ltd,Exportación,Reino Unido,Trader Golfo,Limón Eureka,4,Primera,18053.0,1003.0,0.4035,7284.44,325.29,2369555.49,0.2147,USD,Cobrado,Cumplido
2023-08-30,2023,PED-2023-01365,San Cayetano,SC-01,Eureka,Citrus World Ltd,Exportación,Reino Unido,Trader Golfo,Limón Eureka,5,Primera,20142.0,1119.0,0.4019,8095.26,328.91,2662611.97,0.2396,USD,Cobrado,Cumplido
2023-08-30,2023,PED-2023-01371,San Cayetano,SC-03,Génova,Citrus World Ltd,Exportación,Reino Unido,Programa Retail UE,Limón Génova,4,Segunda,12275.0,682.0,0.3676,4512.16,325.31,1467850.77,0.2414,USD,Cobrado,Cumplido
2023-08-30,2023,PED-2023-01355,Río Ancho,RA-01,Eureka,Fischer Import GmbH,Exportación,Alemania,Exportación Directa,Limón Eureka,4,Primera,13985.0,777.0,0.4373,6115.8,325.29,1989408.58,0.2888,USD,Cobrado,Cumplido
2023-08-30,2023,PED-2023-01362,Río Ancho,RA-03,Génova,Fischer Import GmbH,Exportación,Alemania,Programa Retail UE,Limón Génova,6,Segunda,8906.0,495.0,0.352,3135.3,326.7,1024302.51,0.2417,USD,Pendiente,Cumplido
2023-08-30,2023,PED-2023-01368,San Cayetano,SC-02,Lisbon,Fischer Import GmbH,Exportación,Alemania,Trader Golfo,Limón Lisbon,6,Primera,14263.0,792.0,0.3903,5567.35,316.58,1762511.66,0.1946,USD,Cobrado,Cumplido
2023-08-30,2023,PED-2023-01325,El Paraíso,EP-02,Eureka,Medifresh SA,Exportación,España,Exportación Directa,Limón Eureka,4,Primera,20059.0,1114.0,0.3855,7733.65,325.83,2519855.18,0.2399,USD,Cobrado,Cumplido
2023-08-30,2023,PED-2023-01346,Los Álamos,LA-01,Eureka,Medifresh SA,Exportación,España,Trader Golfo,Limón Eureka,4,Extra,17068.0,948.0,0.3996,6820.29,317.59,2166055.9,0.2502,USD,Cobrado,Cumplido
2023-08-30,2023,PED-2023-01352,Los Álamos,LA-03,Génova,Medifresh SA,Exportación,España,Exportación Directa,Limón Génova,7,Primera,9885.0,549.0,0.3472,3432.03,333.12,1143277.83,0.2993,USD,Cobrado,Cumplido
2023-08-30,2023,PED-2023-01359,Río Ancho,RA-02,Lisbon,Medifresh SA,Exportación,España,Exportación Directa,Limón Lisbon,4,Primera,22089.0,1227.0,0.3802,8399.02,322.83,2711455.63,0.2601,USD,Cobrado,Parcial
2023-08-30,2023,PED-2023-01327,El Paraíso,EP-02,Eureka,Citromax SA,Industria,Tucumán,Contrato Industria,Limón Industria,4,Primera,4921.0,273.0,0.0813,400.22,325.83,130403.68,0.0786,ARS,Cobrado,Parcial
2023-08-30,2023,PED-2023-01336,La Esperanza,LE-01,Eureka,Citromax SA,Industria,Tucumán,Mercado Industrial,Limón Industria,4,Primera,5374.0,299.0,0.0765,410.91,320.95,131881.56,0.0792,ARS,Cobrado,Cumplido
2023-08-30,2023,PED-2023-01339,La Esperanza,LE-02,Eureka,Citromax SA,Industria,Tucumán,Mercado Industrial,Limón Industria,4,Primera,5291.0,294.0,0.0746,394.68,329.47,130035.22,0.0471,ARS,Pendiente,Cumplido
2023-08-30,2023,PED-2023-01342,La Esperanza,LE-03,Lisbon,Citromax SA,Industria,Tucumán,Contrato Industria,Limón Industria,5,Extra,4886.0,271.0,0.0756,369.28,329.44,121655.6,0.0427,ARS,Cobrado,Parcial
2023-08-30,2023,PED-2023-01345,La Esperanza,LE-04,Génova,Citromax SA,Industria,Tucumán,Contrato Industria,Limón Industria,6,Segunda,4699.0,261.0,0.0716,336.57,315.95,106339.29,0.0312,ARS,Cobrado,Cumplido
2023-08-30,2023,PED-2023-01348,Los Álamos,LA-01,Eureka,Citromax SA,Industria,Tucumán,Contrato Industria,Limón Industria,4,Extra,4709.0,262.0,0.0772,363.42,317.59,115418.56,0.0588,ARS,Cobrado,Cumplido
2023-08-30,2023,PED-2023-01351,Los Álamos,LA-02,Lisbon,Citromax SA,Industria,Tucumán,Mercado Industrial,Limón Industria,7,Primera,3649.0,203.0,0.0722,263.58,321.93,84854.31,0.0504,ARS,Cobrado,Cumplido
2023-08-30,2023,PED-2023-01354,Los Álamos,LA-03,Génova,Citromax SA,Industria,Tucumán,Mercado Industrial,Limón Industria,7,Primera,4141.0,230.0,0.0673,278.78,333.12,92867.19,0.0357,ARS,Pendiente,Cumplido
2023-08-30,2023,PED-2023-01358,Río Ancho,RA-01,Eureka,Citromax SA,Industria,Tucumán,Contrato Industria,Limón Industria,4,Primera,7809.0,434.0,0.0783,611.29,325.29,198846.52,0.0338,ARS,Cobrado,Cumplido
2023-08-30,2023,PED-2023-01364,Río Ancho,RA-03,Génova,Citromax SA,Industria,Tucumán,Mercado Industrial,Limón Industria,6,Segunda,5508.0,306.0,0.0672,370.28,326.7,120970.48,0.0501,ARS,Cobrado,Cumplido
2023-08-30,2023,PED-2023-01367,San Cayetano,SC-01,Eureka,Citromax SA,Industria,Tucumán,Mercado Industrial,Limón Industria,5,Primera,4846.0,269.0,0.0754,365.17,328.91,120108.06,0.0828,ARS,Pendiente,Cumplido
2023-08-30,2023,PED-2023-01373,San Cayetano,SC-03,Génova,Citromax SA,Industria,Tucumán,Contrato Industria,Limón Industria,4,Segunda,5159.0,287.0,0.0702,362.26,325.31,117846.8,0.0821,ARS,Cobrado,Cumplido
2023-08-30,2023,PED-2023-01324,El Paraíso,EP-01,Eureka,Frutales Tucumán SRL,Industria,Tucumán,Mercado Industrial,Limón Industria,4,Primera,3773.0,210.0,0.0719,271.18,323.81,87810.8,0.0544,ARS,Cobrado,Cumplido
2023-08-30,2023,PED-2023-01330,El Paraíso,EP-03,Lisbon,Frutales Tucumán SRL,Industria,Tucumán,Mercado Industrial,Limón Industria,5,Extra,4074.0,226.0,0.0701,285.79,323.47,92444.49,0.0537,ARS,Cobrado,Cumplido
2023-08-30,2023,PED-2023-01333,El Paraíso,EP-04,Génova,Frutales Tucumán SRL,Industria,Tucumán,Contrato Industria,Limón Industria,3,Primera,3286.0,183.0,0.0694,227.93,318.15,72515.93,0.067,ARS,Cobrado,Cumplido
2023-08-30,2023,PED-2023-01361,Río Ancho,RA-02,Lisbon,Frutales Tucumán SRL,Industria,Tucumán,Mercado Industrial,Limón Industria,4,Primera,7732.0,430.0,0.0687,530.84,322.83,171371.08,0.0839,ARS,Pendiente,Cumplido
2023-08-30,2023,PED-2023-01370,San Cayetano,SC-02,Lisbon,Frutales Tucumán SRL,Industria,Tucumán,Contrato Industria,Limón Industria,6,Primera,6042.0,336.0,0.064,386.49,316.58,122355.0,0.0332,ARS,Cobrado,Cumplido
2023-08-30,2023,PED-2023-01326,El Paraíso,EP-02,Eureka,Central de Frutas SA,Mercado Interno,Buenos Aires,Retail Nacional,Limón Eureka,4,Primera,8988.0,499.0,0.2551,2293.18,325.83,747186.84,0.1388,ARS,Cobrado,Cumplido
2023-08-30,2023,PED-2023-01353,Los Álamos,LA-03,Génova,Central de Frutas SA,Mercado Interno,Buenos Aires,Mercado Central,Limón Génova,7,Primera,4714.0,262.0,0.2197,1035.49,333.12,344942.43,0.1879,ARS,Cobrado,Cumplido
2023-08-30,2023,PED-2023-01366,San Cayetano,SC-01,Eureka,Central de Frutas SA,Mercado Interno,Buenos Aires,Mercado Central,Limón Eureka,5,Primera,8324.0,462.0,0.2478,2062.87,328.91,678498.57,0.1257,ARS,Cobrado,Cumplido
2023-08-30,2023,PED-2023-01372,San Cayetano,SC-03,Génova,Central de Frutas SA,Mercado Interno,Buenos Aires,Retail Nacional,Limón Génova,4,Segunda,5288.0,294.0,0.2416,1277.47,325.31,415573.77,0.1045,ARS,Cobrado,Cumplido
2023-08-30,2023,PED-2023-01332,El Paraíso,EP-04,Génova,Frutales del Norte SRL,Mercado Interno,Salta,Distribuidor Regional,Limón Génova,3,Primera,3534.0,196.0,0.2191,774.17,318.15,246302.19,0.1132,ARS,Cobrado,Cumplido
2023-08-30,2023,PED-2023-01335,La Esperanza,LE-01,Eureka,Frutales del Norte SRL,Mercado Interno,Salta,Retail Nacional,Limón Eureka,4,Primera,5852.0,325.0,0.207,1211.08,320.95,388696.13,0.1687,ARS,Pendiente,Cumplido
2023-08-30,2023,PED-2023-01350,Los Álamos,LA-02,Lisbon,Frutales del Norte SRL,Mercado Interno,Salta,Retail Nacional,Limón Lisbon,7,Primera,6086.0,338.0,0.1918,1167.29,321.93,375785.67,0.1463,ARS,Cobrado,Parcial
2023-08-30,2023,PED-2023-01323,El Paraíso,EP-01,Eureka,La Morenita SA,Mercado Interno,Tucumán,Distribuidor Regional,Limón Eureka,4,Primera,5222.0,290.0,0.2311,1206.59,323.81,390705.91,0.1565,ARS,Cobrado,Cumplido
2023-08-30,2023,PED-2023-01329,El Paraíso,EP-03,Lisbon,La Morenita SA,Mercado Interno,Tucumán,Mercado Central,Limón Lisbon,5,Extra,3565.0,198.0,0.2452,874.22,323.47,282783.94,0.142,ARS,Cobrado,Cumplido
2023-08-30,2023,PED-2023-01341,La Esperanza,LE-03,Lisbon,La Morenita SA,Mercado Interno,Tucumán,Mercado Central,Limón Lisbon,5,Extra,4802.0,267.0,0.2318,1113.14,329.44,366712.84,0.1299,ARS,Pendiente,Cumplido
2023-08-30,2023,PED-2023-01357,Río Ancho,RA-01,Eureka,La Morenita SA,Mercado Interno,Tucumán,Distribuidor Regional,Limón Eureka,4,Primera,9524.0,529.0,0.2196,2091.89,325.29,680470.9,0.1207,ARS,Pendiente,Parcial
2023-08-30,2023,PED-2023-01363,Río Ancho,RA-03,Génova,La Morenita SA,Mercado Interno,Tucumán,Retail Nacional,Limón Génova,6,Segunda,5798.0,322.0,0.2037,1181.23,326.7,385907.84,0.1626,ARS,Vencido,Cumplido
2023-08-30,2023,PED-2023-01369,San Cayetano,SC-02,Lisbon,La Morenita SA,Mercado Interno,Tucumán,Distribuidor Regional,Limón Lisbon,6,Primera,5754.0,320.0,0.2281,1312.45,316.58,415495.42,0.1986,ARS,Cobrado,Cumplido
2023-08-30,2023,PED-2023-01338,La Esperanza,LE-02,Eureka,Supermercados Norte SA,Mercado Interno,Tucumán,Retail Nacional,Limón Eureka,4,Primera,5546.0,308.0,0.2139,1186.4,329.47,390883.21,0.1782,ARS,Cobrado,Parcial
2023-08-30,2023,PED-2023-01344,La Esperanza,LE-04,Génova,Supermercados Norte SA,Mercado Interno,Tucumán,Mercado Central,Limón Génova,6,Segunda,5863.0,326.0,0.1876,1100.03,315.95,347554.48,0.1835,ARS,Cobrado,Cumplido
2023-08-30,2023,PED-2023-01347,Los Álamos,LA-01,Eureka,Supermercados Norte SA,Mercado Interno,Tucumán,Retail Nacional,Limón Eureka,4,Extra,4391.0,244.0,0.2383,1046.26,317.59,332281.71,0.1251,ARS,Cobrado,Cumplido
2023-08-30,2023,PED-2023-01360,Río Ancho,RA-02,Lisbon,Supermercados Norte SA,Mercado Interno,Tucumán,Distribuidor Regional,Limón Lisbon,4,Primera,9694.0,539.0,0.2159,2092.51,322.83,675525.0,0.1471,ARS,Cobrado,Cumplido
2023-09-06,2023,PED-2023-01383,El Paraíso,EP-04,Génova,Al Salam Trading,Exportación,Emiratos Árabes,Programa Retail UE,Limón Génova,6,Primera,6020.0,334.0,0.3086,1857.77,326.19,605986.0,0.2443,USD,Cobrado,Cumplido
2023-09-06,2023,PED-2023-01389,La Esperanza,LE-02,Eureka,Al Salam Trading,Exportación,Emiratos Árabes,Programa Retail UE,Limón Eureka,6,Primera,11914.0,662.0,0.3198,3809.57,333.09,1268929.67,0.2035,USD,Cobrado,Cumplido
2023-09-06,2023,PED-2023-01395,La Esperanza,LE-04,Génova,Al Salam Trading,Exportación,Emiratos Árabes,Trader Golfo,Limón Génova,3,Extra,7515.0,418.0,0.3574,2685.86,326.12,875912.66,0.215,USD,Cobrado,Cumplido
2023-09-06,2023,PED-2023-01401,Los Álamos,LA-02,Lisbon,Al Salam Trading,Exportación,Emiratos Árabes,Trader Golfo,Limón Lisbon,4,Primera,7415.0,412.0,0.333,2469.17,329.74,814184.12,0.292,USD,Cobrado,Cumplido
2023-09-06,2023,PED-2023-01416,San Cayetano,SC-01,Eureka,Al Salam Trading,Exportación,Emiratos Árabes,Trader Golfo,Limón Eureka,4,Primera,11137.0,619.0,0.3631,4044.14,327.07,1322716.87,0.2637,USD,Cobrado,Cumplido
2023-09-06,2023,PED-2023-01422,San Cayetano,SC-03,Génova,Al Salam Trading,Exportación,Emiratos Árabes,Trader Golfo,Limón Génova,6,Segunda,8204.0,456.0,0.3057,2508.16,326.49,818889.16,0.1609,USD,Cobrado,Parcial
2023-09-06,2023,PED-2023-01374,El Paraíso,EP-01,Eureka,Citrus World Ltd,Exportación,Reino Unido,Trader Golfo,Limón Eureka,7,Segunda,8161.0,453.0,0.321,2619.41,330.66,866134.11,0.2259,USD,Cobrado,Cumplido
2023-09-06,2023,PED-2023-01404,Los Álamos,LA-03,Génova,Citrus World Ltd,Exportación,Reino Unido,Exportación Directa,Limón Génova,5,Primera,6384.0,355.0,0.3705,2365.29,326.82,773024.08,0.2941,USD,Cobrado,Cumplido
2023-09-06,2023,PED-2023-01410,Río Ancho,RA-02,Lisbon,Citrus World Ltd,Exportación,Reino Unido,Programa Retail UE,Limón Lisbon,6,Segunda,10333.0,574.0,0.3461,3576.59,328.42,1174623.69,0.2559,USD,Cobrado,Cumplido
2023-09-06,2023,PED-2023-01413,Río Ancho,RA-03,Génova,Citrus World Ltd,Exportación,Reino Unido,Programa Retail UE,Limón Génova,5,Primera,7467.0,415.0,0.3989,2978.3,336.97,1003597.75,0.1807,USD,Cobrado,Cumplido
2023-09-06,2023,PED-2023-01392,La Esperanza,LE-03,Lisbon,Fischer Import GmbH,Exportación,Alemania,Programa Retail UE,Limón Lisbon,5,Extra,9758.0,542.0,0.4072,3973.36,328.91,1306877.84,0.2497,USD,Cobrado,Cumplido
2023-09-06,2023,PED-2023-01398,Los Álamos,LA-01,Eureka,Fischer Import GmbH,Exportación,Alemania,Trader Golfo,Limón Eureka,6,Extra,10742.0,597.0,0.391,4200.46,327.76,1376742.77,0.2728,USD,Cobrado,Cumplido
2023-09-06,2023,PED-2023-01407,Río Ancho,RA-01,Eureka,Fischer Import GmbH,Exportación,Alemania,Programa Retail UE,Limón Eureka,4,Segunda,18603.0,1034.0,0.386,7179.95,328.49,2358541.78,0.2534,USD,Pendiente,Cumplido
2023-09-06,2023,PED-2023-01377,El Paraíso,EP-02,Eureka,Medifresh SA,Exportación,España,Exportación Directa,Limón Eureka,4,Primera,12744.0,708.0,0.3855,4913.21,335.79,1649806.79,0.2444,USD,Pendiente,Cumplido
2023-09-06,2023,PED-2023-01380,El Paraíso,EP-03,Lisbon,Medifresh SA,Exportación,España,Programa Retail UE,Limón Lisbon,2,Segunda,6909.0,384.0,0.353,2438.68,329.44,803398.74,0.2107,USD,Pendiente,Cumplido
2023-09-06,2023,PED-2023-01386,La Esperanza,LE-01,Eureka,Medifresh SA,Exportación,España,Programa Retail UE,Limón Eureka,5,Primera,14988.0,833.0,0.3674,5507.02,327.13,1801511.45,0.2495,USD,Cobrado,Cumplido
2023-09-06,2023,PED-2023-01419,San Cayetano,SC-02,Lisbon,Medifresh SA,Exportación,España,Trader Golfo,Limón Lisbon,3,Primera,10332.0,574.0,0.3996,4128.31,327.17,1350659.18,0.2543,USD,Cobrado,Cumplido
2023-09-06,2023,PED-2023-01382,El Paraíso,EP-03,Lisbon,Citromax SA,Industria,Tucumán,Mercado Industrial,Limón Industria,2,Segunda,2034.0,113.0,0.0745,151.5,329.44,49910.16,0.0475,ARS,Cobrado,Cumplido
2023-09-06,2023,PED-2023-01388,La Esperanza,LE-01,Eureka,Citromax SA,Industria,Tucumán,Mercado Industrial,Limón Industria,5,Primera,3745.0,208.0,0.0718,269.06,327.13,88017.6,0.0434,ARS,Cobrado,Cumplido
2023-09-06,2023,PED-2023-01394,La Esperanza,LE-03,Lisbon,Citromax SA,Industria,Tucumán,Mercado Industrial,Limón Industria,5,Extra,3407.0,189.0,0.0767,261.22,328.91,85917.87,0.044,ARS,Cobrado,Parcial
2023-09-06,2023,PED-2023-01397,La Esperanza,LE-04,Génova,Citromax SA,Industria,Tucumán,Contrato Industria,Limón Industria,3,Extra,2648.0,147.0,0.0853,225.98,326.12,73696.6,0.0753,ARS,Cobrado,Cumplido
2023-09-06,2023,PED-2023-01400,Los Álamos,LA-01,Eureka,Citromax SA,Industria,Tucumán,Contrato Industria,Limón Industria,6,Extra,3054.0,170.0,0.0731,223.23,327.76,73165.86,0.0554,ARS,Cobrado,Cumplido
2023-09-06,2023,PED-2023-01415,Río Ancho,RA-03,Génova,Citromax SA,Industria,Tucumán,Contrato Industria,Limón Industria,5,Primera,3791.0,211.0,0.0748,283.69,336.97,95595.02,0.0801,ARS,Cobrado,Cumplido
2023-09-06,2023,PED-2023-01418,San Cayetano,SC-01,Eureka,Citromax SA,Industria,Tucumán,Contrato Industria,Limón Industria,4,Primera,3441.0,191.0,0.0785,269.96,327.07,88295.82,0.0619,ARS,Cobrado,Cumplido
2023-09-06,2023,PED-2023-01421,San Cayetano,SC-02,Lisbon,Citromax SA,Industria,Tucumán,Mercado Industrial,Limón Industria,3,Primera,3412.0,190.0,0.0807,275.5,327.17,90135.34,0.0843,ARS,Cobrado,Cumplido
2023-09-06,2023,PED-2023-01424,San Cayetano,SC-03,Génova,Citromax SA,Industria,Tucumán,Contrato Industria,Limón Industria,6,Segunda,4150.0,231.0,0.0669,277.7,326.49,90666.27,0.0894,ARS,Cobrado,Cumplido
2023-09-06,2023,PED-2023-01376,El Paraíso,EP-01,Eureka,Frutales Tucumán SRL,Industria,Tucumán,Mercado Industrial,Limón Industria,7,Segunda,2283.0,127.0,0.0584,133.25,330.66,44060.44,0.0377,ARS,Cobrado,Parcial
2023-09-06,2023,PED-2023-01379,El Paraíso,EP-02,Eureka,Frutales Tucumán SRL,Industria,Tucumán,Mercado Industrial,Limón Industria,4,Primera,3046.0,169.0,0.0682,207.68,335.79,69736.87,0.0519,ARS,Cobrado,Cumplido
2023-09-06,2023,PED-2023-01385,El Paraíso,EP-04,Génova,Frutales Tucumán SRL,Industria,Tucumán,Contrato Industria,Limón Industria,6,Primera,2726.0,151.0,0.0658,179.38,326.19,58511.96,0.0346,ARS,Cobrado,Cumplido
2023-09-06,2023,PED-2023-01391,La Esperanza,LE-02,Eureka,Frutales Tucumán SRL,Industria,Tucumán,Contrato Industria,Limón Industria,6,Primera,3585.0,199.0,0.0655,234.67,333.09,78166.23,0.086,ARS,Cobrado,Cumplido
2023-09-06,2023,PED-2023-01403,Los Álamos,LA-02,Lisbon,Frutales Tucumán SRL,Industria,Tucumán,Contrato Industria,Limón Industria,4,Primera,2647.0,147.0,0.0721,190.96,329.74,62967.15,0.0315,ARS,Cobrado,Cumplido
2023-09-06,2023,PED-2023-01406,Los Álamos,LA-03,Génova,Frutales Tucumán SRL,Industria,Tucumán,Contrato Industria,Limón Industria,5,Primera,2904.0,161.0,0.0664,192.88,326.82,63037.04,0.0628,ARS,Cobrado,Cumplido
2023-09-06,2023,PED-2023-01409,Río Ancho,RA-01,Eureka,Frutales Tucumán SRL,Industria,Tucumán,Mercado Industrial,Limón Industria,4,Segunda,6487.0,360.0,0.0631,409.18,328.49,134411.54,0.0786,ARS,Cobrado,Parcial
2023-09-06,2023,PED-2023-01412,Río Ancho,RA-02,Lisbon,Frutales Tucumán SRL,Industria,Tucumán,Contrato Industria,Limón Industria,6,Segunda,4452.0,247.0,0.0616,274.33,328.42,90095.46,0.0593,ARS,Cobrado,Cumplido
2023-09-06,2023,PED-2023-01375,El Paraíso,EP-01,Eureka,Central de Frutas SA,Mercado Interno,Buenos Aires,Distribuidor Regional,Limón Eureka,7,Segunda,5643.0,314.0,0.1921,1084.09,330.66,358465.2,0.1711,ARS,Cobrado,Cumplido
2023-09-06,2023,PED-2023-01393,La Esperanza,LE-03,Lisbon,Central de Frutas SA,Mercado Interno,Buenos Aires,Distribuidor Regional,Limón Lisbon,5,Extra,2501.0,139.0,0.2555,639.09,328.91,210203.09,0.1221,ARS,Cobrado,Cumplido
2023-09-06,2023,PED-2023-01396,La Esperanza,LE-04,Génova,Central de Frutas SA,Mercado Interno,Buenos Aires,Mercado Central,Limón Génova,3,Extra,2423.0,135.0,0.245,593.62,326.12,193591.35,0.1384,ARS,Cobrado,Cumplido
2023-09-06,2023,PED-2023-01402,Los Álamos,LA-02,Lisbon,Central de Frutas SA,Mercado Interno,Buenos Aires,Retail Nacional,Limón Lisbon,4,Primera,3463.0,192.0,0.2358,816.56,329.74,269252.49,0.1139,ARS,Cobrado,Cumplido
2023-09-06,2023,PED-2023-01414,Río Ancho,RA-03,Génova,Central de Frutas SA,Mercado Interno,Buenos Aires,Mercado Central,Limón Génova,5,Primera,3022.0,168.0,0.2352,710.84,336.97,239531.75,0.1801,ARS,Cobrado,Cumplido
2023-09-06,2023,PED-2023-01420,San Cayetano,SC-02,Lisbon,Central de Frutas SA,Mercado Interno,Buenos Aires,Distribuidor Regional,Limón Lisbon,3,Primera,3228.0,179.0,0.2321,749.2,327.17,245115.76,0.1673,ARS,Cobrado,Cumplido
2023-09-06,2023,PED-2023-01390,La Esperanza,LE-02,Eureka,Frutales del Norte SRL,Mercado Interno,Salta,Distribuidor Regional,Limón Eureka,6,Primera,6313.0,351.0,0.1893,1195.01,333.09,398045.88,0.1788,ARS,Cobrado,Parcial
2023-09-06,2023,PED-2023-01399,Los Álamos,LA-01,Eureka,Frutales del Norte SRL,Mercado Interno,Salta,Mercado Central,Limón Eureka,6,Extra,3137.0,174.0,0.211,661.99,327.76,216973.84,0.207,ARS,Cobrado,Cumplido
2023-09-06,2023,PED-2023-01405,Los Álamos,LA-03,Génova,Frutales del Norte SRL,Mercado Interno,Salta,Distribuidor Regional,Limón Génova,5,Primera,2598.0,144.0,0.1988,516.41,326.82,168773.12,0.1689,ARS,Pendiente,Cumplido
2023-09-06,2023,PED-2023-01423,San Cayetano,SC-03,Génova,Frutales del Norte SRL,Mercado Interno,Salta,Mercado Central,Limón Génova,6,Segunda,3364.0,187.0,0.1814,610.35,326.49,199273.17,0.1025,ARS,Cobrado,Cumplido
2023-09-06,2023,PED-2023-01384,El Paraíso,EP-04,Génova,La Morenita SA,Mercado Interno,Tucumán,Mercado Central,Limón Génova,6,Primera,2076.0,115.0,0.2282,473.84,326.19,154561.87,0.1688,ARS,Cobrado,Cumplido
2023-09-06,2023,PED-2023-01378,El Paraíso,EP-02,Eureka,Supermercados Norte SA,Mercado Interno,Tucumán,Distribuidor Regional,Limón Eureka,4,Primera,3844.0,214.0,0.2289,879.89,335.79,295458.26,0.1676,ARS,Cobrado,Cumplido
2023-09-06,2023,PED-2023-01381,El Paraíso,EP-03,Lisbon,Supermercados Norte SA,Mercado Interno,Tucumán,Retail Nacional,Limón Lisbon,2,Segunda,2410.0,134.0,0.2229,537.26,329.44,176994.93,0.1138,ARS,Cobrado,Parcial
2023-09-06,2023,PED-2023-01387,La Esperanza,LE-01,Eureka,Supermercados Norte SA,Mercado Interno,Tucumán,Mercado Central,Limón Eureka,5,Primera,6246.0,347.0,0.2249,1404.49,327.13,459450.81,0.1268,ARS,Pendiente,Cumplido
2023-09-06,2023,PED-2023-01408,Río Ancho,RA-01,Eureka,Supermercados Norte SA,Mercado Interno,Tucumán,Mercado Central,Limón Eureka,4,Segunda,9663.0,537.0,0.1966,1899.64,328.49,624012.74,0.1315,ARS,Cobrado,Cumplido
2023-09-06,2023,PED-2023-01411,Río Ancho,RA-02,Lisbon,Supermercados Norte SA,Mercado Interno,Tucumán,Mercado Central,Limón Lisbon,6,Segunda,5296.0,294.0,0.1879,994.99,328.42,326774.62,0.1648,ARS,Cobrado,Cumplido
2023-09-06,2023,PED-2023-01417,San Cayetano,SC-01,Eureka,Supermercados Norte SA,Mercado Interno,Tucumán,Distribuidor Regional,Limón Eureka,4,Primera,3667.0,204.0,0.2143,785.97,327.07,257067.21,0.208,ARS,Cobrado,Cumplido
2023-09-13,2023,PED-2023-01428,El Paraíso,EP-02,Eureka,Al Salam Trading,Exportación,Emiratos Árabes,Exportación Directa,Limón Eureka,3,Segunda,14382.0,799.0,0.3272,4706.22,332.38,1564253.4,0.2668,USD,Cobrado,Cumplido
2023-09-13,2023,PED-2023-01446,La Esperanza,LE-04,Génova,Al Salam Trading,Exportación,Emiratos Árabes,Exportación Directa,Limón Génova,5,Segunda,7914.0,440.0,0.3199,2532.0,327.79,829964.28,0.2038,USD,Cobrado,Cumplido
2023-09-13,2023,PED-2023-01452,Los Álamos,LA-02,Lisbon,Al Salam Trading,Exportación,Emiratos Árabes,Trader Golfo,Limón Lisbon,5,Primera,7693.0,427.0,0.3536,2720.16,331.34,901297.81,0.2683,USD,Cobrado,Cumplido
2023-09-13,2023,PED-2023-01458,Río Ancho,RA-01,Eureka,Al Salam Trading,Exportación,Emiratos Árabes,Trader Golfo,Limón Eureka,6,Extra,21515.0,1195.0,0.3395,7304.71,325.46,2377390.92,0.2115,USD,Cobrado,Cumplido
2023-09-13,2023,PED-2023-01464,Río Ancho,RA-03,Génova,Al Salam Trading,Exportación,Emiratos Árabes,Exportación Directa,Limón Génova,2,Primera,8304.0,461.0,0.3663,3041.51,324.51,987000.41,0.3084,USD,Vencido,Cumplido
2023-09-13,2023,PED-2023-01467,San Cayetano,SC-01,Eureka,Al Salam Trading,Exportación,Emiratos Árabes,Exportación Directa,Limón Eureka,4,Segunda,12825.0,712.0,0.3298,4229.74,339.78,1437181.06,0.2116,USD,Cobrado,Cumplido
2023-09-13,2023,PED-2023-01470,San Cayetano,SC-02,Lisbon,Al Salam Trading,Exportación,Emiratos Árabes,Exportación Directa,Limón Lisbon,5,Primera,8308.0,462.0,0.3472,2884.69,334.37,964553.8,0.2639,USD,Cobrado,Cumplido
2023-09-13,2023,PED-2023-01425,El Paraíso,EP-01,Eureka,Citrus World Ltd,Exportación,Reino Unido,Exportación Directa,Limón Eureka,3,Segunda,9988.0,555.0,0.3995,3990.36,332.12,1325278.36,0.256,USD,Cobrado,Cumplido
2023-09-13,2023,PED-2023-01434,El Paraíso,EP-04,Génova,Citrus World Ltd,Exportación,Reino Unido,Exportación Directa,Limón Génova,7,Primera,4500.0,250.0,0.3566,1604.67,339.81,545282.91,0.2785,USD,Cobrado,Cumplido
2023-09-13,2023,PED-2023-01443,La Esperanza,LE-03,Lisbon,Citrus World Ltd,Exportación,Reino Unido,Programa Retail UE,Limón Lisbon,6,Primera,8781.0,488.0,0.3776,3315.74,324.15,1074797.12,0.2888,USD,Cobrado,Cumplido
2023-09-13,2023,PED-2023-01455,Los Álamos,LA-03,Génova,Citrus World Ltd,Exportación,Reino Unido,Programa Retail UE,Limón Génova,5,Primera,5597.0,311.0,0.3927,2197.88,334.79,735828.25,0.3009,USD,Cobrado,Cumplido
2023-09-13,2023,PED-2023-01437,La Esperanza,LE-01,Eureka,Fischer Import GmbH,Exportación,Alemania,Trader Golfo,Limón Eureka,7,Segunda,13081.0,727.0,0.3311,4331.5,334.17,1447457.36,0.1896,USD,Cobrado,Cumplido
2023-09-13,2023,PED-2023-01449,Los Álamos,LA-01,Eureka,Fischer Import GmbH,Exportación,Alemania,Exportación Directa,Limón Eureka,4,Primera,11212.0,623.0,0.4089,4584.14,340.19,1559478.59,0.2838,USD,Cobrado,Cumplido
2023-09-13,2023,PED-2023-01461,Río Ancho,RA-02,Lisbon,Fischer Import GmbH,Exportación,Alemania,Trader Golfo,Limón Lisbon,5,Extra,14616.0,812.0,0.4223,6172.7,331.2,2044398.24,0.2552,USD,Cobrado,Cumplido
2023-09-13,2023,PED-2023-01431,El Paraíso,EP-03,Lisbon,Medifresh SA,Exportación,España,Trader Golfo,Limón Lisbon,4,Segunda,6615.0,368.0,0.3502,2316.33,339.2,785699.14,0.2038,USD,Cobrado,Cumplido
2023-09-13,2023,PED-2023-01440,La Esperanza,LE-02,Eureka,Medifresh SA,Exportación,España,Programa Retail UE,Limón Eureka,7,Segunda,12259.0,681.0,0.3248,3981.4,334.77,1332853.28,0.1759,USD,Cobrado,Cumplido
2023-09-13,2023,PED-2023-01473,San Cayetano,SC-03,Génova,Medifresh SA,Exportación,España,Trader Golfo,Limón Génova,4,Primera,9265.0,515.0,0.3738,3463.66,328.14,1136565.39,0.2794,USD,Cobrado,Parcial
2023-09-13,2023,PED-2023-01427,El Paraíso,EP-01,Eureka,Citromax SA,Industria,Tucumán,Mercado Industrial,Limón Industria,3,Segunda,3110.0,173.0,0.0714,222.1,332.12,73763.85,0.0565,ARS,Cobrado,Cumplido
2023-09-13,2023,PED-2023-01436,El Paraíso,EP-04,Génova,Citromax SA,Industria,Tucumán,Contrato Industria,Limón Industria,7,Primera,1949.0,108.0,0.0687,133.87,339.81,45490.36,0.0315,ARS,Cobrado,Cumplido
2023-09-13,2023,PED-2023-01439,La Esperanza,LE-01,Eureka,Citromax SA,Industria,Tucumán,Mercado Industrial,Limón Industria,7,Segunda,3957.0,220.0,0.062,245.44,334.17,82018.68,0.0338,ARS,Cobrado,Parcial
2023-09-13,2023,PED-2023-01448,La Esperanza,LE-04,Génova,Citromax SA,Industria,Tucumán,Contrato Industria,Limón Industria,5,Segunda,3912.0,217.0,0.0709,277.47,327.79,90951.89,0.031,ARS,Cobrado,Cumplido
2023-09-13,2023,PED-2023-01451,Los Álamos,LA-01,Eureka,Citromax SA,Industria,Tucumán,Contrato Industria,Limón Industria,4,Primera,3195.0,178.0,0.0753,240.62,340.19,81856.52,0.0899,ARS,Cobrado,Cumplido
2023-09-13,2023,PED-2023-01454,Los Álamos,LA-02,Lisbon,Citromax SA,Industria,Tucumán,Contrato Industria,Limón Industria,5,Primera,2650.0,147.0,0.078,206.78,331.34,68514.49,0.0528,ARS,Pendiente,Cumplido
2023-09-13,2023,PED-2023-01460,Río Ancho,RA-01,Eureka,Citromax SA,Industria,Tucumán,Contrato Industria,Limón Industria,6,Extra,6556.0,364.0,0.0787,515.89,325.46,167901.56,0.0635,ARS,Cobrado,Cumplido
2023-09-13,2023,PED-2023-01466,Río Ancho,RA-03,Génova,Citromax SA,Industria,Tucumán,Mercado Industrial,Limón Industria,2,Primera,4075.0,226.0,0.0839,341.88,324.51,110943.48,0.0865,ARS,Vencido,Cumplido
2023-09-13,2023,PED-2023-01469,San Cayetano,SC-01,Eureka,Citromax SA,Industria,Tucumán,Contrato Industria,Limón Industria,4,Segunda,4114.0,229.0,0.0717,295.16,339.78,100289.46,0.0468,ARS,Pendiente,Cumplido
2023-09-13,2023,PED-2023-01472,San Cayetano,SC-02,Lisbon,Citromax SA,Industria,Tucumán,Contrato Industria,Limón Industria,5,Primera,2771.0,154.0,0.0788,218.43,334.37,73036.44,0.0622,ARS,Cobrado,Cumplido
2023-09-13,2023,PED-2023-01430,El Paraíso,EP-02,Eureka,Frutales Tucumán SRL,Industria,Tucumán,Mercado Industrial,Limón Industria,3,Segunda,3908.0,217.0,0.0691,270.06,332.38,89762.54,0.0629,ARS,Cobrado,Cumplido
2023-09-13,2023,PED-2023-01433,El Paraíso,EP-03,Lisbon,Frutales Tucumán SRL,Industria,Tucumán,Mercado Industrial,Limón Industria,4,Segunda,2048.0,114.0,0.0645,132.01,339.2,44777.79,0.0684,ARS,Cobrado,Parcial
2023-09-13,2023,PED-2023-01442,La Esperanza,LE-02,Eureka,Frutales Tucumán SRL,Industria,Tucumán,Contrato Industria,Limón Industria,7,Segunda,3189.0,177.0,0.059,188.1,334.77,62970.24,0.0449,ARS,Cobrado,Cumplido
2023-09-13,2023,PED-2023-01445,La Esperanza,LE-03,Lisbon,Frutales Tucumán SRL,Industria,Tucumán,Mercado Industrial,Limón Industria,6,Primera,2916.0,162.0,0.0639,186.44,324.15,60434.53,0.0657,ARS,Pendiente,Cumplido
2023-09-13,2023,PED-2023-01457,Los Álamos,LA-03,Génova,Frutales Tucumán SRL,Industria,Tucumán,Contrato Industria,Limón Industria,5,Primera,2459.0,137.0,0.0676,166.24,334.79,55655.49,0.0685,ARS,Cobrado,Cumplido
2023-09-13,2023,PED-2023-01463,Río Ancho,RA-02,Lisbon,Frutales Tucumán SRL,Industria,Tucumán,Contrato Industria,Limón Industria,5,Extra,4891.0,272.0,0.0711,347.59,331.2,115121.81,0.0661,ARS,Cobrado,Cumplido
2023-09-13,2023,PED-2023-01475,San Cayetano,SC-03,Génova,Frutales Tucumán SRL,Industria,Tucumán,Contrato Industria,Limón Industria,4,Primera,4273.0,237.0,0.0729,311.47,328.14,102205.77,0.0345,ARS,Cobrado,Cumplido
2023-09-13,2023,PED-2023-01441,La Esperanza,LE-02,Eureka,Central de Frutas SA,Mercado Interno,Buenos Aires,Mercado Central,Limón Eureka,7,Segunda,5556.0,309.0,0.1922,1067.83,334.77,357477.45,0.1758,ARS,Cobrado,Cumplido
2023-09-13,2023,PED-2023-01453,Los Álamos,LA-02,Lisbon,Central de Frutas SA,Mercado Interno,Buenos Aires,Distribuidor Regional,Limón Lisbon,5,Primera,3255.0,181.0,0.2315,753.43,331.34,249641.5,0.1607,ARS,Cobrado,Cumplido
2023-09-13,2023,PED-2023-01456,Los Álamos,LA-03,Génova,Central de Frutas SA,Mercado Interno,Buenos Aires,Distribuidor Regional,Limón Génova,5,Primera,1673.0,93.0,0.2225,372.3,334.79,124642.32,0.1306,ARS,Cobrado,Cumplido
2023-09-13,2023,PED-2023-01462,Río Ancho,RA-02,Lisbon,Central de Frutas SA,Mercado Interno,Buenos Aires,Mercado Central,Limón Lisbon,5,Extra,4509.0,250.0,0.2316,1044.45,331.2,345921.84,0.1433,ARS,Cobrado,Cumplido
2023-09-13,2023,PED-2023-01465,Río Ancho,RA-03,Génova,Central de Frutas SA,Mercado Interno,Buenos Aires,Distribuidor Regional,Limón Génova,2,Primera,2675.0,149.0,0.258,690.13,324.51,223954.09,0.115,ARS,Cobrado,Cumplido
2023-09-13,2023,PED-2023-01474,San Cayetano,SC-03,Génova,Central de Frutas SA,Mercado Interno,Buenos Aires,Distribuidor Regional,Limón Génova,4,Primera,2956.0,164.0,0.2472,730.83,328.14,239814.56,0.1326,ARS,Cobrado,Cumplido
2023-09-13,2023,PED-2023-01426,El Paraíso,EP-01,Eureka,Frutales del Norte SRL,Mercado Interno,Salta,Retail Nacional,Limón Eureka,3,Segunda,4923.0,274.0,0.2135,1051.04,332.12,349071.4,0.147,ARS,Cobrado,Parcial
2023-09-13,2023,PED-2023-01432,El Paraíso,EP-03,Lisbon,Frutales del Norte SRL,Mercado Interno,Salta,Distribuidor Regional,Limón Lisbon,4,Segunda,3199.0,178.0,0.2054,657.07,339.2,222878.14,0.1015,ARS,Pendiente,Cumplido
2023-09-13,2023,PED-2023-01444,La Esperanza,LE-03,Lisbon,Frutales del Norte SRL,Mercado Interno,Salta,Distribuidor Regional,Limón Lisbon,6,Primera,4194.0,233.0,0.2048,859.06,324.15,278464.3,0.1745,ARS,Cobrado,Cumplido
2023-09-13,2023,PED-2023-01447,La Esperanza,LE-04,Génova,Frutales del Norte SRL,Mercado Interno,Salta,Retail Nacional,Limón Génova,5,Segunda,3096.0,172.0,0.2002,619.8,327.79,203164.24,0.1625,ARS,Pendiente,Cumplido
2023-09-13,2023,PED-2023-01459,Río Ancho,RA-01,Eureka,Frutales del Norte SRL,Mercado Interno,Salta,Mercado Central,Limón Eureka,6,Extra,6056.0,336.0,0.209,1265.99,325.46,412029.11,0.1535,ARS,Cobrado,Parcial
2023-09-13,2023,PED-2023-01435,El Paraíso,EP-04,Génova,La Morenita SA,Mercado Interno,Tucumán,Mercado Central,Limón Génova,7,Primera,1809.0,100.0,0.2133,385.95,339.81,131149.67,0.1454,ARS,Cobrado,Cumplido
2023-09-13,2023,PED-2023-01468,San Cayetano,SC-01,Eureka,La Morenita SA,Mercado Interno,Tucumán,Retail Nacional,Limón Eureka,4,Segunda,4466.0,248.0,0.207,924.54,339.78,314140.2,0.1836,ARS,Cobrado,Cumplido
2023-09-13,2023,PED-2023-01471,San Cayetano,SC-02,Lisbon,La Morenita SA,Mercado Interno,Tucumán,Mercado Central,Limón Lisbon,5,Primera,3488.0,194.0,0.2126,741.42,334.37,247908.61,0.2032,ARS,Cobrado,Cumplido
2023-09-13,2023,PED-2023-01429,El Paraíso,EP-02,Eureka,Supermercados Norte SA,Mercado Interno,Tucumán,Retail Nacional,Limón Eureka,3,Segunda,5474.0,304.0,0.205,1122.4,332.38,373063.31,0.1845,ARS,Cobrado,Cumplido
2023-09-13,2023,PED-2023-01438,La Esperanza,LE-01,Eureka,Supermercados Norte SA,Mercado Interno,Tucumán,Distribuidor Regional,Limón Eureka,7,Segunda,7954.0,442.0,0.1889,1502.67,334.17,502147.23,0.1054,ARS,Cobrado,Cumplido
2023-09-13,2023,PED-2023-01450,Los Álamos,LA-01,Eureka,Supermercados Norte SA,Mercado Interno,Tucumán,Distribuidor Regional,Limón Eureka,4,Primera,3432.0,191.0,0.2098,720.19,340.19,245001.44,0.1498,ARS,Cobrado,Cumplido
2023-09-20,2023,PED-2023-01491,La Esperanza,LE-02,Eureka,Al Salam Trading,Exportación,Emiratos Árabes,Programa Retail UE,Limón Eureka,5,Primera,16459.0,914.0,0.3356,5524.07,336.73,1860120.09,0.2755,USD,Cobrado,Cumplido
2023-09-20,2023,PED-2023-01494,La Esperanza,LE-03,Lisbon,Al Salam Trading,Exportación,Emiratos Árabes,Programa Retail UE,Limón Lisbon,4,Primera,10681.0,593.0,0.3597,3841.78,337.91,1298175.88,0.2403,USD,Pendiente,Cumplido
2023-09-20,2023,PED-2023-01503,Los Álamos,LA-02,Lisbon,Al Salam Trading,Exportación,Emiratos Árabes,Trader Golfo,Limón Lisbon,4,Primera,8717.0,484.0,0.3346,2916.66,329.76,961797.8,0.2453,USD,Cobrado,Cumplido
2023-09-20,2023,PED-2023-01509,Río Ancho,RA-01,Eureka,Al Salam Trading,Exportación,Emiratos Árabes,Trader Golfo,Limón Eureka,3,Extra,19227.0,1068.0,0.3725,7162.82,337.07,2414371.74,0.2479,USD,Cobrado,Cumplido
2023-09-20,2023,PED-2023-01518,San Cayetano,SC-01,Eureka,Al Salam Trading,Exportación,Emiratos Árabes,Trader Golfo,Limón Eureka,2,Segunda,10299.0,572.0,0.3303,3401.65,343.02,1166833.98,0.1793,USD,Pendiente,Cumplido
2023-09-20,2023,PED-2023-01476,El Paraíso,EP-01,Eureka,Citrus World Ltd,Exportación,Reino Unido,Trader Golfo,Limón Eureka,4,Primera,10612.0,590.0,0.4106,4357.19,334.85,1459005.07,0.1932,USD,Cobrado,Cumplido
2023-09-20,2023,PED-2023-01485,El Paraíso,EP-04,Génova,Citrus World Ltd,Exportación,Reino Unido,Programa Retail UE,Limón Génova,6,Segunda,4721.0,262.0,0.3394,1602.5,340.49,545635.22,0.2404,USD,Pendiente,Cumplido
2023-09-20,2023,PED-2023-01488,La Esperanza,LE-01,Eureka,Citrus World Ltd,Exportación,Reino Unido,Trader Golfo,Limón Eureka,7,Primera,12962.0,720.0,0.3489,4522.71,333.67,1509092.65,0.2823,USD,Cobrado,Cumplido
2023-09-20,2023,PED-2023-01497,La Esperanza,LE-04,Génova,Citrus World Ltd,Exportación,Reino Unido,Programa Retail UE,Limón Génova,4,Primera,8581.0,477.0,0.4035,3462.5,330.12,1143040.5,0.2898,USD,Cobrado,Parcial
2023-09-20,2023,PED-2023-01521,San Cayetano,SC-02,Lisbon,Citrus World Ltd,Exportación,Reino Unido,Programa Retail UE,Limón Lisbon,5,Segunda,8884.0,494.0,0.3747,3329.21,338.16,1125805.65,0.1797,USD,Pendiente,Cumplido
2023-09-20,2023,PED-2023-01524,San Cayetano,SC-03,Génova,Citrus World Ltd,Exportación,Reino Unido,Programa Retail UE,Limón Génova,7,Primera,8444.0,469.0,0.3497,2953.29,329.94,974408.5,0.3066,USD,Cobrado,Cumplido
2023-09-20,2023,PED-2023-01479,El Paraíso,EP-02,Eureka,Fischer Import GmbH,Exportación,Alemania,Programa Retail UE,Limón Eureka,5,Extra,15119.0,840.0,0.4359,6590.05,337.21,2222230.76,0.2448,USD,Cobrado,Cumplido
2023-09-20,2023,PED-2023-01482,El Paraíso,EP-03,Lisbon,Fischer Import GmbH,Exportación,Alemania,Exportación Directa,Limón Lisbon,5,Primera,8551.0,475.0,0.3837,3281.38,330.73,1085250.81,0.3012,USD,Cobrado,Cumplido
2023-09-20,2023,PED-2023-01512,Río Ancho,RA-02,Lisbon,Fischer Import GmbH,Exportación,Alemania,Exportación Directa,Limón Lisbon,5,Primera,12136.0,674.0,0.379,4600.07,330.48,1520231.13,0.3047,USD,Cobrado,Cumplido
2023-09-20,2023,PED-2023-01515,Río Ancho,RA-03,Génova,Fischer Import GmbH,Exportación,Alemania,Exportación Directa,Limón Génova,6,Primera,7791.0,433.0,0.4026,3136.62,336.47,1055378.53,0.2287,USD,Cobrado,Cumplido
2023-09-20,2023,PED-2023-01500,Los Álamos,LA-01,Eureka,Medifresh SA,Exportación,España,Trader Golfo,Limón Eureka,4,Primera,10391.0,577.0,0.374,3885.85,344.69,1339413.64,0.2568,USD,Cobrado,Cumplido
2023-09-20,2023,PED-2023-01506,Los Álamos,LA-03,Génova,Medifresh SA,Exportación,España,Trader Golfo,Limón Génova,4,Segunda,4810.0,267.0,0.3552,1708.3,334.66,571699.68,0.2749,USD,Cobrado,Cumplido
2023-09-20,2023,PED-2023-01487,El Paraíso,EP-04,Génova,Citromax SA,Industria,Tucumán,Mercado Industrial,Limón Industria,6,Segunda,2085.0,116.0,0.0649,135.32,340.49,46075.11,0.0442,ARS,Pendiente,Cumplido
2023-09-20,2023,PED-2023-01502,Los Álamos,LA-01,Eureka,Citromax SA,Industria,Tucumán,Contrato Industria,Limón Industria,4,Primera,2903.0,161.0,0.0776,225.16,344.69,77610.4,0.0849,ARS,Vencido,Cumplido
2023-09-20,2023,PED-2023-01508,Los Álamos,LA-03,Génova,Citromax SA,Industria,Tucumán,Mercado Industrial,Limón Industria,4,Segunda,2805.0,156.0,0.0732,205.27,334.66,68695.66,0.0882,ARS,Cobrado,Cumplido
2023-09-20,2023,PED-2023-01511,Río Ancho,RA-01,Eureka,Citromax SA,Industria,Tucumán,Contrato Industria,Limón Industria,3,Extra,5913.0,328.0,0.0805,475.9,337.07,160411.61,0.0613,ARS,Cobrado,Cumplido
2023-09-20,2023,PED-2023-01514,Río Ancho,RA-02,Lisbon,Citromax SA,Industria,Tucumán,Contrato Industria,Limón Industria,5,Primera,4352.0,242.0,0.0739,321.78,330.48,106341.85,0.0806,ARS,Vencido,Cumplido
2023-09-20,2023,PED-2023-01520,San Cayetano,SC-01,Eureka,Citromax SA,Industria,Tucumán,Contrato Industria,Limón Industria,2,Segunda,3714.0,206.0,0.0733,272.11,343.02,93339.17,0.066,ARS,Cobrado,Cumplido
2023-09-20,2023,PED-2023-01526,San Cayetano,SC-03,Génova,Citromax SA,Industria,Tucumán,Contrato Industria,Limón Industria,7,Primera,4766.0,265.0,0.0687,327.21,329.94,107959.67,0.0572,ARS,Cobrado,Cumplido
2023-09-20,2023,PED-2023-01478,El Paraíso,EP-01,Eureka,Frutales Tucumán SRL,Industria,Tucumán,Contrato Industria,Limón Industria,4,Primera,2761.0,153.0,0.0668,184.53,334.85,61789.87,0.073,ARS,Pendiente,Cumplido
2023-09-20,2023,PED-2023-01481,El Paraíso,EP-02,Eureka,Frutales Tucumán SRL,Industria,Tucumán,Contrato Industria,Limón Industria,5,Extra,4673.0,260.0,0.0682,318.79,337.21,107499.18,0.0842,ARS,Cobrado,Cumplido
2023-09-20,2023,PED-2023-01484,El Paraíso,EP-03,Lisbon,Frutales Tucumán SRL,Industria,Tucumán,Mercado Industrial,Limón Industria,5,Primera,2754.0,153.0,0.0667,183.74,330.73,60768.33,0.042,ARS,Cobrado,Cumplido
2023-09-20,2023,PED-2023-01490,La Esperanza,LE-01,Eureka,Frutales Tucumán SRL,Industria,Tucumán,Mercado Industrial,Limón Industria,7,Primera,4585.0,255.0,0.0656,300.66,333.67,100321.22,0.0648,ARS,Pendiente,Cumplido
2023-09-20,2023,PED-2023-01493,La Esperanza,LE-02,Eureka,Frutales Tucumán SRL,Industria,Tucumán,Contrato Industria,Limón Industria,5,Primera,4565.0,254.0,0.0661,301.72,336.73,101598.18,0.0619,ARS,Cobrado,Cumplido
2023-09-20,2023,PED-2023-01496,La Esperanza,LE-03,Lisbon,Frutales Tucumán SRL,Industria,Tucumán,Contrato Industria,Limón Industria,4,Primera,3347.0,186.0,0.0662,221.45,337.91,74830.17,0.031,ARS,Cobrado,Cumplido
2023-09-20,2023,PED-2023-01499,La Esperanza,LE-04,Génova,Frutales Tucumán SRL,Industria,Tucumán,Mercado Industrial,Limón Industria,4,Primera,3594.0,200.0,0.0694,249.56,330.12,82384.75,0.0694,ARS,Pendiente,Parcial
2023-09-20,2023,PED-2023-01505,Los Álamos,LA-02,Lisbon,Frutales Tucumán SRL,Industria,Tucumán,Mercado Industrial,Limón Industria,4,Primera,3435.0,191.0,0.0721,247.7,329.76,81681.55,0.0846,ARS,Pendiente,Cumplido
2023-09-20,2023,PED-2023-01517,Río Ancho,RA-03,Génova,Frutales Tucumán SRL,Industria,Tucumán,Contrato Industria,Limón Industria,6,Primera,3853.0,214.0,0.0649,250.18,336.47,84178.06,0.0334,ARS,Cobrado,Cumplido
2023-09-20,2023,PED-2023-01523,San Cayetano,SC-02,Lisbon,Frutales Tucumán SRL,Industria,Tucumán,Contrato Industria,Limón Industria,5,Segunda,3502.0,195.0,0.0624,218.62,338.16,73928.54,0.0486,ARS,Cobrado,Cumplido
2023-09-20,2023,PED-2023-01480,El Paraíso,EP-02,Eureka,Central de Frutas SA,Mercado Interno,Buenos Aires,Mercado Central,Limón Eureka,5,Extra,3549.0,197.0,0.2447,868.4,337.21,292833.16,0.1226,ARS,Cobrado,Cumplido
2023-09-20,2023,PED-2023-01495,La Esperanza,LE-03,Lisbon,Central de Frutas SA,Mercado Interno,Buenos Aires,Retail Nacional,Limón Lisbon,4,Primera,4318.0,240.0,0.2437,1052.41,337.91,355619.86,0.2093,ARS,Cobrado,Parcial
2023-09-20,2023,PED-2023-01507,Los Álamos,LA-03,Génova,Central de Frutas SA,Mercado Interno,Buenos Aires,Retail Nacional,Limón Génova,4,Segunda,2547.0,142.0,0.2293,583.98,334.66,195434.75,0.1726,ARS,Vencido,Cumplido
2023-09-20,2023,PED-2023-01510,Río Ancho,RA-01,Eureka,Central de Frutas SA,Mercado Interno,Buenos Aires,Distribuidor Regional,Limón Eureka,3,Extra,5909.0,328.0,0.2629,1553.2,337.07,523537.12,0.1932,ARS,Vencido,Parcial
2023-09-20,2023,PED-2023-01513,Río Ancho,RA-02,Lisbon,Central de Frutas SA,Mercado Interno,Buenos Aires,Mercado Central,Limón Lisbon,5,Primera,5742.0,319.0,0.2484,1426.21,330.48,471333.88,0.1158,ARS,Cobrado,Cumplido
2023-09-20,2023,PED-2023-01486,El Paraíso,EP-04,Génova,Frutales del Norte SRL,Mercado Interno,Salta,Distribuidor Regional,Limón Génova,6,Segunda,2414.0,134.0,0.1741,420.36,340.49,143128.38,0.1319,ARS,Pendiente,Cumplido
2023-09-20,2023,PED-2023-01489,La Esperanza,LE-01,Eureka,Frutales del Norte SRL,Mercado Interno,Salta,Mercado Central,Limón Eureka,7,Primera,7540.0,419.0,0.1903,1435.03,333.67,478826.46,0.1287,ARS,Vencido,Cumplido
2023-09-20,2023,PED-2023-01498,La Esperanza,LE-04,Génova,Frutales del Norte SRL,Mercado Interno,Salta,Mercado Central,Limón Génova,4,Primera,3417.0,190.0,0.204,697.02,330.12,230100.24,0.1336,ARS,Cobrado,Cumplido
2023-09-20,2023,PED-2023-01477,El Paraíso,EP-01,Eureka,La Morenita SA,Mercado Interno,Tucumán,Mercado Central,Limón Eureka,4,Primera,3428.0,190.0,0.2272,778.75,334.85,260764.44,0.1426,ARS,Pendiente,Cumplido
2023-09-20,2023,PED-2023-01483,El Paraíso,EP-03,Lisbon,La Morenita SA,Mercado Interno,Tucumán,Retail Nacional,Limón Lisbon,5,Primera,2872.0,160.0,0.2309,663.28,330.73,219366.59,0.1601,ARS,Pendiente,Cumplido
2023-09-20,2023,PED-2023-01501,Los Álamos,LA-01,Eureka,La Morenita SA,Mercado Interno,Tucumán,Retail Nacional,Limón Eureka,4,Primera,3992.0,222.0,0.2196,876.59,344.69,302151.81,0.1469,ARS,Cobrado,Cumplido
2023-09-20,2023,PED-2023-01516,Río Ancho,RA-03,Génova,La Morenita SA,Mercado Interno,Tucumán,Distribuidor Regional,Limón Génova,6,Primera,3505.0,195.0,0.213,746.52,336.47,251181.58,0.1755,ARS,Cobrado,Cumplido
2023-09-20,2023,PED-2023-01525,San Cayetano,SC-03,Génova,La Morenita SA,Mercado Interno,Tucumán,Distribuidor Regional,Limón Génova,7,Primera,4057.0,225.0,0.218,884.42,329.94,291805.53,0.1682,ARS,Pendiente,Cumplido
2023-09-20,2023,PED-2023-01492,La Esperanza,LE-02,Eureka,Supermercados Norte SA,Mercado Interno,Tucumán,Distribuidor Regional,Limón Eureka,5,Primera,5633.0,313.0,0.2178,1226.66,336.73,413053.22,0.189,ARS,Pendiente,Cumplido
2023-09-20,2023,PED-2023-01504,Los Álamos,LA-02,Lisbon,Supermercados Norte SA,Mercado Interno,Tucumán,Distribuidor Regional,Limón Lisbon,4,Primera,4027.0,224.0,0.2247,904.74,329.76,298347.06,0.1342,ARS,Cobrado,Cumplido
2023-09-20,2023,PED-2023-01519,San Cayetano,SC-01,Eureka,Supermercados Norte SA,Mercado Interno,Tucumán,Distribuidor Regional,Limón Eureka,2,Segunda,4258.0,237.0,0.2182,929.27,343.02,318758.2,0.1509,ARS,Cobrado,Cumplido
2023-09-20,2023,PED-2023-01522,San Cayetano,SC-02,Lisbon,Supermercados Norte SA,Mercado Interno,Tucumán,Distribuidor Regional,Limón Lisbon,5,Segunda,4183.0,232.0,0.2059,861.19,338.16,291220.01,0.1325,ARS,Cobrado,Cumplido
2023-09-27,2023,PED-2023-01539,La Esperanza,LE-01,Eureka,Al Salam Trading,Exportación,Emiratos Árabes,Trader Golfo,Limón Eureka,5,Extra,14246.0,791.0,0.3683,5246.32,344.2,1805783.34,0.2185,USD,Pendiente,Cumplido
2023-09-27,2023,PED-2023-01542,La Esperanza,LE-02,Eureka,Al Salam Trading,Exportación,Emiratos Árabes,Programa Retail UE,Limón Eureka,6,Extra,13505.0,750.0,0.3271,4418.03,342.9,1514942.49,0.2887,USD,Cobrado,Cumplido
2023-09-27,2023,PED-2023-01548,La Esperanza,LE-04,Génova,Al Salam Trading,Exportación,Emiratos Árabes,Exportación Directa,Limón Génova,6,Primera,6796.0,378.0,0.3224,2190.88,345.16,756204.14,0.2642,USD,Cobrado,Cumplido
2023-09-27,2023,PED-2023-01566,Río Ancho,RA-03,Génova,Al Salam Trading,Exportación,Emiratos Árabes,Trader Golfo,Limón Génova,7,Segunda,6408.0,356.0,0.2814,1802.97,334.48,603057.41,0.2783,USD,Cobrado,Cumplido
2023-09-27,2023,PED-2023-01569,San Cayetano,SC-01,Eureka,Al Salam Trading,Exportación,Emiratos Árabes,Trader Golfo,Limón Eureka,5,Segunda,9585.0,532.0,0.3295,3157.99,338.87,1070148.07,0.2193,USD,Cobrado,Cumplido
2023-09-27,2023,PED-2023-01575,San Cayetano,SC-03,Génova,Al Salam Trading,Exportación,Emiratos Árabes,Exportación Directa,Limón Génova,6,Primera,8386.0,466.0,0.3221,2700.9,336.23,908123.61,0.2903,USD,Pendiente,Cumplido
2023-09-27,2023,PED-2023-01527,El Paraíso,EP-01,Eureka,Citrus World Ltd,Exportación,Reino Unido,Programa Retail UE,Limón Eureka,7,Segunda,10606.0,589.0,0.3187,3379.95,341.0,1152562.95,0.1789,USD,Cobrado,Cumplido
2023-09-27,2023,PED-2023-01530,El Paraíso,EP-02,Eureka,Citrus World Ltd,Exportación,Reino Unido,Exportación Directa,Limón Eureka,5,Extra,14298.0,794.0,0.4074,5824.87,328.88,1915683.25,0.2428,USD,Cobrado,Cumplido
2023-09-27,2023,PED-2023-01551,Los Álamos,LA-01,Eureka,Citrus World Ltd,Exportación,Reino Unido,Trader Golfo,Limón Eureka,3,Segunda,12285.0,682.0,0.3599,4421.87,336.25,1486853.79,0.2092,USD,Pendiente,Cumplido
2023-09-27,2023,PED-2023-01560,Río Ancho,RA-01,Eureka,Citrus World Ltd,Exportación,Reino Unido,Programa Retail UE,Limón Eureka,5,Primera,19495.0,1083.0,0.364,7097.13,349.32,2479169.45,0.305,USD,Cobrado,Cumplido
2023-09-27,2023,PED-2023-01563,Río Ancho,RA-02,Lisbon,Citrus World Ltd,Exportación,Reino Unido,Programa Retail UE,Limón Lisbon,4,Primera,11664.0,648.0,0.3944,4599.84,343.24,1578849.08,0.2858,USD,Cobrado,Cumplido
2023-09-27,2023,PED-2023-01572,San Cayetano,SC-02,Lisbon,Citrus World Ltd,Exportación,Reino Unido,Trader Golfo,Limón Lisbon,6,Primera,11559.0,642.0,0.3495,4040.17,334.01,1349457.18,0.3076,USD,Vencido,Cumplido
2023-09-27,2023,PED-2023-01545,La Esperanza,LE-03,Lisbon,Fischer Import GmbH,Exportación,Alemania,Trader Golfo,Limón Lisbon,5,Segunda,9838.0,547.0,0.3688,3628.4,333.23,1209091.73,0.2021,USD,Cobrado,Cumplido
2023-09-27,2023,PED-2023-01533,El Paraíso,EP-03,Lisbon,Medifresh SA,Exportación,España,Exportación Directa,Limón Lisbon,5,Segunda,6874.0,382.0,0.3373,2318.87,345.59,801378.28,0.2306,USD,Cobrado,Cumplido
2023-09-27,2023,PED-2023-01536,El Paraíso,EP-04,Génova,Medifresh SA,Exportación,España,Trader Golfo,Limón Génova,6,Primera,6308.0,350.0,0.3424,2160.04,344.42,743960.98,0.2131,USD,Pendiente,Cumplido
2023-09-27,2023,PED-2023-01554,Los Álamos,LA-02,Lisbon,Medifresh SA,Exportación,España,Trader Golfo,Limón Lisbon,5,Primera,8656.0,481.0,0.3649,3158.66,332.71,1050917.77,0.2256,USD,Pendiente,Cumplido
2023-09-27,2023,PED-2023-01557,Los Álamos,LA-03,Génova,Medifresh SA,Exportación,España,Programa Retail UE,Limón Génova,7,Primera,5336.0,296.0,0.3317,1769.88,348.6,616980.17,0.3002,USD,Pendiente,Cumplido
2023-09-27,2023,PED-2023-01532,El Paraíso,EP-02,Eureka,Citromax SA,Industria,Tucumán,Mercado Industrial,Limón Industria,5,Extra,3776.0,210.0,0.0782,295.36,328.88,97138.0,0.071,ARS,Pendiente,Cumplido
2023-09-27,2023,PED-2023-01547,La Esperanza,LE-03,Lisbon,Citromax SA,Industria,Tucumán,Contrato Industria,Limón Industria,5,Segunda,4254.0,236.0,0.0701,298.15,333.23,99352.52,0.0626,ARS,Cobrado,Cumplido
2023-09-27,2023,PED-2023-01553,Los Álamos,LA-01,Eureka,Citromax SA,Industria,Tucumán,Mercado Industrial,Limón Industria,3,Segunda,3846.0,214.0,0.0729,280.19,336.25,94213.89,0.0728,ARS,Cobrado,Cumplido
2023-09-27,2023,PED-2023-01556,Los Álamos,LA-02,Lisbon,Citromax SA,Industria,Tucumán,Mercado Industrial,Limón Industria,5,Primera,2767.0,154.0,0.076,210.38,332.71,69995.53,0.0594,ARS,Vencido,Cumplido
2023-09-27,2023,PED-2023-01571,San Cayetano,SC-01,Eureka,Citromax SA,Industria,Tucumán,Mercado Industrial,Limón Industria,5,Segunda,3463.0,192.0,0.0742,256.85,338.87,87038.76,0.0479,ARS,Cobrado,Cumplido
2023-09-27,2023,PED-2023-01574,San Cayetano,SC-02,Lisbon,Citromax SA,Industria,Tucumán,Contrato Industria,Limón Industria,6,Primera,4083.0,227.0,0.0736,300.34,334.01,100316.56,0.0626,ARS,Pendiente,Cumplido
2023-09-27,2023,PED-2023-01529,El Paraíso,EP-01,Eureka,Frutales Tucumán SRL,Industria,Tucumán,Contrato Industria,Limón Industria,7,Segunda,2920.0,162.0,0.0599,174.86,341.0,59627.26,0.0767,ARS,Cobrado,Parcial
2023-09-27,2023,PED-2023-01535,El Paraíso,EP-03,Lisbon,Frutales Tucumán SRL,Industria,Tucumán,Mercado Industrial,Limón Industria,5,Segunda,2248.0,125.0,0.0627,141.05,345.59,48745.47,0.0697,ARS,Pendiente,Cumplido
2023-09-27,2023,PED-2023-01538,El Paraíso,EP-04,Génova,Frutales Tucumán SRL,Industria,Tucumán,Mercado Industrial,Limón Industria,6,Primera,2293.0,127.0,0.0675,154.87,344.42,53340.33,0.0815,ARS,Cobrado,Cumplido
2023-09-27,2023,PED-2023-01541,La Esperanza,LE-01,Eureka,Frutales Tucumán SRL,Industria,Tucumán,Contrato Industria,Limón Industria,5,Extra,3248.0,180.0,0.072,233.91,344.2,80511.82,0.0752,ARS,Cobrado,Cumplido
2023-09-27,2023,PED-2023-01544,La Esperanza,LE-02,Eureka,Frutales Tucumán SRL,Industria,Tucumán,Mercado Industrial,Limón Industria,6,Extra,4462.0,248.0,0.0697,310.79,342.9,106569.89,0.0443,ARS,Cobrado,Cumplido
2023-09-27,2023,PED-2023-01550,La Esperanza,LE-04,Génova,Frutales Tucumán SRL,Industria,Tucumán,Mercado Industrial,Limón Industria,6,Primera,2980.0,166.0,0.0623,185.6,345.16,64061.7,0.0399,ARS,Vencido,Cumplido
2023-09-27,2023,PED-2023-01559,Los Álamos,LA-03,Génova,Frutales Tucumán SRL,Industria,Tucumán,Contrato Industria,Limón Industria,7,Primera,2762.0,153.0,0.0648,179.02,348.6,62406.37,0.0627,ARS,Pendiente,Cumplido
2023-09-27,2023,PED-2023-01562,Río Ancho,RA-01,Eureka,Frutales Tucumán SRL,Industria,Tucumán,Contrato Industria,Limón Industria,5,Primera,5708.0,317.0,0.0675,385.01,349.32,134491.69,0.0697,ARS,Cobrado,Cumplido
2023-09-27,2023,PED-2023-01565,Río Ancho,RA-02,Lisbon,Frutales Tucumán SRL,Industria,Tucumán,Contrato Industria,Limón Industria,4,Primera,4778.0,265.0,0.0705,336.77,343.24,115592.93,0.061,ARS,Cobrado,Cumplido
2023-09-27,2023,PED-2023-01568,Río Ancho,RA-03,Génova,Frutales Tucumán SRL,Industria,Tucumán,Mercado Industrial,Limón Industria,7,Segunda,3548.0,197.0,0.0605,214.72,334.48,71819.55,0.0676,ARS,Cobrado,Cumplido
2023-09-27,2023,PED-2023-01577,San Cayetano,SC-03,Génova,Frutales Tucumán SRL,Industria,Tucumán,Contrato Industria,Limón Industria,6,Primera,3774.0,210.0,0.0646,243.76,336.23,81959.42,0.0783,ARS,Cobrado,Cumplido
2023-09-27,2023,PED-2023-01564,Río Ancho,RA-02,Lisbon,Central de Frutas SA,Mercado Interno,Buenos Aires,Retail Nacional,Limón Lisbon,4,Primera,3894.0,216.0,0.2381,927.33,343.24,318296.75,0.1859,ARS,Cobrado,Cumplido
2023-09-27,2023,PED-2023-01573,San Cayetano,SC-02,Lisbon,Central de Frutas SA,Mercado Interno,Buenos Aires,Mercado Central,Limón Lisbon,6,Primera,3883.0,216.0,0.235,912.53,334.01,304794.15,0.1148,ARS,Cobrado,Cumplido
2023-09-27,2023,PED-2023-01528,El Paraíso,EP-01,Eureka,Frutales del Norte SRL,Mercado Interno,Salta,Mercado Central,Limón Eureka,7,Segunda,5020.0,279.0,0.1844,925.45,341.0,315578.45,0.1302,ARS,Cobrado,Cumplido
2023-09-27,2023,PED-2023-01549,La Esperanza,LE-04,Génova,Frutales del Norte SRL,Mercado Interno,Salta,Distribuidor Regional,Limón Génova,6,Primera,3591.0,200.0,0.1964,705.36,345.16,243462.06,0.2087,ARS,Cobrado,Cumplido
2023-09-27,2023,PED-2023-01558,Los Álamos,LA-03,Génova,Frutales del Norte SRL,Mercado Interno,Salta,Distribuidor Regional,Limón Génova,7,Primera,2014.0,112.0,0.1794,361.35,348.6,125966.61,0.1278,ARS,Pendiente,Cumplido
2023-09-27,2023,PED-2023-01570,San Cayetano,SC-01,Eureka,Frutales del Norte SRL,Mercado Interno,Salta,Distribuidor Regional,Limón Eureka,5,Segunda,5824.0,324.0,0.2015,1173.34,338.87,397609.73,0.1504,ARS,Cobrado,Cumplido
2023-09-27,2023,PED-2023-01531,El Paraíso,EP-02,Eureka,La Morenita SA,Mercado Interno,Tucumán,Mercado Central,Limón Eureka,5,Extra,3389.0,188.0,0.2269,768.81,328.88,252846.23,0.1425,ARS,Pendiente,Cumplido
2023-09-27,2023,PED-2023-01540,La Esperanza,LE-01,Eureka,La Morenita SA,Mercado Interno,Tucumán,Retail Nacional,Limón Eureka,5,Extra,3523.0,196.0,0.2415,850.74,344.2,292824.71,0.1255,ARS,Cobrado,Parcial
2023-09-27,2023,PED-2023-01543,La Esperanza,LE-02,Eureka,La Morenita SA,Mercado Interno,Tucumán,Mercado Central,Limón Eureka,6,Extra,6160.0,342.0,0.2132,1313.12,342.9,450268.85,0.1661,ARS,Cobrado,Cumplido
2023-09-27,2023,PED-2023-01552,Los Álamos,LA-01,Eureka,La Morenita SA,Mercado Interno,Tucumán,Retail Nacional,Limón Eureka,3,Segunda,5508.0,306.0,0.2125,1170.41,336.25,393550.36,0.1276,ARS,Cobrado,Cumplido
2023-09-27,2023,PED-2023-01555,Los Álamos,LA-02,Lisbon,La Morenita SA,Mercado Interno,Tucumán,Retail Nacional,Limón Lisbon,5,Primera,3776.0,210.0,0.2144,809.76,332.71,269415.25,0.198,ARS,Vencido,Cumplido
2023-09-27,2023,PED-2023-01534,El Paraíso,EP-03,Lisbon,Supermercados Norte SA,Mercado Interno,Tucumán,Retail Nacional,Limón Lisbon,5,Segunda,3675.0,204.0,0.2069,760.41,345.59,262790.09,0.1786,ARS,Cobrado,Parcial
2023-09-27,2023,PED-2023-01537,El Paraíso,EP-04,Génova,Supermercados Norte SA,Mercado Interno,Tucumán,Distribuidor Regional,Limón Génova,6,Primera,2391.0,133.0,0.2107,503.79,344.42,173515.35,0.1193,ARS,Cobrado,Cumplido
2023-09-27,2023,PED-2023-01546,La Esperanza,LE-03,Lisbon,Supermercados Norte SA,Mercado Interno,Tucumán,Retail Nacional,Limón Lisbon,5,Segunda,5076.0,282.0,0.1941,985.05,333.23,328248.21,0.1062,ARS,Cobrado,Cumplido
2023-09-27,2023,PED-2023-01561,Río Ancho,RA-01,Eureka,Supermercados Norte SA,Mercado Interno,Tucumán,Retail Nacional,Limón Eureka,5,Primera,7646.0,425.0,0.2178,1665.44,349.32,581771.5,0.1416,ARS,Pendiente,Cumplido
2023-09-27,2023,PED-2023-01567,Río Ancho,RA-03,Génova,Supermercados Norte SA,Mercado Interno,Tucumán,Mercado Central,Limón Génova,7,Segunda,4280.0,238.0,0.1812,775.47,334.48,259379.21,0.162,ARS,Vencido,Cumplido
2023-09-27,2023,PED-2023-01576,San Cayetano,SC-03,Génova,Supermercados Norte SA,Mercado Interno,Tucumán,Retail Nacional,Limón Génova,6,Primera,3207.0,178.0,0.2004,642.63,336.23,216071.48,0.1143,ARS,Cobrado,Cumplido
2023-10-04,2023,PED-2023-01580,El Paraíso,EP-02,Eureka,Al Salam Trading,Exportación,Emiratos Árabes,Trader Golfo,Limón Eureka,4,Primera,6076.0,338.0,0.3575,2172.21,352.04,764704.81,0.208,USD,Cobrado,Cumplido
2023-10-04,2023,PED-2023-01583,El Paraíso,EP-03,Lisbon,Al Salam Trading,Exportación,Emiratos Árabes,Programa Retail UE,Limón Lisbon,6,Extra,3097.0,172.0,0.3259,1009.23,334.49,337577.34,0.2217,USD,Pendiente,Cumplido
2023-10-04,2023,PED-2023-01591,La Esperanza,LE-03,Lisbon,Al Salam Trading,Exportación,Emiratos Árabes,Trader Golfo,Limón Lisbon,5,Primera,5401.0,300.0,0.3268,1764.84,337.39,595439.37,0.1983,USD,Cobrado,Cumplido
2023-10-04,2023,PED-2023-01597,Los Álamos,LA-01,Eureka,Al Salam Trading,Exportación,Emiratos Árabes,Exportación Directa,Limón Eureka,4,Segunda,4463.0,248.0,0.3131,1397.57,344.29,481169.38,0.2294,USD,Pendiente,Parcial
2023-10-04,2023,PED-2023-01601,Los Álamos,LA-03,Génova,Al Salam Trading,Exportación,Emiratos Árabes,Programa Retail UE,Limón Génova,3,Primera,3127.0,174.0,0.3386,1058.79,338.75,358665.11,0.2186,USD,Cobrado,Cumplido
2023-10-04,2023,PED-2023-01584,El Paraíso,EP-04,Génova,Citrus World Ltd,Exportación,Reino Unido,Programa Retail UE,Limón Génova,4,Segunda,2314.0,129.0,0.3764,871.03,343.09,298841.68,0.2285,USD,Cobrado,Cumplido
2023-10-04,2023,PED-2023-01588,La Esperanza,LE-02,Eureka,Citrus World Ltd,Exportación,Reino Unido,Exportación Directa,Limón Eureka,5,Segunda,5081.0,282.0,0.3505,1781.06,348.73,621109.05,0.2605,USD,Pendiente,Cumplido
2023-10-04,2023,PED-2023-01594,La Esperanza,LE-04,Génova,Citrus World Ltd,Exportación,Reino Unido,Programa Retail UE,Limón Génova,3,Segunda,3566.0,198.0,0.3474,1238.68,322.23,399139.86,0.181,USD,Vencido,Parcial
2023-10-04,2023,PED-2023-01599,Los Álamos,LA-02,Lisbon,Citrus World Ltd,Exportación,Reino Unido,Exportación Directa,Limón Lisbon,5,Primera,4026.0,224.0,0.3777,1520.81,337.08,512634.63,0.2244,USD,Cobrado,Parcial
2023-10-04,2023,PED-2023-01578,El Paraíso,EP-01,Eureka,Fischer Import GmbH,Exportación,Alemania,Trader Golfo,Limón Eureka,6,Primera,4581.0,254.0,0.3626,1661.18,338.32,562010.42,0.2615,USD,Cobrado,Cumplido
2023-10-04,2023,PED-2023-01605,Río Ancho,RA-02,Lisbon,Fischer Import GmbH,Exportación,Alemania,Programa Retail UE,Limón Lisbon,5,Segunda,4528.0,252.0,0.3496,1582.78,352.71,558262.33,0.1723,USD,Cobrado,Parcial
2023-10-04,2023,PED-2023-01610,San Cayetano,SC-01,Eureka,Fischer Import GmbH,Exportación,Alemania,Programa Retail UE,Limón Eureka,5,Primera,5762.0,320.0,0.3841,2213.31,338.0,748098.78,0.2286,USD,Vencido,Cumplido
2023-10-04,2023,PED-2023-01613,San Cayetano,SC-02,Lisbon,Fischer Import GmbH,Exportación,Alemania,Exportación Directa,Limón Lisbon,4,Segunda,3871.0,215.0,0.3803,1471.99,338.49,498253.9,0.1598,USD,Cobrado,Cumplido
2023-10-04,2023,PED-2023-01585,La Esperanza,LE-01,Eureka,Medifresh SA,Exportación,España,Programa Retail UE,Limón Eureka,6,Extra,5752.0,320.0,0.3555,2044.82,340.77,696813.31,0.2619,USD,Pendiente,Cumplido
2023-10-04,2023,PED-2023-01602,Río Ancho,RA-01,Eureka,Medifresh SA,Exportación,España,Trader Golfo,Limón Eureka,6,Segunda,7601.0,422.0,0.3164,2405.04,343.41,825914.79,0.2463,USD,Cobrado,Cumplido
2023-10-04,2023,PED-2023-01608,Río Ancho,RA-03,Génova,Medifresh SA,Exportación,España,Exportación Directa,Limón Génova,7,Primera,2999.0,167.0,0.3173,951.67,341.18,324690.77,0.2441,USD,Vencido,Cumplido
2023-10-04,2023,PED-2023-01615,San Cayetano,SC-03,Génova,Medifresh SA,Exportación,España,Trader Golfo,Limón Génova,5,Segunda,3126.0,174.0,0.3325,1039.32,342.33,355790.42,0.2202,USD,Cobrado,Cumplido
2023-10-04,2023,PED-2023-01590,La Esperanza,LE-02,Eureka,Citromax SA,Industria,Tucumán,Mercado Industrial,Limón Industria,5,Segunda,1932.0,107.0,0.0674,130.19,348.73,45401.16,0.0807,ARS,Pendiente,Cumplido
2023-10-04,2023,PED-2023-01593,La Esperanza,LE-03,Lisbon,Citromax SA,Industria,Tucumán,Mercado Industrial,Limón Industria,5,Primera,2075.0,115.0,0.0766,158.87,337.39,53601.15,0.0823,ARS,Cobrado,Cumplido
2023-10-04,2023,PED-2023-01596,La Esperanza,LE-04,Génova,Citromax SA,Industria,Tucumán,Mercado Industrial,Limón Industria,3,Segunda,1660.0,92.0,0.0736,122.19,322.23,39373.28,0.0438,ARS,Cobrado,Cumplido
2023-10-04,2023,PED-2023-01600,Los Álamos,LA-02,Lisbon,Citromax SA,Industria,Tucumán,Contrato Industria,Limón Industria,5,Primera,1549.0,86.0,0.0725,112.34,337.08,37867.57,0.0858,ARS,Pendiente,Cumplido
2023-10-04,2023,PED-2023-01609,Río Ancho,RA-03,Génova,Citromax SA,Industria,Tucumán,Mercado Industrial,Limón Industria,7,Primera,1823.0,101.0,0.0705,128.45,341.18,43824.57,0.0856,ARS,Cobrado,Cumplido
2023-10-04,2023,PED-2023-01582,El Paraíso,EP-02,Eureka,Frutales Tucumán SRL,Industria,Tucumán,Mercado Industrial,Limón Industria,4,Primera,1934.0,107.0,0.068,131.44,352.04,46272.14,0.0508,ARS,Cobrado,Cumplido
2023-10-04,2023,PED-2023-01587,La Esperanza,LE-01,Eureka,Frutales Tucumán SRL,Industria,Tucumán,Mercado Industrial,Limón Industria,6,Extra,1754.0,97.0,0.0672,117.82,340.77,40149.52,0.0594,ARS,Cobrado,Cumplido
2023-10-04,2023,PED-2023-01604,Río Ancho,RA-01,Eureka,Frutales Tucumán SRL,Industria,Tucumán,Mercado Industrial,Limón Industria,6,Segunda,3128.0,174.0,0.0607,189.92,343.41,65220.43,0.071,ARS,Pendiente,Cumplido
2023-10-04,2023,PED-2023-01607,Río Ancho,RA-02,Lisbon,Frutales Tucumán SRL,Industria,Tucumán,Contrato Industria,Limón Industria,5,Segunda,2584.0,144.0,0.0654,169.01,352.71,59611.52,0.0664,ARS,Pendiente,Cumplido
2023-10-04,2023,PED-2023-01612,San Cayetano,SC-01,Eureka,Frutales Tucumán SRL,Industria,Tucumán,Mercado Industrial,Limón Industria,5,Primera,1932.0,107.0,0.0633,122.33,338.0,41347.54,0.0329,ARS,Pendiente,Cumplido
2023-10-04,2023,PED-2023-01616,San Cayetano,SC-03,Génova,Frutales Tucumán SRL,Industria,Tucumán,Mercado Industrial,Limón Industria,5,Segunda,1841.0,102.0,0.0642,118.28,342.33,40490.79,0.0845,ARS,Pendiente,Cumplido
2023-10-04,2023,PED-2023-01595,La Esperanza,LE-04,Génova,Central de Frutas SA,Mercado Interno,Buenos Aires,Retail Nacional,Limón Génova,3,Segunda,1504.0,84.0,0.2339,351.74,322.23,113341.18,0.1126,ARS,Cobrado,Cumplido
2023-10-04,2023,PED-2023-01611,San Cayetano,SC-01,Eureka,Frutales del Norte SRL,Mercado Interno,Salta,Mercado Central,Limón Eureka,5,Primera,2438.0,135.0,0.2056,501.34,338.0,169452.92,0.1836,ARS,Cobrado,Cumplido
2023-10-04,2023,PED-2023-01614,San Cayetano,SC-02,Lisbon,Frutales del Norte SRL,Mercado Interno,Salta,Mercado Central,Limón Lisbon,4,Segunda,1514.0,84.0,0.1945,294.44,338.49,99665.0,0.1839,ARS,Cobrado,Cumplido
2023-10-04,2023,PED-2023-01581,El Paraíso,EP-02,Eureka,La Morenita SA,Mercado Interno,Tucumán,Distribuidor Regional,Limón Eureka,4,Primera,1924.0,107.0,0.2265,435.8,352.04,153419.03,0.2099,ARS,Vencido,Parcial
2023-10-04,2023,PED-2023-01586,La Esperanza,LE-01,Eureka,La Morenita SA,Mercado Interno,Tucumán,Mercado Central,Limón Eureka,6,Extra,1609.0,89.0,0.2211,355.74,340.77,121225.52,0.1452,ARS,Pendiente,Cumplido
2023-10-04,2023,PED-2023-01589,La Esperanza,LE-02,Eureka,La Morenita SA,Mercado Interno,Tucumán,Distribuidor Regional,Limón Eureka,5,Segunda,2951.0,164.0,0.2023,597.03,348.73,208202.27,0.1803,ARS,Cobrado,Cumplido
2023-10-04,2023,PED-2023-01598,Los Álamos,LA-01,Eureka,La Morenita SA,Mercado Interno,Tucumán,Distribuidor Regional,Limón Eureka,4,Segunda,1641.0,91.0,0.2229,365.86,344.29,125961.94,0.1729,ARS,Pendiente,Cumplido
2023-10-04,2023,PED-2023-01603,Río Ancho,RA-01,Eureka,La Morenita SA,Mercado Interno,Tucumán,Mercado Central,Limón Eureka,6,Segunda,3820.0,212.0,0.2037,778.3,343.41,267276.0,0.1155,ARS,Cobrado,Cumplido
2023-10-04,2023,PED-2023-01579,El Paraíso,EP-01,Eureka,Supermercados Norte SA,Mercado Interno,Tucumán,Distribuidor Regional,Limón Eureka,6,Primera,1766.0,98.0,0.2074,366.35,338.32,123943.53,0.1503,ARS,Cobrado,Cumplido
2023-10-04,2023,PED-2023-01592,La Esperanza,LE-03,Lisbon,Supermercados Norte SA,Mercado Interno,Tucumán,Distribuidor Regional,Limón Lisbon,5,Primera,1546.0,86.0,0.1977,305.65,337.39,103123.25,0.1121,ARS,Cobrado,Cumplido
2023-10-04,2023,PED-2023-01606,Río Ancho,RA-02,Lisbon,Supermercados Norte SA,Mercado Interno,Tucumán,Mercado Central,Limón Lisbon,5,Segunda,2651.0,147.0,0.2023,536.17,352.71,189112.52,0.1056,ARS,Pendiente,Cumplido
2023-10-11,2023,PED-2023-01624,La Esperanza,LE-01,Eureka,Al Salam Trading,Exportación,Emiratos Árabes,Exportación Directa,Limón Eureka,6,Segunda,5949.0,330.0,0.2946,1752.4,341.76,598900.22,0.2373,USD,Pendiente,Cumplido
2023-10-11,2023,PED-2023-01637,Los Álamos,LA-03,Génova,Al Salam Trading,Exportación,Emiratos Árabes,Programa Retail UE,Limón Génova,4,Extra,2362.0,131.0,0.3561,841.13,346.15,291157.15,0.2021,USD,Cobrado,Cumplido
2023-10-11,2023,PED-2023-01649,San Cayetano,SC-02,Lisbon,Al Salam Trading,Exportación,Emiratos Árabes,Programa Retail UE,Limón Lisbon,6,Primera,4174.0,232.0,0.3163,1320.24,346.03,456842.65,0.2095,USD,Cobrado,Cumplido
2023-10-11,2023,PED-2023-01617,El Paraíso,EP-01,Eureka,Citrus World Ltd,Exportación,Reino Unido,Exportación Directa,Limón Eureka,4,Primera,4013.0,223.0,0.3954,1586.87,349.95,555325.16,0.1944,USD,Pendiente,Cumplido
2023-10-11,2023,PED-2023-01623,El Paraíso,EP-04,Génova,Citrus World Ltd,Exportación,Reino Unido,Trader Golfo,Limón Génova,4,Primera,2378.0,132.0,0.3978,945.88,349.62,330698.57,0.2643,USD,Cobrado,Cumplido
2023-10-11,2023,PED-2023-01632,La Esperanza,LE-04,Génova,Citrus World Ltd,Exportación,Reino Unido,Programa Retail UE,Limón Génova,5,Extra,3647.0,203.0,0.3849,1403.68,348.08,488592.93,0.3215,USD,Pendiente,Cumplido
2023-10-11,2023,PED-2023-01633,Los Álamos,LA-01,Eureka,Citrus World Ltd,Exportación,Reino Unido,Exportación Directa,Limón Eureka,6,Primera,4941.0,274.0,0.3651,1804.05,348.38,628494.94,0.2693,USD,Pendiente,Cumplido
2023-10-11,2023,PED-2023-01646,San Cayetano,SC-01,Eureka,Citrus World Ltd,Exportación,Reino Unido,Programa Retail UE,Limón Eureka,5,Primera,5721.0,318.0,0.3696,2114.27,346.03,731600.85,0.2292,USD,Cobrado,Cumplido
2023-10-11,2023,PED-2023-01652,San Cayetano,SC-03,Génova,Citrus World Ltd,Exportación,Reino Unido,Exportación Directa,Limón Génova,7,Primera,3512.0,195.0,0.3448,1210.94,351.56,425718.07,0.213,USD,Pendiente,Cumplido
2023-10-11,2023,PED-2023-01627,La Esperanza,LE-02,Eureka,Fischer Import GmbH,Exportación,Alemania,Trader Golfo,Limón Eureka,4,Extra,5581.0,310.0,0.4221,2355.85,325.36,766499.36,0.3122,USD,Pendiente,Cumplido
2023-10-11,2023,PED-2023-01638,Río Ancho,RA-01,Eureka,Fischer Import GmbH,Exportación,Alemania,Programa Retail UE,Limón Eureka,5,Primera,8888.0,494.0,0.3961,3520.52,346.29,1219120.87,0.289,USD,Pendiente,Cumplido
2023-10-11,2023,PED-2023-01641,Río Ancho,RA-02,Lisbon,Fischer Import GmbH,Exportación,Alemania,Trader Golfo,Limón Lisbon,3,Primera,6575.0,365.0,0.4284,2816.44,340.91,960152.56,0.2768,USD,Cobrado,Parcial
2023-10-11,2023,PED-2023-01619,El Paraíso,EP-02,Eureka,Medifresh SA,Exportación,España,Exportación Directa,Limón Eureka,3,Primera,6089.0,338.0,0.3761,2290.14,339.55,777617.04,0.2355,USD,Pendiente,Cumplido
2023-10-11,2023,PED-2023-01622,El Paraíso,EP-03,Lisbon,Medifresh SA,Exportación,España,Programa Retail UE,Limón Lisbon,5,Extra,3773.0,210.0,0.3544,1337.28,347.92,465266.46,0.2666,USD,Pendiente,Cumplido
2023-10-11,2023,PED-2023-01630,La Esperanza,LE-03,Lisbon,Medifresh SA,Exportación,España,Trader Golfo,Limón Lisbon,7,Segunda,3293.0,183.0,0.2906,957.04,340.12,325508.44,0.1589,USD,Vencido,Cumplido
2023-10-11,2023,PED-2023-01636,Los Álamos,LA-02,Lisbon,Medifresh SA,Exportación,España,Exportación Directa,Limón Lisbon,3,Segunda,2704.0,150.0,0.3367,910.47,352.39,320840.52,0.1687,USD,Cobrado,Cumplido
2023-10-11,2023,PED-2023-01644,Río Ancho,RA-03,Génova,Medifresh SA,Exportación,España,Programa Retail UE,Limón Génova,6,Primera,3410.0,189.0,0.3456,1178.53,346.47,408325.29,0.1845,USD,Pendiente,Cumplido
2023-10-11,2023,PED-2023-01626,La Esperanza,LE-01,Eureka,Citromax SA,Industria,Tucumán,Contrato Industria,Limón Industria,6,Segunda,2129.0,118.0,0.0654,139.33,341.76,47617.42,0.0344,ARS,Cobrado,Cumplido
2023-10-11,2023,PED-2023-01635,Los Álamos,LA-01,Eureka,Citromax SA,Industria,Tucumán,Contrato Industria,Limón Industria,6,Primera,1897.0,105.0,0.0691,131.15,348.38,45690.04,0.0337,ARS,Vencido,Cumplido
2023-10-11,2023,PED-2023-01640,Río Ancho,RA-01,Eureka,Citromax SA,Industria,Tucumán,Contrato Industria,Limón Industria,5,Primera,2667.0,148.0,0.0699,186.35,346.29,64531.14,0.0813,ARS,Pendiente,Cumplido
2023-10-11,2023,PED-2023-01648,San Cayetano,SC-01,Eureka,Citromax SA,Industria,Tucumán,Mercado Industrial,Limón Industria,5,Primera,1640.0,91.0,0.0745,122.24,346.03,42298.71,0.0702,ARS,Cobrado,Parcial
2023-10-11,2023,PED-2023-01621,El Paraíso,EP-02,Eureka,Frutales Tucumán SRL,Industria,Tucumán,Contrato Industria,Limón Industria,3,Primera,1790.0,99.0,0.0728,130.31,339.55,44246.76,0.0406,ARS,Pendiente,Cumplido
2023-10-11,2023,PED-2023-01629,La Esperanza,LE-02,Eureka,Frutales Tucumán SRL,Industria,Tucumán,Contrato Industria,Limón Industria,4,Extra,1865.0,104.0,0.072,134.21,325.36,43666.57,0.0502,ARS,Vencido,Cumplido
2023-10-11,2023,PED-2023-01643,Río Ancho,RA-02,Lisbon,Frutales Tucumán SRL,Industria,Tucumán,Contrato Industria,Limón Industria,3,Primera,2714.0,151.0,0.0686,186.21,340.91,63480.85,0.0526,ARS,Cobrado,Cumplido
2023-10-11,2023,PED-2023-01645,Río Ancho,RA-03,Génova,Frutales Tucumán SRL,Industria,Tucumán,Mercado Industrial,Limón Industria,6,Primera,1906.0,106.0,0.0624,118.89,346.47,41191.82,0.0568,ARS,Vencido,Cumplido
2023-10-11,2023,PED-2023-01651,San Cayetano,SC-02,Lisbon,Frutales Tucumán SRL,Industria,Tucumán,Mercado Industrial,Limón Industria,6,Primera,1794.0,100.0,0.0644,115.45,346.03,39949.16,0.0624,ARS,Pendiente,Cumplido
2023-10-11,2023,PED-2023-01654,San Cayetano,SC-03,Génova,Frutales Tucumán SRL,Industria,Tucumán,Contrato Industria,Limón Industria,7,Primera,1959.0,109.0,0.0631,123.63,351.56,43463.36,0.0722,ARS,Pendiente,Parcial
2023-10-11,2023,PED-2023-01618,El Paraíso,EP-01,Eureka,Central de Frutas SA,Mercado Interno,Buenos Aires,Distribuidor Regional,Limón Eureka,4,Primera,1687.0,94.0,0.2252,379.84,349.95,132925.01,0.1908,ARS,Cobrado,Cumplido
2023-10-11,2023,PED-2023-01647,San Cayetano,SC-01,Eureka,Central de Frutas SA,Mercado Interno,Buenos Aires,Distribuidor Regional,Limón Eureka,5,Primera,2401.0,133.0,0.2379,571.1,346.03,197617.73,0.1397,ARS,Cobrado,Parcial
2023-10-11,2023,PED-2023-01625,La Esperanza,LE-01,Eureka,Frutales del Norte SRL,Mercado Interno,Salta,Mercado Central,Limón Eureka,6,Segunda,2776.0,154.0,0.1774,492.57,341.76,168340.72,0.1294,ARS,Cobrado,Cumplido
2023-10-11,2023,PED-2023-01628,La Esperanza,LE-02,Eureka,Frutales del Norte SRL,Mercado Interno,Salta,Distribuidor Regional,Limón Eureka,4,Extra,1604.0,89.0,0.2136,342.67,325.36,111491.11,0.1223,ARS,Cobrado,Cumplido
2023-10-11,2023,PED-2023-01653,San Cayetano,SC-03,Génova,Frutales del Norte SRL,Mercado Interno,Salta,Mercado Central,Limón Génova,7,Primera,1676.0,93.0,0.1857,311.2,351.56,109405.47,0.1623,ARS,Cobrado,Cumplido
2023-10-11,2023,PED-2023-01631,La Esperanza,LE-03,Lisbon,La Morenita SA,Mercado Interno,Tucumán,Retail Nacional,Limón Lisbon,7,Segunda,2212.0,123.0,0.1892,418.42,340.12,142313.01,0.168,ARS,Cobrado,Cumplido
2023-10-11,2023,PED-2023-01634,Los Álamos,LA-01,Eureka,La Morenita SA,Mercado Interno,Tucumán,Distribuidor Regional,Limón Eureka,6,Primera,1832.0,102.0,0.2073,379.76,348.38,132300.79,0.1685,ARS,Cobrado,Cumplido
2023-10-11,2023,PED-2023-01620,El Paraíso,EP-02,Eureka,Supermercados Norte SA,Mercado Interno,Tucumán,Mercado Central,Limón Eureka,3,Primera,2062.0,115.0,0.2205,454.66,339.55,154379.8,0.1606,ARS,Pendiente,Cumplido
2023-10-11,2023,PED-2023-01639,Río Ancho,RA-01,Eureka,Supermercados Norte SA,Mercado Interno,Tucumán,Retail Nacional,Limón Eureka,5,Primera,3204.0,178.0,0.2002,641.47,346.29,222134.65,0.1692,ARS,Cobrado,Cumplido
2023-10-11,2023,PED-2023-01642,Río Ancho,RA-02,Lisbon,Supermercados Norte SA,Mercado Interno,Tucumán,Distribuidor Regional,Limón Lisbon,3,Primera,1699.0,94.0,0.2247,381.7,340.91,130125.35,0.1906,ARS,Cobrado,Cumplido
2023-10-11,2023,PED-2023-01650,San Cayetano,SC-02,Lisbon,Supermercados Norte SA,Mercado Interno,Tucumán,Distribuidor Regional,Limón Lisbon,6,Primera,1636.0,91.0,0.201,328.83,346.03,113785.04,0.1912,ARS,Cobrado,Parcial
2023-10-18,2023,PED-2023-01661,El Paraíso,EP-04,Génova,Al Salam Trading,Exportación,Emiratos Árabes,Programa Retail UE,Limón Génova,5,Primera,2519.0,140.0,0.3415,860.12,349.89,300947.39,0.2745,USD,Cobrado,Pendiente
2023-10-18,2023,PED-2023-01668,La Esperanza,LE-03,Lisbon,Al Salam Trading,Exportación,Emiratos Árabes,Trader Golfo,Limón Lisbon,5,Segunda,4623.0,257.0,0.3174,1467.2,347.92,510468.22,0.2794,USD,Pendiente,Pendiente
2023-10-18,2023,PED-2023-01671,La Esperanza,LE-04,Génova,Al Salam Trading,Exportación,Emiratos Árabes,Exportación Directa,Limón Génova,4,Primera,4083.0,227.0,0.3486,1423.31,345.9,492322.93,0.266,USD,Cobrado,Parcial
2023-10-18,2023,PED-2023-01673,Los Álamos,LA-01,Eureka,Al Salam Trading,Exportación,Emiratos Árabes,Exportación Directa,Limón Eureka,7,Segunda,4033.0,224.0,0.2953,1190.94,352.96,420354.18,0.2436,USD,Vencido,Cumplido
2023-10-18,2023,PED-2023-01693,San Cayetano,SC-03,Génova,Al Salam Trading,Exportación,Emiratos Árabes,Exportación Directa,Limón Génova,6,Primera,3196.0,178.0,0.3344,1068.63,346.81,370611.57,0.2484,USD,Cobrado,Cumplido
2023-10-18,2023,PED-2023-01655,El Paraíso,EP-01,Eureka,Citrus World Ltd,Exportación,Reino Unido,Trader Golfo,Limón Eureka,4,Extra,3982.0,221.0,0.4121,1640.87,346.36,568331.73,0.2351,USD,Pendiente,Cumplido
2023-10-18,2023,PED-2023-01656,El Paraíso,EP-02,Eureka,Citrus World Ltd,Exportación,Reino Unido,Programa Retail UE,Limón Eureka,4,Extra,4855.0,270.0,0.3885,1886.22,350.05,660271.31,0.2867,USD,Pendiente,Pendiente
2023-10-18,2023,PED-2023-01679,Río Ancho,RA-01,Eureka,Citrus World Ltd,Exportación,Reino Unido,Exportación Directa,Limón Eureka,4,Extra,7212.0,401.0,0.3895,2809.2,344.15,966786.18,0.2392,USD,Cobrado,Cumplido
2023-10-18,2023,PED-2023-01682,Río Ancho,RA-02,Lisbon,Citrus World Ltd,Exportación,Reino Unido,Exportación Directa,Limón Lisbon,7,Segunda,5301.0,294.0,0.3174,1682.62,348.41,586241.63,0.2025,USD,Pendiente,Cumplido
2023-10-18,2023,PED-2023-01662,La Esperanza,LE-01,Eureka,Fischer Import GmbH,Exportación,Alemania,Programa Retail UE,Limón Eureka,4,Primera,5782.0,321.0,0.3801,2197.6,352.83,775379.21,0.2834,USD,Cobrado,Pendiente
2023-10-18,2023,PED-2023-01687,San Cayetano,SC-01,Eureka,Fischer Import GmbH,Exportación,Alemania,Trader Golfo,Limón Eureka,7,Primera,5193.0,288.0,0.3531,1833.74,347.61,637426.36,0.291,USD,Cobrado,Cumplido
2023-10-18,2023,PED-2023-01659,El Paraíso,EP-03,Lisbon,Medifresh SA,Exportación,España,Programa Retail UE,Limón Lisbon,4,Segunda,3127.0,174.0,0.3377,1055.93,351.32,370969.33,0.2116,USD,Cobrado,Cumplido
2023-10-18,2023,PED-2023-01665,La Esperanza,LE-02,Eureka,Medifresh SA,Exportación,España,Programa Retail UE,Limón Eureka,7,Segunda,4888.0,272.0,0.3158,1543.7,348.37,537778.77,0.22,USD,Pendiente,Cumplido
2023-10-18,2023,PED-2023-01676,Los Álamos,LA-02,Lisbon,Medifresh SA,Exportación,España,Trader Golfo,Limón Lisbon,5,Segunda,3872.0,215.0,0.3254,1259.8,344.82,434404.24,0.277,USD,Cobrado,Cumplido
2023-10-18,2023,PED-2023-01678,Los Álamos,LA-03,Génova,Medifresh SA,Exportación,España,Programa Retail UE,Limón Génova,7,Primera,2685.0,149.0,0.3075,825.65,343.78,283841.96,0.2413,USD,Vencido,Cumplido
2023-10-18,2023,PED-2023-01685,Río Ancho,RA-03,Génova,Medifresh SA,Exportación,España,Trader Golfo,Limón Génova,2,Segunda,2817.0,156.0,0.3519,991.39,353.92,350872.75,0.1651,USD,Cobrado,Parcial
2023-10-18,2023,PED-2023-01690,San Cayetano,SC-02,Lisbon,Medifresh SA,Exportación,España,Programa Retail UE,Limón Lisbon,5,Segunda,4584.0,255.0,0.344,1576.75,339.7,535621.98,0.1667,USD,Cobrado,Pendiente
2023-10-18,2023,PED-2023-01664,La Esperanza,LE-01,Eureka,Citromax SA,Industria,Tucumán,Mercado Industrial,Limón Industria,4,Primera,1604.0,89.0,0.0723,115.92,352.83,40900.05,0.0572,ARS,Cobrado,Cumplido
2023-10-18,2023,PED-2023-01675,Los Álamos,LA-01,Eureka,Citromax SA,Industria,Tucumán,Contrato Industria,Limón Industria,7,Segunda,1941.0,108.0,0.0655,127.08,352.96,44854.16,0.036,ARS,Cobrado,Cumplido
2023-10-18,2023,PED-2023-01686,Río Ancho,RA-03,Génova,Citromax SA,Industria,Tucumán,Contrato Industria,Limón Industria,2,Segunda,1538.0,85.0,0.0766,117.74,353.92,41670.54,0.0471,ARS,Cobrado,Parcial
2023-10-18,2023,PED-2023-01689,San Cayetano,SC-01,Eureka,Citromax SA,Industria,Tucumán,Contrato Industria,Limón Industria,7,Primera,1656.0,92.0,0.067,110.93,347.61,38560.38,0.0503,ARS,Pendiente,Cumplido
2023-10-18,2023,PED-2023-01658,El Paraíso,EP-02,Eureka,Frutales Tucumán SRL,Industria,Tucumán,Mercado Industrial,Limón Industria,4,Extra,1710.0,95.0,0.0672,114.92,350.05,40227.75,0.0872,ARS,Cobrado,Cumplido
2023-10-18,2023,PED-2023-01667,La Esperanza,LE-02,Eureka,Frutales Tucumán SRL,Industria,Tucumán,Contrato Industria,Limón Industria,7,Segunda,1682.0,93.0,0.0552,92.89,348.37,32360.09,0.0372,ARS,Cobrado,Cumplido
2023-10-18,2023,PED-2023-01670,La Esperanza,LE-03,Lisbon,Frutales Tucumán SRL,Industria,Tucumán,Contrato Industria,Limón Industria,5,Segunda,1621.0,90.0,0.0649,105.16,347.92,36587.27,0.0847,ARS,Cobrado,Cumplido
2023-10-18,2023,PED-2023-01672,La Esperanza,LE-04,Génova,Frutales Tucumán SRL,Industria,Tucumán,Mercado Industrial,Limón Industria,4,Primera,1734.0,96.0,0.0691,119.78,345.9,41431.9,0.062,ARS,Cobrado,Cumplido
2023-10-18,2023,PED-2023-01681,Río Ancho,RA-01,Eureka,Frutales Tucumán SRL,Industria,Tucumán,Mercado Industrial,Limón Industria,4,Extra,2714.0,151.0,0.0727,197.38,344.15,67928.33,0.0707,ARS,Pendiente,Parcial
2023-10-18,2023,PED-2023-01684,Río Ancho,RA-02,Lisbon,Frutales Tucumán SRL,Industria,Tucumán,Contrato Industria,Limón Industria,7,Segunda,2447.0,136.0,0.0577,141.1,348.41,49160.65,0.037,ARS,Cobrado,Parcial
2023-10-18,2023,PED-2023-01692,San Cayetano,SC-02,Lisbon,Frutales Tucumán SRL,Industria,Tucumán,Mercado Industrial,Limón Industria,5,Segunda,2034.0,113.0,0.0626,127.26,339.7,43230.22,0.0429,ARS,Cobrado,Cumplido
2023-10-18,2023,PED-2023-01694,San Cayetano,SC-03,Génova,Frutales Tucumán SRL,Industria,Tucumán,Contrato Industria,Limón Industria,6,Primera,1566.0,87.0,0.0642,100.59,346.81,34885.62,0.0355,ARS,Cobrado,Cumplido
2023-10-18,2023,PED-2023-01660,El Paraíso,EP-03,Lisbon,Central de Frutas SA,Mercado Interno,Buenos Aires,Distribuidor Regional,Limón Lisbon,4,Segunda,1654.0,92.0,0.232,383.73,351.32,134812.02,0.1803,ARS,Cobrado,Cumplido
2023-10-18,2023,PED-2023-01680,Río Ancho,RA-01,Eureka,Central de Frutas SA,Mercado Interno,Buenos Aires,Mercado Central,Limón Eureka,4,Extra,2126.0,118.0,0.2479,527.09,344.15,181398.02,0.1883,ARS,Cobrado,Pendiente
2023-10-18,2023,PED-2023-01657,El Paraíso,EP-02,Eureka,Frutales del Norte SRL,Mercado Interno,Salta,Mercado Central,Limón Eureka,4,Extra,1802.0,100.0,0.2081,374.98,350.05,131261.75,0.1242,ARS,Vencido,Pendiente
2023-10-18,2023,PED-2023-01666,La Esperanza,LE-02,Eureka,Frutales del Norte SRL,Mercado Interno,Salta,Retail Nacional,Limón Eureka,7,Segunda,3135.0,174.0,0.1617,506.91,348.37,176592.24,0.1345,ARS,Pendiente,Cumplido
2023-10-18,2023,PED-2023-01691,San Cayetano,SC-02,Lisbon,Frutales del Norte SRL,Mercado Interno,Salta,Distribuidor Regional,Limón Lisbon,5,Segunda,1825.0,101.0,0.1979,361.2,339.7,122699.64,0.1568,ARS,Cobrado,Cumplido
2023-10-18,2023,PED-2023-01669,La Esperanza,LE-03,Lisbon,La Morenita SA,Mercado Interno,Tucumán,Distribuidor Regional,Limón Lisbon,5,Segunda,1733.0,96.0,0.2053,355.82,347.92,123796.89,0.1143,ARS,Cobrado,Pendiente
2023-10-18,2023,PED-2023-01677,Los Álamos,LA-02,Lisbon,La Morenita SA,Mercado Interno,Tucumán,Retail Nacional,Limón Lisbon,5,Segunda,1706.0,95.0,0.201,342.9,344.82,118238.78,0.0988,ARS,Pendiente,Cumplido
2023-10-18,2023,PED-2023-01688,San Cayetano,SC-01,Eureka,La Morenita SA,Mercado Interno,Tucumán,Distribuidor Regional,Limón Eureka,7,Primera,3019.0,168.0,0.2054,620.24,347.61,215601.63,0.1425,ARS,Vencido,Parcial
2023-10-18,2023,PED-2023-01663,La Esperanza,LE-01,Eureka,Supermercados Norte SA,Mercado Interno,Tucumán,Mercado Central,Limón Eureka,4,Primera,2497.0,139.0,0.2089,521.7,352.83,184071.41,0.1264,ARS,Cobrado,Parcial
2023-10-18,2023,PED-2023-01674,Los Álamos,LA-01,Eureka,Supermercados Norte SA,Mercado Interno,Tucumán,Retail Nacional,Limón Eureka,7,Segunda,2328.0,129.0,0.1725,401.69,352.96,141780.5,0.1629,ARS,Pendiente,Parcial
2023-10-18,2023,PED-2023-01683,Río Ancho,RA-02,Lisbon,Supermercados Norte SA,Mercado Interno,Tucumán,Retail Nacional,Limón Lisbon,7,Segunda,2491.0,138.0,0.1843,459.05,348.41,159937.61,0.1908,ARS,Pendiente,Cumplido
2023-10-25,2023,PED-2023-01703,La Esperanza,LE-01,Eureka,Al Salam Trading,Exportación,Emiratos Árabes,Exportación Directa,Limón Eureka,4,Primera,5629.0,313.0,0.3402,1914.91,349.27,668820.62,0.3049,USD,Pendiente,Cumplido
2023-10-25,2023,PED-2023-01708,La Esperanza,LE-03,Lisbon,Al Salam Trading,Exportación,Emiratos Árabes,Trader Golfo,Limón Lisbon,4,Extra,5013.0,278.0,0.3696,1852.79,350.28,648995.28,0.293,USD,Pendiente,Parcial
2023-10-25,2023,PED-2023-01712,Los Álamos,LA-01,Eureka,Al Salam Trading,Exportación,Emiratos Árabes,Exportación Directa,Limón Eureka,6,Extra,5801.0,322.0,0.344,1995.75,351.59,701685.74,0.261,USD,Cobrado,Pendiente
2023-10-25,2023,PED-2023-01715,Los Álamos,LA-02,Lisbon,Al Salam Trading,Exportación,Emiratos Árabes,Exportación Directa,Limón Lisbon,5,Primera,3997.0,222.0,0.35,1398.82,355.16,496804.91,0.2532,USD,Vencido,Cumplido
2023-10-25,2023,PED-2023-01718,Río Ancho,RA-01,Eureka,Al Salam Trading,Exportación,Emiratos Árabes,Exportación Directa,Limón Eureka,7,Primera,7101.0,394.0,0.3007,2135.55,354.6,757266.03,0.1991,USD,Cobrado,Pendiente
2023-10-25,2023,PED-2023-01730,San Cayetano,SC-02,Lisbon,Al Salam Trading,Exportación,Emiratos Árabes,Exportación Directa,Limón Lisbon,3,Primera,4589.0,255.0,0.3347,1535.89,355.4,545855.31,0.2326,USD,Pendiente,Pendiente
2023-10-25,2023,PED-2023-01695,El Paraíso,EP-01,Eureka,Citrus World Ltd,Exportación,Reino Unido,Programa Retail UE,Limón Eureka,6,Primera,4244.0,236.0,0.358,1519.49,353.57,537246.08,0.191,USD,Pendiente,Parcial
2023-10-25,2023,PED-2023-01702,El Paraíso,EP-04,Génova,Citrus World Ltd,Exportación,Reino Unido,Exportación Directa,Limón Génova,4,Primera,1909.0,106.0,0.3832,731.5,362.95,265497.92,0.2814,USD,Pendiente,Cumplido
2023-10-25,2023,PED-2023-01721,Río Ancho,RA-02,Lisbon,Citrus World Ltd,Exportación,Reino Unido,Trader Golfo,Limón Lisbon,4,Primera,5635.0,313.0,0.3889,2191.6,356.92,782225.87,0.2183,USD,Pendiente,Parcial
2023-10-25,2023,PED-2023-01727,San Cayetano,SC-01,Eureka,Citrus World Ltd,Exportación,Reino Unido,Exportación Directa,Limón Eureka,3,Primera,6680.0,371.0,0.3897,2602.98,356.2,927181.48,0.2197,USD,Cobrado,Cumplido
2023-10-25,2023,PED-2023-01705,La Esperanza,LE-02,Eureka,Fischer Import GmbH,Exportación,Alemania,Programa Retail UE,Limón Eureka,6,Extra,6607.0,367.0,0.3803,2512.61,356.23,895067.06,0.2414,USD,Cobrado,Cumplido
2023-10-25,2023,PED-2023-01717,Los Álamos,LA-03,Génova,Fischer Import GmbH,Exportación,Alemania,Exportación Directa,Limón Génova,6,Segunda,2448.0,136.0,0.3569,873.77,345.81,302158.4,0.2357,USD,Cobrado,Cumplido
2023-10-25,2023,PED-2023-01733,San Cayetano,SC-03,Génova,Fischer Import GmbH,Exportación,Alemania,Programa Retail UE,Limón Génova,5,Primera,3636.0,202.0,0.3741,1360.39,348.09,473538.16,0.2481,USD,Cobrado,Pendiente
2023-10-25,2023,PED-2023-01697,El Paraíso,EP-02,Eureka,Medifresh SA,Exportación,España,Trader Golfo,Limón Eureka,5,Primera,5786.0,321.0,0.355,2053.99,355.92,731056.12,0.251,USD,Pendiente,Cumplido
2023-10-25,2023,PED-2023-01700,El Paraíso,EP-03,Lisbon,Medifresh SA,Exportación,España,Programa Retail UE,Limón Lisbon,5,Segunda,3587.0,199.0,0.3208,1150.55,353.95,407237.17,0.1716,USD,Vencido,Parcial
2023-10-25,2023,PED-2023-01710,La Esperanza,LE-04,Génova,Medifresh SA,Exportación,España,Programa Retail UE,Limón Génova,6,Primera,3109.0,173.0,0.3216,999.79,356.82,356745.07,0.2178,USD,Cobrado,Cumplido
2023-10-25,2023,PED-2023-01724,Río Ancho,RA-03,Génova,Medifresh SA,Exportación,España,Trader Golfo,Limón Génova,5,Segunda,3042.0,169.0,0.3117,948.2,349.77,331651.91,0.1774,USD,Cobrado,Parcial
2023-10-25,2023,PED-2023-01699,El Paraíso,EP-02,Eureka,Citromax SA,Industria,Tucumán,Contrato Industria,Limón Industria,5,Primera,1943.0,108.0,0.0737,143.2,355.92,50967.74,0.0669,ARS,Cobrado,Parcial
2023-10-25,2023,PED-2023-01707,La Esperanza,LE-02,Eureka,Citromax SA,Industria,Tucumán,Contrato Industria,Limón Industria,6,Extra,1535.0,85.0,0.0722,110.84,356.23,39484.53,0.0346,ARS,Cobrado,Cumplido
2023-10-25,2023,PED-2023-01714,Los Álamos,LA-01,Eureka,Citromax SA,Industria,Tucumán,Contrato Industria,Limón Industria,6,Extra,1919.0,107.0,0.0756,145.04,351.59,50994.61,0.0762,ARS,Pendiente,Cumplido
2023-10-25,2023,PED-2023-01723,Río Ancho,RA-02,Lisbon,Citromax SA,Industria,Tucumán,Mercado Industrial,Limón Industria,4,Primera,2188.0,122.0,0.0778,170.21,356.92,60751.35,0.0883,ARS,Cobrado,Cumplido
2023-10-25,2023,PED-2023-01726,Río Ancho,RA-03,Génova,Citromax SA,Industria,Tucumán,Mercado Industrial,Limón Industria,5,Segunda,1599.0,89.0,0.0707,112.99,349.77,39520.51,0.0799,ARS,Cobrado,Cumplido
2023-10-25,2023,PED-2023-01734,San Cayetano,SC-03,Génova,Citromax SA,Industria,Tucumán,Contrato Industria,Limón Industria,5,Primera,1539.0,86.0,0.0731,112.44,348.09,39139.24,0.0744,ARS,Cobrado,Cumplido
2023-10-25,2023,PED-2023-01709,La Esperanza,LE-03,Lisbon,Frutales Tucumán SRL,Industria,Tucumán,Mercado Industrial,Limón Industria,4,Extra,1624.0,90.0,0.0722,117.33,350.28,41098.35,0.0678,ARS,Cobrado,Parcial
2023-10-25,2023,PED-2023-01711,La Esperanza,LE-04,Génova,Frutales Tucumán SRL,Industria,Tucumán,Contrato Industria,Limón Industria,6,Primera,1519.0,84.0,0.0623,94.66,356.82,33776.58,0.0433,ARS,Cobrado,Cumplido
2023-10-25,2023,PED-2023-01720,Río Ancho,RA-01,Eureka,Frutales Tucumán SRL,Industria,Tucumán,Contrato Industria,Limón Industria,7,Primera,2637.0,146.0,0.0628,165.71,354.6,58760.77,0.05,ARS,Cobrado,Cumplido
2023-10-25,2023,PED-2023-01729,San Cayetano,SC-01,Eureka,Frutales Tucumán SRL,Industria,Tucumán,Mercado Industrial,Limón Industria,3,Primera,1598.0,89.0,0.0663,105.95,356.2,37739.39,0.0418,ARS,Vencido,Cumplido
2023-10-25,2023,PED-2023-01732,San Cayetano,SC-02,Lisbon,Frutales Tucumán SRL,Industria,Tucumán,Contrato Industria,Limón Industria,3,Primera,1799.0,100.0,0.0703,126.46,355.4,44943.88,0.0734,ARS,Cobrado,Cumplido
2023-10-25,2023,PED-2023-01696,El Paraíso,EP-01,Eureka,Central de Frutas SA,Mercado Interno,Buenos Aires,Distribuidor Regional,Limón Eureka,6,Primera,2068.0,115.0,0.2314,478.44,353.57,169162.03,0.182,ARS,Cobrado,Parcial
2023-10-25,2023,PED-2023-01716,Los Álamos,LA-02,Lisbon,Central de Frutas SA,Mercado Interno,Buenos Aires,Retail Nacional,Limón Lisbon,5,Primera,1740.0,97.0,0.2375,413.32,355.16,146794.73,0.1821,ARS,Cobrado,Cumplido
2023-10-25,2023,PED-2023-01719,Río Ancho,RA-01,Eureka,Central de Frutas SA,Mercado Interno,Buenos Aires,Mercado Central,Limón Eureka,7,Primera,2891.0,161.0,0.2096,606.05,354.6,214905.33,0.2097,ARS,Pendiente,Pendiente
2023-10-25,2023,PED-2023-01722,Río Ancho,RA-02,Lisbon,Central de Frutas SA,Mercado Interno,Buenos Aires,Retail Nacional,Limón Lisbon,4,Primera,1669.0,93.0,0.2377,396.72,356.92,141597.3,0.1689,ARS,Pendiente,Cumplido
2023-10-25,2023,PED-2023-01725,Río Ancho,RA-03,Génova,Central de Frutas SA,Mercado Interno,Buenos Aires,Retail Nacional,Limón Génova,5,Segunda,1505.0,84.0,0.221,332.63,349.77,116344.0,0.1406,ARS,Vencido,Cumplido
2023-10-25,2023,PED-2023-01698,El Paraíso,EP-02,Eureka,Frutales del Norte SRL,Mercado Interno,Salta,Retail Nacional,Limón Eureka,5,Primera,2803.0,156.0,0.2053,575.4,355.92,204796.37,0.195,ARS,Cobrado,Cumplido
2023-10-25,2023,PED-2023-01701,El Paraíso,EP-03,Lisbon,Frutales del Norte SRL,Mercado Interno,Salta,Mercado Central,Limón Lisbon,5,Segunda,1870.0,104.0,0.1926,360.2,353.95,127492.79,0.1896,ARS,Cobrado,Pendiente
2023-10-25,2023,PED-2023-01728,San Cayetano,SC-01,Eureka,Frutales del Norte SRL,Mercado Interno,Salta,Retail Nacional,Limón Eureka,3,Primera,1646.0,91.0,0.2024,333.1,356.2,118650.22,0.1509,ARS,Cobrado,Cumplido
2023-10-25,2023,PED-2023-01713,Los Álamos,LA-01,Eureka,La Morenita SA,Mercado Interno,Tucumán,Mercado Central,Limón Eureka,6,Extra,2038.0,113.0,0.2102,428.32,351.59,150593.03,0.1505,ARS,Vencido,Parcial
2023-10-25,2023,PED-2023-01731,San Cayetano,SC-02,Lisbon,La Morenita SA,Mercado Interno,Tucumán,Mercado Central,Limón Lisbon,3,Primera,1665.0,92.0,0.2314,385.23,355.4,136910.74,0.1198,ARS,Cobrado,Pendiente
2023-10-25,2023,PED-2023-01704,La Esperanza,LE-01,Eureka,Supermercados Norte SA,Mercado Interno,Tucumán,Distribuidor Regional,Limón Eureka,4,Primera,1706.0,95.0,0.2183,372.37,349.27,130057.67,0.2062,ARS,Pendiente,Cumplido
2023-10-25,2023,PED-2023-01706,La Esperanza,LE-02,Eureka,Supermercados Norte SA,Mercado Interno,Tucumán,Distribuidor Regional,Limón Eureka,6,Extra,1813.0,101.0,0.2176,394.56,356.23,140554.11,0.203,ARS,Pendiente,Cumplido
2023-11-01,2023,PED-2023-01736,La Esperanza,LE-01,Eureka,Al Salam Trading,Exportación,Emiratos Árabes,Programa Retail UE,Limón Eureka,6,Primera,2373.0,132.0,0.3162,750.42,356.59,267592.27,0.2838,USD,Pendiente,Cumplido
2023-11-01,2023,PED-2023-01741,San Cayetano,SC-01,Eureka,Al Salam Trading,Exportación,Emiratos Árabes,Trader Golfo,Limón Eureka,5,Primera,1880.0,104.0,0.3228,606.9,359.85,218392.96,0.2968,USD,Cobrado,Cumplido
2023-11-01,2023,PED-2023-01735,El Paraíso,EP-02,Eureka,Citrus World Ltd,Exportación,Reino Unido,Exportación Directa,Limón Eureka,3,Segunda,1924.0,107.0,0.3714,714.52,359.17,256634.15,0.2026,USD,Pendiente,Parcial
2023-11-01,2023,PED-2023-01737,La Esperanza,LE-02,Eureka,Citrus World Ltd,Exportación,Reino Unido,Programa Retail UE,Limón Eureka,5,Segunda,2145.0,119.0,0.3475,745.48,359.42,267940.42,0.2325,USD,Cobrado,Parcial
2023-11-01,2023,PED-2023-01740,Río Ancho,RA-02,Lisbon,Citrus World Ltd,Exportación,Reino Unido,Trader Golfo,Limón Lisbon,6,Extra,1826.0,101.0,0.3697,675.01,357.56,241356.58,0.2997,USD,Pendiente,Pendiente
2023-11-01,2023,PED-2023-01738,Los Álamos,LA-01,Eureka,Medifresh SA,Exportación,España,Trader Golfo,Limón Eureka,5,Primera,1616.0,90.0,0.3298,532.98,353.47,188392.44,0.2496,USD,Pendiente,Parcial
2023-11-01,2023,PED-2023-01739,Río Ancho,RA-01,Eureka,Medifresh SA,Exportación,España,Exportación Directa,Limón Eureka,4,Primera,2177.0,121.0,0.3675,799.99,348.02,278412.52,0.3055,USD,Pendiente,Cumplido
2023-11-08,2023,PED-2023-01744,La Esperanza,LE-01,Eureka,Al Salam Trading,Exportación,Emiratos Árabes,Programa Retail UE,Limón Eureka,3,Extra,2076.0,115.0,0.3575,742.27,352.59,261716.98,0.2791,USD,Pendiente,Cumplido
2023-11-08,2023,PED-2023-01745,La Esperanza,LE-02,Eureka,Al Salam Trading,Exportación,Emiratos Árabes,Programa Retail UE,Limón Eureka,6,Segunda,2020.0,112.0,0.3042,614.51,362.95,223036.4,0.1847,USD,Pendiente,Cumplido
2023-11-08,2023,PED-2023-01742,El Paraíso,EP-01,Eureka,Citrus World Ltd,Exportación,Reino Unido,Exportación Directa,Limón Eureka,3,Extra,1875.0,104.0,0.4176,783.0,350.16,274175.28,0.266,USD,Cobrado,Cumplido
2023-11-08,2023,PED-2023-01743,El Paraíso,EP-02,Eureka,Citrus World Ltd,Exportación,Reino Unido,Exportación Directa,Limón Eureka,5,Segunda,2128.0,118.0,0.3542,753.64,352.57,265710.85,0.1687,USD,Pendiente,Cumplido
2023-11-08,2023,PED-2023-01749,San Cayetano,SC-01,Eureka,Fischer Import GmbH,Exportación,Alemania,Trader Golfo,Limón Eureka,5,Primera,1735.0,96.0,0.3869,671.19,351.99,236252.17,0.2846,USD,Pendiente,Parcial
2023-11-08,2023,PED-2023-01746,Los Álamos,LA-01,Eureka,Medifresh SA,Exportación,España,Trader Golfo,Limón Eureka,4,Primera,1853.0,103.0,0.3647,675.78,364.85,246558.33,0.2363,USD,Pendiente,Parcial
2023-11-08,2023,PED-2023-01747,Río Ancho,RA-01,Eureka,Medifresh SA,Exportación,España,Programa Retail UE,Limón Eureka,4,Primera,3449.0,192.0,0.3544,1222.29,362.26,442786.78,0.2462,USD,Pendiente,Cumplido
2023-11-08,2023,PED-2023-01748,Río Ancho,RA-02,Lisbon,Medifresh SA,Exportación,España,Programa Retail UE,Limón Lisbon,3,Primera,1850.0,103.0,0.3695,683.6,350.96,239916.26,0.2967,USD,Pendiente,Cumplido
2023-11-08,2023,PED-2023-01750,San Cayetano,SC-02,Lisbon,Medifresh SA,Exportación,España,Exportación Directa,Limón Lisbon,5,Primera,1525.0,85.0,0.3565,543.69,350.63,190634.02,0.2593,USD,Pendiente,Cumplido
2023-11-15,2023,PED-2023-01752,El Paraíso,EP-02,Eureka,Al Salam Trading,Exportación,Emiratos Árabes,Exportación Directa,Limón Eureka,4,Extra,1943.0,108.0,0.3539,687.58,359.26,247019.99,0.2552,USD,Cobrado,Parcial
2023-11-15,2023,PED-2023-01753,La Esperanza,LE-01,Eureka,Citrus World Ltd,Exportación,Reino Unido,Programa Retail UE,Limón Eureka,6,Extra,2259.0,126.0,0.3622,818.26,366.99,300293.24,0.2344,USD,Pendiente,Cumplido
2023-11-15,2023,PED-2023-01755,Los Álamos,LA-01,Eureka,Citrus World Ltd,Exportación,Reino Unido,Exportación Directa,Limón Eureka,3,Primera,2091.0,116.0,0.3939,823.74,359.23,295912.12,0.2149,USD,Pendiente,Cumplido
2023-11-15,2023,PED-2023-01757,Río Ancho,RA-02,Lisbon,Citrus World Ltd,Exportación,Reino Unido,Trader Golfo,Limón Lisbon,6,Primera,1559.0,87.0,0.3507,546.81,351.49,192198.25,0.2813,USD,Pendiente,Cumplido
2023-11-15,2023,PED-2023-01751,El Paraíso,EP-01,Eureka,Fischer Import GmbH,Exportación,Alemania,Trader Golfo,Limón Eureka,3,Primera,1720.0,96.0,0.4158,715.18,358.39,256313.36,0.283,USD,Cobrado,Cumplido
2023-11-15,2023,PED-2023-01754,La Esperanza,LE-02,Eureka,Fischer Import GmbH,Exportación,Alemania,Trader Golfo,Limón Eureka,6,Segunda,2035.0,113.0,0.3525,717.38,368.87,264619.96,0.2265,USD,Cobrado,Pendiente
2023-11-15,2023,PED-2023-01756,Río Ancho,RA-01,Eureka,Fischer Import GmbH,Exportación,Alemania,Exportación Directa,Limón Eureka,4,Extra,3011.0,167.0,0.4229,1273.2,351.37,447364.28,0.2267,USD,Pendiente,Cumplido
2023-11-15,2023,PED-2023-01758,San Cayetano,SC-01,Eureka,Medifresh SA,Exportación,España,Trader Golfo,Limón Eureka,4,Primera,1980.0,110.0,0.3503,693.62,365.28,253365.51,0.3076,USD,Pendiente,Pendiente
2023-11-22,2023,PED-2023-01761,La Esperanza,LE-01,Eureka,Al Salam Trading,Exportación,Emiratos Árabes,Exportación Directa,Limón Eureka,4,Extra,1893.0,105.0,0.3486,659.93,363.58,239937.35,0.2496,USD,Pendiente,Pendiente
2023-11-22,2023,PED-2023-01762,La Esperanza,LE-02,Eureka,Al Salam Trading,Exportación,Emiratos Árabes,Programa Retail UE,Limón Eureka,2,Primera,2295.0,128.0,0.3456,793.12,376.92,298942.79,0.3069,USD,Pendiente,Cumplido
2023-11-22,2023,PED-2023-01763,La Esperanza,LE-03,Lisbon,Al Salam Trading,Exportación,Emiratos Árabes,Programa Retail UE,Limón Lisbon,6,Primera,1658.0,92.0,0.3007,498.57,368.85,183897.54,0.1834,USD,Pendiente,Cumplido
2023-11-22,2023,PED-2023-01767,San Cayetano,SC-01,Eureka,Al Salam Trading,Exportación,Emiratos Árabes,Exportación Directa,Limón Eureka,3,Segunda,1826.0,101.0,0.3072,561.01,362.57,203405.4,0.2035,USD,Pendiente,Pendiente
2023-11-22,2023,PED-2023-01759,El Paraíso,EP-01,Eureka,Citrus World Ltd,Exportación,Reino Unido,Programa Retail UE,Limón Eureka,6,Extra,1725.0,96.0,0.3481,600.46,367.93,220927.25,0.2972,USD,Cobrado,Parcial
2023-11-22,2023,PED-2023-01760,El Paraíso,EP-02,Eureka,Citrus World Ltd,Exportación,Reino Unido,Trader Golfo,Limón Eureka,6,Extra,2180.0,121.0,0.35,763.04,369.31,281798.3,0.2593,USD,Cobrado,Pendiente
2023-11-22,2023,PED-2023-01766,Río Ancho,RA-02,Lisbon,Fischer Import GmbH,Exportación,Alemania,Exportación Directa,Limón Lisbon,5,Primera,1504.0,84.0,0.371,558.05,363.1,202627.96,0.2503,USD,Pendiente,Cumplido
2023-11-22,2023,PED-2023-01764,Los Álamos,LA-01,Eureka,Medifresh SA,Exportación,España,Exportación Directa,Limón Eureka,6,Segunda,1718.0,95.0,0.3152,541.5,366.27,198335.2,0.2101,USD,Cobrado,Parcial
2023-11-22,2023,PED-2023-01765,Río Ancho,RA-01,Eureka,Medifresh SA,Exportación,España,Exportación Directa,Limón Eureka,4,Primera,2274.0,126.0,0.3547,806.52,363.74,293363.58,0.2218,USD,Pendiente,Parcial
2023-11-29,2023,PED-2023-01769,El Paraíso,EP-02,Eureka,Al Salam Trading,Exportación,Emiratos Árabes,Trader Golfo,Limón Eureka,4,Primera,2087.0,116.0,0.3329,694.82,365.46,253928.92,0.2305,USD,Cobrado,Pendiente
2023-11-29,2023,PED-2023-01771,La Esperanza,LE-02,Eureka,Al Salam Trading,Exportación,Emiratos Árabes,Exportación Directa,Limón Eureka,4,Primera,1964.0,109.0,0.3477,682.84,370.23,252807.85,0.3011,USD,Pendiente,Parcial
2023-11-29,2023,PED-2023-01775,San Cayetano,SC-01,Eureka,Al Salam Trading,Exportación,Emiratos Árabes,Programa Retail UE,Limón Eureka,4,Primera,1827.0,102.0,0.3472,634.34,382.66,242736.54,0.2041,USD,Pendiente,Cumplido
2023-11-29,2023,PED-2023-01768,El Paraíso,EP-01,Eureka,Citrus World Ltd,Exportación,Reino Unido,Programa Retail UE,Limón Eureka,3,Primera,1639.0,91.0,0.4077,668.28,380.72,254427.56,0.2277,USD,Pendiente,Parcial
2023-11-29,2023,PED-2023-01772,Los Álamos,LA-01,Eureka,Citrus World Ltd,Exportación,Reino Unido,Exportación Directa,Limón Eureka,2,Primera,1853.0,103.0,0.4167,772.1,372.91,287923.81,0.19,USD,Pendiente,Parcial
2023-11-29,2023,PED-2023-01770,La Esperanza,LE-01,Eureka,Fischer Import GmbH,Exportación,Alemania,Exportación Directa,Limón Eureka,5,Segunda,2054.0,114.0,0.3785,777.43,373.71,290533.37,0.1922,USD,Pendiente,Cumplido
2023-11-29,2023,PED-2023-01774,Río Ancho,RA-02,Lisbon,Fischer Import GmbH,Exportación,Alemania,Trader Golfo,Limón Lisbon,4,Segunda,1543.0,86.0,0.3812,588.17,369.6,217387.63,0.2233,USD,Pendiente,Cumplido
2023-11-29,2023,PED-2023-01773,Río Ancho,RA-01,Eureka,Medifresh SA,Exportación,España,Exportación Directa,Limón Eureka,6,Primera,2736.0,152.0,0.3186,871.78,379.23,330605.13,0.2321,USD,Pendiente,Cumplido
2024-03-01,2024,PED-2024-01776,El Paraíso,EP-01,Eureka,Al Salam Trading,Exportación,Emiratos Árabes,Exportación Directa,Limón Eureka,4,Primera,5612.0,312.0,0.3337,1872.96,894.53,1675418.91,0.2409,USD,Cobrado,Parcial
2024-03-01,2024,PED-2024-01787,La Esperanza,LE-02,Eureka,Al Salam Trading,Exportación,Emiratos Árabes,Trader Golfo,Limón Eureka,4,Extra,7978.0,443.0,0.3331,2657.4,888.88,2362109.71,0.2067,USD,Cobrado,Parcial
2024-03-01,2024,PED-2024-01793,La Esperanza,LE-04,Génova,Al Salam Trading,Exportación,Emiratos Árabes,Programa Retail UE,Limón Génova,5,Primera,2782.0,155.0,0.342,951.42,877.23,834614.17,0.2225,USD,Cobrado,Cumplido
2024-03-01,2024,PED-2024-01794,Los Álamos,LA-01,Eureka,Al Salam Trading,Exportación,Emiratos Árabes,Trader Golfo,Limón Eureka,6,Primera,6084.0,338.0,0.318,1934.8,899.05,1739481.94,0.1824,USD,Cobrado,Cumplido
2024-03-01,2024,PED-2024-01800,Los Álamos,LA-03,Génova,Al Salam Trading,Exportación,Emiratos Árabes,Trader Golfo,Limón Génova,4,Primera,2317.0,129.0,0.3367,780.08,879.95,686431.4,0.2638,USD,Vencido,Cumplido
2024-03-01,2024,PED-2024-01807,Río Ancho,RA-03,Génova,Al Salam Trading,Exportación,Emiratos Árabes,Programa Retail UE,Limón Génova,3,Extra,3338.0,185.0,0.3704,1236.44,896.33,1108258.27,0.206,USD,Cobrado,Cumplido
2024-03-01,2024,PED-2024-01812,San Cayetano,SC-02,Lisbon,Al Salam Trading,Exportación,Emiratos Árabes,Programa Retail UE,Limón Lisbon,2,Segunda,4342.0,241.0,0.3452,1498.86,880.96,1320435.71,0.1641,USD,Cobrado,Cumplido
2024-03-01,2024,PED-2024-01801,Río Ancho,RA-01,Eureka,Citrus World Ltd,Exportación,Reino Unido,Exportación Directa,Limón Eureka,3,Primera,8909.0,495.0,0.3901,3475.3,921.23,3201550.62,0.24,USD,Cobrado,Cumplido
2024-03-01,2024,PED-2024-01804,Río Ancho,RA-02,Lisbon,Citrus World Ltd,Exportación,Reino Unido,Programa Retail UE,Limón Lisbon,4,Primera,6501.0,361.0,0.3799,2469.85,903.2,2230768.52,0.2248,USD,Cobrado,Cumplido
2024-03-01,2024,PED-2024-01790,La Esperanza,LE-03,Lisbon,Fischer Import GmbH,Exportación,Alemania,Trader Golfo,Limón Lisbon,6,Primera,4928.0,274.0,0.3781,1863.43,875.79,1631973.36,0.2271,USD,Cobrado,Parcial
2024-03-01,2024,PED-2024-01797,Los Álamos,LA-02,Lisbon,Fischer Import GmbH,Exportación,Alemania,Trader Golfo,Limón Lisbon,4,Segunda,3870.0,215.0,0.3698,1430.96,909.81,1301901.72,0.208,USD,Cobrado,Cumplido
2024-03-01,2024,PED-2024-01809,San Cayetano,SC-01,Eureka,Fischer Import GmbH,Exportación,Alemania,Exportación Directa,Limón Eureka,6,Primera,5338.0,297.0,0.3964,2116.16,867.61,1836001.58,0.3087,USD,Cobrado,Parcial
2024-03-01,2024,PED-2024-01815,San Cayetano,SC-03,Génova,Fischer Import GmbH,Exportación,Alemania,Exportación Directa,Limón Génova,5,Primera,2724.0,151.0,0.3756,1023.21,895.63,916417.57,0.2909,USD,Cobrado,Cumplido
2024-03-01,2024,PED-2024-01778,El Paraíso,EP-02,Eureka,Medifresh SA,Exportación,España,Exportación Directa,Limón Eureka,3,Segunda,6480.0,360.0,0.3503,2269.67,888.18,2015875.5,0.2822,USD,Cobrado,Cumplido
2024-03-01,2024,PED-2024-01781,El Paraíso,EP-03,Lisbon,Medifresh SA,Exportación,España,Exportación Directa,Limón Lisbon,6,Segunda,3352.0,186.0,0.3116,1044.59,897.62,937644.88,0.2484,USD,Pendiente,Cumplido
2024-03-01,2024,PED-2024-01783,El Paraíso,EP-04,Génova,Medifresh SA,Exportación,España,Trader Golfo,Limón Génova,5,Segunda,1914.0,106.0,0.3344,640.06,897.44,574415.45,0.225,USD,Cobrado,Parcial
2024-03-01,2024,PED-2024-01784,La Esperanza,LE-01,Eureka,Medifresh SA,Exportación,España,Programa Retail UE,Limón Eureka,7,Primera,5967.0,332.0,0.3266,1948.84,877.66,1710418.91,0.266,USD,Cobrado,Cumplido
2024-03-01,2024,PED-2024-01799,Los Álamos,LA-02,Lisbon,Citromax SA,Industria,Tucumán,Mercado Industrial,Limón Industria,4,Segunda,1894.0,105.0,0.0709,134.2,909.81,122096.5,0.0869,ARS,Cobrado,Cumplido
2024-03-01,2024,PED-2024-01803,Río Ancho,RA-01,Eureka,Citromax SA,Industria,Tucumán,Mercado Industrial,Limón Industria,3,Primera,2775.0,154.0,0.0742,206.04,921.23,189810.23,0.0593,ARS,Pendiente,Cumplido
2024-03-01,2024,PED-2024-01806,Río Ancho,RA-02,Lisbon,Citromax SA,Industria,Tucumán,Mercado Industrial,Limón Industria,4,Primera,2517.0,140.0,0.0762,191.8,903.2,173233.76,0.0509,ARS,Cobrado,Cumplido
2024-03-01,2024,PED-2024-01811,San Cayetano,SC-01,Eureka,Citromax SA,Industria,Tucumán,Contrato Industria,Limón Industria,6,Primera,1851.0,103.0,0.0702,129.93,867.61,112728.57,0.0642,ARS,Cobrado,Cumplido
2024-03-01,2024,PED-2024-01780,El Paraíso,EP-02,Eureka,Frutales Tucumán SRL,Industria,Tucumán,Contrato Industria,Limón Industria,3,Segunda,2281.0,127.0,0.0679,154.96,888.18,137632.37,0.0628,ARS,Cobrado,Cumplido
2024-03-01,2024,PED-2024-01786,La Esperanza,LE-01,Eureka,Frutales Tucumán SRL,Industria,Tucumán,Contrato Industria,Limón Industria,7,Primera,1827.0,102.0,0.0639,116.69,877.66,102414.15,0.0649,ARS,Cobrado,Cumplido
2024-03-01,2024,PED-2024-01789,La Esperanza,LE-02,Eureka,Frutales Tucumán SRL,Industria,Tucumán,Contrato Industria,Limón Industria,4,Extra,2301.0,128.0,0.0719,165.51,888.88,147118.53,0.0493,ARS,Cobrado,Cumplido
2024-03-01,2024,PED-2024-01792,La Esperanza,LE-03,Lisbon,Frutales Tucumán SRL,Industria,Tucumán,Mercado Industrial,Limón Industria,6,Primera,1783.0,99.0,0.0614,109.41,875.79,95820.18,0.0769,ARS,Cobrado,Cumplido
2024-03-01,2024,PED-2024-01796,Los Álamos,LA-01,Eureka,Frutales Tucumán SRL,Industria,Tucumán,Contrato Industria,Limón Industria,6,Primera,2432.0,135.0,0.0632,153.69,899.05,138174.99,0.0327,ARS,Cobrado,Cumplido
2024-03-01,2024,PED-2024-01808,Río Ancho,RA-03,Génova,Frutales Tucumán SRL,Industria,Tucumán,Contrato Industria,Limón Industria,3,Extra,1808.0,100.0,0.0692,125.19,896.33,112211.55,0.0849,ARS,Pendiente,Cumplido
2024-03-01,2024,PED-2024-01814,San Cayetano,SC-02,Lisbon,Frutales Tucumán SRL,Industria,Tucumán,Contrato Industria,Limón Industria,2,Segunda,1648.0,92.0,0.069,113.7,880.96,100165.15,0.0371,ARS,Cobrado,Cumplido
2024-03-01,2024,PED-2024-01777,El Paraíso,EP-01,Eureka,Central de Frutas SA,Mercado Interno,Buenos Aires,Mercado Central,Limón Eureka,4,Primera,2013.0,112.0,0.2452,493.52,894.53,441468.45,0.1995,ARS,Pendiente,Cumplido
2024-03-01,2024,PED-2024-01785,La Esperanza,LE-01,Eureka,Central de Frutas SA,Mercado Interno,Buenos Aires,Retail Nacional,Limón Eureka,7,Primera,3361.0,187.0,0.2171,729.62,877.66,640358.29,0.1881,ARS,Cobrado,Cumplido
2024-03-01,2024,PED-2024-01798,Los Álamos,LA-02,Lisbon,Central de Frutas SA,Mercado Interno,Buenos Aires,Distribuidor Regional,Limón Lisbon,4,Segunda,1884.0,105.0,0.231,435.27,909.81,396013.0,0.1089,ARS,Cobrado,Parcial
2024-03-01,2024,PED-2024-01802,Río Ancho,RA-01,Eureka,Central de Frutas SA,Mercado Interno,Buenos Aires,Distribuidor Regional,Limón Eureka,3,Primera,2352.0,131.0,0.2389,561.97,921.23,517703.62,0.1558,ARS,Cobrado,Cumplido
2024-03-01,2024,PED-2024-01810,San Cayetano,SC-01,Eureka,Central de Frutas SA,Mercado Interno,Buenos Aires,Distribuidor Regional,Limón Eureka,6,Primera,2244.0,125.0,0.2096,470.29,867.61,408028.31,0.1606,ARS,Cobrado,Cumplido
2024-03-01,2024,PED-2024-01813,San Cayetano,SC-02,Lisbon,Central de Frutas SA,Mercado Interno,Buenos Aires,Mercado Central,Limón Lisbon,2,Segunda,1649.0,92.0,0.2272,374.58,880.96,329990.0,0.1487,ARS,Cobrado,Cumplido
2024-03-01,2024,PED-2024-01779,El Paraíso,EP-02,Eureka,Frutales del Norte SRL,Mercado Interno,Salta,Distribuidor Regional,Limón Eureka,3,Segunda,2724.0,151.0,0.2017,549.56,888.18,488108.2,0.1773,ARS,Cobrado,Cumplido
2024-03-01,2024,PED-2024-01791,La Esperanza,LE-03,Lisbon,Frutales del Norte SRL,Mercado Interno,Salta,Mercado Central,Limón Lisbon,6,Primera,2328.0,129.0,0.1855,431.86,875.79,378218.67,0.1895,ARS,Cobrado,Cumplido
2024-03-01,2024,PED-2024-01795,Los Álamos,LA-01,Eureka,La Morenita SA,Mercado Interno,Tucumán,Retail Nacional,Limón Eureka,6,Primera,2338.0,130.0,0.1992,465.64,899.05,418633.64,0.1575,ARS,Cobrado,Cumplido
2024-03-01,2024,PED-2024-01805,Río Ancho,RA-02,Lisbon,La Morenita SA,Mercado Interno,Tucumán,Distribuidor Regional,Limón Lisbon,4,Primera,1936.0,108.0,0.2352,455.42,903.2,411335.34,0.1955,ARS,Cobrado,Cumplido
2024-03-01,2024,PED-2024-01782,El Paraíso,EP-03,Lisbon,Supermercados Norte SA,Mercado Interno,Tucumán,Mercado Central,Limón Lisbon,6,Segunda,1826.0,101.0,0.182,332.27,897.62,298252.2,0.1335,ARS,Cobrado,Cumplido
2024-03-01,2024,PED-2024-01788,La Esperanza,LE-02,Eureka,Supermercados Norte SA,Mercado Interno,Tucumán,Distribuidor Regional,Limón Eureka,4,Extra,2012.0,112.0,0.2215,445.58,888.88,396067.15,0.1549,ARS,Cobrado,Cumplido
2024-03-08,2024,PED-2024-01834,Los Álamos,LA-01,Eureka,Al Salam Trading,Exportación,Emiratos Árabes,Trader Golfo,Limón Eureka,4,Primera,5037.0,280.0,0.3249,1636.28,910.72,1490192.92,0.2205,USD,Cobrado,Cumplido
2024-03-08,2024,PED-2024-01837,Los Álamos,LA-02,Lisbon,Al Salam Trading,Exportación,Emiratos Árabes,Exportación Directa,Limón Lisbon,2,Segunda,3106.0,173.0,0.3567,1107.94,901.49,998796.83,0.2463,USD,Cobrado,Parcial
2024-03-08,2024,PED-2024-01847,San Cayetano,SC-01,Eureka,Al Salam Trading,Exportación,Emiratos Árabes,Exportación Directa,Limón Eureka,6,Primera,6646.0,369.0,0.3077,2044.66,892.77,1825411.11,0.2863,USD,Cobrado,Parcial
2024-03-08,2024,PED-2024-01853,San Cayetano,SC-03,Génova,Al Salam Trading,Exportación,Emiratos Árabes,Exportación Directa,Limón Génova,6,Primera,3305.0,184.0,0.2994,989.57,915.0,905456.55,0.3056,USD,Cobrado,Parcial
2024-03-08,2024,PED-2024-01823,El Paraíso,EP-04,Génova,Citrus World Ltd,Exportación,Reino Unido,Programa Retail UE,Limón Génova,6,Segunda,1809.0,100.0,0.3235,585.27,884.14,517460.62,0.2322,USD,Cobrado,Cumplido
2024-03-08,2024,PED-2024-01824,La Esperanza,LE-01,Eureka,Citrus World Ltd,Exportación,Reino Unido,Programa Retail UE,Limón Eureka,5,Primera,5790.0,322.0,0.3819,2211.35,889.49,1966973.71,0.301,USD,Pendiente,Parcial
2024-03-08,2024,PED-2024-01827,La Esperanza,LE-02,Eureka,Citrus World Ltd,Exportación,Reino Unido,Trader Golfo,Limón Eureka,6,Primera,7053.0,392.0,0.3629,2559.48,903.23,2311799.12,0.2363,USD,Cobrado,Cumplido
2024-03-08,2024,PED-2024-01830,La Esperanza,LE-03,Lisbon,Citrus World Ltd,Exportación,Reino Unido,Exportación Directa,Limón Lisbon,4,Extra,4802.0,267.0,0.4166,2000.37,907.81,1815955.89,0.2323,USD,Cobrado,Cumplido
2024-03-08,2024,PED-2024-01842,Río Ancho,RA-02,Lisbon,Citrus World Ltd,Exportación,Reino Unido,Exportación Directa,Limón Lisbon,5,Primera,5838.0,324.0,0.392,2288.26,926.21,2119409.29,0.3026,USD,Cobrado,Parcial
2024-03-08,2024,PED-2024-01819,El Paraíso,EP-02,Eureka,Fischer Import GmbH,Exportación,Alemania,Trader Golfo,Limón Eureka,3,Extra,6939.0,386.0,0.4213,2923.12,905.0,2645423.6,0.2987,USD,Cobrado,Cumplido
2024-03-08,2024,PED-2024-01850,San Cayetano,SC-02,Lisbon,Fischer Import GmbH,Exportación,Alemania,Trader Golfo,Limón Lisbon,6,Segunda,3693.0,205.0,0.358,1322.08,878.14,1160971.33,0.1834,USD,Cobrado,Cumplido
2024-03-08,2024,PED-2024-01816,El Paraíso,EP-01,Eureka,Medifresh SA,Exportación,España,Exportación Directa,Limón Eureka,4,Primera,6267.0,348.0,0.3755,2353.57,908.9,2139159.77,0.2268,USD,Cobrado,Cumplido
2024-03-08,2024,PED-2024-01822,El Paraíso,EP-03,Lisbon,Medifresh SA,Exportación,España,Programa Retail UE,Limón Lisbon,6,Segunda,2911.0,162.0,0.3078,895.88,900.36,806614.52,0.1987,USD,Cobrado,Cumplido
2024-03-08,2024,PED-2024-01833,La Esperanza,LE-04,Génova,Medifresh SA,Exportación,España,Trader Golfo,Limón Génova,5,Segunda,2365.0,131.0,0.3386,800.78,900.72,721278.56,0.2326,USD,Cobrado,Cumplido
2024-03-08,2024,PED-2024-01838,Los Álamos,LA-03,Génova,Medifresh SA,Exportación,España,Exportación Directa,Limón Génova,4,Primera,2312.0,128.0,0.3554,821.77,913.37,750580.06,0.1823,USD,Vencido,Cumplido
2024-03-08,2024,PED-2024-01839,Río Ancho,RA-01,Eureka,Medifresh SA,Exportación,España,Trader Golfo,Limón Eureka,4,Extra,8071.0,448.0,0.3557,2870.76,882.33,2532957.67,0.2801,USD,Cobrado,Parcial
2024-03-08,2024,PED-2024-01845,Río Ancho,RA-03,Génova,Medifresh SA,Exportación,España,Exportación Directa,Limón Génova,7,Segunda,2358.0,131.0,0.3148,742.18,878.89,652294.58,0.1741,USD,Cobrado,Cumplido
2024-03-08,2024,PED-2024-01818,El Paraíso,EP-01,Eureka,Citromax SA,Industria,Tucumán,Contrato Industria,Limón Industria,4,Primera,1759.0,98.0,0.0756,133.01,908.9,120892.79,0.0825,ARS,Cobrado,Cumplido
2024-03-08,2024,PED-2024-01832,La Esperanza,LE-03,Lisbon,Citromax SA,Industria,Tucumán,Mercado Industrial,Limón Industria,4,Extra,1571.0,87.0,0.0781,122.7,907.81,111388.29,0.0549,ARS,Cobrado,Cumplido
2024-03-08,2024,PED-2024-01841,Río Ancho,RA-01,Eureka,Citromax SA,Industria,Tucumán,Contrato Industria,Limón Industria,4,Extra,2533.0,141.0,0.0767,194.21,882.33,171357.31,0.0734,ARS,Vencido,Cumplido
2024-03-08,2024,PED-2024-01821,El Paraíso,EP-02,Eureka,Frutales Tucumán SRL,Industria,Tucumán,Mercado Industrial,Limón Industria,3,Extra,2001.0,111.0,0.0751,150.23,905.0,135958.15,0.036,ARS,Cobrado,Cumplido
2024-03-08,2024,PED-2024-01826,La Esperanza,LE-01,Eureka,Frutales Tucumán SRL,Industria,Tucumán,Mercado Industrial,Limón Industria,5,Primera,1880.0,104.0,0.0661,124.29,889.49,110554.71,0.0659,ARS,Cobrado,Cumplido
2024-03-08,2024,PED-2024-01829,La Esperanza,LE-02,Eureka,Frutales Tucumán SRL,Industria,Tucumán,Mercado Industrial,Limón Industria,6,Primera,2817.0,156.0,0.063,177.41,903.23,160242.03,0.0314,ARS,Cobrado,Cumplido
2024-03-08,2024,PED-2024-01836,Los Álamos,LA-01,Eureka,Frutales Tucumán SRL,Industria,Tucumán,Mercado Industrial,Limón Industria,4,Primera,1795.0,100.0,0.069,123.88,910.72,112819.99,0.0797,ARS,Cobrado,Cumplido
2024-03-08,2024,PED-2024-01844,Río Ancho,RA-02,Lisbon,Frutales Tucumán SRL,Industria,Tucumán,Mercado Industrial,Limón Industria,5,Primera,2642.0,147.0,0.0643,169.86,926.21,157326.03,0.0724,ARS,Cobrado,Cumplido
2024-03-08,2024,PED-2024-01846,Río Ancho,RA-03,Génova,Frutales Tucumán SRL,Industria,Tucumán,Mercado Industrial,Limón Industria,7,Segunda,1547.0,86.0,0.0555,85.85,878.89,75452.71,0.0664,ARS,Cobrado,Cumplido
2024-03-08,2024,PED-2024-01849,San Cayetano,SC-01,Eureka,Frutales Tucumán SRL,Industria,Tucumán,Contrato Industria,Limón Industria,6,Primera,2199.0,122.0,0.0649,142.77,892.77,127460.77,0.0431,ARS,Pendiente,Cumplido
2024-03-08,2024,PED-2024-01852,San Cayetano,SC-02,Lisbon,Frutales Tucumán SRL,Industria,Tucumán,Contrato Industria,Limón Industria,6,Segunda,1672.0,93.0,0.0579,96.83,878.14,85030.3,0.0332,ARS,Pendiente,Cumplido
2024-03-08,2024,PED-2024-01817,El Paraíso,EP-01,Eureka,Frutales del Norte SRL,Mercado Interno,Salta,Retail Nacional,Limón Eureka,4,Primera,2547.0,142.0,0.2052,522.73,908.9,475109.3,0.1225,ARS,Pendiente,Cumplido
2024-03-08,2024,PED-2024-01820,El Paraíso,EP-02,Eureka,Frutales del Norte SRL,Mercado Interno,Salta,Mercado Central,Limón Eureka,3,Extra,1592.0,88.0,0.2291,364.76,905.0,330107.8,0.1916,ARS,Cobrado,Cumplido
2024-03-08,2024,PED-2024-01825,La Esperanza,LE-01,Eureka,Frutales del Norte SRL,Mercado Interno,Salta,Distribuidor Regional,Limón Eureka,5,Primera,2595.0,144.0,0.1904,494.0,889.49,439408.06,0.1641,ARS,Cobrado,Cumplido
2024-03-08,2024,PED-2024-01828,La Esperanza,LE-02,Eureka,Frutales del Norte SRL,Mercado Interno,Salta,Mercado Central,Limón Eureka,6,Primera,3476.0,193.0,0.1896,658.99,903.23,595219.54,0.1434,ARS,Cobrado,Cumplido
2024-03-08,2024,PED-2024-01831,La Esperanza,LE-03,Lisbon,La Morenita SA,Mercado Interno,Tucumán,Mercado Central,Limón Lisbon,4,Extra,1592.0,88.0,0.2284,363.59,907.81,330070.64,0.1919,ARS,Cobrado,Cumplido
2024-03-08,2024,PED-2024-01840,Río Ancho,RA-01,Eureka,La Morenita SA,Mercado Interno,Tucumán,Distribuidor Regional,Limón Eureka,4,Extra,2866.0,159.0,0.2258,647.28,882.33,571114.56,0.2078,ARS,Cobrado,Cumplido
2024-03-08,2024,PED-2024-01843,Río Ancho,RA-02,Lisbon,La Morenita SA,Mercado Interno,Tucumán,Mercado Central,Limón Lisbon,5,Primera,2442.0,136.0,0.2115,516.57,926.21,478452.3,0.2057,ARS,Cobrado,Parcial
2024-03-08,2024,PED-2024-01848,San Cayetano,SC-01,Eureka,La Morenita SA,Mercado Interno,Tucumán,Mercado Central,Limón Eureka,6,Primera,2597.0,144.0,0.2142,556.18,892.77,496540.82,0.1531,ARS,Cobrado,Cumplido
2024-03-08,2024,PED-2024-01851,San Cayetano,SC-02,Lisbon,La Morenita SA,Mercado Interno,Tucumán,Retail Nacional,Limón Lisbon,6,Segunda,2249.0,125.0,0.185,416.04,878.14,365341.37,0.1452,ARS,Cobrado,Cumplido
2024-03-08,2024,PED-2024-01835,Los Álamos,LA-01,Eureka,Supermercados Norte SA,Mercado Interno,Tucumán,Retail Nacional,Limón Eureka,4,Primera,1974.0,110.0,0.2197,433.76,910.72,395033.91,0.1501,ARS,Cobrado,Cumplido
2024-03-15,2024,PED-2024-01863,La Esperanza,LE-01,Eureka,Al Salam Trading,Exportación,Emiratos Árabes,Exportación Directa,Limón Eureka,4,Primera,6536.0,363.0,0.3372,2204.0,921.54,2031074.16,0.2651,USD,Cobrado,Cumplido
2024-03-15,2024,PED-2024-01866,La Esperanza,LE-02,Eureka,Al Salam Trading,Exportación,Emiratos Árabes,Trader Golfo,Limón Eureka,6,Extra,7292.0,405.0,0.3175,2315.31,917.9,2125223.05,0.2864,USD,Cobrado,Cumplido
2024-03-15,2024,PED-2024-01870,La Esperanza,LE-04,Génova,Al Salam Trading,Exportación,Emiratos Árabes,Programa Retail UE,Limón Génova,5,Segunda,2906.0,161.0,0.2989,868.58,877.72,762370.04,0.1554,USD,Cobrado,Cumplido
2024-03-15,2024,PED-2024-01889,San Cayetano,SC-02,Lisbon,Al Salam Trading,Exportación,Emiratos Árabes,Exportación Directa,Limón Lisbon,4,Segunda,4214.0,234.0,0.317,1335.75,904.4,1208052.3,0.212,USD,Cobrado,Cumplido
2024-03-15,2024,PED-2024-01860,El Paraíso,EP-03,Lisbon,Citrus World Ltd,Exportación,Reino Unido,Trader Golfo,Limón Lisbon,5,Segunda,3285.0,182.0,0.3405,1118.38,896.33,1002437.55,0.2198,USD,Pendiente,Parcial
2024-03-15,2024,PED-2024-01878,Río Ancho,RA-01,Eureka,Citrus World Ltd,Exportación,Reino Unido,Trader Golfo,Limón Eureka,3,Primera,7201.0,400.0,0.3854,2775.09,878.08,2436751.03,0.2199,USD,Cobrado,Cumplido
2024-03-15,2024,PED-2024-01884,Río Ancho,RA-03,Génova,Citrus World Ltd,Exportación,Reino Unido,Trader Golfo,Limón Génova,6,Primera,3481.0,193.0,0.3706,1290.12,868.18,1120056.38,0.2322,USD,Cobrado,Cumplido
2024-03-15,2024,PED-2024-01854,El Paraíso,EP-01,Eureka,Fischer Import GmbH,Exportación,Alemania,Trader Golfo,Limón Eureka,5,Primera,5612.0,312.0,0.38,2132.8,892.34,1903182.75,0.2413,USD,Pendiente,Cumplido
2024-03-15,2024,PED-2024-01857,El Paraíso,EP-02,Eureka,Fischer Import GmbH,Exportación,Alemania,Trader Golfo,Limón Eureka,4,Primera,7721.0,429.0,0.4088,3156.43,884.32,2791294.18,0.2329,USD,Pendiente,Cumplido
2024-03-15,2024,PED-2024-01862,El Paraíso,EP-04,Génova,Fischer Import GmbH,Exportación,Alemania,Programa Retail UE,Limón Génova,3,Primera,1944.0,108.0,0.4109,798.78,905.66,723423.09,0.2345,USD,Cobrado,Cumplido
2024-03-15,2024,PED-2024-01869,La Esperanza,LE-03,Lisbon,Fischer Import GmbH,Exportación,Alemania,Programa Retail UE,Limón Lisbon,6,Primera,4311.0,240.0,0.3744,1614.05,882.21,1423931.05,0.3011,USD,Cobrado,Cumplido
2024-03-15,2024,PED-2024-01872,Los Álamos,LA-01,Eureka,Fischer Import GmbH,Exportación,Alemania,Programa Retail UE,Limón Eureka,2,Extra,5949.0,330.0,0.4551,2707.53,868.54,2351598.11,0.233,USD,Pendiente,Cumplido
2024-03-15,2024,PED-2024-01877,Los Álamos,LA-03,Génova,Fischer Import GmbH,Exportación,Alemania,Exportación Directa,Limón Génova,6,Primera,2365.0,131.0,0.3824,904.46,904.63,818201.65,0.2406,USD,Cobrado,Parcial
2024-03-15,2024,PED-2024-01875,Los Álamos,LA-02,Lisbon,Medifresh SA,Exportación,España,Trader Golfo,Limón Lisbon,3,Extra,4093.0,227.0,0.3994,1634.63,889.08,1453316.84,0.2961,USD,Cobrado,Cumplido
2024-03-15,2024,PED-2024-01881,Río Ancho,RA-02,Lisbon,Medifresh SA,Exportación,España,Exportación Directa,Limón Lisbon,5,Primera,5241.0,291.0,0.3672,1924.47,919.39,1769338.47,0.2782,USD,Pendiente,Cumplido
2024-03-15,2024,PED-2024-01886,San Cayetano,SC-01,Eureka,Medifresh SA,Exportación,España,Programa Retail UE,Limón Eureka,5,Primera,5884.0,327.0,0.361,2123.84,883.74,1876922.36,0.2501,USD,Cobrado,Cumplido
2024-03-15,2024,PED-2024-01892,San Cayetano,SC-03,Génova,Medifresh SA,Exportación,España,Trader Golfo,Limón Génova,7,Segunda,2631.0,146.0,0.3056,804.11,886.7,713004.34,0.2519,USD,Cobrado,Cumplido
2024-03-15,2024,PED-2024-01856,El Paraíso,EP-01,Eureka,Citromax SA,Industria,Tucumán,Contrato Industria,Limón Industria,5,Primera,1694.0,94.0,0.0767,129.92,892.34,115932.81,0.0668,ARS,Cobrado,Cumplido
2024-03-15,2024,PED-2024-01859,El Paraíso,EP-02,Eureka,Citromax SA,Industria,Tucumán,Contrato Industria,Limón Industria,4,Primera,2471.0,137.0,0.0719,177.73,884.32,157170.19,0.0775,ARS,Pendiente,Cumplido
2024-03-15,2024,PED-2024-01865,La Esperanza,LE-01,Eureka,Citromax SA,Industria,Tucumán,Contrato Industria,Limón Industria,4,Primera,2022.0,112.0,0.0767,155.01,921.54,142847.92,0.0761,ARS,Cobrado,Cumplido
2024-03-15,2024,PED-2024-01874,Los Álamos,LA-01,Eureka,Citromax SA,Industria,Tucumán,Contrato Industria,Limón Industria,2,Extra,1672.0,93.0,0.0833,139.26,868.54,120952.88,0.0521,ARS,Pendiente,Cumplido
2024-03-15,2024,PED-2024-01880,Río Ancho,RA-01,Eureka,Citromax SA,Industria,Tucumán,Mercado Industrial,Limón Industria,3,Primera,2505.0,139.0,0.0788,197.39,878.08,173324.21,0.0619,ARS,Cobrado,Cumplido
2024-03-15,2024,PED-2024-01868,La Esperanza,LE-02,Eureka,Frutales Tucumán SRL,Industria,Tucumán,Mercado Industrial,Limón Industria,6,Extra,2270.0,126.0,0.0633,143.64,917.9,131847.16,0.0528,ARS,Cobrado,Cumplido
2024-03-15,2024,PED-2024-01871,La Esperanza,LE-04,Génova,Frutales Tucumán SRL,Industria,Tucumán,Contrato Industria,Limón Industria,5,Segunda,1564.0,87.0,0.0648,101.42,877.72,89018.36,0.0364,ARS,Cobrado,Cumplido
2024-03-15,2024,PED-2024-01876,Los Álamos,LA-02,Lisbon,Frutales Tucumán SRL,Industria,Tucumán,Contrato Industria,Limón Industria,3,Extra,1861.0,103.0,0.0728,135.53,889.08,120497.01,0.0378,ARS,Cobrado,Cumplido
2024-03-15,2024,PED-2024-01883,Río Ancho,RA-02,Lisbon,Frutales Tucumán SRL,Industria,Tucumán,Mercado Industrial,Limón Industria,5,Primera,2255.0,125.0,0.0645,145.54,919.39,133808.02,0.0305,ARS,Cobrado,Cumplido
2024-03-15,2024,PED-2024-01885,Río Ancho,RA-03,Génova,Frutales Tucumán SRL,Industria,Tucumán,Mercado Industrial,Limón Industria,6,Primera,1936.0,108.0,0.0613,118.66,868.18,103018.24,0.0329,ARS,Cobrado,Cumplido
2024-03-15,2024,PED-2024-01888,San Cayetano,SC-01,Eureka,Frutales Tucumán SRL,Industria,Tucumán,Mercado Industrial,Limón Industria,5,Primera,2043.0,114.0,0.0682,139.43,883.74,123219.87,0.0577,ARS,Cobrado,Cumplido
2024-03-15,2024,PED-2024-01891,San Cayetano,SC-02,Lisbon,Frutales Tucumán SRL,Industria,Tucumán,Contrato Industria,Limón Industria,4,Segunda,1692.0,94.0,0.0659,111.56,904.4,100894.86,0.0311,ARS,Cobrado,Cumplido
2024-03-15,2024,PED-2024-01882,Río Ancho,RA-02,Lisbon,Central de Frutas SA,Mercado Interno,Buenos Aires,Retail Nacional,Limón Lisbon,5,Primera,2496.0,139.0,0.2405,600.25,919.39,551863.85,0.1177,ARS,Vencido,Cumplido
2024-03-15,2024,PED-2024-01855,El Paraíso,EP-01,Eureka,Frutales del Norte SRL,Mercado Interno,Salta,Mercado Central,Limón Eureka,5,Primera,2320.0,129.0,0.1954,453.24,892.34,404444.18,0.1942,ARS,Cobrado,Cumplido
2024-03-15,2024,PED-2024-01867,La Esperanza,LE-02,Eureka,Frutales del Norte SRL,Mercado Interno,Salta,Mercado Central,Limón Eureka,6,Extra,1991.0,111.0,0.2076,413.24,917.9,379313.0,0.1697,ARS,Cobrado,Cumplido
2024-03-15,2024,PED-2024-01873,Los Álamos,LA-01,Eureka,Frutales del Norte SRL,Mercado Interno,Salta,Distribuidor Regional,Limón Eureka,2,Extra,1825.0,101.0,0.2112,385.47,868.54,334796.11,0.2121,ARS,Cobrado,Cumplido
2024-03-15,2024,PED-2024-01890,San Cayetano,SC-02,Lisbon,Frutales del Norte SRL,Mercado Interno,Salta,Retail Nacional,Limón Lisbon,4,Segunda,2244.0,125.0,0.1954,438.51,904.4,396588.44,0.1013,ARS,Cobrado,Cumplido
2024-03-15,2024,PED-2024-01858,El Paraíso,EP-02,Eureka,La Morenita SA,Mercado Interno,Tucumán,Mercado Central,Limón Eureka,4,Primera,2057.0,114.0,0.2348,483.02,884.32,427144.25,0.1266,ARS,Pendiente,Cumplido
2024-03-15,2024,PED-2024-01864,La Esperanza,LE-01,Eureka,La Morenita SA,Mercado Interno,Tucumán,Mercado Central,Limón Eureka,4,Primera,2643.0,147.0,0.224,591.97,921.54,545524.03,0.1418,ARS,Cobrado,Parcial
2024-03-15,2024,PED-2024-01861,El Paraíso,EP-03,Lisbon,Supermercados Norte SA,Mercado Interno,Tucumán,Mercado Central,Limón Lisbon,5,Segunda,1939.0,108.0,0.1854,359.45,896.33,322185.82,0.1937,ARS,Pendiente,Cumplido
2024-03-15,2024,PED-2024-01879,Río Ancho,RA-01,Eureka,Supermercados Norte SA,Mercado Interno,Tucumán,Retail Nacional,Limón Eureka,3,Primera,2237.0,124.0,0.2212,494.91,878.08,434570.57,0.1528,ARS,Cobrado,Cumplido
2024-03-15,2024,PED-2024-01887,San Cayetano,SC-01,Eureka,Supermercados Norte SA,Mercado Interno,Tucumán,Mercado Central,Limón Eureka,5,Primera,2061.0,114.0,0.2097,432.16,883.74,381917.08,0.1283,ARS,Cobrado,Parcial
2024-03-22,2024,PED-2024-01917,Río Ancho,RA-01,Eureka,Al Salam Trading,Exportación,Emiratos Árabes,Programa Retail UE,Limón Eureka,5,Segunda,6349.0,353.0,0.3127,1985.58,892.1,1771335.92,0.2223,USD,Pendiente,Cumplido
2024-03-22,2024,PED-2024-01928,San Cayetano,SC-02,Lisbon,Al Salam Trading,Exportación,Emiratos Árabes,Programa Retail UE,Limón Lisbon,4,Primera,3970.0,221.0,0.3532,1402.08,920.45,1290544.54,0.2096,USD,Cobrado,Cumplido
2024-03-22,2024,PED-2024-01896,El Paraíso,EP-02,Eureka,Citrus World Ltd,Exportación,Reino Unido,Trader Golfo,Limón Eureka,4,Primera,6288.0,349.0,0.4008,2520.15,917.58,2312439.24,0.287,USD,Vencido,Cumplido
2024-03-22,2024,PED-2024-01899,El Paraíso,EP-03,Lisbon,Citrus World Ltd,Exportación,Reino Unido,Programa Retail UE,Limón Lisbon,5,Primera,3017.0,168.0,0.3913,1180.65,900.46,1063128.1,0.2698,USD,Cobrado,Cumplido
2024-03-22,2024,PED-2024-01900,El Paraíso,EP-04,Génova,Citrus World Ltd,Exportación,Reino Unido,Programa Retail UE,Limón Génova,6,Segunda,2231.0,124.0,0.3443,768.1,890.21,683770.3,0.2626,USD,Cobrado,Cumplido
2024-03-22,2024,PED-2024-01901,La Esperanza,LE-01,Eureka,Citrus World Ltd,Exportación,Reino Unido,Exportación Directa,Limón Eureka,6,Segunda,5794.0,322.0,0.3239,1876.85,902.08,1693068.85,0.2582,USD,Cobrado,Cumplido
2024-03-22,2024,PED-2024-01907,La Esperanza,LE-03,Lisbon,Citrus World Ltd,Exportación,Reino Unido,Trader Golfo,Limón Lisbon,6,Primera,4698.0,261.0,0.3633,1706.7,908.26,1550127.34,0.2956,USD,Cobrado,Cumplido
2024-03-22,2024,PED-2024-01910,La Esperanza,LE-04,Génova,Citrus World Ltd,Exportación,Reino Unido,Trader Golfo,Limón Génova,6,Segunda,3243.0,180.0,0.3435,1113.91,907.96,1011385.72,0.1793,USD,Pendiente,Cumplido
2024-03-22,2024,PED-2024-01911,Los Álamos,LA-01,Eureka,Citrus World Ltd,Exportación,Reino Unido,Exportación Directa,Limón Eureka,5,Segunda,4430.0,246.0,0.3667,1624.51,918.93,1492810.97,0.2659,USD,Cobrado,Cumplido
2024-03-22,2024,PED-2024-01916,Los Álamos,LA-03,Génova,Citrus World Ltd,Exportación,Reino Unido,Trader Golfo,Limón Génova,5,Extra,2486.0,138.0,0.4079,1013.98,880.3,892606.59,0.2726,USD,Cobrado,Cumplido
2024-03-22,2024,PED-2024-01923,Río Ancho,RA-03,Génova,Citrus World Ltd,Exportación,Reino Unido,Programa Retail UE,Limón Génova,4,Primera,3148.0,175.0,0.3889,1224.27,879.35,1076561.82,0.286,USD,Cobrado,Cumplido
2024-03-22,2024,PED-2024-01929,San Cayetano,SC-03,Génova,Citrus World Ltd,Exportación,Reino Unido,Programa Retail UE,Limón Génova,4,Segunda,2743.0,152.0,0.3481,954.78,896.61,856065.3,0.1599,USD,Cobrado,Cumplido
2024-03-22,2024,PED-2024-01904,La Esperanza,LE-02,Eureka,Fischer Import GmbH,Exportación,Alemania,Programa Retail UE,Limón Eureka,5,Primera,7526.0,418.0,0.3712,2793.83,928.9,2595188.69,0.2898,USD,Cobrado,Parcial
2024-03-22,2024,PED-2024-01914,Los Álamos,LA-02,Lisbon,Fischer Import GmbH,Exportación,Alemania,Exportación Directa,Limón Lisbon,6,Primera,3579.0,199.0,0.3741,1338.9,921.06,1233207.23,0.2686,USD,Cobrado,Parcial
2024-03-22,2024,PED-2024-01893,El Paraíso,EP-01,Eureka,Medifresh SA,Exportación,España,Trader Golfo,Limón Eureka,7,Segunda,4502.0,250.0,0.2978,1340.92,915.12,1227102.71,0.2143,USD,Cobrado,Cumplido
2024-03-22,2024,PED-2024-01920,Río Ancho,RA-02,Lisbon,Medifresh SA,Exportación,España,Trader Golfo,Limón Lisbon,5,Extra,5507.0,306.0,0.362,1993.7,923.19,1840563.9,0.2187,USD,Cobrado,Cumplido
2024-03-22,2024,PED-2024-01925,San Cayetano,SC-01,Eureka,Medifresh SA,Exportación,España,Programa Retail UE,Limón Eureka,7,Primera,5561.0,309.0,0.3415,1899.19,876.97,1665532.65,0.2408,USD,Cobrado,Cumplido
2024-03-22,2024,PED-2024-01895,El Paraíso,EP-01,Eureka,Citromax SA,Industria,Tucumán,Contrato Industria,Limón Industria,7,Segunda,1684.0,94.0,0.0654,110.12,915.12,100773.01,0.0647,ARS,Cobrado,Cumplido
2024-03-22,2024,PED-2024-01898,El Paraíso,EP-02,Eureka,Citromax SA,Industria,Tucumán,Contrato Industria,Limón Industria,4,Primera,2373.0,132.0,0.0775,183.86,917.58,168706.26,0.0498,ARS,Cobrado,Cumplido
2024-03-22,2024,PED-2024-01903,La Esperanza,LE-01,Eureka,Citromax SA,Industria,Tucumán,Mercado Industrial,Limón Industria,6,Segunda,1913.0,106.0,0.0667,127.62,902.08,115123.45,0.0628,ARS,Cobrado,Parcial
2024-03-22,2024,PED-2024-01909,La Esperanza,LE-03,Lisbon,Citromax SA,Industria,Tucumán,Mercado Industrial,Limón Industria,6,Primera,1591.0,88.0,0.0729,115.93,908.26,105294.58,0.0822,ARS,Cobrado,Cumplido
2024-03-22,2024,PED-2024-01913,Los Álamos,LA-01,Eureka,Citromax SA,Industria,Tucumán,Contrato Industria,Limón Industria,5,Segunda,1852.0,103.0,0.0678,125.53,918.93,115353.28,0.0334,ARS,Cobrado,Cumplido
2024-03-22,2024,PED-2024-01919,Río Ancho,RA-01,Eureka,Citromax SA,Industria,Tucumán,Mercado Industrial,Limón Industria,5,Segunda,2524.0,140.0,0.0657,165.76,892.1,147874.5,0.0648,ARS,Vencido,Parcial
2024-03-22,2024,PED-2024-01922,Río Ancho,RA-02,Lisbon,Citromax SA,Industria,Tucumán,Mercado Industrial,Limón Industria,5,Extra,2583.0,144.0,0.0741,191.39,923.19,176689.33,0.0357,ARS,Cobrado,Cumplido
2024-03-22,2024,PED-2024-01927,San Cayetano,SC-01,Eureka,Citromax SA,Industria,Tucumán,Mercado Industrial,Limón Industria,7,Primera,2243.0,125.0,0.0672,150.62,876.97,132089.22,0.052,ARS,Pendiente,Cumplido
2024-03-22,2024,PED-2024-01906,La Esperanza,LE-02,Eureka,Frutales Tucumán SRL,Industria,Tucumán,Contrato Industria,Limón Industria,5,Primera,1960.0,109.0,0.0691,135.53,928.9,125893.82,0.0389,ARS,Pendiente,Cumplido
2024-03-22,2024,PED-2024-01915,Los Álamos,LA-02,Lisbon,Frutales Tucumán SRL,Industria,Tucumán,Mercado Industrial,Limón Industria,6,Primera,1522.0,85.0,0.0656,99.9,921.06,92013.89,0.057,ARS,Cobrado,Cumplido
2024-03-22,2024,PED-2024-01924,Río Ancho,RA-03,Génova,Frutales Tucumán SRL,Industria,Tucumán,Mercado Industrial,Limón Industria,4,Primera,1852.0,103.0,0.0708,131.15,879.35,115326.75,0.0758,ARS,Pendiente,Cumplido
2024-03-22,2024,PED-2024-01930,San Cayetano,SC-03,Génova,Frutales Tucumán SRL,Industria,Tucumán,Mercado Industrial,Limón Industria,4,Segunda,1642.0,91.0,0.065,106.68,896.61,95650.35,0.0496,ARS,Cobrado,Cumplido
2024-03-22,2024,PED-2024-01894,El Paraíso,EP-01,Eureka,Central de Frutas SA,Mercado Interno,Buenos Aires,Retail Nacional,Limón Eureka,7,Segunda,2194.0,122.0,0.2048,449.39,915.12,411245.78,0.1252,ARS,Cobrado,Cumplido
2024-03-22,2024,PED-2024-01918,Río Ancho,RA-01,Eureka,Central de Frutas SA,Mercado Interno,Buenos Aires,Retail Nacional,Limón Eureka,5,Segunda,3633.0,202.0,0.2261,821.58,892.1,732931.52,0.1255,ARS,Cobrado,Cumplido
2024-03-22,2024,PED-2024-01908,La Esperanza,LE-03,Lisbon,Frutales del Norte SRL,Mercado Interno,Salta,Distribuidor Regional,Limón Lisbon,6,Primera,1755.0,98.0,0.1887,331.22,908.26,300833.88,0.1543,ARS,Pendiente,Cumplido
2024-03-22,2024,PED-2024-01921,Río Ancho,RA-02,Lisbon,Frutales del Norte SRL,Mercado Interno,Salta,Retail Nacional,Limón Lisbon,5,Extra,2202.0,122.0,0.1967,433.03,923.19,399768.97,0.1227,ARS,Cobrado,Cumplido
2024-03-22,2024,PED-2024-01926,San Cayetano,SC-01,Eureka,Frutales del Norte SRL,Mercado Interno,Salta,Retail Nacional,Limón Eureka,7,Primera,2994.0,166.0,0.1825,546.41,876.97,479185.18,0.1532,ARS,Cobrado,Cumplido
2024-03-22,2024,PED-2024-01897,El Paraíso,EP-02,Eureka,La Morenita SA,Mercado Interno,Tucumán,Retail Nacional,Limón Eureka,4,Primera,2699.0,150.0,0.2154,581.23,917.58,533325.02,0.1976,ARS,Cobrado,Cumplido
2024-03-22,2024,PED-2024-01902,La Esperanza,LE-01,Eureka,La Morenita SA,Mercado Interno,Tucumán,Retail Nacional,Limón Eureka,6,Segunda,2843.0,158.0,0.1956,556.13,902.08,501673.75,0.1681,ARS,Cobrado,Parcial
2024-03-22,2024,PED-2024-01905,La Esperanza,LE-02,Eureka,La Morenita SA,Mercado Interno,Tucumán,Retail Nacional,Limón Eureka,5,Primera,2287.0,127.0,0.2277,520.79,928.9,483761.83,0.1239,ARS,Cobrado,Cumplido
2024-03-22,2024,PED-2024-01912,Los Álamos,LA-01,Eureka,La Morenita SA,Mercado Interno,Tucumán,Distribuidor Regional,Limón Eureka,5,Segunda,1713.0,95.0,0.1947,333.47,918.93,306435.59,0.1826,ARS,Cobrado,Cumplido
2024-03-29,2024,PED-2024-01942,La Esperanza,LE-02,Eureka,Al Salam Trading,Exportación,Emiratos Árabes,Programa Retail UE,Limón Eureka,4,Extra,8172.0,454.0,0.3625,2962.52,893.7,2647604.12,0.2965,USD,Cobrado,Cumplido
2024-03-29,2024,PED-2024-01945,La Esperanza,LE-03,Lisbon,Al Salam Trading,Exportación,Emiratos Árabes,Exportación Directa,Limón Lisbon,4,Primera,3830.0,213.0,0.3408,1305.28,893.07,1165706.41,0.2738,USD,Cobrado,Cumplido
2024-03-29,2024,PED-2024-01949,Los Álamos,LA-01,Eureka,Al Salam Trading,Exportación,Emiratos Árabes,Exportación Directa,Limón Eureka,3,Segunda,4612.0,256.0,0.3406,1571.05,922.62,1449482.15,0.2638,USD,Cobrado,Cumplido
2024-03-29,2024,PED-2024-01966,San Cayetano,SC-02,Lisbon,Al Salam Trading,Exportación,Emiratos Árabes,Programa Retail UE,Limón Lisbon,4,Primera,3673.0,204.0,0.351,1289.27,907.08,1169471.03,0.1971,USD,Cobrado,Cumplido
2024-03-29,2024,PED-2024-01931,El Paraíso,EP-01,Eureka,Citrus World Ltd,Exportación,Reino Unido,Trader Golfo,Limón Eureka,4,Primera,7035.0,391.0,0.3893,2738.93,915.71,2508065.59,0.2966,USD,Cobrado,Cumplido
2024-03-29,2024,PED-2024-01934,El Paraíso,EP-02,Eureka,Citrus World Ltd,Exportación,Reino Unido,Trader Golfo,Limón Eureka,3,Primera,6932.0,385.0,0.4045,2804.32,920.46,2581264.39,0.2818,USD,Cobrado,Cumplido
2024-03-29,2024,PED-2024-01937,El Paraíso,EP-03,Lisbon,Fischer Import GmbH,Exportación,Alemania,Trader Golfo,Limón Lisbon,6,Extra,3976.0,221.0,0.3766,1497.52,894.17,1339037.46,0.2087,USD,Cobrado,Cumplido
2024-03-29,2024,PED-2024-01938,El Paraíso,EP-04,Génova,Fischer Import GmbH,Exportación,Alemania,Exportación Directa,Limón Génova,6,Segunda,1533.0,85.0,0.3673,563.01,892.76,502632.81,0.167,USD,Pendiente,Cumplido
2024-03-29,2024,PED-2024-01948,La Esperanza,LE-04,Génova,Fischer Import GmbH,Exportación,Alemania,Exportación Directa,Limón Génova,4,Segunda,2541.0,141.0,0.3578,909.22,887.99,807378.27,0.2442,USD,Pendiente,Cumplido
2024-03-29,2024,PED-2024-01954,Los Álamos,LA-03,Génova,Fischer Import GmbH,Exportación,Alemania,Trader Golfo,Limón Génova,7,Primera,1614.0,90.0,0.3536,570.74,885.39,505327.49,0.1827,USD,Cobrado,Cumplido
2024-03-29,2024,PED-2024-01961,Río Ancho,RA-03,Génova,Fischer Import GmbH,Exportación,Alemania,Programa Retail UE,Limón Génova,6,Primera,3061.0,170.0,0.3818,1168.78,913.97,1068229.86,0.2002,USD,Cobrado,Cumplido
2024-03-29,2024,PED-2024-01963,San Cayetano,SC-01,Eureka,Fischer Import GmbH,Exportación,Alemania,Trader Golfo,Limón Eureka,6,Primera,5903.0,328.0,0.36,2125.19,921.64,1958660.11,0.225,USD,Cobrado,Cumplido
2024-03-29,2024,PED-2024-01969,San Cayetano,SC-03,Génova,Fischer Import GmbH,Exportación,Alemania,Trader Golfo,Limón Génova,5,Extra,2402.0,133.0,0.3905,937.9,921.58,864349.88,0.2949,USD,Pendiente,Cumplido
2024-03-29,2024,PED-2024-01939,La Esperanza,LE-01,Eureka,Medifresh SA,Exportación,España,Exportación Directa,Limón Eureka,4,Extra,5540.0,308.0,0.3633,2012.84,883.03,1777398.11,0.2127,USD,Cobrado,Parcial
2024-03-29,2024,PED-2024-01952,Los Álamos,LA-02,Lisbon,Medifresh SA,Exportación,España,Exportación Directa,Limón Lisbon,5,Primera,4357.0,242.0,0.335,1459.38,910.23,1328371.46,0.2732,USD,Pendiente,Cumplido
2024-03-29,2024,PED-2024-01955,Río Ancho,RA-01,Eureka,Medifresh SA,Exportación,España,Trader Golfo,Limón Eureka,4,Segunda,6998.0,389.0,0.3394,2375.21,900.32,2138449.07,0.1686,USD,Cobrado,Cumplido
2024-03-29,2024,PED-2024-01958,Río Ancho,RA-02,Lisbon,Medifresh SA,Exportación,España,Trader Golfo,Limón Lisbon,5,Segunda,5072.0,282.0,0.3224,1634.99,896.36,1465539.64,0.2526,USD,Pendiente,Cumplido
2024-03-29,2024,PED-2024-01933,El Paraíso,EP-01,Eureka,Citromax SA,Industria,Tucumán,Mercado Industrial,Limón Industria,4,Primera,2094.0,116.0,0.0762,159.47,915.71,146028.27,0.0308,ARS,Vencido,Cumplido
2024-03-29,2024,PED-2024-01936,El Paraíso,EP-02,Eureka,Citromax SA,Industria,Tucumán,Mercado Industrial,Limón Industria,3,Primera,2325.0,129.0,0.0745,173.14,920.46,159368.44,0.0476,ARS,Cobrado,Parcial
2024-03-29,2024,PED-2024-01941,La Esperanza,LE-01,Eureka,Citromax SA,Industria,Tucumán,Mercado Industrial,Limón Industria,4,Extra,1732.0,96.0,0.0765,132.47,883.03,116974.98,0.0702,ARS,Cobrado,Cumplido
2024-03-29,2024,PED-2024-01944,La Esperanza,LE-02,Eureka,Citromax SA,Industria,Tucumán,Contrato Industria,Limón Industria,4,Extra,2542.0,141.0,0.0814,206.81,893.7,184826.1,0.0792,ARS,Cobrado,Cumplido
2024-03-29,2024,PED-2024-01947,La Esperanza,LE-03,Lisbon,Citromax SA,Industria,Tucumán,Contrato Industria,Limón Industria,4,Primera,1629.0,90.0,0.0712,115.97,893.07,103569.33,0.0644,ARS,Pendiente,Cumplido
2024-03-29,2024,PED-2024-01951,Los Álamos,LA-01,Eureka,Citromax SA,Industria,Tucumán,Mercado Industrial,Limón Industria,3,Segunda,1850.0,103.0,0.0744,137.64,922.62,126989.42,0.0437,ARS,Pendiente,Cumplido
2024-03-29,2024,PED-2024-01953,Los Álamos,LA-02,Lisbon,Citromax SA,Industria,Tucumán,Mercado Industrial,Limón Industria,5,Primera,1582.0,88.0,0.0706,111.69,910.23,101663.59,0.0389,ARS,Cobrado,Parcial
2024-03-29,2024,PED-2024-01957,Río Ancho,RA-01,Eureka,Frutales Tucumán SRL,Industria,Tucumán,Contrato Industria,Limón Industria,4,Segunda,2931.0,163.0,0.0633,185.58,900.32,167081.39,0.0799,ARS,Cobrado,Cumplido
2024-03-29,2024,PED-2024-01960,Río Ancho,RA-02,Lisbon,Frutales Tucumán SRL,Industria,Tucumán,Mercado Industrial,Limón Industria,5,Segunda,2714.0,151.0,0.065,176.31,896.36,158037.23,0.0629,ARS,Cobrado,Cumplido
2024-03-29,2024,PED-2024-01962,Río Ancho,RA-03,Génova,Frutales Tucumán SRL,Industria,Tucumán,Contrato Industria,Limón Industria,6,Primera,1686.0,94.0,0.0644,108.54,913.97,99202.3,0.0769,ARS,Cobrado,Cumplido
2024-03-29,2024,PED-2024-01965,San Cayetano,SC-01,Eureka,Frutales Tucumán SRL,Industria,Tucumán,Mercado Industrial,Limón Industria,6,Primera,2024.0,112.0,0.0609,123.27,921.64,113610.56,0.0585,ARS,Cobrado,Cumplido
2024-03-29,2024,PED-2024-01968,San Cayetano,SC-02,Lisbon,Frutales Tucumán SRL,Industria,Tucumán,Mercado Industrial,Limón Industria,4,Primera,1542.0,86.0,0.0699,107.74,907.08,97728.8,0.0696,ARS,Cobrado,Cumplido
2024-03-29,2024,PED-2024-01943,La Esperanza,LE-02,Eureka,Central de Frutas SA,Mercado Interno,Buenos Aires,Retail Nacional,Limón Eureka,4,Extra,2369.0,132.0,0.2411,571.06,893.7,510356.32,0.2071,ARS,Cobrado,Cumplido
2024-03-29,2024,PED-2024-01946,La Esperanza,LE-03,Lisbon,Central de Frutas SA,Mercado Interno,Buenos Aires,Distribuidor Regional,Limón Lisbon,4,Primera,1762.0,98.0,0.2412,424.92,893.07,379483.3,0.1383,ARS,Pendiente,Cumplido
2024-03-29,2024,PED-2024-01950,Los Álamos,LA-01,Eureka,Central de Frutas SA,Mercado Interno,Buenos Aires,Mercado Central,Limón Eureka,3,Segunda,2097.0,116.0,0.2259,473.69,922.62,437035.87,0.1714,ARS,Cobrado,Cumplido
2024-03-29,2024,PED-2024-01956,Río Ancho,RA-01,Eureka,Central de Frutas SA,Mercado Interno,Buenos Aires,Distribuidor Regional,Limón Eureka,4,Segunda,2935.0,163.0,0.2108,618.55,900.32,556892.94,0.1047,ARS,Vencido,Cumplido
2024-03-29,2024,PED-2024-01959,Río Ancho,RA-02,Lisbon,Central de Frutas SA,Mercado Interno,Buenos Aires,Retail Nacional,Limón Lisbon,5,Segunda,2942.0,163.0,0.2123,624.62,896.36,559884.38,0.1282,ARS,Cobrado,Cumplido
2024-03-29,2024,PED-2024-01967,San Cayetano,SC-02,Lisbon,Central de Frutas SA,Mercado Interno,Buenos Aires,Distribuidor Regional,Limón Lisbon,4,Primera,1688.0,94.0,0.2319,391.38,907.08,355012.97,0.1472,ARS,Cobrado,Cumplido
2024-03-29,2024,PED-2024-01932,El Paraíso,EP-01,Eureka,Frutales del Norte SRL,Mercado Interno,Salta,Mercado Central,Limón Eureka,4,Primera,2354.0,131.0,0.1948,458.49,915.71,419843.88,0.1419,ARS,Cobrado,Cumplido
2024-03-29,2024,PED-2024-01935,El Paraíso,EP-02,Eureka,Frutales del Norte SRL,Mercado Interno,Salta,Retail Nacional,Limón Eureka,3,Primera,2085.0,116.0,0.2074,432.37,920.46,397979.29,0.2084,ARS,Cobrado,Cumplido
2024-03-29,2024,PED-2024-01940,La Esperanza,LE-01,Eureka,Frutales del Norte SRL,Mercado Interno,Salta,Distribuidor Regional,Limón Eureka,4,Extra,2196.0,122.0,0.2173,477.17,883.03,421355.43,0.1344,ARS,Cobrado,Cumplido
2024-03-29,2024,PED-2024-01964,San Cayetano,SC-01,Eureka,Frutales del Norte SRL,Mercado Interno,Salta,Mercado Central,Limón Eureka,6,Primera,2235.0,124.0,0.1957,437.3,921.64,403033.17,0.2053,ARS,Cobrado,Cumplido
2024-04-05,2024,PED-2024-01991,La Esperanza,LE-04,Génova,Al Salam Trading,Exportación,Emiratos Árabes,Exportación Directa,Limón Génova,6,Segunda,8731.0,485.0,0.2923,2552.13,914.18,2333106.2,0.1813,USD,Cobrado,Cumplido
2024-04-05,2024,PED-2024-02018,San Cayetano,SC-03,Génova,Al Salam Trading,Exportación,Emiratos Árabes,Programa Retail UE,Limón Génova,5,Segunda,7964.0,442.0,0.3099,2467.73,913.12,2253333.62,0.1927,USD,Cobrado,Cumplido
2024-04-05,2024,PED-2024-01985,La Esperanza,LE-02,Eureka,Citrus World Ltd,Exportación,Reino Unido,Programa Retail UE,Limón Eureka,6,Primera,17952.0,997.0,0.3534,6344.67,908.41,5763561.67,0.1967,USD,Cobrado,Cumplido
2024-04-05,2024,PED-2024-01997,Los Álamos,LA-02,Lisbon,Citrus World Ltd,Exportación,Reino Unido,Exportación Directa,Limón Lisbon,5,Segunda,10830.0,602.0,0.3814,4130.86,921.88,3808157.22,0.2296,USD,Cobrado,Cumplido
2024-04-05,2024,PED-2024-02000,Los Álamos,LA-03,Génova,Citrus World Ltd,Exportación,Reino Unido,Exportación Directa,Limón Génova,7,Primera,5826.0,324.0,0.3685,2146.74,915.95,1966306.5,0.2982,USD,Cobrado,Cumplido
2024-04-05,2024,PED-2024-02003,Río Ancho,RA-01,Eureka,Citrus World Ltd,Exportación,Reino Unido,Exportación Directa,Limón Eureka,4,Segunda,18830.0,1046.0,0.3562,6707.67,907.98,6090430.21,0.2042,USD,Cobrado,Cumplido
2024-04-05,2024,PED-2024-02012,San Cayetano,SC-01,Eureka,Citrus World Ltd,Exportación,Reino Unido,Programa Retail UE,Limón Eureka,4,Segunda,14929.0,829.0,0.3734,5574.71,907.18,5057265.42,0.1706,USD,Cobrado,Cumplido
2024-04-05,2024,PED-2024-02015,San Cayetano,SC-02,Lisbon,Citrus World Ltd,Exportación,Reino Unido,Programa Retail UE,Limón Lisbon,5,Primera,10077.0,560.0,0.3806,3834.94,858.21,3291183.86,0.2363,USD,Cobrado,Cumplido
2024-04-05,2024,PED-2024-01970,El Paraíso,EP-01,Eureka,Fischer Import GmbH,Exportación,Alemania,Exportación Directa,Limón Eureka,5,Primera,17408.0,967.0,0.4003,6969.23,891.13,6210489.93,0.2651,USD,Cobrado,Cumplido
2024-04-05,2024,PED-2024-01973,El Paraíso,EP-02,Eureka,Fischer Import GmbH,Exportación,Alemania,Trader Golfo,Limón Eureka,5,Extra,22081.0,1227.0,0.4416,9749.98,915.57,8926789.19,0.3016,USD,Cobrado,Cumplido
2024-04-05,2024,PED-2024-01976,El Paraíso,EP-03,Lisbon,Fischer Import GmbH,Exportación,Alemania,Exportación Directa,Limón Lisbon,5,Segunda,7461.0,414.0,0.3847,2870.11,897.56,2576095.93,0.1753,USD,Cobrado,Cumplido
2024-04-05,2024,PED-2024-01979,El Paraíso,EP-04,Génova,Fischer Import GmbH,Exportación,Alemania,Trader Golfo,Limón Génova,7,Primera,5991.0,333.0,0.3841,2301.05,919.5,2115815.48,0.2071,USD,Cobrado,Cumplido
2024-04-05,2024,PED-2024-01982,La Esperanza,LE-01,Eureka,Fischer Import GmbH,Exportación,Alemania,Programa Retail UE,Limón Eureka,3,Extra,18286.0,1016.0,0.4636,8477.22,925.74,7847701.64,0.2326,USD,Cobrado,Cumplido
2024-04-05,2024,PED-2024-01994,Los Álamos,LA-01,Eureka,Fischer Import GmbH,Exportación,Alemania,Trader Golfo,Limón Eureka,5,Primera,16582.0,921.0,0.391,6484.17,921.64,5976070.44,0.2395,USD,Cobrado,Cumplido
2024-04-05,2024,PED-2024-01988,La Esperanza,LE-03,Lisbon,Medifresh SA,Exportación,España,Trader Golfo,Limón Lisbon,4,Primera,10953.0,608.0,0.3763,4121.41,905.69,3732719.82,0.2723,USD,Cobrado,Cumplido
2024-04-05,2024,PED-2024-02006,Río Ancho,RA-02,Lisbon,Medifresh SA,Exportación,España,Trader Golfo,Limón Lisbon,3,Primera,15831.0,880.0,0.3772,5971.84,927.97,5541688.36,0.2,USD,Cobrado,Cumplido
2024-04-05,2024,PED-2024-02009,Río Ancho,RA-03,Génova,Medifresh SA,Exportación,España,Trader Golfo,Limón Génova,6,Segunda,7726.0,429.0,0.3138,2424.59,883.94,2143192.08,0.2257,USD,Cobrado,Cumplido
2024-04-05,2024,PED-2024-01972,El Paraíso,EP-01,Eureka,Citromax SA,Industria,Tucumán,Contrato Industria,Limón Industria,5,Primera,4605.0,256.0,0.0744,342.6,891.13,305301.14,0.0815,ARS,Cobrado,Cumplido
2024-04-05,2024,PED-2024-01978,El Paraíso,EP-03,Lisbon,Citromax SA,Industria,Tucumán,Mercado Industrial,Limón Industria,5,Segunda,2826.0,157.0,0.07,197.84,897.56,177573.27,0.0559,ARS,Cobrado,Cumplido
2024-04-05,2024,PED-2024-01984,La Esperanza,LE-01,Eureka,Citromax SA,Industria,Tucumán,Contrato Industria,Limón Industria,3,Extra,4329.0,240.0,0.0785,339.81,925.74,314575.71,0.0677,ARS,Cobrado,Cumplido
2024-04-05,2024,PED-2024-01990,La Esperanza,LE-03,Lisbon,Citromax SA,Industria,Tucumán,Mercado Industrial,Limón Industria,4,Primera,2963.0,165.0,0.0795,235.54,905.69,213326.22,0.0653,ARS,Cobrado,Cumplido
2024-04-05,2024,PED-2024-02002,Los Álamos,LA-03,Génova,Citromax SA,Industria,Tucumán,Mercado Industrial,Limón Industria,7,Primera,2736.0,152.0,0.07,191.52,915.95,175422.74,0.0351,ARS,Cobrado,Cumplido
2024-04-05,2024,PED-2024-01975,El Paraíso,EP-02,Eureka,Frutales Tucumán SRL,Industria,Tucumán,Mercado Industrial,Limón Industria,5,Extra,4247.0,236.0,0.0692,293.9,915.57,269086.02,0.0715,ARS,Cobrado,Cumplido
2024-04-05,2024,PED-2024-01981,El Paraíso,EP-04,Génova,Frutales Tucumán SRL,Industria,Tucumán,Contrato Industria,Limón Industria,7,Primera,2853.0,158.0,0.065,185.4,919.5,170475.3,0.0761,ARS,Cobrado,Cumplido
2024-04-05,2024,PED-2024-01987,La Esperanza,LE-02,Eureka,Frutales Tucumán SRL,Industria,Tucumán,Mercado Industrial,Limón Industria,6,Primera,5234.0,291.0,0.0645,337.74,908.41,306806.39,0.0401,ARS,Cobrado,Cumplido
2024-04-05,2024,PED-2024-01993,La Esperanza,LE-04,Génova,Frutales Tucumán SRL,Industria,Tucumán,Mercado Industrial,Limón Industria,6,Segunda,3528.0,196.0,0.0618,218.09,914.18,199373.52,0.0308,ARS,Cobrado,Cumplido
2024-04-05,2024,PED-2024-01996,Los Álamos,LA-01,Eureka,Frutales Tucumán SRL,Industria,Tucumán,Mercado Industrial,Limón Industria,5,Primera,5569.0,309.0,0.0707,393.48,921.64,362646.91,0.0306,ARS,Cobrado,Cumplido
2024-04-05,2024,PED-2024-01999,Los Álamos,LA-02,Lisbon,Frutales Tucumán SRL,Industria,Tucumán,Mercado Industrial,Limón Industria,5,Segunda,3963.0,220.0,0.0634,251.08,921.88,231465.63,0.0671,ARS,Pendiente,Cumplido
2024-04-05,2024,PED-2024-02005,Río Ancho,RA-01,Eureka,Frutales Tucumán SRL,Industria,Tucumán,Contrato Industria,Limón Industria,4,Segunda,5427.0,302.0,0.0686,372.45,907.98,338177.15,0.075,ARS,Cobrado,Cumplido
2024-04-05,2024,PED-2024-02008,Río Ancho,RA-02,Lisbon,Frutales Tucumán SRL,Industria,Tucumán,Contrato Industria,Limón Industria,3,Primera,5369.0,298.0,0.0705,378.64,927.97,351366.56,0.0565,ARS,Cobrado,Cumplido
2024-04-05,2024,PED-2024-02011,Río Ancho,RA-03,Génova,Frutales Tucumán SRL,Industria,Tucumán,Mercado Industrial,Limón Industria,6,Segunda,4337.0,241.0,0.06,260.02,883.94,229842.08,0.0697,ARS,Cobrado,Cumplido
2024-04-05,2024,PED-2024-02014,San Cayetano,SC-01,Eureka,Frutales Tucumán SRL,Industria,Tucumán,Mercado Industrial,Limón Industria,4,Segunda,4550.0,253.0,0.0649,295.11,907.18,267717.89,0.0446,ARS,Cobrado,Cumplido
2024-04-05,2024,PED-2024-02017,San Cayetano,SC-02,Lisbon,Frutales Tucumán SRL,Industria,Tucumán,Contrato Industria,Limón Industria,5,Primera,3695.0,205.0,0.0691,255.48,858.21,219255.49,0.0646,ARS,Pendiente,Parcial
2024-04-05,2024,PED-2024-02020,San Cayetano,SC-03,Génova,Frutales Tucumán SRL,Industria,Tucumán,Contrato Industria,Limón Industria,5,Segunda,3956.0,220.0,0.0644,254.81,913.12,232672.11,0.0688,ARS,Cobrado,Cumplido
2024-04-05,2024,PED-2024-01989,La Esperanza,LE-03,Lisbon,Central de Frutas SA,Mercado Interno,Buenos Aires,Mercado Central,Limón Lisbon,4,Primera,4329.0,240.0,0.2534,1097.06,905.69,993596.27,0.1307,ARS,Cobrado,Cumplido
2024-04-05,2024,PED-2024-01998,Los Álamos,LA-02,Lisbon,Central de Frutas SA,Mercado Interno,Buenos Aires,Mercado Central,Limón Lisbon,5,Segunda,4429.0,246.0,0.2102,931.07,921.88,858334.81,0.1863,ARS,Cobrado,Cumplido
2024-04-05,2024,PED-2024-02019,San Cayetano,SC-03,Génova,Central de Frutas SA,Mercado Interno,Buenos Aires,Distribuidor Regional,Limón Génova,5,Segunda,3728.0,207.0,0.2209,823.36,913.12,751826.48,0.1862,ARS,Cobrado,Cumplido
2024-04-05,2024,PED-2024-01980,El Paraíso,EP-04,Génova,Frutales del Norte SRL,Mercado Interno,Salta,Mercado Central,Limón Génova,7,Primera,2915.0,162.0,0.1901,554.03,919.5,509430.58,0.1713,ARS,Cobrado,Cumplido
2024-04-05,2024,PED-2024-01983,La Esperanza,LE-01,Eureka,Frutales del Norte SRL,Mercado Interno,Salta,Retail Nacional,Limón Eureka,3,Extra,4300.0,239.0,0.2337,1005.07,925.74,930433.5,0.1952,ARS,Cobrado,Cumplido
2024-04-05,2024,PED-2024-02010,Río Ancho,RA-03,Génova,Frutales del Norte SRL,Mercado Interno,Salta,Distribuidor Regional,Limón Génova,6,Segunda,4672.0,260.0,0.1754,819.53,883.94,724415.35,0.1851,ARS,Pendiente,Cumplido
2024-04-05,2024,PED-2024-01971,El Paraíso,EP-01,Eureka,La Morenita SA,Mercado Interno,Tucumán,Retail Nacional,Limón Eureka,5,Primera,7866.0,437.0,0.2319,1823.76,891.13,1625207.25,0.1579,ARS,Cobrado,Cumplido
2024-04-05,2024,PED-2024-01974,El Paraíso,EP-02,Eureka,La Morenita SA,Mercado Interno,Tucumán,Retail Nacional,Limón Eureka,5,Extra,7224.0,401.0,0.2486,1795.55,915.57,1643951.71,0.1875,ARS,Cobrado,Parcial
2024-04-05,2024,PED-2024-01977,El Paraíso,EP-03,Lisbon,La Morenita SA,Mercado Interno,Tucumán,Retail Nacional,Limón Lisbon,5,Segunda,4013.0,223.0,0.2169,870.57,897.56,781388.81,0.1759,ARS,Cobrado,Parcial
2024-04-05,2024,PED-2024-02001,Los Álamos,LA-03,Génova,La Morenita SA,Mercado Interno,Tucumán,Retail Nacional,Limón Génova,7,Primera,2106.0,117.0,0.2162,455.23,915.95,416967.92,0.1809,ARS,Cobrado,Cumplido
2024-04-05,2024,PED-2024-02004,Río Ancho,RA-01,Eureka,La Morenita SA,Mercado Interno,Tucumán,Retail Nacional,Limón Eureka,4,Segunda,8158.0,453.0,0.2136,1742.74,907.98,1582373.07,0.1355,ARS,Cobrado,Cumplido
2024-04-05,2024,PED-2024-02016,San Cayetano,SC-02,Lisbon,La Morenita SA,Mercado Interno,Tucumán,Mercado Central,Limón Lisbon,5,Primera,3785.0,210.0,0.2278,862.22,858.21,739965.83,0.1666,ARS,Cobrado,Cumplido
2024-04-05,2024,PED-2024-01986,La Esperanza,LE-02,Eureka,Supermercados Norte SA,Mercado Interno,Tucumán,Distribuidor Regional,Limón Eureka,6,Primera,9006.0,500.0,0.2102,1893.18,908.41,1719783.64,0.1459,ARS,Cobrado,Cumplido
2024-04-05,2024,PED-2024-01992,La Esperanza,LE-04,Génova,Supermercados Norte SA,Mercado Interno,Tucumán,Retail Nacional,Limón Génova,6,Segunda,4206.0,234.0,0.1951,820.49,914.18,750075.55,0.1358,ARS,Vencido,Cumplido
2024-04-05,2024,PED-2024-01995,Los Álamos,LA-01,Eureka,Supermercados Norte SA,Mercado Interno,Tucumán,Mercado Central,Limón Eureka,5,Primera,7514.0,417.0,0.2181,1639.09,921.64,1510650.91,0.1475,ARS,Cobrado,Cumplido
2024-04-05,2024,PED-2024-02007,Río Ancho,RA-02,Lisbon,Supermercados Norte SA,Mercado Interno,Tucumán,Mercado Central,Limón Lisbon,3,Primera,5424.0,301.0,0.2192,1188.77,927.97,1103142.9,0.1818,ARS,Cobrado,Cumplido
2024-04-05,2024,PED-2024-02013,San Cayetano,SC-01,Eureka,Supermercados Norte SA,Mercado Interno,Tucumán,Distribuidor Regional,Limón Eureka,4,Segunda,8178.0,454.0,0.2146,1755.36,907.18,1592427.48,0.1548,ARS,Cobrado,Cumplido
2024-04-12,2024,PED-2024-02036,La Esperanza,LE-02,Eureka,Al Salam Trading,Exportación,Emiratos Árabes,Trader Golfo,Limón Eureka,5,Extra,18849.0,1047.0,0.3392,6393.39,862.94,5517111.97,0.2747,USD,Cobrado,Cumplido
2024-04-12,2024,PED-2024-02056,Río Ancho,RA-02,Lisbon,Al Salam Trading,Exportación,Emiratos Árabes,Exportación Directa,Limón Lisbon,6,Segunda,16310.0,906.0,0.3012,4912.75,922.79,4533436.57,0.2494,USD,Cobrado,Cumplido
2024-04-12,2024,PED-2024-02021,El Paraíso,EP-01,Eureka,Citrus World Ltd,Exportación,Reino Unido,Programa Retail UE,Limón Eureka,2,Extra,20371.0,1132.0,0.4534,9236.6,919.3,8491206.38,0.2131,USD,Cobrado,Cumplido
2024-04-12,2024,PED-2024-02039,La Esperanza,LE-03,Lisbon,Citrus World Ltd,Exportación,Reino Unido,Trader Golfo,Limón Lisbon,7,Primera,9373.0,521.0,0.3636,3408.21,943.38,3215237.15,0.2785,USD,Cobrado,Parcial
2024-04-12,2024,PED-2024-02059,Río Ancho,RA-03,Génova,Citrus World Ltd,Exportación,Reino Unido,Trader Golfo,Limón Génova,5,Primera,9503.0,528.0,0.3781,3592.99,915.69,3290065.01,0.2881,USD,Cobrado,Cumplido
2024-04-12,2024,PED-2024-02030,El Paraíso,EP-04,Génova,Fischer Import GmbH,Exportación,Alemania,Programa Retail UE,Limón Génova,5,Extra,6187.0,344.0,0.3976,2459.69,901.72,2217951.67,0.2267,USD,Cobrado,Cumplido
2024-04-12,2024,PED-2024-02042,La Esperanza,LE-04,Génova,Fischer Import GmbH,Exportación,Alemania,Trader Golfo,Limón Génova,6,Extra,9870.0,548.0,0.3868,3817.92,919.13,3509164.81,0.2389,USD,Cobrado,Cumplido
2024-04-12,2024,PED-2024-02045,Los Álamos,LA-01,Eureka,Fischer Import GmbH,Exportación,Alemania,Trader Golfo,Limón Eureka,6,Extra,18276.0,1015.0,0.416,7602.13,899.2,6835835.3,0.2226,USD,Cobrado,Cumplido
2024-04-12,2024,PED-2024-02051,Los Álamos,LA-03,Génova,Fischer Import GmbH,Exportación,Alemania,Exportación Directa,Limón Génova,4,Primera,5340.0,297.0,0.4172,2227.8,926.19,2063366.08,0.2325,USD,Cobrado,Cumplido
2024-04-12,2024,PED-2024-02053,Río Ancho,RA-01,Eureka,Fischer Import GmbH,Exportación,Alemania,Exportación Directa,Limón Eureka,5,Primera,20552.0,1142.0,0.4101,8427.6,908.4,7655631.84,0.2371,USD,Cobrado,Cumplido
2024-04-12,2024,PED-2024-02024,El Paraíso,EP-02,Eureka,Medifresh SA,Exportación,España,Exportación Directa,Limón Eureka,2,Extra,22956.0,1275.0,0.3859,8858.85,931.18,8249183.94,0.2514,USD,Cobrado,Cumplido
2024-04-12,2024,PED-2024-02027,El Paraíso,EP-03,Lisbon,Medifresh SA,Exportación,España,Programa Retail UE,Limón Lisbon,5,Segunda,10891.0,605.0,0.3306,3600.08,920.91,3315349.67,0.1976,USD,Cobrado,Cumplido
2024-04-12,2024,PED-2024-02033,La Esperanza,LE-01,Eureka,Medifresh SA,Exportación,España,Programa Retail UE,Limón Eureka,5,Primera,15179.0,843.0,0.3747,5686.91,902.95,5134995.38,0.3052,USD,Cobrado,Cumplido
2024-04-12,2024,PED-2024-02048,Los Álamos,LA-02,Lisbon,Medifresh SA,Exportación,España,Programa Retail UE,Limón Lisbon,6,Primera,9509.0,528.0,0.3321,3158.26,895.64,2828663.99,0.2636,USD,Cobrado,Cumplido
2024-04-12,2024,PED-2024-02062,San Cayetano,SC-01,Eureka,Medifresh SA,Exportación,España,Programa Retail UE,Limón Eureka,4,Primera,17496.0,972.0,0.3819,6681.72,915.49,6117047.84,0.2823,USD,Cobrado,Cumplido
2024-04-12,2024,PED-2024-02065,San Cayetano,SC-02,Lisbon,Medifresh SA,Exportación,España,Programa Retail UE,Limón Lisbon,7,Segunda,12289.0,683.0,0.3142,3861.3,909.68,3512547.38,0.2325,USD,Cobrado,Cumplido
2024-04-12,2024,PED-2024-02068,San Cayetano,SC-03,Génova,Medifresh SA,Exportación,España,Trader Golfo,Limón Génova,5,Primera,7816.0,434.0,0.363,2836.9,920.78,2612160.78,0.3056,USD,Cobrado,Cumplido
2024-04-12,2024,PED-2024-02023,El Paraíso,EP-01,Eureka,Citromax SA,Industria,Tucumán,Mercado Industrial,Limón Industria,2,Extra,4461.0,248.0,0.0863,385.14,919.3,354059.2,0.0543,ARS,Cobrado,Cumplido
2024-04-12,2024,PED-2024-02026,El Paraíso,EP-02,Eureka,Citromax SA,Industria,Tucumán,Mercado Industrial,Limón Industria,2,Extra,4608.0,256.0,0.0871,401.31,931.18,373691.85,0.0525,ARS,Cobrado,Cumplido
2024-04-12,2024,PED-2024-02047,Los Álamos,LA-01,Eureka,Citromax SA,Industria,Tucumán,Contrato Industria,Limón Industria,6,Extra,5506.0,306.0,0.0773,425.34,899.2,382465.73,0.0855,ARS,Cobrado,Cumplido
2024-04-12,2024,PED-2024-02055,Río Ancho,RA-01,Eureka,Citromax SA,Industria,Tucumán,Contrato Industria,Limón Industria,5,Primera,6605.0,367.0,0.0732,483.78,908.4,439465.75,0.0885,ARS,Cobrado,Cumplido
2024-04-12,2024,PED-2024-02058,Río Ancho,RA-02,Lisbon,Citromax SA,Industria,Tucumán,Contrato Industria,Limón Industria,6,Segunda,6703.0,372.0,0.0679,455.02,922.79,419887.91,0.0796,ARS,Cobrado,Cumplido
2024-04-12,2024,PED-2024-02061,Río Ancho,RA-03,Génova,Citromax SA,Industria,Tucumán,Mercado Industrial,Limón Industria,5,Primera,5184.0,288.0,0.0769,398.64,915.69,365030.66,0.0502,ARS,Cobrado,Cumplido
2024-04-12,2024,PED-2024-02064,San Cayetano,SC-01,Eureka,Citromax SA,Industria,Tucumán,Mercado Industrial,Limón Industria,4,Primera,6655.0,370.0,0.0805,535.77,915.49,490492.08,0.0415,ARS,Pendiente,Cumplido
2024-04-12,2024,PED-2024-02067,San Cayetano,SC-02,Lisbon,Citromax SA,Industria,Tucumán,Contrato Industria,Limón Industria,7,Segunda,4118.0,229.0,0.0683,281.14,909.68,255747.44,0.0573,ARS,Cobrado,Cumplido
2024-04-12,2024,PED-2024-02070,San Cayetano,SC-03,Génova,Citromax SA,Industria,Tucumán,Mercado Industrial,Limón Industria,5,Primera,3806.0,211.0,0.0771,293.55,920.78,270294.97,0.0671,ARS,Cobrado,Cumplido
2024-04-12,2024,PED-2024-02029,El Paraíso,EP-03,Lisbon,Frutales Tucumán SRL,Industria,Tucumán,Contrato Industria,Limón Industria,5,Segunda,3467.0,193.0,0.0631,218.92,920.91,201605.62,0.0841,ARS,Cobrado,Cumplido
2024-04-12,2024,PED-2024-02032,El Paraíso,EP-04,Génova,Frutales Tucumán SRL,Industria,Tucumán,Mercado Industrial,Limón Industria,5,Extra,2898.0,161.0,0.0687,198.95,901.72,179397.19,0.0837,ARS,Cobrado,Cumplido
2024-04-12,2024,PED-2024-02035,La Esperanza,LE-01,Eureka,Frutales Tucumán SRL,Industria,Tucumán,Mercado Industrial,Limón Industria,5,Primera,4512.0,251.0,0.0681,307.47,902.95,277630.04,0.0563,ARS,Cobrado,Parcial
2024-04-12,2024,PED-2024-02038,La Esperanza,LE-02,Eureka,Frutales Tucumán SRL,Industria,Tucumán,Contrato Industria,Limón Industria,5,Extra,4934.0,274.0,0.0683,337.18,862.94,290966.11,0.0524,ARS,Cobrado,Cumplido
2024-04-12,2024,PED-2024-02041,La Esperanza,LE-03,Lisbon,Frutales Tucumán SRL,Industria,Tucumán,Contrato Industria,Limón Industria,7,Primera,3915.0,218.0,0.0607,237.64,943.38,224184.82,0.0735,ARS,Cobrado,Cumplido
2024-04-12,2024,PED-2024-02044,La Esperanza,LE-04,Génova,Frutales Tucumán SRL,Industria,Tucumán,Mercado Industrial,Limón Industria,6,Extra,2632.0,146.0,0.0702,184.77,919.13,169827.65,0.0412,ARS,Cobrado,Cumplido
2024-04-12,2024,PED-2024-02050,Los Álamos,LA-02,Lisbon,Frutales Tucumán SRL,Industria,Tucumán,Mercado Industrial,Limón Industria,6,Primera,3668.0,204.0,0.0686,251.49,895.64,225244.5,0.0618,ARS,Cobrado,Cumplido
2024-04-12,2024,PED-2024-02052,Los Álamos,LA-03,Génova,Frutales Tucumán SRL,Industria,Tucumán,Contrato Industria,Limón Industria,4,Primera,2697.0,150.0,0.0705,190.11,926.19,176077.98,0.0597,ARS,Cobrado,Cumplido
2024-04-12,2024,PED-2024-02022,El Paraíso,EP-01,Eureka,Central de Frutas SA,Mercado Interno,Buenos Aires,Distribuidor Regional,Limón Eureka,2,Extra,5129.0,285.0,0.2523,1294.06,919.3,1189629.36,0.1861,ARS,Pendiente,Cumplido
2024-04-12,2024,PED-2024-02025,El Paraíso,EP-02,Eureka,Central de Frutas SA,Mercado Interno,Buenos Aires,Distribuidor Regional,Limón Eureka,2,Extra,5656.0,314.0,0.2627,1485.84,931.18,1383584.49,0.2081,ARS,Cobrado,Cumplido
2024-04-12,2024,PED-2024-02069,San Cayetano,SC-03,Génova,Central de Frutas SA,Mercado Interno,Buenos Aires,Mercado Central,Limón Génova,5,Primera,2419.0,134.0,0.2412,583.39,920.78,537173.84,0.1898,ARS,Cobrado,Cumplido
2024-04-12,2024,PED-2024-02028,El Paraíso,EP-03,Lisbon,Frutales del Norte SRL,Mercado Interno,Salta,Mercado Central,Limón Lisbon,5,Segunda,4648.0,258.0,0.1893,879.64,920.91,810069.27,0.1441,ARS,Pendiente,Cumplido
2024-04-12,2024,PED-2024-02031,El Paraíso,EP-04,Génova,Frutales del Norte SRL,Mercado Interno,Salta,Distribuidor Regional,Limón Génova,5,Extra,1964.0,109.0,0.209,410.53,901.72,370183.11,0.1893,ARS,Cobrado,Cumplido
2024-04-12,2024,PED-2024-02043,La Esperanza,LE-04,Génova,Frutales del Norte SRL,Mercado Interno,Salta,Mercado Central,Limón Génova,6,Extra,3148.0,175.0,0.2101,661.45,919.13,607958.54,0.1294,ARS,Cobrado,Cumplido
2024-04-12,2024,PED-2024-02063,San Cayetano,SC-01,Eureka,Frutales del Norte SRL,Mercado Interno,Salta,Retail Nacional,Limón Eureka,4,Primera,7193.0,400.0,0.2177,1565.95,915.49,1433611.57,0.1859,ARS,Cobrado,Cumplido
2024-04-12,2024,PED-2024-02034,La Esperanza,LE-01,Eureka,La Morenita SA,Mercado Interno,Tucumán,Distribuidor Regional,Limón Eureka,5,Primera,6437.0,358.0,0.2289,1473.19,902.95,1330216.91,0.1435,ARS,Cobrado,Cumplido
2024-04-12,2024,PED-2024-02040,La Esperanza,LE-03,Lisbon,La Morenita SA,Mercado Interno,Tucumán,Retail Nacional,Limón Lisbon,7,Primera,5153.0,286.0,0.2082,1072.61,943.38,1011878.82,0.125,ARS,Pendiente,Cumplido
2024-04-12,2024,PED-2024-02046,Los Álamos,LA-01,Eureka,La Morenita SA,Mercado Interno,Tucumán,Retail Nacional,Limón Eureka,6,Extra,5736.0,319.0,0.2187,1254.39,899.2,1127947.49,0.1546,ARS,Cobrado,Cumplido
2024-04-12,2024,PED-2024-02049,Los Álamos,LA-02,Lisbon,La Morenita SA,Mercado Interno,Tucumán,Mercado Central,Limón Lisbon,6,Primera,4337.0,241.0,0.2203,955.38,895.64,855676.54,0.1934,ARS,Cobrado,Cumplido
2024-04-12,2024,PED-2024-02057,Río Ancho,RA-02,Lisbon,La Morenita SA,Mercado Interno,Tucumán,Distribuidor Regional,Limón Lisbon,6,Segunda,7608.0,423.0,0.1986,1510.72,922.79,1394077.31,0.1531,ARS,Cobrado,Cumplido
2024-04-12,2024,PED-2024-02060,Río Ancho,RA-03,Génova,La Morenita SA,Mercado Interno,Tucumán,Distribuidor Regional,Limón Génova,5,Primera,3028.0,168.0,0.219,662.99,915.69,607093.31,0.1607,ARS,Pendiente,Cumplido
2024-04-12,2024,PED-2024-02037,La Esperanza,LE-02,Eureka,Supermercados Norte SA,Mercado Interno,Tucumán,Mercado Central,Limón Eureka,5,Extra,6561.0,364.0,0.2355,1545.35,862.94,1333544.33,0.196,ARS,Cobrado,Cumplido
2024-04-12,2024,PED-2024-02054,Río Ancho,RA-01,Eureka,Supermercados Norte SA,Mercado Interno,Tucumán,Retail Nacional,Limón Eureka,5,Primera,9053.0,503.0,0.2273,2057.38,908.4,1868923.99,0.1833,ARS,Cobrado,Cumplido
2024-04-12,2024,PED-2024-02066,San Cayetano,SC-02,Lisbon,Supermercados Norte SA,Mercado Interno,Tucumán,Retail Nacional,Limón Lisbon,7,Segunda,6909.0,384.0,0.1963,1356.16,909.68,1233671.63,0.1946,ARS,Cobrado,Cumplido
2024-04-19,2024,PED-2024-02098,Los Álamos,LA-02,Lisbon,Al Salam Trading,Exportación,Emiratos Árabes,Exportación Directa,Limón Lisbon,3,Primera,12549.0,697.0,0.356,4467.49,925.22,4133411.1,0.2573,USD,Cobrado,Cumplido
2024-04-19,2024,PED-2024-02110,Río Ancho,RA-03,Génova,Al Salam Trading,Exportación,Emiratos Árabes,Exportación Directa,Limón Génova,6,Segunda,7927.0,440.0,0.3231,2560.88,889.51,2277928.37,0.1582,USD,Cobrado,Cumplido
2024-04-19,2024,PED-2024-02074,El Paraíso,EP-02,Eureka,Citrus World Ltd,Exportación,Reino Unido,Programa Retail UE,Limón Eureka,2,Primera,20010.0,1112.0,0.4255,8513.67,906.91,7721132.46,0.2268,USD,Cobrado,Cumplido
2024-04-19,2024,PED-2024-02092,La Esperanza,LE-04,Génova,Citrus World Ltd,Exportación,Reino Unido,Exportación Directa,Limón Génova,3,Extra,10546.0,586.0,0.4095,4318.07,907.95,3920591.66,0.2891,USD,Cobrado,Cumplido
2024-04-19,2024,PED-2024-02104,Río Ancho,RA-01,Eureka,Citrus World Ltd,Exportación,Reino Unido,Trader Golfo,Limón Eureka,4,Primera,21499.0,1194.0,0.3713,7981.6,921.59,7355762.74,0.244,USD,Cobrado,Cumplido
2024-04-19,2024,PED-2024-02119,San Cayetano,SC-03,Génova,Citrus World Ltd,Exportación,Reino Unido,Exportación Directa,Limón Génova,6,Primera,7905.0,439.0,0.3656,2890.33,906.64,2620488.79,0.183,USD,Cobrado,Cumplido
2024-04-19,2024,PED-2024-02071,El Paraíso,EP-01,Eureka,Fischer Import GmbH,Exportación,Alemania,Exportación Directa,Limón Eureka,5,Extra,19104.0,1061.0,0.413,7890.12,920.02,7259068.2,0.2696,USD,Cobrado,Cumplido
2024-04-19,2024,PED-2024-02077,El Paraíso,EP-03,Lisbon,Fischer Import GmbH,Exportación,Alemania,Programa Retail UE,Limón Lisbon,4,Primera,12037.0,669.0,0.4272,5142.26,934.64,4806161.89,0.1901,USD,Cobrado,Cumplido
2024-04-19,2024,PED-2024-02083,La Esperanza,LE-01,Eureka,Fischer Import GmbH,Exportación,Alemania,Programa Retail UE,Limón Eureka,6,Primera,20252.0,1125.0,0.406,8222.77,920.05,7565359.54,0.239,USD,Cobrado,Cumplido
2024-04-19,2024,PED-2024-02086,La Esperanza,LE-02,Eureka,Fischer Import GmbH,Exportación,Alemania,Trader Golfo,Limón Eureka,2,Extra,21569.0,1198.0,0.4732,10205.56,930.2,9493211.91,0.1985,USD,Cobrado,Cumplido
2024-04-19,2024,PED-2024-02089,La Esperanza,LE-03,Lisbon,Fischer Import GmbH,Exportación,Alemania,Trader Golfo,Limón Lisbon,4,Extra,12981.0,721.0,0.4167,5409.27,920.66,4980098.52,0.2743,USD,Cobrado,Cumplido
2024-04-19,2024,PED-2024-02107,Río Ancho,RA-02,Lisbon,Fischer Import GmbH,Exportación,Alemania,Trader Golfo,Limón Lisbon,4,Extra,20729.0,1152.0,0.434,8995.9,908.73,8174844.21,0.2897,USD,Cobrado,Cumplido
2024-04-19,2024,PED-2024-02113,San Cayetano,SC-01,Eureka,Fischer Import GmbH,Exportación,Alemania,Exportación Directa,Limón Eureka,4,Primera,18706.0,1039.0,0.4184,7827.12,944.62,7393654.09,0.3077,USD,Cobrado,Cumplido
2024-04-19,2024,PED-2024-02080,El Paraíso,EP-04,Génova,Medifresh SA,Exportación,España,Programa Retail UE,Limón Génova,5,Segunda,6297.0,350.0,0.3536,2226.62,912.91,2032703.66,0.1543,USD,Cobrado,Cumplido
2024-04-19,2024,PED-2024-02095,Los Álamos,LA-01,Eureka,Medifresh SA,Exportación,España,Programa Retail UE,Limón Eureka,2,Extra,15441.0,858.0,0.4209,6499.46,903.35,5871287.19,0.2595,USD,Cobrado,Cumplido
2024-04-19,2024,PED-2024-02101,Los Álamos,LA-03,Génova,Medifresh SA,Exportación,España,Exportación Directa,Limón Génova,5,Primera,6916.0,384.0,0.3594,2485.59,915.41,2275333.94,0.2129,USD,Cobrado,Cumplido
2024-04-19,2024,PED-2024-02116,San Cayetano,SC-02,Lisbon,Medifresh SA,Exportación,España,Exportación Directa,Limón Lisbon,7,Primera,12164.0,676.0,0.3529,4292.29,927.97,3983116.35,0.221,USD,Cobrado,Cumplido
2024-04-19,2024,PED-2024-02076,El Paraíso,EP-02,Eureka,Citromax SA,Industria,Tucumán,Contrato Industria,Limón Industria,2,Primera,5208.0,289.0,0.0804,418.92,906.91,379922.74,0.0506,ARS,Pendiente,Parcial
2024-04-19,2024,PED-2024-02079,El Paraíso,EP-03,Lisbon,Citromax SA,Industria,Tucumán,Mercado Industrial,Limón Industria,4,Primera,3775.0,210.0,0.0802,302.76,934.64,282971.61,0.0856,ARS,Cobrado,Cumplido
2024-04-19,2024,PED-2024-02082,El Paraíso,EP-04,Génova,Citromax SA,Industria,Tucumán,Contrato Industria,Limón Industria,5,Segunda,2303.0,128.0,0.071,163.53,912.91,149288.17,0.0809,ARS,Pendiente,Cumplido
2024-04-19,2024,PED-2024-02103,Los Álamos,LA-03,Génova,Citromax SA,Industria,Tucumán,Contrato Industria,Limón Industria,5,Primera,2854.0,159.0,0.0778,222.16,915.41,203367.49,0.0672,ARS,Cobrado,Parcial
2024-04-19,2024,PED-2024-02106,Río Ancho,RA-01,Eureka,Citromax SA,Industria,Tucumán,Mercado Industrial,Limón Industria,4,Primera,5061.0,281.0,0.0739,373.82,921.59,344508.77,0.0872,ARS,Cobrado,Cumplido
2024-04-19,2024,PED-2024-02109,Río Ancho,RA-02,Lisbon,Citromax SA,Industria,Tucumán,Contrato Industria,Limón Industria,4,Extra,6986.0,388.0,0.0802,560.13,908.73,509006.93,0.0466,ARS,Cobrado,Cumplido
2024-04-19,2024,PED-2024-02115,San Cayetano,SC-01,Eureka,Citromax SA,Industria,Tucumán,Mercado Industrial,Limón Industria,4,Primera,4170.0,232.0,0.0765,319.2,944.62,301522.7,0.0531,ARS,Cobrado,Cumplido
2024-04-19,2024,PED-2024-02118,San Cayetano,SC-02,Lisbon,Citromax SA,Industria,Tucumán,Contrato Industria,Limón Industria,7,Primera,4255.0,236.0,0.067,285.25,927.97,264703.44,0.0747,ARS,Cobrado,Cumplido
2024-04-19,2024,PED-2024-02073,El Paraíso,EP-01,Eureka,Frutales Tucumán SRL,Industria,Tucumán,Mercado Industrial,Limón Industria,5,Extra,3846.0,214.0,0.0704,270.59,920.02,248948.21,0.0817,ARS,Vencido,Cumplido
2024-04-19,2024,PED-2024-02085,La Esperanza,LE-01,Eureka,Frutales Tucumán SRL,Industria,Tucumán,Mercado Industrial,Limón Industria,6,Primera,4688.0,260.0,0.0646,302.7,920.05,278499.13,0.0698,ARS,Cobrado,Cumplido
2024-04-19,2024,PED-2024-02088,La Esperanza,LE-02,Eureka,Frutales Tucumán SRL,Industria,Tucumán,Mercado Industrial,Limón Industria,2,Extra,6045.0,336.0,0.0769,464.79,930.2,432347.66,0.0477,ARS,Cobrado,Parcial
2024-04-19,2024,PED-2024-02091,La Esperanza,LE-03,Lisbon,Frutales Tucumán SRL,Industria,Tucumán,Contrato Industria,Limón Industria,4,Extra,4482.0,249.0,0.0712,319.15,920.66,293828.64,0.0831,ARS,Cobrado,Parcial
2024-04-19,2024,PED-2024-02094,La Esperanza,LE-04,Génova,Frutales Tucumán SRL,Industria,Tucumán,Contrato Industria,Limón Industria,3,Extra,4263.0,237.0,0.075,319.71,907.95,290280.69,0.0487,ARS,Cobrado,Cumplido
2024-04-19,2024,PED-2024-02097,Los Álamos,LA-01,Eureka,Frutales Tucumán SRL,Industria,Tucumán,Contrato Industria,Limón Industria,2,Extra,3561.0,198.0,0.0776,276.48,903.35,249758.21,0.0386,ARS,Cobrado,Cumplido
2024-04-19,2024,PED-2024-02100,Los Álamos,LA-02,Lisbon,Frutales Tucumán SRL,Industria,Tucumán,Mercado Industrial,Limón Industria,3,Primera,4264.0,237.0,0.0723,308.49,925.22,285421.12,0.0715,ARS,Cobrado,Cumplido
2024-04-19,2024,PED-2024-02112,Río Ancho,RA-03,Génova,Frutales Tucumán SRL,Industria,Tucumán,Contrato Industria,Limón Industria,6,Segunda,4619.0,257.0,0.0645,297.89,889.51,264976.13,0.0829,ARS,Cobrado,Cumplido
2024-04-19,2024,PED-2024-02121,San Cayetano,SC-03,Génova,Frutales Tucumán SRL,Industria,Tucumán,Mercado Industrial,Limón Industria,6,Primera,3311.0,184.0,0.0684,226.55,906.64,205399.29,0.0363,ARS,Cobrado,Cumplido
2024-04-19,2024,PED-2024-02090,La Esperanza,LE-03,Lisbon,Central de Frutas SA,Mercado Interno,Buenos Aires,Distribuidor Regional,Limón Lisbon,4,Extra,4658.0,259.0,0.2356,1097.56,920.66,1010479.59,0.1422,ARS,Cobrado,Cumplido
2024-04-19,2024,PED-2024-02099,Los Álamos,LA-02,Lisbon,Central de Frutas SA,Mercado Interno,Buenos Aires,Mercado Central,Limón Lisbon,3,Primera,3180.0,177.0,0.2546,809.59,925.22,749048.86,0.2068,ARS,Cobrado,Cumplido
2024-04-19,2024,PED-2024-02111,Río Ancho,RA-03,Génova,Central de Frutas SA,Mercado Interno,Buenos Aires,Distribuidor Regional,Limón Génova,6,Segunda,3417.0,190.0,0.2241,765.78,889.51,681168.97,0.123,ARS,Pendiente,Cumplido
2024-04-19,2024,PED-2024-02072,El Paraíso,EP-01,Eureka,Frutales del Norte SRL,Mercado Interno,Salta,Mercado Central,Limón Eureka,5,Extra,7519.0,418.0,0.218,1639.09,920.02,1507995.58,0.1696,ARS,Pendiente,Cumplido
2024-04-19,2024,PED-2024-02075,El Paraíso,EP-02,Eureka,Frutales del Norte SRL,Mercado Interno,Salta,Retail Nacional,Limón Eureka,2,Primera,6799.0,378.0,0.2169,1474.46,906.91,1337202.52,0.1802,ARS,Cobrado,Cumplido
2024-04-19,2024,PED-2024-02078,El Paraíso,EP-03,Lisbon,Frutales del Norte SRL,Mercado Interno,Salta,Retail Nacional,Limón Lisbon,4,Primera,3864.0,215.0,0.2102,812.04,934.64,758965.07,0.1116,ARS,Cobrado,Cumplido
2024-04-19,2024,PED-2024-02084,La Esperanza,LE-01,Eureka,Frutales del Norte SRL,Mercado Interno,Salta,Mercado Central,Limón Eureka,6,Primera,6675.0,371.0,0.2069,1381.1,920.05,1270681.06,0.1488,ARS,Pendiente,Cumplido
2024-04-19,2024,PED-2024-02105,Río Ancho,RA-01,Eureka,Frutales del Norte SRL,Mercado Interno,Salta,Distribuidor Regional,Limón Eureka,4,Primera,5868.0,326.0,0.2033,1193.25,921.59,1099687.27,0.1226,ARS,Cobrado,Cumplido
2024-04-19,2024,PED-2024-02114,San Cayetano,SC-01,Eureka,Frutales del Norte SRL,Mercado Interno,Salta,Distribuidor Regional,Limón Eureka,4,Primera,5410.0,301.0,0.2211,1196.12,944.62,1129878.87,0.1157,ARS,Cobrado,Cumplido
2024-04-19,2024,PED-2024-02117,San Cayetano,SC-02,Lisbon,Frutales del Norte SRL,Mercado Interno,Salta,Distribuidor Regional,Limón Lisbon,7,Primera,4822.0,268.0,0.184,887.31,927.97,823397.06,0.1679,ARS,Cobrado,Parcial
2024-04-19,2024,PED-2024-02081,El Paraíso,EP-04,Génova,La Morenita SA,Mercado Interno,Tucumán,Retail Nacional,Limón Génova,5,Segunda,2573.0,143.0,0.2006,516.08,912.91,471134.59,0.1074,ARS,Cobrado,Cumplido
2024-04-19,2024,PED-2024-02093,La Esperanza,LE-04,Génova,La Morenita SA,Mercado Interno,Tucumán,Distribuidor Regional,Limón Génova,3,Extra,2415.0,134.0,0.2485,600.18,907.95,544933.43,0.1964,ARS,Cobrado,Cumplido
2024-04-19,2024,PED-2024-02108,Río Ancho,RA-02,Lisbon,La Morenita SA,Mercado Interno,Tucumán,Mercado Central,Limón Lisbon,4,Extra,4835.0,269.0,0.2498,1207.86,908.73,1097618.62,0.1823,ARS,Pendiente,Cumplido
2024-04-19,2024,PED-2024-02120,San Cayetano,SC-03,Génova,La Morenita SA,Mercado Interno,Tucumán,Mercado Central,Limón Génova,6,Primera,2817.0,156.0,0.222,625.36,906.64,566976.39,0.119,ARS,Cobrado,Cumplido
2024-04-19,2024,PED-2024-02087,La Esperanza,LE-02,Eureka,Supermercados Norte SA,Mercado Interno,Tucumán,Distribuidor Regional,Limón Eureka,2,Extra,3763.0,209.0,0.2315,870.98,930.2,810185.6,0.1937,ARS,Cobrado,Cumplido
2024-04-19,2024,PED-2024-02096,Los Álamos,LA-01,Eureka,Supermercados Norte SA,Mercado Interno,Tucumán,Distribuidor Regional,Limón Eureka,2,Extra,3213.0,178.0,0.2295,737.34,903.35,666076.09,0.1923,ARS,Cobrado,Cumplido
2024-04-19,2024,PED-2024-02102,Los Álamos,LA-03,Génova,Supermercados Norte SA,Mercado Interno,Tucumán,Mercado Central,Limón Génova,5,Primera,2167.0,120.0,0.2279,493.93,915.41,452148.46,0.1356,ARS,Cobrado,Cumplido
2024-04-26,2024,PED-2024-02128,El Paraíso,EP-03,Lisbon,Al Salam Trading,Exportación,Emiratos Árabes,Exportación Directa,Limón Lisbon,5,Extra,12533.0,696.0,0.3551,4450.15,919.45,4091690.42,0.3178,USD,Cobrado,Cumplido
2024-04-26,2024,PED-2024-02131,El Paraíso,EP-04,Génova,Al Salam Trading,Exportación,Emiratos Árabes,Exportación Directa,Limón Génova,7,Primera,5863.0,326.0,0.3204,1878.51,915.37,1719531.7,0.2703,USD,Cobrado,Cumplido
2024-04-26,2024,PED-2024-02146,Los Álamos,LA-01,Eureka,Al Salam Trading,Exportación,Emiratos Árabes,Trader Golfo,Limón Eureka,4,Segunda,16728.0,929.0,0.3174,5309.24,931.79,4947096.74,0.2227,USD,Cobrado,Cumplido
2024-04-26,2024,PED-2024-02158,Río Ancho,RA-02,Lisbon,Al Salam Trading,Exportación,Emiratos Árabes,Programa Retail UE,Limón Lisbon,3,Extra,17609.0,978.0,0.382,6726.12,897.23,6034876.65,0.2471,USD,Cobrado,Cumplido
2024-04-26,2024,PED-2024-02164,San Cayetano,SC-01,Eureka,Al Salam Trading,Exportación,Emiratos Árabes,Exportación Directa,Limón Eureka,4,Primera,18763.0,1042.0,0.3446,6466.52,932.21,6028154.61,0.2718,USD,Cobrado,Cumplido
2024-04-26,2024,PED-2024-02134,La Esperanza,LE-01,Eureka,Citrus World Ltd,Exportación,Reino Unido,Programa Retail UE,Limón Eureka,5,Primera,16224.0,901.0,0.363,5889.1,894.25,5266327.68,0.2126,USD,Cobrado,Cumplido
2024-04-26,2024,PED-2024-02137,La Esperanza,LE-02,Eureka,Citrus World Ltd,Exportación,Reino Unido,Exportación Directa,Limón Eureka,4,Primera,19497.0,1083.0,0.403,7857.11,918.78,7218955.53,0.2737,USD,Cobrado,Cumplido
2024-04-26,2024,PED-2024-02140,La Esperanza,LE-03,Lisbon,Citrus World Ltd,Exportación,Reino Unido,Programa Retail UE,Limón Lisbon,5,Segunda,13093.0,727.0,0.3814,4993.65,931.16,4649887.13,0.1604,USD,Cobrado,Cumplido
2024-04-26,2024,PED-2024-02149,Los Álamos,LA-02,Lisbon,Citrus World Ltd,Exportación,Reino Unido,Exportación Directa,Limón Lisbon,5,Primera,12211.0,678.0,0.3609,4407.08,923.59,4070335.02,0.2925,USD,Cobrado,Cumplido
2024-04-26,2024,PED-2024-02152,Los Álamos,LA-03,Génova,Citrus World Ltd,Exportación,Reino Unido,Trader Golfo,Limón Génova,5,Primera,6444.0,358.0,0.3653,2353.79,931.49,2192531.85,0.2306,USD,Cobrado,Cumplido
2024-04-26,2024,PED-2024-02161,Río Ancho,RA-03,Génova,Citrus World Ltd,Exportación,Reino Unido,Exportación Directa,Limón Génova,7,Extra,8628.0,479.0,0.376,3244.29,921.69,2990229.65,0.2246,USD,Cobrado,Parcial
2024-04-26,2024,PED-2024-02167,San Cayetano,SC-02,Lisbon,Citrus World Ltd,Exportación,Reino Unido,Trader Golfo,Limón Lisbon,5,Primera,8918.0,495.0,0.3793,3382.56,944.29,3194117.58,0.2331,USD,Pendiente,Cumplido
2024-04-26,2024,PED-2024-02143,La Esperanza,LE-04,Génova,Fischer Import GmbH,Exportación,Alemania,Programa Retail UE,Limón Génova,3,Segunda,10023.0,557.0,0.415,4159.35,902.42,3753480.63,0.2035,USD,Cobrado,Cumplido
2024-04-26,2024,PED-2024-02155,Río Ancho,RA-01,Eureka,Fischer Import GmbH,Exportación,Alemania,Exportación Directa,Limón Eureka,4,Extra,21609.0,1200.0,0.4132,8927.98,908.64,8112319.75,0.2064,USD,Cobrado,Cumplido
2024-04-26,2024,PED-2024-02170,San Cayetano,SC-03,Génova,Fischer Import GmbH,Exportación,Alemania,Programa Retail UE,Limón Génova,5,Primera,8912.0,495.0,0.3837,3419.22,971.14,3320541.31,0.1953,USD,Cobrado,Cumplido
2024-04-26,2024,PED-2024-02122,El Paraíso,EP-01,Eureka,Medifresh SA,Exportación,España,Programa Retail UE,Limón Eureka,5,Extra,16145.0,897.0,0.3585,5788.73,908.59,5259582.19,0.1987,USD,Cobrado,Cumplido
2024-04-26,2024,PED-2024-02125,El Paraíso,EP-02,Eureka,Medifresh SA,Exportación,España,Trader Golfo,Limón Eureka,2,Primera,20979.0,1166.0,0.3896,8173.08,920.02,7519397.06,0.2447,USD,Cobrado,Cumplido
2024-04-26,2024,PED-2024-02130,El Paraíso,EP-03,Lisbon,Citromax SA,Industria,Tucumán,Mercado Industrial,Limón Industria,5,Extra,3482.0,193.0,0.0806,280.74,919.45,258126.39,0.0608,ARS,Cobrado,Cumplido
2024-04-26,2024,PED-2024-02133,El Paraíso,EP-04,Génova,Citromax SA,Industria,Tucumán,Contrato Industria,Limón Industria,7,Primera,2535.0,141.0,0.073,184.98,915.37,169325.14,0.0574,ARS,Pendiente,Cumplido
2024-04-26,2024,PED-2024-02139,La Esperanza,LE-02,Eureka,Citromax SA,Industria,Tucumán,Mercado Industrial,Limón Industria,4,Primera,4402.0,245.0,0.0738,324.77,918.78,298392.18,0.0546,ARS,Cobrado,Cumplido
2024-04-26,2024,PED-2024-02157,Río Ancho,RA-01,Eureka,Citromax SA,Industria,Tucumán,Mercado Industrial,Limón Industria,4,Extra,5479.0,304.0,0.0814,445.79,908.64,405062.63,0.0381,ARS,Cobrado,Cumplido
2024-04-26,2024,PED-2024-02160,Río Ancho,RA-02,Lisbon,Citromax SA,Industria,Tucumán,Contrato Industria,Limón Industria,3,Extra,6113.0,340.0,0.0799,488.32,897.23,438135.35,0.0552,ARS,Cobrado,Cumplido
2024-04-26,2024,PED-2024-02169,San Cayetano,SC-02,Lisbon,Citromax SA,Industria,Tucumán,Mercado Industrial,Limón Industria,5,Primera,3716.0,206.0,0.0788,292.89,944.29,276573.1,0.059,ARS,Cobrado,Cumplido
2024-04-26,2024,PED-2024-02124,El Paraíso,EP-01,Eureka,Frutales Tucumán SRL,Industria,Tucumán,Contrato Industria,Limón Industria,5,Extra,3560.0,198.0,0.0726,258.62,908.59,234979.55,0.051,ARS,Cobrado,Cumplido
2024-04-26,2024,PED-2024-02127,El Paraíso,EP-02,Eureka,Frutales Tucumán SRL,Industria,Tucumán,Mercado Industrial,Limón Industria,2,Primera,4891.0,272.0,0.0744,363.71,920.02,334620.47,0.0368,ARS,Vencido,Cumplido
2024-04-26,2024,PED-2024-02136,La Esperanza,LE-01,Eureka,Frutales Tucumán SRL,Industria,Tucumán,Contrato Industria,Limón Industria,5,Primera,4726.0,263.0,0.0692,327.06,894.25,292473.41,0.0547,ARS,Pendiente,Cumplido
2024-04-26,2024,PED-2024-02142,La Esperanza,LE-03,Lisbon,Frutales Tucumán SRL,Industria,Tucumán,Contrato Industria,Limón Industria,5,Segunda,3894.0,216.0,0.062,241.23,931.16,224623.73,0.0838,ARS,Cobrado,Cumplido
2024-04-26,2024,PED-2024-02145,La Esperanza,LE-04,Génova,Frutales Tucumán SRL,Industria,Tucumán,Contrato Industria,Limón Industria,3,Segunda,3680.0,204.0,0.0656,241.45,902.42,217889.31,0.0547,ARS,Cobrado,Cumplido
2024-04-26,2024,PED-2024-02148,Los Álamos,LA-01,Eureka,Frutales Tucumán SRL,Industria,Tucumán,Mercado Industrial,Limón Industria,4,Segunda,5244.0,291.0,0.0671,351.66,931.79,327673.27,0.0515,ARS,Cobrado,Cumplido
2024-04-26,2024,PED-2024-02151,Los Álamos,LA-02,Lisbon,Frutales Tucumán SRL,Industria,Tucumán,Mercado Industrial,Limón Industria,5,Primera,4494.0,250.0,0.0694,312.1,923.59,288252.44,0.0816,ARS,Cobrado,Parcial
2024-04-26,2024,PED-2024-02154,Los Álamos,LA-03,Génova,Frutales Tucumán SRL,Industria,Tucumán,Contrato Industria,Limón Industria,5,Primera,3195.0,178.0,0.0654,208.81,931.49,194504.43,0.0436,ARS,Cobrado,Cumplido
2024-04-26,2024,PED-2024-02163,Río Ancho,RA-03,Génova,Frutales Tucumán SRL,Industria,Tucumán,Mercado Industrial,Limón Industria,7,Extra,4553.0,253.0,0.0661,300.81,921.69,277253.57,0.0856,ARS,Pendiente,Cumplido
2024-04-26,2024,PED-2024-02166,San Cayetano,SC-01,Eureka,Frutales Tucumán SRL,Industria,Tucumán,Mercado Industrial,Limón Industria,4,Primera,4406.0,245.0,0.0685,302.02,932.21,281546.06,0.0408,ARS,Cobrado,Cumplido
2024-04-26,2024,PED-2024-02172,San Cayetano,SC-03,Génova,Frutales Tucumán SRL,Industria,Tucumán,Mercado Industrial,Limón Industria,5,Primera,3536.0,196.0,0.068,240.58,971.14,233636.86,0.0329,ARS,Cobrado,Parcial
2024-04-26,2024,PED-2024-02141,La Esperanza,LE-03,Lisbon,Central de Frutas SA,Mercado Interno,Buenos Aires,Distribuidor Regional,Limón Lisbon,5,Segunda,4950.0,275.0,0.2242,1109.87,931.16,1033466.55,0.1481,ARS,Cobrado,Cumplido
2024-04-26,2024,PED-2024-02165,San Cayetano,SC-01,Eureka,Central de Frutas SA,Mercado Interno,Buenos Aires,Mercado Central,Limón Eureka,4,Primera,7416.0,412.0,0.2528,1874.95,932.21,1747847.14,0.1125,ARS,Cobrado,Cumplido
2024-04-26,2024,PED-2024-02150,Los Álamos,LA-02,Lisbon,Frutales del Norte SRL,Mercado Interno,Salta,Distribuidor Regional,Limón Lisbon,5,Primera,4104.0,228.0,0.196,804.56,923.59,743083.57,0.1474,ARS,Cobrado,Cumplido
2024-04-26,2024,PED-2024-02153,Los Álamos,LA-03,Génova,Frutales del Norte SRL,Mercado Interno,Salta,Retail Nacional,Limón Génova,5,Primera,2958.0,164.0,0.2149,635.8,931.49,592241.34,0.1627,ARS,Cobrado,Cumplido
2024-04-26,2024,PED-2024-02171,San Cayetano,SC-03,Génova,Frutales del Norte SRL,Mercado Interno,Salta,Distribuidor Regional,Limón Génova,5,Primera,2522.0,140.0,0.2084,525.59,971.14,510421.47,0.1943,ARS,Cobrado,Cumplido
2024-04-26,2024,PED-2024-02126,El Paraíso,EP-02,Eureka,La Morenita SA,Mercado Interno,Tucumán,Mercado Central,Limón Eureka,2,Primera,8149.0,453.0,0.2378,1937.53,920.02,1782566.35,0.1767,ARS,Cobrado,Cumplido
2024-04-26,2024,PED-2024-02129,El Paraíso,EP-03,Lisbon,La Morenita SA,Mercado Interno,Tucumán,Retail Nacional,Limón Lisbon,5,Extra,4079.0,227.0,0.2211,901.84,919.45,829196.79,0.1619,ARS,Cobrado,Cumplido
2024-04-26,2024,PED-2024-02135,La Esperanza,LE-01,Eureka,La Morenita SA,Mercado Interno,Tucumán,Mercado Central,Limón Eureka,5,Primera,7723.0,429.0,0.2322,1793.12,894.25,1603497.56,0.1594,ARS,Cobrado,Cumplido
2024-04-26,2024,PED-2024-02138,La Esperanza,LE-02,Eureka,La Morenita SA,Mercado Interno,Tucumán,Distribuidor Regional,Limón Eureka,4,Primera,6225.0,346.0,0.2174,1353.62,918.78,1243678.98,0.1548,ARS,Cobrado,Cumplido
2024-04-26,2024,PED-2024-02147,Los Álamos,LA-01,Eureka,La Morenita SA,Mercado Interno,Tucumán,Mercado Central,Limón Eureka,4,Segunda,8978.0,499.0,0.2169,1947.38,931.79,1814549.21,0.1228,ARS,Pendiente,Cumplido
2024-04-26,2024,PED-2024-02156,Río Ancho,RA-01,Eureka,La Morenita SA,Mercado Interno,Tucumán,Mercado Central,Limón Eureka,4,Extra,5392.0,300.0,0.2465,1328.99,908.64,1207573.47,0.1625,ARS,Pendiente,Cumplido
2024-04-26,2024,PED-2024-02162,Río Ancho,RA-03,Génova,La Morenita SA,Mercado Interno,Tucumán,Distribuidor Regional,Limón Génova,7,Extra,2653.0,147.0,0.2073,550.03,921.69,506957.15,0.1182,ARS,Cobrado,Cumplido
2024-04-26,2024,PED-2024-02123,El Paraíso,EP-01,Eureka,Supermercados Norte SA,Mercado Interno,Tucumán,Distribuidor Regional,Limón Eureka,5,Extra,3763.0,209.0,0.2274,855.83,908.59,777598.58,0.1512,ARS,Cobrado,Cumplido
2024-04-26,2024,PED-2024-02132,El Paraíso,EP-04,Génova,Supermercados Norte SA,Mercado Interno,Tucumán,Retail Nacional,Limón Génova,7,Primera,2610.0,145.0,0.1951,509.19,915.37,466097.25,0.1913,ARS,Cobrado,Cumplido
2024-04-26,2024,PED-2024-02144,La Esperanza,LE-04,Génova,Supermercados Norte SA,Mercado Interno,Tucumán,Retail Nacional,Limón Génova,3,Segunda,3409.0,189.0,0.2168,739.19,902.42,667059.84,0.1121,ARS,Cobrado,Cumplido
2024-04-26,2024,PED-2024-02159,Río Ancho,RA-02,Lisbon,Supermercados Norte SA,Mercado Interno,Tucumán,Distribuidor Regional,Limón Lisbon,3,Extra,6100.0,339.0,0.221,1348.0,897.23,1209466.04,0.1468,ARS,Cobrado,Cumplido
2024-04-26,2024,PED-2024-02168,San Cayetano,SC-02,Lisbon,Supermercados Norte SA,Mercado Interno,Tucumán,Distribuidor Regional,Limón Lisbon,5,Primera,4100.0,228.0,0.2065,846.63,944.29,799464.24,0.1104,ARS,Pendiente,Cumplido
2024-05-03,2024,PED-2024-02189,La Esperanza,LE-02,Eureka,Al Salam Trading,Exportación,Emiratos Árabes,Trader Golfo,Limón Eureka,3,Segunda,3141.0,174.0,0.3363,1056.28,889.99,940078.64,0.1842,USD,Cobrado,Cumplido
2024-05-03,2024,PED-2024-02199,Los Álamos,LA-01,Eureka,Al Salam Trading,Exportación,Emiratos Árabes,Exportación Directa,Limón Eureka,7,Primera,22655.0,1259.0,0.3166,7172.19,925.76,6639726.61,0.1889,USD,Cobrado,Cumplido
2024-05-03,2024,PED-2024-02212,Río Ancho,RA-02,Lisbon,Al Salam Trading,Exportación,Emiratos Árabes,Trader Golfo,Limón Lisbon,6,Primera,21645.0,1202.0,0.3491,7555.55,903.0,6822661.65,0.2265,USD,Cobrado,Cumplido
2024-05-03,2024,PED-2024-02215,Río Ancho,RA-03,Génova,Al Salam Trading,Exportación,Emiratos Árabes,Programa Retail UE,Limón Génova,7,Segunda,13647.0,758.0,0.3009,4106.31,933.36,3832665.5,0.2173,USD,Cobrado,Cumplido
2024-05-03,2024,PED-2024-02218,San Cayetano,SC-01,Eureka,Al Salam Trading,Exportación,Emiratos Árabes,Programa Retail UE,Limón Eureka,4,Primera,1509.0,84.0,0.3725,562.15,920.22,517301.67,0.2688,USD,Cobrado,Cumplido
2024-05-03,2024,PED-2024-02225,San Cayetano,SC-03,Génova,Al Salam Trading,Exportación,Emiratos Árabes,Exportación Directa,Limón Génova,4,Primera,14863.0,826.0,0.3399,5051.2,918.55,4639779.76,0.299,USD,Cobrado,Cumplido
2024-05-03,2024,PED-2024-02183,El Paraíso,EP-04,Génova,Citrus World Ltd,Exportación,Reino Unido,Trader Golfo,Limón Génova,5,Primera,9268.0,515.0,0.3834,3553.23,915.14,3251702.9,0.1838,USD,Cobrado,Cumplido
2024-05-03,2024,PED-2024-02186,La Esperanza,LE-01,Eureka,Citrus World Ltd,Exportación,Reino Unido,Exportación Directa,Limón Eureka,4,Primera,22720.0,1262.0,0.4003,9094.29,914.02,8312362.95,0.2896,USD,Cobrado,Cumplido
2024-05-03,2024,PED-2024-02196,La Esperanza,LE-04,Génova,Citrus World Ltd,Exportación,Reino Unido,Exportación Directa,Limón Génova,5,Primera,12798.0,711.0,0.3793,4854.91,939.62,4561770.53,0.2185,USD,Cobrado,Cumplido
2024-05-03,2024,PED-2024-02205,Los Álamos,LA-03,Génova,Citrus World Ltd,Exportación,Reino Unido,Exportación Directa,Limón Génova,5,Primera,9258.0,514.0,0.3982,3686.59,931.82,3435238.29,0.2727,USD,Cobrado,Cumplido
2024-05-03,2024,PED-2024-02208,Río Ancho,RA-01,Eureka,Citrus World Ltd,Exportación,Reino Unido,Exportación Directa,Limón Eureka,4,Primera,23610.0,1312.0,0.3753,8860.32,930.78,8247008.65,0.2238,USD,Cobrado,Cumplido
2024-05-03,2024,PED-2024-02219,San Cayetano,SC-01,Eureka,Citrus World Ltd,Exportación,Reino Unido,Programa Retail UE,Limón Eureka,4,Primera,24829.0,1379.0,0.3751,9312.45,920.22,8569502.74,0.2498,USD,Cobrado,Cumplido
2024-05-03,2024,PED-2024-02190,La Esperanza,LE-02,Eureka,Fischer Import GmbH,Exportación,Alemania,Programa Retail UE,Limón Eureka,3,Segunda,21806.0,1211.0,0.4138,9023.35,889.99,8030691.27,0.2022,USD,Cobrado,Cumplido
2024-05-03,2024,PED-2024-02173,El Paraíso,EP-01,Eureka,Medifresh SA,Exportación,España,Programa Retail UE,Limón Eureka,2,Primera,22081.0,1227.0,0.395,8722.46,916.88,7997449.12,0.2242,USD,Cobrado,Cumplido
2024-05-03,2024,PED-2024-02176,El Paraíso,EP-02,Eureka,Medifresh SA,Exportación,España,Trader Golfo,Limón Eureka,3,Extra,9814.0,545.0,0.3877,3804.84,903.34,3437064.17,0.3058,USD,Cobrado,Cumplido
2024-05-03,2024,PED-2024-02177,El Paraíso,EP-02,Eureka,Medifresh SA,Exportación,España,Trader Golfo,Limón Eureka,3,Extra,20214.0,1123.0,0.4211,8512.66,903.34,7689826.28,0.2806,USD,Cobrado,Cumplido
2024-05-03,2024,PED-2024-02180,El Paraíso,EP-03,Lisbon,Medifresh SA,Exportación,España,Exportación Directa,Limón Lisbon,7,Segunda,14700.0,817.0,0.3251,4778.54,916.82,4381061.04,0.232,USD,Cobrado,Cumplido
2024-05-03,2024,PED-2024-02193,La Esperanza,LE-03,Lisbon,Medifresh SA,Exportación,España,Trader Golfo,Limón Lisbon,6,Segunda,14356.0,798.0,0.3211,4609.85,936.92,4319060.66,0.1906,USD,Cobrado,Cumplido
2024-05-03,2024,PED-2024-02202,Los Álamos,LA-02,Lisbon,Medifresh SA,Exportación,España,Trader Golfo,Limón Lisbon,6,Primera,14352.0,797.0,0.3361,4823.35,918.07,4428172.93,0.2729,USD,Cobrado,Cumplido
2024-05-03,2024,PED-2024-02209,Río Ancho,RA-01,Eureka,Medifresh SA,Exportación,España,Programa Retail UE,Limón Eureka,4,Primera,5643.0,314.0,0.3923,2213.77,930.78,2060532.84,0.1857,USD,Cobrado,Cumplido
2024-05-03,2024,PED-2024-02222,San Cayetano,SC-02,Lisbon,Medifresh SA,Exportación,España,Programa Retail UE,Limón Lisbon,6,Primera,18009.0,1000.0,0.3508,6318.32,948.9,5995453.85,0.2216,USD,Cobrado,Cumplido
2024-05-03,2024,PED-2024-02175,El Paraíso,EP-01,Eureka,Citromax SA,Industria,Tucumán,Mercado Industrial,Limón Industria,2,Primera,5555.0,309.0,0.0794,441.12,916.88,404454.11,0.036,ARS,Cobrado,Cumplido
2024-05-03,2024,PED-2024-02182,El Paraíso,EP-03,Lisbon,Citromax SA,Industria,Tucumán,Contrato Industria,Limón Industria,7,Segunda,4710.0,262.0,0.067,315.57,916.82,289320.89,0.0505,ARS,Cobrado,Cumplido
2024-05-03,2024,PED-2024-02185,El Paraíso,EP-04,Génova,Citromax SA,Industria,Tucumán,Contrato Industria,Limón Industria,5,Primera,3942.0,219.0,0.0771,303.73,915.14,277955.47,0.0528,ARS,Cobrado,Cumplido
2024-05-03,2024,PED-2024-02195,La Esperanza,LE-03,Lisbon,Citromax SA,Industria,Tucumán,Mercado Industrial,Limón Industria,6,Segunda,4845.0,269.0,0.0708,343.17,936.92,321522.84,0.0366,ARS,Cobrado,Cumplido
2024-05-03,2024,PED-2024-02204,Los Álamos,LA-02,Lisbon,Citromax SA,Industria,Tucumán,Mercado Industrial,Limón Industria,6,Primera,4595.0,255.0,0.0775,356.07,918.07,326897.18,0.0852,ARS,Cobrado,Cumplido
2024-05-03,2024,PED-2024-02211,Río Ancho,RA-01,Eureka,Citromax SA,Industria,Tucumán,Mercado Industrial,Limón Industria,4,Primera,8566.0,476.0,0.0776,664.83,930.78,618810.47,0.087,ARS,Cobrado,Cumplido
2024-05-03,2024,PED-2024-02217,Río Ancho,RA-03,Génova,Citromax SA,Industria,Tucumán,Mercado Industrial,Limón Industria,7,Segunda,7655.0,425.0,0.0652,499.29,933.36,466017.31,0.0638,ARS,Cobrado,Cumplido
2024-05-03,2024,PED-2024-02221,San Cayetano,SC-01,Eureka,Citromax SA,Industria,Tucumán,Mercado Industrial,Limón Industria,4,Primera,5400.0,300.0,0.0748,403.83,920.22,371612.44,0.0872,ARS,Cobrado,Cumplido
2024-05-03,2024,PED-2024-02224,San Cayetano,SC-02,Lisbon,Citromax SA,Industria,Tucumán,Mercado Industrial,Limón Industria,6,Primera,6035.0,335.0,0.0703,424.45,948.9,402760.6,0.0391,ARS,Cobrado,Parcial
2024-05-03,2024,PED-2024-02227,San Cayetano,SC-03,Génova,Citromax SA,Industria,Tucumán,Contrato Industria,Limón Industria,4,Primera,6067.0,337.0,0.0803,487.46,918.55,447756.38,0.0597,ARS,Cobrado,Cumplido
2024-05-03,2024,PED-2024-02179,El Paraíso,EP-02,Eureka,Frutales Tucumán SRL,Industria,Tucumán,Contrato Industria,Limón Industria,3,Extra,6314.0,351.0,0.0721,455.25,903.34,411245.54,0.0779,ARS,Cobrado,Cumplido
2024-05-03,2024,PED-2024-02188,La Esperanza,LE-01,Eureka,Frutales Tucumán SRL,Industria,Tucumán,Contrato Industria,Limón Industria,4,Primera,6389.0,355.0,0.0733,468.21,914.02,427953.3,0.0658,ARS,Cobrado,Cumplido
2024-05-03,2024,PED-2024-02192,La Esperanza,LE-02,Eureka,Frutales Tucumán SRL,Industria,Tucumán,Mercado Industrial,Limón Industria,3,Segunda,6971.0,387.0,0.0658,458.58,889.99,408131.61,0.0847,ARS,Cobrado,Parcial
2024-05-03,2024,PED-2024-02198,La Esperanza,LE-04,Génova,Frutales Tucumán SRL,Industria,Tucumán,Contrato Industria,Limón Industria,5,Primera,4343.0,241.0,0.0693,300.83,939.62,282665.88,0.0632,ARS,Cobrado,Parcial
2024-05-03,2024,PED-2024-02201,Los Álamos,LA-01,Eureka,Frutales Tucumán SRL,Industria,Tucumán,Mercado Industrial,Limón Industria,7,Primera,5435.0,302.0,0.0639,347.37,925.76,321581.25,0.0411,ARS,Cobrado,Cumplido
2024-05-03,2024,PED-2024-02207,Los Álamos,LA-03,Génova,Frutales Tucumán SRL,Industria,Tucumán,Contrato Industria,Limón Industria,5,Primera,3176.0,176.0,0.073,231.69,931.82,215893.38,0.0406,ARS,Cobrado,Cumplido
2024-05-03,2024,PED-2024-02214,Río Ancho,RA-02,Lisbon,Frutales Tucumán SRL,Industria,Tucumán,Mercado Industrial,Limón Industria,6,Primera,7416.0,412.0,0.0686,508.73,903.0,459383.19,0.0877,ARS,Cobrado,Cumplido
2024-05-03,2024,PED-2024-02174,El Paraíso,EP-01,Eureka,Central de Frutas SA,Mercado Interno,Buenos Aires,Mercado Central,Limón Eureka,2,Primera,8460.0,470.0,0.2565,2170.09,916.88,1989712.12,0.1744,ARS,Cobrado,Cumplido
2024-05-03,2024,PED-2024-02178,El Paraíso,EP-02,Eureka,Central de Frutas SA,Mercado Interno,Buenos Aires,Distribuidor Regional,Limón Eureka,3,Extra,6555.0,364.0,0.2733,1791.29,903.34,1618143.91,0.1972,ARS,Cobrado,Cumplido
2024-05-03,2024,PED-2024-02184,El Paraíso,EP-04,Génova,Central de Frutas SA,Mercado Interno,Buenos Aires,Retail Nacional,Limón Génova,5,Primera,3594.0,200.0,0.2437,875.73,915.14,801415.55,0.1601,ARS,Cobrado,Cumplido
2024-05-03,2024,PED-2024-02187,La Esperanza,LE-01,Eureka,Central de Frutas SA,Mercado Interno,Buenos Aires,Retail Nacional,Limón Eureka,4,Primera,9264.0,515.0,0.2312,2141.5,914.02,1957373.83,0.1347,ARS,Pendiente,Cumplido
2024-05-03,2024,PED-2024-02206,Los Álamos,LA-03,Génova,Central de Frutas SA,Mercado Interno,Buenos Aires,Mercado Central,Limón Génova,5,Primera,3370.0,187.0,0.2413,813.13,931.82,757690.8,0.1371,ARS,Cobrado,Cumplido
2024-05-03,2024,PED-2024-02213,Río Ancho,RA-02,Lisbon,Central de Frutas SA,Mercado Interno,Buenos Aires,Retail Nacional,Limón Lisbon,6,Primera,9022.0,501.0,0.2215,1997.97,903.0,1804166.91,0.1306,ARS,Pendiente,Cumplido
2024-05-03,2024,PED-2024-02226,San Cayetano,SC-03,Génova,Frutales del Norte SRL,Mercado Interno,Salta,Retail Nacional,Limón Génova,4,Primera,3959.0,220.0,0.201,795.76,918.55,730945.35,0.1852,ARS,Vencido,Cumplido
2024-05-03,2024,PED-2024-02194,La Esperanza,LE-03,Lisbon,La Morenita SA,Mercado Interno,Tucumán,Mercado Central,Limón Lisbon,6,Segunda,7281.0,404.0,0.1994,1451.73,936.92,1360154.87,0.1903,ARS,Cobrado,Cumplido
2024-05-03,2024,PED-2024-02197,La Esperanza,LE-04,Génova,La Morenita SA,Mercado Interno,Tucumán,Retail Nacional,Limón Génova,5,Primera,5496.0,305.0,0.2195,1206.62,939.62,1133764.28,0.1333,ARS,Pendiente,Cumplido
2024-05-03,2024,PED-2024-02200,Los Álamos,LA-01,Eureka,La Morenita SA,Mercado Interno,Tucumán,Retail Nacional,Limón Eureka,7,Primera,8975.0,499.0,0.2179,1955.32,925.76,1810157.04,0.2002,ARS,Cobrado,Parcial
2024-05-03,2024,PED-2024-02203,Los Álamos,LA-02,Lisbon,La Morenita SA,Mercado Interno,Tucumán,Distribuidor Regional,Limón Lisbon,6,Primera,6423.0,357.0,0.2294,1473.48,918.07,1352757.78,0.1372,ARS,Cobrado,Cumplido
2024-05-03,2024,PED-2024-02216,Río Ancho,RA-03,Génova,La Morenita SA,Mercado Interno,Tucumán,Distribuidor Regional,Limón Génova,7,Segunda,8559.0,476.0,0.2041,1746.55,933.36,1630159.91,0.1342,ARS,Cobrado,Cumplido
2024-05-03,2024,PED-2024-02220,San Cayetano,SC-01,Eureka,La Morenita SA,Mercado Interno,Tucumán,Distribuidor Regional,Limón Eureka,4,Primera,9359.0,520.0,0.2479,2319.8,920.22,2134726.36,0.2096,ARS,Pendiente,Cumplido
2024-05-03,2024,PED-2024-02181,El Paraíso,EP-03,Lisbon,Supermercados Norte SA,Mercado Interno,Tucumán,Mercado Central,Limón Lisbon,7,Segunda,8073.0,448.0,0.193,1558.46,916.82,1428827.3,0.1904,ARS,Cobrado,Cumplido
2024-05-03,2024,PED-2024-02191,La Esperanza,LE-02,Eureka,Supermercados Norte SA,Mercado Interno,Tucumán,Retail Nacional,Limón Eureka,3,Segunda,8350.0,464.0,0.2121,1770.83,889.99,1576020.99,0.1598,ARS,Cobrado,Cumplido
2024-05-03,2024,PED-2024-02210,Río Ancho,RA-01,Eureka,Supermercados Norte SA,Mercado Interno,Tucumán,Mercado Central,Limón Eureka,4,Primera,11611.0,645.0,0.2304,2675.52,930.78,2490320.51,0.2053,ARS,Cobrado,Cumplido
2024-05-03,2024,PED-2024-02223,San Cayetano,SC-02,Lisbon,Supermercados Norte SA,Mercado Interno,Tucumán,Mercado Central,Limón Lisbon,6,Primera,7095.0,394.0,0.2019,1432.49,948.9,1359289.76,0.1457,ARS,Cobrado,Cumplido
2024-05-10,2024,PED-2024-02229,El Paraíso,EP-01,Eureka,Al Salam Trading,Exportación,Emiratos Árabes,Exportación Directa,Limón Eureka,5,Primera,23500.0,1306.0,0.3652,8581.18,911.21,7819257.03,0.2528,USD,Cobrado,Cumplido
2024-05-10,2024,PED-2024-02247,La Esperanza,LE-02,Eureka,Al Salam Trading,Exportación,Emiratos Árabes,Programa Retail UE,Limón Eureka,4,Primera,21008.0,1167.0,0.3666,7701.31,959.74,7391255.26,0.2048,USD,Cobrado,Cumplido
2024-05-10,2024,PED-2024-02250,La Esperanza,LE-03,Lisbon,Al Salam Trading,Exportación,Emiratos Árabes,Programa Retail UE,Limón Lisbon,6,Primera,15489.0,860.0,0.3304,5118.29,928.3,4751308.61,0.2868,USD,Cobrado,Cumplido
2024-05-10,2024,PED-2024-02260,Los Álamos,LA-02,Lisbon,Al Salam Trading,Exportación,Emiratos Árabes,Exportación Directa,Limón Lisbon,6,Segunda,12588.0,699.0,0.3289,4139.67,932.02,3858255.23,0.2555,USD,Pendiente,Cumplido
2024-05-10,2024,PED-2024-02267,Río Ancho,RA-01,Eureka,Al Salam Trading,Exportación,Emiratos Árabes,Programa Retail UE,Limón Eureka,4,Extra,28224.0,1568.0,0.3648,10294.73,893.73,9200709.04,0.2349,USD,Cobrado,Cumplido
2024-05-10,2024,PED-2024-02277,San Cayetano,SC-01,Eureka,Al Salam Trading,Exportación,Emiratos Árabes,Exportación Directa,Limón Eureka,4,Primera,5814.0,323.0,0.3498,2033.75,893.26,1816667.52,0.261,USD,Cobrado,Cumplido
2024-05-10,2024,PED-2024-02232,El Paraíso,EP-02,Eureka,Citrus World Ltd,Exportación,Reino Unido,Programa Retail UE,Limón Eureka,3,Extra,3512.0,195.0,0.4356,1529.92,940.28,1438553.18,0.2944,USD,Cobrado,Parcial
2024-05-10,2024,PED-2024-02233,El Paraíso,EP-02,Eureka,Citrus World Ltd,Exportación,Reino Unido,Exportación Directa,Limón Eureka,3,Extra,26872.0,1493.0,0.4488,12060.66,940.28,11340397.38,0.3023,USD,Cobrado,Parcial
2024-05-10,2024,PED-2024-02253,La Esperanza,LE-04,Génova,Citrus World Ltd,Exportación,Reino Unido,Trader Golfo,Limón Génova,5,Extra,12302.0,683.0,0.3995,4914.06,932.71,4583392.9,0.3226,USD,Cobrado,Cumplido
2024-05-10,2024,PED-2024-02270,Río Ancho,RA-02,Lisbon,Citrus World Ltd,Exportación,Reino Unido,Exportación Directa,Limón Lisbon,5,Primera,23542.0,1308.0,0.3881,9136.85,927.43,8473788.8,0.1811,USD,Cobrado,Cumplido
2024-05-10,2024,PED-2024-02273,Río Ancho,RA-03,Génova,Citrus World Ltd,Exportación,Reino Unido,Programa Retail UE,Limón Génova,4,Segunda,13027.0,724.0,0.3541,4613.19,899.75,4150717.7,0.2453,USD,Cobrado,Cumplido
2024-05-10,2024,PED-2024-02276,San Cayetano,SC-01,Eureka,Citrus World Ltd,Exportación,Reino Unido,Programa Retail UE,Limón Eureka,4,Primera,20751.0,1153.0,0.3832,7952.3,893.26,7103471.5,0.2146,USD,Pendiente,Cumplido
2024-05-10,2024,PED-2024-02228,El Paraíso,EP-01,Eureka,Fischer Import GmbH,Exportación,Alemania,Programa Retail UE,Limón Eureka,5,Primera,3945.0,219.0,0.4062,1602.31,911.21,1460040.9,0.2385,USD,Cobrado,Parcial
2024-05-10,2024,PED-2024-02239,El Paraíso,EP-04,Génova,Fischer Import GmbH,Exportación,Alemania,Programa Retail UE,Limón Génova,6,Primera,8028.0,446.0,0.3877,3112.46,943.86,2937726.5,0.2296,USD,Cobrado,Cumplido
2024-05-10,2024,PED-2024-02242,La Esperanza,LE-01,Eureka,Fischer Import GmbH,Exportación,Alemania,Trader Golfo,Limón Eureka,4,Segunda,23479.0,1304.0,0.3824,8979.22,931.17,8361180.29,0.2759,USD,Cobrado,Cumplido
2024-05-10,2024,PED-2024-02243,La Esperanza,LE-01,Eureka,Fischer Import GmbH,Exportación,Alemania,Exportación Directa,Limón Eureka,4,Segunda,1242.0,69.0,0.3726,462.82,931.17,430964.1,0.224,USD,Vencido,Cumplido
2024-05-10,2024,PED-2024-02257,Los Álamos,LA-01,Eureka,Fischer Import GmbH,Exportación,Alemania,Exportación Directa,Limón Eureka,5,Primera,9805.0,545.0,0.4008,3930.29,936.31,3679969.83,0.2754,USD,Pendiente,Cumplido
2024-05-10,2024,PED-2024-02266,Río Ancho,RA-01,Eureka,Fischer Import GmbH,Exportación,Alemania,Trader Golfo,Limón Eureka,4,Extra,2176.0,121.0,0.4283,931.93,893.73,832893.8,0.2675,USD,Cobrado,Cumplido
2024-05-10,2024,PED-2024-02236,El Paraíso,EP-03,Lisbon,Medifresh SA,Exportación,España,Trader Golfo,Limón Lisbon,4,Primera,13664.0,759.0,0.3859,5273.07,937.26,4942237.59,0.3096,USD,Cobrado,Cumplido
2024-05-10,2024,PED-2024-02246,La Esperanza,LE-02,Eureka,Medifresh SA,Exportación,España,Trader Golfo,Limón Eureka,4,Primera,7436.0,413.0,0.3825,2844.5,959.74,2729980.43,0.2842,USD,Cobrado,Cumplido
2024-05-10,2024,PED-2024-02256,Los Álamos,LA-01,Eureka,Medifresh SA,Exportación,España,Exportación Directa,Limón Eureka,5,Primera,15757.0,875.0,0.381,6003.99,936.31,5621595.88,0.2555,USD,Cobrado,Cumplido
2024-05-10,2024,PED-2024-02263,Los Álamos,LA-03,Génova,Medifresh SA,Exportación,España,Exportación Directa,Limón Génova,6,Extra,10747.0,597.0,0.3787,4070.13,881.85,3589244.14,0.263,USD,Cobrado,Cumplido
2024-05-10,2024,PED-2024-02280,San Cayetano,SC-02,Lisbon,Medifresh SA,Exportación,España,Trader Golfo,Limón Lisbon,3,Primera,18678.0,1038.0,0.3967,7409.36,920.48,6820167.69,0.2594,USD,Cobrado,Cumplido
2024-05-10,2024,PED-2024-02283,San Cayetano,SC-03,Génova,Medifresh SA,Exportación,España,Programa Retail UE,Limón Génova,4,Segunda,12379.0,688.0,0.3396,4204.28,922.6,3878868.73,0.1973,USD,Vencido,Parcial
2024-05-10,2024,PED-2024-02231,El Paraíso,EP-01,Eureka,Citromax SA,Industria,Tucumán,Contrato Industria,Limón Industria,5,Primera,5359.0,298.0,0.0775,415.4,911.21,378516.63,0.0681,ARS,Pendiente,Cumplido
2024-05-10,2024,PED-2024-02235,El Paraíso,EP-02,Eureka,Citromax SA,Industria,Tucumán,Contrato Industria,Limón Industria,3,Extra,6267.0,348.0,0.0841,527.09,940.28,495612.19,0.0498,ARS,Cobrado,Cumplido
2024-05-10,2024,PED-2024-02238,El Paraíso,EP-03,Lisbon,Citromax SA,Industria,Tucumán,Mercado Industrial,Limón Industria,4,Primera,4385.0,244.0,0.0755,331.28,937.26,310495.49,0.0838,ARS,Cobrado,Cumplido
2024-05-10,2024,PED-2024-02252,La Esperanza,LE-03,Lisbon,Citromax SA,Industria,Tucumán,Mercado Industrial,Limón Industria,6,Primera,4639.0,258.0,0.0707,328.0,928.3,304482.4,0.0335,ARS,Pendiente,Cumplido
2024-05-10,2024,PED-2024-02262,Los Álamos,LA-02,Lisbon,Citromax SA,Industria,Tucumán,Contrato Industria,Limón Industria,6,Segunda,4858.0,270.0,0.0713,346.48,932.02,322926.29,0.0761,ARS,Vencido,Cumplido
2024-05-10,2024,PED-2024-02272,Río Ancho,RA-02,Lisbon,Citromax SA,Industria,Tucumán,Contrato Industria,Limón Industria,5,Primera,8286.0,460.0,0.0735,609.3,927.43,565083.1,0.0496,ARS,Cobrado,Cumplido
2024-05-10,2024,PED-2024-02275,Río Ancho,RA-03,Génova,Citromax SA,Industria,Tucumán,Mercado Industrial,Limón Industria,4,Segunda,6178.0,343.0,0.0717,442.92,899.75,398517.27,0.0441,ARS,Cobrado,Cumplido
2024-05-10,2024,PED-2024-02282,San Cayetano,SC-02,Lisbon,Citromax SA,Industria,Tucumán,Mercado Industrial,Limón Industria,3,Primera,5495.0,305.0,0.0797,437.69,920.48,402884.89,0.0543,ARS,Cobrado,Cumplido
2024-05-10,2024,PED-2024-02285,San Cayetano,SC-03,Génova,Citromax SA,Industria,Tucumán,Contrato Industria,Limón Industria,4,Segunda,5674.0,315.0,0.0722,409.82,922.6,378099.93,0.082,ARS,Cobrado,Cumplido
2024-05-10,2024,PED-2024-02241,El Paraíso,EP-04,Génova,Frutales Tucumán SRL,Industria,Tucumán,Mercado Industrial,Limón Industria,6,Primera,3626.0,201.0,0.0702,254.7,943.86,240401.14,0.0586,ARS,Cobrado,Cumplido
2024-05-10,2024,PED-2024-02245,La Esperanza,LE-01,Eureka,Frutales Tucumán SRL,Industria,Tucumán,Mercado Industrial,Limón Industria,4,Segunda,6059.0,337.0,0.0675,409.01,931.17,380857.84,0.0841,ARS,Pendiente,Cumplido
2024-05-10,2024,PED-2024-02249,La Esperanza,LE-02,Eureka,Frutales Tucumán SRL,Industria,Tucumán,Mercado Industrial,Limón Industria,4,Primera,7064.0,392.0,0.0745,526.2,959.74,505015.19,0.0318,ARS,Cobrado,Parcial
2024-05-10,2024,PED-2024-02255,La Esperanza,LE-04,Génova,Frutales Tucumán SRL,Industria,Tucumán,Mercado Industrial,Limón Industria,5,Extra,3700.0,206.0,0.074,273.97,932.71,255534.56,0.0499,ARS,Cobrado,Cumplido
2024-05-10,2024,PED-2024-02259,Los Álamos,LA-01,Eureka,Frutales Tucumán SRL,Industria,Tucumán,Mercado Industrial,Limón Industria,5,Primera,7051.0,392.0,0.0722,508.89,936.31,476478.8,0.083,ARS,Cobrado,Cumplido
2024-05-10,2024,PED-2024-02265,Los Álamos,LA-03,Génova,Frutales Tucumán SRL,Industria,Tucumán,Mercado Industrial,Limón Industria,6,Extra,4424.0,246.0,0.0671,296.85,881.85,261777.17,0.0475,ARS,Cobrado,Cumplido
2024-05-10,2024,PED-2024-02269,Río Ancho,RA-01,Eureka,Frutales Tucumán SRL,Industria,Tucumán,Mercado Industrial,Limón Industria,4,Extra,7613.0,423.0,0.0739,562.67,893.73,502875.06,0.0826,ARS,Cobrado,Cumplido
2024-05-10,2024,PED-2024-02279,San Cayetano,SC-01,Eureka,Frutales Tucumán SRL,Industria,Tucumán,Mercado Industrial,Limón Industria,4,Primera,6261.0,348.0,0.0679,425.19,893.26,379805.22,0.0315,ARS,Cobrado,Cumplido
2024-05-10,2024,PED-2024-02230,El Paraíso,EP-01,Eureka,Central de Frutas SA,Mercado Interno,Buenos Aires,Retail Nacional,Limón Eureka,5,Primera,7784.0,432.0,0.2375,1848.52,911.21,1684389.91,0.1516,ARS,Cobrado,Cumplido
2024-05-10,2024,PED-2024-02244,La Esperanza,LE-01,Eureka,Central de Frutas SA,Mercado Interno,Buenos Aires,Mercado Central,Limón Eureka,4,Segunda,8775.0,488.0,0.225,1973.99,931.17,1838120.27,0.1068,ARS,Cobrado,Cumplido
2024-05-10,2024,PED-2024-02264,Los Álamos,LA-03,Génova,Central de Frutas SA,Mercado Interno,Buenos Aires,Retail Nacional,Limón Génova,6,Extra,4169.0,232.0,0.2462,1026.32,881.85,905060.29,0.1958,ARS,Cobrado,Cumplido
2024-05-10,2024,PED-2024-02278,San Cayetano,SC-01,Eureka,Central de Frutas SA,Mercado Interno,Buenos Aires,Distribuidor Regional,Limón Eureka,4,Primera,9956.0,553.0,0.2416,2405.61,893.26,2148835.19,0.1665,ARS,Cobrado,Cumplido
2024-05-10,2024,PED-2024-02281,San Cayetano,SC-02,Lisbon,Central de Frutas SA,Mercado Interno,Buenos Aires,Distribuidor Regional,Limón Lisbon,3,Primera,6839.0,380.0,0.2452,1676.94,920.48,1543589.73,0.1985,ARS,Cobrado,Cumplido
2024-05-10,2024,PED-2024-02237,El Paraíso,EP-03,Lisbon,Frutales del Norte SRL,Mercado Interno,Salta,Retail Nacional,Limón Lisbon,4,Primera,4028.0,224.0,0.2188,881.25,937.26,825960.38,0.1651,ARS,Cobrado,Cumplido
2024-05-10,2024,PED-2024-02240,El Paraíso,EP-04,Génova,Frutales del Norte SRL,Mercado Interno,Salta,Retail Nacional,Limón Génova,6,Primera,3279.0,182.0,0.1889,619.46,943.86,584683.52,0.2086,ARS,Cobrado,Cumplido
2024-05-10,2024,PED-2024-02254,La Esperanza,LE-04,Génova,Frutales del Norte SRL,Mercado Interno,Salta,Retail Nacional,Limón Génova,5,Extra,3493.0,194.0,0.2239,782.15,932.71,729519.13,0.149,ARS,Pendiente,Parcial
2024-05-10,2024,PED-2024-02271,Río Ancho,RA-02,Lisbon,Frutales del Norte SRL,Mercado Interno,Salta,Retail Nacional,Limón Lisbon,5,Primera,10889.0,605.0,0.2055,2238.11,927.43,2075690.36,0.177,ARS,Cobrado,Cumplido
2024-05-10,2024,PED-2024-02274,Río Ancho,RA-03,Génova,Frutales del Norte SRL,Mercado Interno,Salta,Retail Nacional,Limón Génova,4,Segunda,5136.0,285.0,0.201,1032.54,899.75,929027.86,0.1561,ARS,Vencido,Cumplido
2024-05-10,2024,PED-2024-02234,El Paraíso,EP-02,Eureka,La Morenita SA,Mercado Interno,Tucumán,Retail Nacional,Limón Eureka,3,Extra,7746.0,430.0,0.2631,2037.62,940.28,1915933.33,0.1331,ARS,Cobrado,Cumplido
2024-05-10,2024,PED-2024-02258,Los Álamos,LA-01,Eureka,La Morenita SA,Mercado Interno,Tucumán,Mercado Central,Limón Eureka,5,Primera,8546.0,475.0,0.2164,1849.1,936.31,1731330.82,0.2002,ARS,Cobrado,Cumplido
2024-05-10,2024,PED-2024-02268,Río Ancho,RA-01,Eureka,La Morenita SA,Mercado Interno,Tucumán,Retail Nacional,Limón Eureka,4,Extra,8850.0,492.0,0.2339,2069.99,893.73,1850012.16,0.1861,ARS,Pendiente,Cumplido
2024-05-10,2024,PED-2024-02284,San Cayetano,SC-03,Génova,La Morenita SA,Mercado Interno,Tucumán,Distribuidor Regional,Limón Génova,4,Segunda,6879.0,382.0,0.2096,1441.99,922.6,1330379.97,0.1132,ARS,Cobrado,Cumplido
2024-05-10,2024,PED-2024-02248,La Esperanza,LE-02,Eureka,Supermercados Norte SA,Mercado Interno,Tucumán,Retail Nacional,Limón Eureka,4,Primera,9819.0,546.0,0.2155,2115.94,959.74,2030752.26,0.1683,ARS,Cobrado,Cumplido
2024-05-10,2024,PED-2024-02251,La Esperanza,LE-03,Lisbon,Supermercados Norte SA,Mercado Interno,Tucumán,Retail Nacional,Limón Lisbon,6,Primera,7978.0,443.0,0.2167,1728.64,928.3,1604696.51,0.1997,ARS,Cobrado,Cumplido
2024-05-10,2024,PED-2024-02261,Los Álamos,LA-02,Lisbon,Supermercados Norte SA,Mercado Interno,Tucumán,Retail Nacional,Limón Lisbon,6,Segunda,6846.0,380.0,0.2006,1373.39,932.02,1280026.95,0.1976,ARS,Cobrado,Cumplido
2024-05-17,2024,PED-2024-02291,El Paraíso,EP-02,Eureka,Al Salam Trading,Exportación,Emiratos Árabes,Programa Retail UE,Limón Eureka,2,Extra,14688.0,816.0,0.373,5478.97,924.17,5063499.7,0.2545,USD,Cobrado,Cumplido
2024-05-17,2024,PED-2024-02294,El Paraíso,EP-03,Lisbon,Al Salam Trading,Exportación,Emiratos Árabes,Trader Golfo,Limón Lisbon,5,Primera,16637.0,924.0,0.3553,5911.53,903.99,5343964.0,0.2687,USD,Cobrado,Cumplido
2024-05-17,2024,PED-2024-02311,La Esperanza,LE-04,Génova,Al Salam Trading,Exportación,Emiratos Árabes,Programa Retail UE,Limón Génova,5,Primera,13338.0,741.0,0.3592,4790.63,924.56,4429224.87,0.2051,USD,Cobrado,Cumplido
2024-05-17,2024,PED-2024-02314,Los Álamos,LA-01,Eureka,Al Salam Trading,Exportación,Emiratos Árabes,Exportación Directa,Limón Eureka,4,Extra,21436.0,1191.0,0.3825,8200.06,930.95,7633845.86,0.3155,USD,Cobrado,Cumplido
2024-05-17,2024,PED-2024-02323,Río Ancho,RA-01,Eureka,Al Salam Trading,Exportación,Emiratos Árabes,Trader Golfo,Limón Eureka,3,Extra,17575.0,976.0,0.3793,6666.35,941.96,6279435.05,0.235,USD,Pendiente,Cumplido
2024-05-17,2024,PED-2024-02286,El Paraíso,EP-01,Eureka,Citrus World Ltd,Exportación,Reino Unido,Exportación Directa,Limón Eureka,5,Primera,24378.0,1354.0,0.38,9262.78,917.08,8494710.28,0.3063,USD,Cobrado,Cumplido
2024-05-17,2024,PED-2024-02300,La Esperanza,LE-01,Eureka,Citrus World Ltd,Exportación,Reino Unido,Exportación Directa,Limón Eureka,2,Primera,14326.0,796.0,0.4327,6198.78,942.1,5839870.64,0.2166,USD,Cobrado,Parcial
2024-05-17,2024,PED-2024-02305,La Esperanza,LE-02,Eureka,Citrus World Ltd,Exportación,Reino Unido,Exportación Directa,Limón Eureka,3,Primera,10912.0,606.0,0.4272,4661.86,924.17,4308351.16,0.2378,USD,Pendiente,Cumplido
2024-05-17,2024,PED-2024-02333,San Cayetano,SC-01,Eureka,Citrus World Ltd,Exportación,Reino Unido,Programa Retail UE,Limón Eureka,4,Extra,25466.0,1415.0,0.4357,11095.23,921.58,10225142.06,0.2078,USD,Cobrado,Cumplido
2024-05-17,2024,PED-2024-02287,El Paraíso,EP-01,Eureka,Fischer Import GmbH,Exportación,Alemania,Trader Golfo,Limón Eureka,5,Primera,1134.0,63.0,0.3956,448.64,917.08,411438.77,0.2465,USD,Cobrado,Cumplido
2024-05-17,2024,PED-2024-02290,El Paraíso,EP-02,Eureka,Fischer Import GmbH,Exportación,Alemania,Programa Retail UE,Limón Eureka,2,Extra,13221.0,734.0,0.4545,6009.24,924.17,5553559.33,0.2833,USD,Pendiente,Cumplido
2024-05-17,2024,PED-2024-02297,El Paraíso,EP-04,Génova,Fischer Import GmbH,Exportación,Alemania,Exportación Directa,Limón Génova,7,Segunda,6822.0,379.0,0.3654,2492.93,934.82,2330440.82,0.2494,USD,Cobrado,Cumplido
2024-05-17,2024,PED-2024-02304,La Esperanza,LE-02,Eureka,Fischer Import GmbH,Exportación,Alemania,Exportación Directa,Limón Eureka,3,Primera,16812.0,934.0,0.436,7329.57,924.17,6773768.71,0.1814,USD,Cobrado,Cumplido
2024-05-17,2024,PED-2024-02334,San Cayetano,SC-01,Eureka,Fischer Import GmbH,Exportación,Alemania,Programa Retail UE,Limón Eureka,4,Extra,7957.0,442.0,0.4096,3259.31,921.58,3003714.91,0.2475,USD,Pendiente,Cumplido
2024-05-17,2024,PED-2024-02337,San Cayetano,SC-02,Lisbon,Fischer Import GmbH,Exportación,Alemania,Programa Retail UE,Limón Lisbon,4,Primera,15496.0,861.0,0.4272,6620.19,957.75,6340486.97,0.2577,USD,Cobrado,Cumplido
2024-05-17,2024,PED-2024-02340,San Cayetano,SC-03,Génova,Fischer Import GmbH,Exportación,Alemania,Exportación Directa,Limón Génova,5,Primera,12309.0,684.0,0.3916,4820.5,922.28,4445850.74,0.2454,USD,Cobrado,Cumplido
2024-05-17,2024,PED-2024-02301,La Esperanza,LE-01,Eureka,Medifresh SA,Exportación,España,Trader Golfo,Limón Eureka,2,Primera,13112.0,728.0,0.3844,5040.46,942.1,4748617.37,0.3004,USD,Cobrado,Cumplido
2024-05-17,2024,PED-2024-02308,La Esperanza,LE-03,Lisbon,Medifresh SA,Exportación,España,Exportación Directa,Limón Lisbon,3,Extra,17203.0,956.0,0.393,6761.09,916.93,6199446.25,0.314,USD,Cobrado,Cumplido
2024-05-17,2024,PED-2024-02317,Los Álamos,LA-02,Lisbon,Medifresh SA,Exportación,España,Trader Golfo,Limón Lisbon,4,Primera,16226.0,901.0,0.3982,6460.67,954.26,6165158.95,0.236,USD,Cobrado,Cumplido
2024-05-17,2024,PED-2024-02320,Los Álamos,LA-03,Génova,Medifresh SA,Exportación,España,Exportación Directa,Limón Génova,3,Primera,8624.0,479.0,0.3665,3160.7,925.71,2925891.6,0.1902,USD,Cobrado,Cumplido
2024-05-17,2024,PED-2024-02324,Río Ancho,RA-01,Eureka,Medifresh SA,Exportación,España,Trader Golfo,Limón Eureka,3,Extra,16390.0,911.0,0.4157,6813.79,941.96,6418317.63,0.2222,USD,Pendiente,Cumplido
2024-05-17,2024,PED-2024-02327,Río Ancho,RA-02,Lisbon,Medifresh SA,Exportación,España,Exportación Directa,Limón Lisbon,5,Primera,21027.0,1168.0,0.353,7423.45,890.71,6612141.15,0.2327,USD,Cobrado,Cumplido
2024-05-17,2024,PED-2024-02330,Río Ancho,RA-03,Génova,Medifresh SA,Exportación,España,Trader Golfo,Limón Génova,5,Segunda,13842.0,769.0,0.3612,4999.92,932.66,4663225.39,0.2289,USD,Cobrado,Cumplido
2024-05-17,2024,PED-2024-02289,El Paraíso,EP-01,Eureka,Citromax SA,Industria,Tucumán,Contrato Industria,Limón Industria,5,Primera,5418.0,301.0,0.0753,408.02,917.08,374186.98,0.0542,ARS,Cobrado,Parcial
2024-05-17,2024,PED-2024-02293,El Paraíso,EP-02,Eureka,Citromax SA,Industria,Tucumán,Mercado Industrial,Limón Industria,2,Extra,7309.0,406.0,0.0883,645.29,924.17,596357.66,0.0834,ARS,Pendiente,Cumplido
2024-05-17,2024,PED-2024-02299,El Paraíso,EP-04,Génova,Citromax SA,Industria,Tucumán,Contrato Industria,Limón Industria,7,Segunda,2906.0,161.0,0.0683,198.47,934.82,185533.73,0.0429,ARS,Vencido,Cumplido
2024-05-17,2024,PED-2024-02307,La Esperanza,LE-02,Eureka,Citromax SA,Industria,Tucumán,Mercado Industrial,Limón Industria,3,Primera,7431.0,413.0,0.0824,612.68,924.17,566220.48,0.0503,ARS,Cobrado,Cumplido
2024-05-17,2024,PED-2024-02310,La Esperanza,LE-03,Lisbon,Citromax SA,Industria,Tucumán,Mercado Industrial,Limón Industria,3,Extra,5462.0,303.0,0.0833,454.85,916.93,417065.61,0.0887,ARS,Pendiente,Cumplido
2024-05-17,2024,PED-2024-02313,La Esperanza,LE-04,Génova,Citromax SA,Industria,Tucumán,Mercado Industrial,Limón Industria,5,Primera,3888.0,216.0,0.0784,304.98,924.56,281972.31,0.0594,ARS,Cobrado,Cumplido
2024-05-17,2024,PED-2024-02326,Río Ancho,RA-01,Eureka,Citromax SA,Industria,Tucumán,Mercado Industrial,Limón Industria,3,Extra,10168.0,565.0,0.0847,861.36,941.96,811366.67,0.0549,ARS,Cobrado,Cumplido
2024-05-17,2024,PED-2024-02339,San Cayetano,SC-02,Lisbon,Citromax SA,Industria,Tucumán,Mercado Industrial,Limón Industria,4,Primera,4841.0,269.0,0.0744,360.29,957.75,345067.75,0.0872,ARS,Cobrado,Parcial
2024-05-17,2024,PED-2024-02342,San Cayetano,SC-03,Génova,Citromax SA,Industria,Tucumán,Mercado Industrial,Limón Industria,5,Primera,5712.0,317.0,0.0734,419.05,922.28,386481.43,0.034,ARS,Cobrado,Cumplido
2024-05-17,2024,PED-2024-02296,El Paraíso,EP-03,Lisbon,Frutales Tucumán SRL,Industria,Tucumán,Contrato Industria,Limón Industria,5,Primera,4456.0,248.0,0.0724,322.43,903.99,291473.5,0.0711,ARS,Cobrado,Cumplido
2024-05-17,2024,PED-2024-02303,La Esperanza,LE-01,Eureka,Frutales Tucumán SRL,Industria,Tucumán,Mercado Industrial,Limón Industria,2,Primera,6161.0,342.0,0.0727,447.67,942.1,421749.91,0.0666,ARS,Cobrado,Parcial
2024-05-17,2024,PED-2024-02316,Los Álamos,LA-01,Eureka,Frutales Tucumán SRL,Industria,Tucumán,Contrato Industria,Limón Industria,4,Extra,5853.0,325.0,0.0711,416.29,930.95,387545.18,0.0343,ARS,Cobrado,Cumplido
2024-05-17,2024,PED-2024-02319,Los Álamos,LA-02,Lisbon,Frutales Tucumán SRL,Industria,Tucumán,Contrato Industria,Limón Industria,4,Primera,4788.0,266.0,0.0713,341.18,954.26,325574.43,0.072,ARS,Pendiente,Cumplido
2024-05-17,2024,PED-2024-02322,Los Álamos,LA-03,Génova,Frutales Tucumán SRL,Industria,Tucumán,Contrato Industria,Limón Industria,3,Primera,3593.0,200.0,0.0737,264.9,925.71,245220.58,0.0473,ARS,Cobrado,Cumplido
2024-05-17,2024,PED-2024-02329,Río Ancho,RA-02,Lisbon,Frutales Tucumán SRL,Industria,Tucumán,Contrato Industria,Limón Industria,5,Primera,6787.0,377.0,0.0695,471.46,890.71,419934.14,0.0714,ARS,Cobrado,Cumplido
2024-05-17,2024,PED-2024-02332,Río Ancho,RA-03,Génova,Frutales Tucumán SRL,Industria,Tucumán,Mercado Industrial,Limón Industria,5,Segunda,7421.0,412.0,0.0638,473.75,932.66,441847.68,0.0621,ARS,Pendiente,Parcial
2024-05-17,2024,PED-2024-02336,San Cayetano,SC-01,Eureka,Frutales Tucumán SRL,Industria,Tucumán,Mercado Industrial,Limón Industria,4,Extra,7172.0,398.0,0.0712,510.44,921.58,470411.3,0.0811,ARS,Cobrado,Cumplido
2024-05-17,2024,PED-2024-02302,La Esperanza,LE-01,Eureka,Central de Frutas SA,Mercado Interno,Buenos Aires,Distribuidor Regional,Limón Eureka,2,Primera,10910.0,606.0,0.2465,2689.74,942.1,2534004.05,0.1293,ARS,Cobrado,Cumplido
2024-05-17,2024,PED-2024-02312,La Esperanza,LE-04,Génova,Central de Frutas SA,Mercado Interno,Buenos Aires,Distribuidor Regional,Limón Génova,5,Primera,4141.0,230.0,0.228,944.02,924.56,872803.13,0.1448,ARS,Cobrado,Cumplido
2024-05-17,2024,PED-2024-02325,Río Ancho,RA-01,Eureka,Central de Frutas SA,Mercado Interno,Buenos Aires,Distribuidor Regional,Limón Eureka,3,Extra,7727.0,429.0,0.2512,1941.11,941.96,1828447.98,0.1854,ARS,Pendiente,Cumplido
2024-05-17,2024,PED-2024-02335,San Cayetano,SC-01,Eureka,Central de Frutas SA,Mercado Interno,Buenos Aires,Distribuidor Regional,Limón Eureka,4,Extra,7997.0,444.0,0.2579,2062.77,921.58,1901007.58,0.1656,ARS,Vencido,Cumplido
2024-05-17,2024,PED-2024-02295,El Paraíso,EP-03,Lisbon,Frutales del Norte SRL,Mercado Interno,Salta,Mercado Central,Limón Lisbon,5,Primera,4694.0,261.0,0.1966,922.95,903.99,834337.57,0.132,ARS,Cobrado,Cumplido
2024-05-17,2024,PED-2024-02292,El Paraíso,EP-02,Eureka,La Morenita SA,Mercado Interno,Tucumán,Mercado Central,Limón Eureka,2,Extra,8400.0,467.0,0.2528,2123.85,924.17,1962798.45,0.1538,ARS,Pendiente,Cumplido
2024-05-17,2024,PED-2024-02298,El Paraíso,EP-04,Génova,La Morenita SA,Mercado Interno,Tucumán,Retail Nacional,Limón Génova,7,Segunda,4050.0,225.0,0.1936,784.24,934.82,733123.24,0.1905,ARS,Cobrado,Cumplido
2024-05-17,2024,PED-2024-02309,La Esperanza,LE-03,Lisbon,La Morenita SA,Mercado Interno,Tucumán,Mercado Central,Limón Lisbon,3,Extra,5945.0,330.0,0.2563,1523.82,916.93,1397236.27,0.1263,ARS,Cobrado,Cumplido
2024-05-17,2024,PED-2024-02315,Los Álamos,LA-01,Eureka,La Morenita SA,Mercado Interno,Tucumán,Distribuidor Regional,Limón Eureka,4,Extra,8274.0,460.0,0.2503,2071.14,930.95,1928127.78,0.1932,ARS,Pendiente,Cumplido
2024-05-17,2024,PED-2024-02321,Los Álamos,LA-03,Génova,La Morenita SA,Mercado Interno,Tucumán,Retail Nacional,Limón Génova,3,Primera,2564.0,142.0,0.2371,607.88,925.71,562720.59,0.1846,ARS,Pendiente,Cumplido
2024-05-17,2024,PED-2024-02288,El Paraíso,EP-01,Eureka,Supermercados Norte SA,Mercado Interno,Tucumán,Mercado Central,Limón Eureka,5,Primera,8916.0,495.0,0.2305,2055.03,917.08,1884626.91,0.2082,ARS,Cobrado,Cumplido
2024-05-17,2024,PED-2024-02306,La Esperanza,LE-02,Eureka,Supermercados Norte SA,Mercado Interno,Tucumán,Retail Nacional,Limón Eureka,3,Primera,9679.0,538.0,0.2297,2223.36,924.17,2054762.61,0.1794,ARS,Cobrado,Cumplido
2024-05-17,2024,PED-2024-02318,Los Álamos,LA-02,Lisbon,Supermercados Norte SA,Mercado Interno,Tucumán,Mercado Central,Limón Lisbon,4,Primera,6461.0,359.0,0.2286,1477.01,954.26,1409451.56,0.1304,ARS,Cobrado,Parcial
2024-05-17,2024,PED-2024-02328,Río Ancho,RA-02,Lisbon,Supermercados Norte SA,Mercado Interno,Tucumán,Mercado Central,Limón Lisbon,5,Primera,7590.0,422.0,0.2126,1613.38,890.71,1437053.7,0.1993,ARS,Pendiente,Cumplido
2024-05-17,2024,PED-2024-02331,Río Ancho,RA-03,Génova,Supermercados Norte SA,Mercado Interno,Tucumán,Distribuidor Regional,Limón Génova,5,Segunda,5207.0,289.0,0.2015,1049.33,932.66,978668.12,0.1462,ARS,Cobrado,Cumplido
2024-05-17,2024,PED-2024-02338,San Cayetano,SC-02,Lisbon,Supermercados Norte SA,Mercado Interno,Tucumán,Distribuidor Regional,Limón Lisbon,4,Primera,4487.0,249.0,0.2216,994.16,957.75,952156.74,0.1796,ARS,Cobrado,Parcial
2024-05-17,2024,PED-2024-02341,San Cayetano,SC-03,Génova,Supermercados Norte SA,Mercado Interno,Tucumán,Mercado Central,Limón Génova,5,Primera,4374.0,243.0,0.2169,948.67,922.28,874939.37,0.1936,ARS,Cobrado,Cumplido
2024-05-24,2024,PED-2024-02347,El Paraíso,EP-02,Eureka,Al Salam Trading,Exportación,Emiratos Árabes,Trader Golfo,Limón Eureka,3,Extra,14572.0,810.0,0.3806,5545.65,949.82,5267369.28,0.2407,USD,Cobrado,Cumplido
2024-05-24,2024,PED-2024-02360,La Esperanza,LE-02,Eureka,Al Salam Trading,Exportación,Emiratos Árabes,Exportación Directa,Limón Eureka,5,Extra,23773.0,1321.0,0.3705,8808.01,937.21,8254955.05,0.3248,USD,Cobrado,Cumplido
2024-05-24,2024,PED-2024-02366,La Esperanza,LE-04,Génova,Al Salam Trading,Exportación,Emiratos Árabes,Exportación Directa,Limón Génova,6,Primera,11817.0,656.0,0.3256,3847.69,948.83,3650803.7,0.1823,USD,Cobrado,Cumplido
2024-05-24,2024,PED-2024-02363,La Esperanza,LE-03,Lisbon,Citrus World Ltd,Exportación,Reino Unido,Programa Retail UE,Limón Lisbon,7,Primera,18149.0,1008.0,0.376,6823.48,933.68,6370946.81,0.3005,USD,Vencido,Cumplido
2024-05-24,2024,PED-2024-02395,San Cayetano,SC-03,Génova,Citrus World Ltd,Exportación,Reino Unido,Exportación Directa,Limón Génova,6,Extra,12616.0,701.0,0.3936,4965.12,924.88,4592140.19,0.3086,USD,Cobrado,Cumplido
2024-05-24,2024,PED-2024-02343,El Paraíso,EP-01,Eureka,Fischer Import GmbH,Exportación,Alemania,Exportación Directa,Limón Eureka,5,Extra,20071.0,1115.0,0.4381,8792.14,943.29,8293537.74,0.2245,USD,Cobrado,Cumplido
2024-05-24,2024,PED-2024-02359,La Esperanza,LE-02,Eureka,Fischer Import GmbH,Exportación,Alemania,Programa Retail UE,Limón Eureka,5,Extra,7685.0,427.0,0.4346,3339.55,937.21,3129859.66,0.239,USD,Cobrado,Cumplido
2024-05-24,2024,PED-2024-02372,Los Álamos,LA-02,Lisbon,Fischer Import GmbH,Exportación,Alemania,Programa Retail UE,Limón Lisbon,5,Extra,16538.0,919.0,0.4335,7168.46,970.89,6959786.13,0.2004,USD,Pendiente,Cumplido
2024-05-24,2024,PED-2024-02382,Río Ancho,RA-02,Lisbon,Fischer Import GmbH,Exportación,Alemania,Programa Retail UE,Limón Lisbon,6,Extra,22086.0,1227.0,0.4145,9154.28,927.29,8488672.3,0.2987,USD,Cobrado,Cumplido
2024-05-24,2024,PED-2024-02388,San Cayetano,SC-01,Eureka,Fischer Import GmbH,Exportación,Alemania,Trader Golfo,Limón Eureka,5,Segunda,1147.0,64.0,0.3998,458.52,909.34,416950.58,0.2475,USD,Cobrado,Cumplido
2024-05-24,2024,PED-2024-02392,San Cayetano,SC-02,Lisbon,Fischer Import GmbH,Exportación,Alemania,Exportación Directa,Limón Lisbon,4,Segunda,15315.0,851.0,0.3949,6048.65,921.91,5576310.92,0.1612,USD,Pendiente,Cumplido
2024-05-24,2024,PED-2024-02346,El Paraíso,EP-02,Eureka,Medifresh SA,Exportación,España,Exportación Directa,Limón Eureka,3,Extra,16315.0,906.0,0.3994,6516.85,949.82,6189834.47,0.2079,USD,Pendiente,Parcial
2024-05-24,2024,PED-2024-02350,El Paraíso,EP-03,Lisbon,Medifresh SA,Exportación,España,Exportación Directa,Limón Lisbon,6,Extra,13711.0,762.0,0.3563,4885.3,909.92,4445232.18,0.2681,USD,Cobrado,Cumplido
2024-05-24,2024,PED-2024-02353,El Paraíso,EP-04,Génova,Medifresh SA,Exportación,España,Trader Golfo,Limón Génova,3,Segunda,7328.0,407.0,0.3627,2658.0,932.71,2479143.18,0.2041,USD,Cobrado,Cumplido
2024-05-24,2024,PED-2024-02356,La Esperanza,LE-01,Eureka,Medifresh SA,Exportación,España,Exportación Directa,Limón Eureka,3,Extra,22422.0,1246.0,0.3989,8944.67,964.49,8627044.77,0.3136,USD,Cobrado,Cumplido
2024-05-24,2024,PED-2024-02369,Los Álamos,LA-01,Eureka,Medifresh SA,Exportación,España,Trader Golfo,Limón Eureka,5,Segunda,19457.0,1081.0,0.3475,6760.59,910.34,6154435.5,0.1609,USD,Cobrado,Cumplido
2024-05-24,2024,PED-2024-02375,Los Álamos,LA-03,Génova,Medifresh SA,Exportación,España,Exportación Directa,Limón Génova,5,Primera,10713.0,595.0,0.381,4081.17,927.6,3785693.29,0.3009,USD,Cobrado,Cumplido
2024-05-24,2024,PED-2024-02378,Río Ancho,RA-01,Eureka,Medifresh SA,Exportación,España,Trader Golfo,Limón Eureka,2,Primera,4209.0,234.0,0.4059,1708.46,963.15,1645503.25,0.2875,USD,Pendiente,Cumplido
2024-05-24,2024,PED-2024-02379,Río Ancho,RA-01,Eureka,Medifresh SA,Exportación,España,Programa Retail UE,Limón Eureka,2,Primera,28816.0,1601.0,0.3868,11147.46,963.15,10736676.1,0.2507,USD,Vencido,Cumplido
2024-05-24,2024,PED-2024-02385,Río Ancho,RA-03,Génova,Medifresh SA,Exportación,España,Programa Retail UE,Limón Génova,7,Primera,12492.0,694.0,0.3416,4267.66,919.87,3925692.4,0.2155,USD,Pendiente,Cumplido
2024-05-24,2024,PED-2024-02389,San Cayetano,SC-01,Eureka,Medifresh SA,Exportación,España,Trader Golfo,Limón Eureka,5,Segunda,25501.0,1417.0,0.3419,8718.67,909.34,7928235.38,0.224,USD,Cobrado,Cumplido
2024-05-24,2024,PED-2024-02349,El Paraíso,EP-02,Eureka,Citromax SA,Industria,Tucumán,Mercado Industrial,Limón Industria,3,Extra,6716.0,373.0,0.0801,537.98,949.82,510984.16,0.0315,ARS,Cobrado,Cumplido
2024-05-24,2024,PED-2024-02352,El Paraíso,EP-03,Lisbon,Citromax SA,Industria,Tucumán,Mercado Industrial,Limón Industria,6,Extra,3278.0,182.0,0.0783,256.66,909.92,233540.07,0.0376,ARS,Cobrado,Parcial
2024-05-24,2024,PED-2024-02355,El Paraíso,EP-04,Génova,Citromax SA,Industria,Tucumán,Contrato Industria,Limón Industria,3,Segunda,2696.0,150.0,0.0751,202.37,932.71,188752.52,0.0548,ARS,Cobrado,Cumplido
2024-05-24,2024,PED-2024-02362,La Esperanza,LE-02,Eureka,Citromax SA,Industria,Tucumán,Contrato Industria,Limón Industria,5,Extra,8701.0,483.0,0.0789,686.21,937.21,643122.87,0.036,ARS,Cobrado,Cumplido
2024-05-24,2024,PED-2024-02368,La Esperanza,LE-04,Génova,Citromax SA,Industria,Tucumán,Mercado Industrial,Limón Industria,6,Primera,5362.0,298.0,0.0767,411.3,948.83,390253.78,0.0667,ARS,Cobrado,Cumplido
2024-05-24,2024,PED-2024-02371,Los Álamos,LA-01,Eureka,Citromax SA,Industria,Tucumán,Mercado Industrial,Limón Industria,5,Segunda,5194.0,289.0,0.0749,389.21,910.34,354313.43,0.0506,ARS,Cobrado,Cumplido
2024-05-24,2024,PED-2024-02374,Los Álamos,LA-02,Lisbon,Citromax SA,Industria,Tucumán,Mercado Industrial,Limón Industria,5,Extra,5938.0,330.0,0.0829,492.34,970.89,478007.98,0.0476,ARS,Cobrado,Parcial
2024-05-24,2024,PED-2024-02391,San Cayetano,SC-01,Eureka,Citromax SA,Industria,Tucumán,Mercado Industrial,Limón Industria,5,Segunda,7883.0,438.0,0.0712,561.55,909.34,510639.88,0.056,ARS,Cobrado,Cumplido
2024-05-24,2024,PED-2024-02397,San Cayetano,SC-03,Génova,Citromax SA,Industria,Tucumán,Contrato Industria,Limón Industria,6,Extra,5507.0,306.0,0.0738,406.22,924.88,375704.75,0.0747,ARS,Cobrado,Cumplido
2024-05-24,2024,PED-2024-02345,El Paraíso,EP-01,Eureka,Frutales Tucumán SRL,Industria,Tucumán,Contrato Industria,Limón Industria,5,Extra,4445.0,247.0,0.0736,327.26,943.29,308701.09,0.058,ARS,Cobrado,Cumplido
2024-05-24,2024,PED-2024-02358,La Esperanza,LE-01,Eureka,Frutales Tucumán SRL,Industria,Tucumán,Contrato Industria,Limón Industria,3,Extra,5530.0,307.0,0.0767,424.03,964.49,408972.69,0.0878,ARS,Cobrado,Cumplido
2024-05-24,2024,PED-2024-02365,La Esperanza,LE-03,Lisbon,Frutales Tucumán SRL,Industria,Tucumán,Contrato Industria,Limón Industria,7,Primera,6456.0,359.0,0.0635,409.83,933.68,382650.07,0.0611,ARS,Cobrado,Cumplido
2024-05-24,2024,PED-2024-02377,Los Álamos,LA-03,Génova,Frutales Tucumán SRL,Industria,Tucumán,Contrato Industria,Limón Industria,5,Primera,4347.0,242.0,0.0727,315.87,927.6,293001.01,0.0606,ARS,Pendiente,Cumplido
2024-05-24,2024,PED-2024-02381,Río Ancho,RA-01,Eureka,Frutales Tucumán SRL,Industria,Tucumán,Mercado Industrial,Limón Industria,2,Primera,9094.0,505.0,0.0741,674.03,963.15,649191.99,0.0396,ARS,Cobrado,Cumplido
2024-05-24,2024,PED-2024-02384,Río Ancho,RA-02,Lisbon,Frutales Tucumán SRL,Industria,Tucumán,Contrato Industria,Limón Industria,6,Extra,6920.0,384.0,0.0666,460.64,927.29,427146.87,0.0306,ARS,Cobrado,Cumplido
2024-05-24,2024,PED-2024-02387,Río Ancho,RA-03,Génova,Frutales Tucumán SRL,Industria,Tucumán,Mercado Industrial,Limón Industria,7,Primera,6436.0,358.0,0.0656,422.19,919.87,388359.92,0.074,ARS,Pendiente,Cumplido
2024-05-24,2024,PED-2024-02394,San Cayetano,SC-02,Lisbon,Frutales Tucumán SRL,Industria,Tucumán,Contrato Industria,Limón Industria,4,Segunda,4992.0,277.0,0.0676,337.41,921.91,311061.65,0.0618,ARS,Cobrado,Cumplido
2024-05-24,2024,PED-2024-02364,La Esperanza,LE-03,Lisbon,Central de Frutas SA,Mercado Interno,Buenos Aires,Retail Nacional,Limón Lisbon,7,Primera,7276.0,404.0,0.2344,1705.34,933.68,1592241.85,0.181,ARS,Cobrado,Cumplido
2024-05-24,2024,PED-2024-02376,Los Álamos,LA-03,Génova,Central de Frutas SA,Mercado Interno,Buenos Aires,Retail Nacional,Limón Génova,5,Primera,3972.0,221.0,0.2488,988.32,927.6,916765.63,0.1598,ARS,Cobrado,Cumplido
2024-05-24,2024,PED-2024-02348,El Paraíso,EP-02,Eureka,Frutales del Norte SRL,Mercado Interno,Salta,Retail Nacional,Limón Eureka,3,Extra,6123.0,340.0,0.2261,1384.15,949.82,1314693.35,0.1183,ARS,Cobrado,Cumplido
2024-05-24,2024,PED-2024-02383,Río Ancho,RA-02,Lisbon,Frutales del Norte SRL,Mercado Interno,Salta,Distribuidor Regional,Limón Lisbon,6,Extra,6239.0,347.0,0.2138,1333.73,927.29,1236754.49,0.1224,ARS,Cobrado,Cumplido
2024-05-24,2024,PED-2024-02386,Río Ancho,RA-03,Génova,Frutales del Norte SRL,Mercado Interno,Salta,Distribuidor Regional,Limón Génova,7,Primera,6536.0,363.0,0.1814,1185.42,919.87,1090432.3,0.1943,ARS,Cobrado,Cumplido
2024-05-24,2024,PED-2024-02354,El Paraíso,EP-04,Génova,La Morenita SA,Mercado Interno,Tucumán,Retail Nacional,Limón Génova,3,Segunda,3163.0,176.0,0.2282,721.84,932.71,673267.39,0.1672,ARS,Pendiente,Cumplido
2024-05-24,2024,PED-2024-02357,La Esperanza,LE-01,Eureka,La Morenita SA,Mercado Interno,Tucumán,Distribuidor Regional,Limón Eureka,3,Extra,6769.0,376.0,0.2615,1770.02,964.49,1707166.59,0.1889,ARS,Cobrado,Cumplido
2024-05-24,2024,PED-2024-02361,La Esperanza,LE-02,Eureka,La Morenita SA,Mercado Interno,Tucumán,Distribuidor Regional,Limón Eureka,5,Extra,10602.0,589.0,0.2326,2466.52,937.21,2311647.21,0.1507,ARS,Cobrado,Cumplido
2024-05-24,2024,PED-2024-02370,Los Álamos,LA-01,Eureka,La Morenita SA,Mercado Interno,Tucumán,Mercado Central,Limón Eureka,5,Segunda,11197.0,622.0,0.2243,2511.03,910.34,2285891.05,0.1729,ARS,Cobrado,Cumplido
2024-05-24,2024,PED-2024-02373,Los Álamos,LA-02,Lisbon,La Morenita SA,Mercado Interno,Tucumán,Distribuidor Regional,Limón Lisbon,5,Extra,6140.0,341.0,0.2383,1463.24,970.89,1420645.08,0.1376,ARS,Cobrado,Cumplido
2024-05-24,2024,PED-2024-02393,San Cayetano,SC-02,Lisbon,La Morenita SA,Mercado Interno,Tucumán,Mercado Central,Limón Lisbon,4,Segunda,8346.0,464.0,0.2277,1900.68,921.91,1752255.9,0.1711,ARS,Cobrado,Cumplido
2024-05-24,2024,PED-2024-02396,San Cayetano,SC-03,Génova,La Morenita SA,Mercado Interno,Tucumán,Distribuidor Regional,Limón Génova,6,Extra,3352.0,186.0,0.2164,725.5,924.88,671000.44,0.187,ARS,Cobrado,Cumplido
2024-05-24,2024,PED-2024-02344,El Paraíso,EP-01,Eureka,Supermercados Norte SA,Mercado Interno,Tucumán,Retail Nacional,Limón Eureka,5,Extra,8330.0,463.0,0.2328,1938.99,943.29,1829029.88,0.1435,ARS,Cobrado,Parcial
2024-05-24,2024,PED-2024-02351,El Paraíso,EP-03,Lisbon,Supermercados Norte SA,Mercado Interno,Tucumán,Retail Nacional,Limón Lisbon,6,Extra,4034.0,224.0,0.2191,883.69,909.92,804087.2,0.1617,ARS,Pendiente,Cumplido
2024-05-24,2024,PED-2024-02367,La Esperanza,LE-04,Génova,Supermercados Norte SA,Mercado Interno,Tucumán,Distribuidor Regional,Limón Génova,6,Primera,6082.0,338.0,0.2127,1293.68,948.83,1227482.39,0.1527,ARS,Cobrado,Cumplido
2024-05-24,2024,PED-2024-02380,Río Ancho,RA-01,Eureka,Supermercados Norte SA,Mercado Interno,Tucumán,Retail Nacional,Limón Eureka,2,Primera,11680.0,649.0,0.2311,2699.33,963.15,2599859.69,0.126,ARS,Vencido,Cumplido
2024-05-24,2024,PED-2024-02390,San Cayetano,SC-01,Eureka,Supermercados Norte SA,Mercado Interno,Tucumán,Retail Nacional,Limón Eureka,5,Segunda,10123.0,562.0,0.2095,2120.29,909.34,1928064.51,0.1685,ARS,Cobrado,Cumplido
2024-05-31,2024,PED-2024-02421,La Esperanza,LE-04,Génova,Al Salam Trading,Exportación,Emiratos Árabes,Trader Golfo,Limón Génova,6,Primera,14223.0,790.0,0.3482,4952.53,950.6,4707875.02,0.2225,USD,Cobrado,Cumplido
2024-05-31,2024,PED-2024-02424,Los Álamos,LA-01,Eureka,Al Salam Trading,Exportación,Emiratos Árabes,Exportación Directa,Limón Eureka,4,Segunda,18699.0,1039.0,0.3502,6548.86,959.18,6281535.53,0.267,USD,Cobrado,Cumplido
2024-05-31,2024,PED-2024-02433,Río Ancho,RA-01,Eureka,Al Salam Trading,Exportación,Emiratos Árabes,Trader Golfo,Limón Eureka,4,Primera,25238.0,1402.0,0.3347,8447.26,924.28,7807633.47,0.2084,USD,Cobrado,Cumplido
2024-05-31,2024,PED-2024-02440,Río Ancho,RA-03,Génova,Al Salam Trading,Exportación,Emiratos Árabes,Trader Golfo,Limón Génova,7,Segunda,13773.0,765.0,0.3102,4272.27,932.75,3984959.84,0.2274,USD,Cobrado,Cumplido
2024-05-31,2024,PED-2024-02446,San Cayetano,SC-02,Lisbon,Al Salam Trading,Exportación,Emiratos Árabes,Exportación Directa,Limón Lisbon,7,Primera,16609.0,923.0,0.3282,5450.93,965.0,5260147.45,0.2839,USD,Vencido,Cumplido
2024-05-31,2024,PED-2024-02398,El Paraíso,EP-01,Eureka,Citrus World Ltd,Exportación,Reino Unido,Programa Retail UE,Limón Eureka,4,Primera,16583.0,921.0,0.3792,6288.67,948.29,5963482.87,0.197,USD,Cobrado,Cumplido
2024-05-31,2024,PED-2024-02408,El Paraíso,EP-04,Génova,Citrus World Ltd,Exportación,Reino Unido,Trader Golfo,Limón Génova,4,Primera,10559.0,587.0,0.3858,4073.69,908.88,3702495.37,0.2731,USD,Cobrado,Cumplido
2024-05-31,2024,PED-2024-02415,La Esperanza,LE-02,Eureka,Citrus World Ltd,Exportación,Reino Unido,Exportación Directa,Limón Eureka,6,Extra,15715.0,873.0,0.3911,6146.04,955.55,5872848.52,0.2232,USD,Cobrado,Cumplido
2024-05-31,2024,PED-2024-02430,Los Álamos,LA-03,Génova,Citrus World Ltd,Exportación,Reino Unido,Trader Golfo,Limón Génova,4,Primera,9267.0,515.0,0.4089,3789.65,930.47,3526155.64,0.3064,USD,Pendiente,Cumplido
2024-05-31,2024,PED-2024-02434,Río Ancho,RA-01,Eureka,Citrus World Ltd,Exportación,Reino Unido,Exportación Directa,Limón Eureka,4,Primera,8370.0,465.0,0.3793,3174.46,924.28,2934089.89,0.2821,USD,Cobrado,Cumplido
2024-05-31,2024,PED-2024-02449,San Cayetano,SC-03,Génova,Citrus World Ltd,Exportación,Reino Unido,Exportación Directa,Limón Génova,6,Primera,12486.0,694.0,0.3761,4695.77,912.2,4283481.39,0.2072,USD,Cobrado,Cumplido
2024-05-31,2024,PED-2024-02405,El Paraíso,EP-03,Lisbon,Fischer Import GmbH,Exportación,Alemania,Exportación Directa,Limón Lisbon,7,Extra,13010.0,723.0,0.3996,5198.73,951.7,4947631.34,0.3219,USD,Cobrado,Cumplido
2024-05-31,2024,PED-2024-02411,La Esperanza,LE-01,Eureka,Fischer Import GmbH,Exportación,Alemania,Programa Retail UE,Limón Eureka,6,Segunda,23052.0,1281.0,0.3567,8221.83,932.76,7668994.15,0.2157,USD,Cobrado,Cumplido
2024-05-31,2024,PED-2024-02418,La Esperanza,LE-03,Lisbon,Fischer Import GmbH,Exportación,Alemania,Exportación Directa,Limón Lisbon,5,Primera,15661.0,870.0,0.4136,6477.14,958.77,6210087.52,0.293,USD,Cobrado,Cumplido
2024-05-31,2024,PED-2024-02443,San Cayetano,SC-01,Eureka,Fischer Import GmbH,Exportación,Alemania,Trader Golfo,Limón Eureka,5,Extra,23772.0,1321.0,0.4408,10478.61,926.09,9704135.93,0.3176,USD,Vencido,Cumplido
2024-05-31,2024,PED-2024-02399,El Paraíso,EP-01,Eureka,Medifresh SA,Exportación,España,Trader Golfo,Limón Eureka,4,Primera,10669.0,593.0,0.3568,3806.3,948.29,3609476.23,0.1914,USD,Cobrado,Cumplido
2024-05-31,2024,PED-2024-02402,El Paraíso,EP-02,Eureka,Medifresh SA,Exportación,España,Exportación Directa,Limón Eureka,4,Primera,22416.0,1245.0,0.3701,8295.38,915.56,7594918.11,0.1911,USD,Cobrado,Cumplido
2024-05-31,2024,PED-2024-02414,La Esperanza,LE-02,Eureka,Medifresh SA,Exportación,España,Programa Retail UE,Limón Eureka,6,Extra,11106.0,617.0,0.3653,4056.74,955.55,3876417.91,0.2633,USD,Cobrado,Cumplido
2024-05-31,2024,PED-2024-02427,Los Álamos,LA-02,Lisbon,Medifresh SA,Exportación,España,Trader Golfo,Limón Lisbon,2,Extra,17656.0,981.0,0.411,7256.04,943.05,6842808.52,0.294,USD,Cobrado,Cumplido
2024-05-31,2024,PED-2024-02437,Río Ancho,RA-02,Lisbon,Medifresh SA,Exportación,España,Exportación Directa,Limón Lisbon,5,Primera,20638.0,1147.0,0.3799,7841.14,942.18,7387765.29,0.2722,USD,Cobrado,Cumplido
2024-05-31,2024,PED-2024-02401,El Paraíso,EP-01,Eureka,Citromax SA,Industria,Tucumán,Mercado Industrial,Limón Industria,4,Primera,5393.0,300.0,0.0805,434.03,948.29,411586.31,0.0618,ARS,Cobrado,Cumplido
2024-05-31,2024,PED-2024-02404,El Paraíso,EP-02,Eureka,Citromax SA,Industria,Tucumán,Mercado Industrial,Limón Industria,4,Primera,5604.0,311.0,0.0814,456.21,915.56,417687.63,0.0503,ARS,Cobrado,Cumplido
2024-05-31,2024,PED-2024-02407,El Paraíso,EP-03,Lisbon,Citromax SA,Industria,Tucumán,Contrato Industria,Limón Industria,7,Extra,3942.0,219.0,0.0757,298.29,951.7,283882.59,0.0443,ARS,Cobrado,Cumplido
2024-05-31,2024,PED-2024-02410,El Paraíso,EP-04,Génova,Citromax SA,Industria,Tucumán,Contrato Industria,Limón Industria,4,Primera,3265.0,181.0,0.0788,257.37,908.88,233918.45,0.0887,ARS,Cobrado,Cumplido
2024-05-31,2024,PED-2024-02417,La Esperanza,LE-02,Eureka,Citromax SA,Industria,Tucumán,Mercado Industrial,Limón Industria,6,Extra,8169.0,454.0,0.0786,642.01,955.55,613472.66,0.0464,ARS,Cobrado,Cumplido
2024-05-31,2024,PED-2024-02426,Los Álamos,LA-01,Eureka,Citromax SA,Industria,Tucumán,Contrato Industria,Limón Industria,4,Segunda,6518.0,362.0,0.0755,492.04,959.18,471954.93,0.0411,ARS,Cobrado,Cumplido
2024-05-31,2024,PED-2024-02429,Los Álamos,LA-02,Lisbon,Citromax SA,Industria,Tucumán,Contrato Industria,Limón Industria,2,Extra,6193.0,344.0,0.0849,525.88,943.05,495931.13,0.032,ARS,Pendiente,Cumplido
2024-05-31,2024,PED-2024-02432,Los Álamos,LA-03,Génova,Citromax SA,Industria,Tucumán,Contrato Industria,Limón Industria,4,Primera,3685.0,205.0,0.0769,283.22,930.47,263527.71,0.0704,ARS,Cobrado,Cumplido
2024-05-31,2024,PED-2024-02436,Río Ancho,RA-01,Eureka,Citromax SA,Industria,Tucumán,Mercado Industrial,Limón Industria,4,Primera,8661.0,481.0,0.0807,698.95,924.28,646025.51,0.0648,ARS,Cobrado,Parcial
2024-05-31,2024,PED-2024-02445,San Cayetano,SC-01,Eureka,Citromax SA,Industria,Tucumán,Contrato Industria,Limón Industria,5,Extra,5982.0,332.0,0.0805,481.41,926.09,445828.99,0.0552,ARS,Cobrado,Parcial
2024-05-31,2024,PED-2024-02448,San Cayetano,SC-02,Lisbon,Citromax SA,Industria,Tucumán,Contrato Industria,Limón Industria,7,Primera,5873.0,326.0,0.0702,412.18,965.0,397753.7,0.0718,ARS,Cobrado,Cumplido
2024-05-31,2024,PED-2024-02413,La Esperanza,LE-01,Eureka,Frutales Tucumán SRL,Industria,Tucumán,Mercado Industrial,Limón Industria,6,Segunda,5362.0,298.0,0.0635,340.6,932.76,317698.06,0.0377,ARS,Vencido,Cumplido
2024-05-31,2024,PED-2024-02420,La Esperanza,LE-03,Lisbon,Frutales Tucumán SRL,Industria,Tucumán,Mercado Industrial,Limón Industria,5,Primera,4296.0,239.0,0.0667,286.54,958.77,274725.96,0.0565,ARS,Cobrado,Cumplido
2024-05-31,2024,PED-2024-02423,La Esperanza,LE-04,Génova,Frutales Tucumán SRL,Industria,Tucumán,Mercado Industrial,Limón Industria,6,Primera,5044.0,280.0,0.0651,328.41,950.6,312186.55,0.0869,ARS,Pendiente,Cumplido
2024-05-31,2024,PED-2024-02439,Río Ancho,RA-02,Lisbon,Frutales Tucumán SRL,Industria,Tucumán,Contrato Industria,Limón Industria,5,Primera,6559.0,364.0,0.0674,442.36,942.18,416782.74,0.061,ARS,Cobrado,Cumplido
2024-05-31,2024,PED-2024-02442,Río Ancho,RA-03,Génova,Frutales Tucumán SRL,Industria,Tucumán,Mercado Industrial,Limón Industria,7,Segunda,7270.0,404.0,0.058,421.6,932.75,393247.4,0.0848,ARS,Cobrado,Cumplido
2024-05-31,2024,PED-2024-02451,San Cayetano,SC-03,Génova,Frutales Tucumán SRL,Industria,Tucumán,Contrato Industria,Limón Industria,6,Primera,4740.0,263.0,0.0685,324.89,912.2,296364.66,0.0737,ARS,Cobrado,Parcial
2024-05-31,2024,PED-2024-02403,El Paraíso,EP-02,Eureka,Central de Frutas SA,Mercado Interno,Buenos Aires,Mercado Central,Limón Eureka,4,Primera,10012.0,556.0,0.24,2403.35,915.56,2200411.13,0.1318,ARS,Cobrado,Cumplido
2024-05-31,2024,PED-2024-02406,El Paraíso,EP-03,Lisbon,Central de Frutas SA,Mercado Interno,Buenos Aires,Distribuidor Regional,Limón Lisbon,7,Extra,4508.0,250.0,0.242,1091.05,951.7,1038352.28,0.213,ARS,Cobrado,Cumplido
2024-05-31,2024,PED-2024-02422,La Esperanza,LE-04,Génova,Central de Frutas SA,Mercado Interno,Buenos Aires,Distribuidor Regional,Limón Génova,6,Primera,4794.0,266.0,0.2417,1158.52,950.6,1101289.11,0.1526,ARS,Cobrado,Cumplido
2024-05-31,2024,PED-2024-02428,Los Álamos,LA-02,Lisbon,Central de Frutas SA,Mercado Interno,Buenos Aires,Distribuidor Regional,Limón Lisbon,2,Extra,4976.0,276.0,0.2558,1272.72,943.05,1200238.6,0.189,ARS,Cobrado,Cumplido
2024-05-31,2024,PED-2024-02400,El Paraíso,EP-01,Eureka,Frutales del Norte SRL,Mercado Interno,Salta,Mercado Central,Limón Eureka,4,Primera,7645.0,425.0,0.2083,1592.43,948.29,1510085.44,0.1807,ARS,Cobrado,Cumplido
2024-05-31,2024,PED-2024-02412,La Esperanza,LE-01,Eureka,Frutales del Norte SRL,Mercado Interno,Salta,Retail Nacional,Limón Eureka,6,Segunda,11821.0,657.0,0.1891,2235.1,932.76,2084811.88,0.1933,ARS,Cobrado,Cumplido
2024-05-31,2024,PED-2024-02416,La Esperanza,LE-02,Eureka,Frutales del Norte SRL,Mercado Interno,Salta,Mercado Central,Limón Eureka,6,Extra,7061.0,392.0,0.2188,1544.83,955.55,1476162.31,0.1344,ARS,Cobrado,Cumplido
2024-05-31,2024,PED-2024-02419,La Esperanza,LE-03,Lisbon,Frutales del Norte SRL,Mercado Interno,Salta,Mercado Central,Limón Lisbon,5,Primera,6540.0,363.0,0.2179,1425.26,958.77,1366496.53,0.112,ARS,Cobrado,Cumplido
2024-05-31,2024,PED-2024-02425,Los Álamos,LA-01,Eureka,Frutales del Norte SRL,Mercado Interno,Salta,Distribuidor Regional,Limón Eureka,4,Segunda,10434.0,580.0,0.196,2045.34,959.18,1961849.22,0.1423,ARS,Cobrado,Cumplido
2024-05-31,2024,PED-2024-02431,Los Álamos,LA-03,Génova,Frutales del Norte SRL,Mercado Interno,Salta,Distribuidor Regional,Limón Génova,4,Primera,3647.0,203.0,0.2063,752.36,930.47,700048.41,0.1428,ARS,Cobrado,Cumplido
2024-05-31,2024,PED-2024-02438,Río Ancho,RA-02,Lisbon,Frutales del Norte SRL,Mercado Interno,Salta,Mercado Central,Limón Lisbon,5,Primera,9938.0,552.0,0.1979,1966.95,942.18,1853220.95,0.1958,ARS,Cobrado,Cumplido
2024-05-31,2024,PED-2024-02441,Río Ancho,RA-03,Génova,Frutales del Norte SRL,Mercado Interno,Salta,Retail Nacional,Limón Génova,7,Segunda,6419.0,357.0,0.1857,1192.28,932.75,1112099.17,0.1946,ARS,Cobrado,Cumplido
2024-05-31,2024,PED-2024-02444,San Cayetano,SC-01,Eureka,Frutales del Norte SRL,Mercado Interno,Salta,Retail Nacional,Limón Eureka,5,Extra,7300.0,406.0,0.2115,1544.27,926.09,1430133.0,0.182,ARS,Cobrado,Cumplido
2024-05-31,2024,PED-2024-02450,San Cayetano,SC-03,Génova,Frutales del Norte SRL,Mercado Interno,Salta,Distribuidor Regional,Limón Génova,6,Primera,4442.0,247.0,0.2008,891.85,912.2,813545.57,0.16,ARS,Cobrado,Cumplido
2024-05-31,2024,PED-2024-02409,El Paraíso,EP-04,Génova,Supermercados Norte SA,Mercado Interno,Tucumán,Retail Nacional,Limón Génova,4,Primera,3314.0,184.0,0.2197,728.13,908.88,661782.79,0.1268,ARS,Pendiente,Cumplido
2024-05-31,2024,PED-2024-02435,Río Ancho,RA-01,Eureka,Supermercados Norte SA,Mercado Interno,Tucumán,Mercado Central,Limón Eureka,4,Primera,11907.0,662.0,0.2294,2731.73,924.28,2524883.4,0.1486,ARS,Cobrado,Cumplido
2024-05-31,2024,PED-2024-02447,San Cayetano,SC-02,Lisbon,Supermercados Norte SA,Mercado Interno,Tucumán,Retail Nacional,Limón Lisbon,7,Primera,9068.0,504.0,0.1942,1761.13,965.0,1699490.45,0.1515,ARS,Cobrado,Parcial
2024-06-07,2024,PED-2024-02471,La Esperanza,LE-02,Eureka,Al Salam Trading,Exportación,Emiratos Árabes,Exportación Directa,Limón Eureka,4,Primera,8588.0,477.0,0.3472,2982.06,927.67,2766367.6,0.2391,USD,Pendiente,Cumplido
2024-06-07,2024,PED-2024-02481,Los Álamos,LA-01,Eureka,Al Salam Trading,Exportación,Emiratos Árabes,Trader Golfo,Limón Eureka,6,Primera,3197.0,178.0,0.3192,1020.41,947.24,966573.17,0.2309,USD,Cobrado,Cumplido
2024-06-07,2024,PED-2024-02495,Río Ancho,RA-02,Lisbon,Al Salam Trading,Exportación,Emiratos Árabes,Programa Retail UE,Limón Lisbon,4,Primera,6903.0,384.0,0.3708,2559.66,957.78,2451591.15,0.2296,USD,Cobrado,Cumplido
2024-06-07,2024,PED-2024-02504,San Cayetano,SC-02,Lisbon,Al Salam Trading,Exportación,Emiratos Árabes,Trader Golfo,Limón Lisbon,5,Segunda,15477.0,860.0,0.319,4936.68,944.2,4661213.26,0.2651,USD,Cobrado,Parcial
2024-06-07,2024,PED-2024-02456,El Paraíso,EP-02,Eureka,Citrus World Ltd,Exportación,Reino Unido,Exportación Directa,Limón Eureka,3,Extra,25356.0,1409.0,0.4366,11070.19,931.58,10312767.6,0.2717,USD,Cobrado,Cumplido
2024-06-07,2024,PED-2024-02457,El Paraíso,EP-02,Eureka,Citrus World Ltd,Exportación,Reino Unido,Exportación Directa,Limón Eureka,3,Extra,9875.0,549.0,0.4309,4254.88,931.58,3963761.11,0.241,USD,Cobrado,Cumplido
2024-06-07,2024,PED-2024-02466,La Esperanza,LE-01,Eureka,Citrus World Ltd,Exportación,Reino Unido,Programa Retail UE,Limón Eureka,3,Extra,26417.0,1468.0,0.4261,11257.52,937.45,10553362.12,0.3129,USD,Cobrado,Cumplido
2024-06-07,2024,PED-2024-02474,La Esperanza,LE-03,Lisbon,Citrus World Ltd,Exportación,Reino Unido,Exportación Directa,Limón Lisbon,4,Primera,17791.0,988.0,0.3827,6808.25,924.42,6293682.46,0.2932,USD,Cobrado,Cumplido
2024-06-07,2024,PED-2024-02452,El Paraíso,EP-01,Eureka,Fischer Import GmbH,Exportación,Alemania,Exportación Directa,Limón Eureka,2,Extra,13336.0,741.0,0.4572,6097.08,940.76,5735888.98,0.2756,USD,Cobrado,Cumplido
2024-06-07,2024,PED-2024-02463,El Paraíso,EP-04,Génova,Fischer Import GmbH,Exportación,Alemania,Trader Golfo,Limón Génova,5,Segunda,9102.0,506.0,0.3751,3413.95,934.02,3188697.58,0.2537,USD,Cobrado,Cumplido
2024-06-07,2024,PED-2024-02470,La Esperanza,LE-02,Eureka,Fischer Import GmbH,Exportación,Alemania,Exportación Directa,Limón Eureka,4,Primera,22280.0,1238.0,0.4357,9707.45,927.67,9005310.14,0.2277,USD,Cobrado,Cumplido
2024-06-07,2024,PED-2024-02477,La Esperanza,LE-04,Génova,Fischer Import GmbH,Exportación,Alemania,Programa Retail UE,Limón Génova,5,Segunda,13027.0,724.0,0.3771,4912.95,940.04,4618369.52,0.2451,USD,Cobrado,Cumplido
2024-06-07,2024,PED-2024-02480,Los Álamos,LA-01,Eureka,Fischer Import GmbH,Exportación,Alemania,Trader Golfo,Limón Eureka,6,Primera,21880.0,1216.0,0.4117,9008.09,947.24,8532823.17,0.3039,USD,Cobrado,Cumplido
2024-06-07,2024,PED-2024-02484,Los Álamos,LA-02,Lisbon,Fischer Import GmbH,Exportación,Alemania,Trader Golfo,Limón Lisbon,4,Extra,18819.0,1046.0,0.4242,7983.62,921.19,7354430.91,0.2429,USD,Cobrado,Cumplido
2024-06-07,2024,PED-2024-02487,Los Álamos,LA-03,Génova,Fischer Import GmbH,Exportación,Alemania,Programa Retail UE,Limón Génova,6,Primera,9116.0,506.0,0.4035,3678.32,946.1,3480058.55,0.2862,USD,Cobrado,Cumplido
2024-06-07,2024,PED-2024-02490,Río Ancho,RA-01,Eureka,Fischer Import GmbH,Exportación,Alemania,Trader Golfo,Limón Eureka,3,Primera,24733.0,1374.0,0.4088,10111.49,927.25,9375879.1,0.1954,USD,Cobrado,Cumplido
2024-06-07,2024,PED-2024-02494,Río Ancho,RA-02,Lisbon,Fischer Import GmbH,Exportación,Alemania,Programa Retail UE,Limón Lisbon,4,Primera,19363.0,1076.0,0.4369,8460.62,957.78,8103412.62,0.2303,USD,Cobrado,Cumplido
2024-06-07,2024,PED-2024-02507,San Cayetano,SC-03,Génova,Fischer Import GmbH,Exportación,Alemania,Trader Golfo,Limón Génova,5,Segunda,13749.0,764.0,0.3819,5250.21,937.34,4921231.84,0.1734,USD,Pendiente,Cumplido
2024-06-07,2024,PED-2024-02453,El Paraíso,EP-01,Eureka,Medifresh SA,Exportación,España,Exportación Directa,Limón Eureka,2,Extra,11486.0,638.0,0.4359,5006.86,940.76,4710253.61,0.2231,USD,Cobrado,Cumplido
2024-06-07,2024,PED-2024-02460,El Paraíso,EP-03,Lisbon,Medifresh SA,Exportación,España,Trader Golfo,Limón Lisbon,3,Extra,17298.0,961.0,0.3885,6720.17,971.17,6526427.5,0.2884,USD,Cobrado,Cumplido
2024-06-07,2024,PED-2024-02467,La Esperanza,LE-01,Eureka,Medifresh SA,Exportación,España,Programa Retail UE,Limón Eureka,3,Extra,2649.0,147.0,0.3834,1015.57,937.45,952046.1,0.2053,USD,Cobrado,Parcial
2024-06-07,2024,PED-2024-02491,Río Ancho,RA-01,Eureka,Medifresh SA,Exportación,España,Exportación Directa,Limón Eureka,3,Primera,5583.0,310.0,0.4064,2268.95,927.25,2103883.89,0.2888,USD,Cobrado,Cumplido
2024-06-07,2024,PED-2024-02498,Río Ancho,RA-03,Génova,Medifresh SA,Exportación,España,Trader Golfo,Limón Génova,4,Primera,15727.0,874.0,0.3794,5967.0,944.46,5635592.82,0.3005,USD,Cobrado,Cumplido
2024-06-07,2024,PED-2024-02501,San Cayetano,SC-01,Eureka,Medifresh SA,Exportación,España,Exportación Directa,Limón Eureka,4,Primera,22150.0,1231.0,0.3826,8474.18,981.31,8315797.58,0.3097,USD,Cobrado,Cumplido
2024-06-07,2024,PED-2024-02455,El Paraíso,EP-01,Eureka,Citromax SA,Industria,Tucumán,Contrato Industria,Limón Industria,2,Extra,4846.0,269.0,0.0872,422.71,940.76,397668.66,0.0379,ARS,Cobrado,Cumplido
2024-06-07,2024,PED-2024-02459,El Paraíso,EP-02,Eureka,Citromax SA,Industria,Tucumán,Contrato Industria,Limón Industria,3,Extra,7965.0,442.0,0.0877,698.88,931.58,651062.63,0.0878,ARS,Cobrado,Cumplido
2024-06-07,2024,PED-2024-02462,El Paraíso,EP-03,Lisbon,Citromax SA,Industria,Tucumán,Mercado Industrial,Limón Industria,3,Extra,4386.0,244.0,0.0801,351.26,971.17,341133.17,0.0799,ARS,Cobrado,Cumplido
2024-06-07,2024,PED-2024-02465,El Paraíso,EP-04,Génova,Citromax SA,Industria,Tucumán,Contrato Industria,Limón Industria,5,Segunda,3866.0,215.0,0.0741,286.65,934.02,267736.83,0.0691,ARS,Cobrado,Cumplido
2024-06-07,2024,PED-2024-02473,La Esperanza,LE-02,Eureka,Citromax SA,Industria,Tucumán,Mercado Industrial,Limón Industria,4,Primera,7517.0,418.0,0.0753,566.05,927.67,525107.6,0.0327,ARS,Cobrado,Cumplido
2024-06-07,2024,PED-2024-02476,La Esperanza,LE-03,Lisbon,Citromax SA,Industria,Tucumán,Contrato Industria,Limón Industria,4,Primera,4845.0,269.0,0.0801,387.85,924.42,358536.3,0.0847,ARS,Cobrado,Cumplido
2024-06-07,2024,PED-2024-02479,La Esperanza,LE-04,Génova,Citromax SA,Industria,Tucumán,Contrato Industria,Limón Industria,5,Segunda,5117.0,284.0,0.074,378.55,940.04,355852.14,0.0523,ARS,Cobrado,Cumplido
2024-06-07,2024,PED-2024-02486,Los Álamos,LA-02,Lisbon,Citromax SA,Industria,Tucumán,Contrato Industria,Limón Industria,4,Extra,6334.0,352.0,0.084,532.22,921.19,490275.74,0.0886,ARS,Cobrado,Cumplido
2024-06-07,2024,PED-2024-02489,Los Álamos,LA-03,Génova,Citromax SA,Industria,Tucumán,Contrato Industria,Limón Industria,6,Primera,3701.0,206.0,0.0745,275.79,946.1,260924.92,0.0894,ARS,Vencido,Cumplido
2024-06-07,2024,PED-2024-02493,Río Ancho,RA-01,Eureka,Citromax SA,Industria,Tucumán,Contrato Industria,Limón Industria,3,Primera,8994.0,500.0,0.0832,748.43,927.25,693981.72,0.0663,ARS,Cobrado,Cumplido
2024-06-07,2024,PED-2024-02500,Río Ancho,RA-03,Génova,Citromax SA,Industria,Tucumán,Mercado Industrial,Limón Industria,4,Primera,6017.0,334.0,0.0784,471.86,944.46,445652.9,0.0497,ARS,Cobrado,Cumplido
2024-06-07,2024,PED-2024-02503,San Cayetano,SC-01,Eureka,Citromax SA,Industria,Tucumán,Mercado Industrial,Limón Industria,4,Primera,6109.0,339.0,0.0814,497.48,981.31,488182.1,0.0316,ARS,Cobrado,Cumplido
2024-06-07,2024,PED-2024-02506,San Cayetano,SC-02,Lisbon,Citromax SA,Industria,Tucumán,Contrato Industria,Limón Industria,5,Segunda,5417.0,301.0,0.0748,404.96,944.2,382363.23,0.0788,ARS,Pendiente,Cumplido
2024-06-07,2024,PED-2024-02509,San Cayetano,SC-03,Génova,Citromax SA,Industria,Tucumán,Mercado Industrial,Limón Industria,5,Segunda,6615.0,368.0,0.0753,498.05,937.34,466842.19,0.0476,ARS,Cobrado,Parcial
2024-06-07,2024,PED-2024-02469,La Esperanza,LE-01,Eureka,Frutales Tucumán SRL,Industria,Tucumán,Mercado Industrial,Limón Industria,3,Extra,5652.0,314.0,0.0758,428.17,937.45,401387.97,0.0668,ARS,Cobrado,Cumplido
2024-06-07,2024,PED-2024-02483,Los Álamos,LA-01,Eureka,Frutales Tucumán SRL,Industria,Tucumán,Contrato Industria,Limón Industria,6,Primera,6853.0,381.0,0.0692,474.53,947.24,449493.8,0.0703,ARS,Cobrado,Cumplido
2024-06-07,2024,PED-2024-02497,Río Ancho,RA-02,Lisbon,Frutales Tucumán SRL,Industria,Tucumán,Mercado Industrial,Limón Industria,4,Primera,8618.0,479.0,0.0683,588.28,957.78,563442.82,0.0869,ARS,Cobrado,Cumplido
2024-06-07,2024,PED-2024-02454,El Paraíso,EP-01,Eureka,Central de Frutas SA,Mercado Interno,Buenos Aires,Mercado Central,Limón Eureka,2,Extra,6716.0,373.0,0.2552,1713.73,940.76,1612208.63,0.1488,ARS,Cobrado,Cumplido
2024-06-07,2024,PED-2024-02482,Los Álamos,LA-01,Eureka,Central de Frutas SA,Mercado Interno,Buenos Aires,Mercado Central,Limón Eureka,6,Primera,8872.0,493.0,0.2225,1974.4,947.24,1870230.66,0.1968,ARS,Cobrado,Cumplido
2024-06-07,2024,PED-2024-02488,Los Álamos,LA-03,Génova,Central de Frutas SA,Mercado Interno,Buenos Aires,Retail Nacional,Limón Génova,6,Primera,4361.0,242.0,0.2302,1003.91,946.1,949799.25,0.1328,ARS,Cobrado,Cumplido
2024-06-07,2024,PED-2024-02508,San Cayetano,SC-03,Génova,Central de Frutas SA,Mercado Interno,Buenos Aires,Distribuidor Regional,Limón Génova,5,Segunda,6499.0,361.0,0.2287,1486.44,937.34,1393299.67,0.1835,ARS,Cobrado,Parcial
2024-06-07,2024,PED-2024-02468,La Esperanza,LE-01,Eureka,Frutales del Norte SRL,Mercado Interno,Salta,Mercado Central,Limón Eureka,3,Extra,7582.0,421.0,0.2319,1758.02,937.45,1648055.85,0.144,ARS,Cobrado,Cumplido
2024-06-07,2024,PED-2024-02472,La Esperanza,LE-02,Eureka,Frutales del Norte SRL,Mercado Interno,Salta,Retail Nacional,Limón Eureka,4,Primera,10428.0,579.0,0.213,2221.25,927.67,2060586.99,0.1947,ARS,Cobrado,Cumplido
2024-06-07,2024,PED-2024-02475,La Esperanza,LE-03,Lisbon,Frutales del Norte SRL,Mercado Interno,Salta,Retail Nacional,Limón Lisbon,4,Primera,7754.0,431.0,0.2094,1623.95,924.42,1501211.86,0.1285,ARS,Cobrado,Cumplido
2024-06-07,2024,PED-2024-02478,La Esperanza,LE-04,Génova,Frutales del Norte SRL,Mercado Interno,Salta,Retail Nacional,Limón Génova,5,Segunda,7083.0,394.0,0.1874,1327.41,940.04,1247818.5,0.1588,ARS,Cobrado,Cumplido
2024-06-07,2024,PED-2024-02505,San Cayetano,SC-02,Lisbon,Frutales del Norte SRL,Mercado Interno,Salta,Retail Nacional,Limón Lisbon,5,Segunda,6876.0,382.0,0.1922,1321.73,944.2,1247977.47,0.1401,ARS,Cobrado,Cumplido
2024-06-07,2024,PED-2024-02458,El Paraíso,EP-02,Eureka,La Morenita SA,Mercado Interno,Tucumán,Distribuidor Regional,Limón Eureka,3,Extra,7235.0,402.0,0.2385,1725.55,931.58,1607487.87,0.1537,ARS,Cobrado,Cumplido
2024-06-07,2024,PED-2024-02485,Los Álamos,LA-02,Lisbon,La Morenita SA,Mercado Interno,Tucumán,Retail Nacional,Limón Lisbon,4,Extra,6740.0,374.0,0.2405,1621.24,921.19,1493470.08,0.1935,ARS,Cobrado,Cumplido
2024-06-07,2024,PED-2024-02496,Río Ancho,RA-02,Lisbon,La Morenita SA,Mercado Interno,Tucumán,Distribuidor Regional,Limón Lisbon,4,Primera,10901.0,606.0,0.2309,2516.69,957.78,2410435.35,0.154,ARS,Cobrado,Cumplido
2024-06-07,2024,PED-2024-02499,Río Ancho,RA-03,Génova,La Morenita SA,Mercado Interno,Tucumán,Retail Nacional,Limón Génova,4,Primera,4636.0,258.0,0.2247,1041.75,944.46,983891.2,0.1697,ARS,Cobrado,Cumplido
2024-06-07,2024,PED-2024-02502,San Cayetano,SC-01,Eureka,La Morenita SA,Mercado Interno,Tucumán,Distribuidor Regional,Limón Eureka,4,Primera,8422.0,468.0,0.2292,1930.31,981.31,1894232.51,0.1364,ARS,Cobrado,Cumplido
2024-06-07,2024,PED-2024-02461,El Paraíso,EP-03,Lisbon,Supermercados Norte SA,Mercado Interno,Tucumán,Retail Nacional,Limón Lisbon,3,Extra,4650.0,258.0,0.2335,1085.97,971.17,1054661.48,0.1848,ARS,Cobrado,Cumplido
2024-06-07,2024,PED-2024-02464,El Paraíso,EP-04,Génova,Supermercados Norte SA,Mercado Interno,Tucumán,Retail Nacional,Limón Génova,5,Segunda,5340.0,297.0,0.2154,1150.14,934.02,1074253.76,0.1154,ARS,Cobrado,Cumplido
2024-06-07,2024,PED-2024-02492,Río Ancho,RA-01,Eureka,Supermercados Norte SA,Mercado Interno,Tucumán,Mercado Central,Limón Eureka,3,Primera,8254.0,459.0,0.2253,1859.53,927.25,1724249.19,0.1893,ARS,Cobrado,Parcial
2024-06-14,2024,PED-2024-02543,Los Álamos,LA-03,Génova,Al Salam Trading,Exportación,Emiratos Árabes,Programa Retail UE,Limón Génova,5,Segunda,10091.0,561.0,0.3313,3342.81,949.48,3173931.24,0.2199,USD,Cobrado,Cumplido
2024-06-14,2024,PED-2024-02550,Río Ancho,RA-02,Lisbon,Al Salam Trading,Exportación,Emiratos Árabes,Exportación Directa,Limón Lisbon,4,Extra,25254.0,1403.0,0.3779,9543.95,955.98,9123825.32,0.2793,USD,Cobrado,Cumplido
2024-06-14,2024,PED-2024-02557,San Cayetano,SC-01,Eureka,Al Salam Trading,Exportación,Emiratos Árabes,Trader Golfo,Limón Eureka,5,Extra,13527.0,752.0,0.3507,4744.22,942.33,4470620.83,0.2427,USD,Cobrado,Cumplido
2024-06-14,2024,PED-2024-02510,El Paraíso,EP-01,Eureka,Citrus World Ltd,Exportación,Reino Unido,Programa Retail UE,Limón Eureka,6,Extra,23322.0,1296.0,0.3864,9012.45,938.71,8460076.94,0.226,USD,Cobrado,Cumplido
2024-06-14,2024,PED-2024-02531,La Esperanza,LE-03,Lisbon,Citrus World Ltd,Exportación,Reino Unido,Exportación Directa,Limón Lisbon,6,Segunda,20557.0,1142.0,0.3464,7121.58,937.09,6673561.4,0.1914,USD,Cobrado,Cumplido
2024-06-14,2024,PED-2024-02546,Río Ancho,RA-01,Eureka,Citrus World Ltd,Exportación,Reino Unido,Exportación Directa,Limón Eureka,2,Extra,16406.0,911.0,0.4273,7010.36,962.6,6748172.54,0.3064,USD,Cobrado,Cumplido
2024-06-14,2024,PED-2024-02551,Río Ancho,RA-02,Lisbon,Citrus World Ltd,Exportación,Reino Unido,Trader Golfo,Limón Lisbon,4,Extra,7659.0,426.0,0.4211,3225.5,955.98,3083513.49,0.2171,USD,Cobrado,Cumplido
2024-06-14,2024,PED-2024-02524,La Esperanza,LE-01,Eureka,Fischer Import GmbH,Exportación,Alemania,Exportación Directa,Limón Eureka,4,Extra,21267.0,1182.0,0.4355,9262.64,916.65,8490598.96,0.3054,USD,Cobrado,Cumplido
2024-06-14,2024,PED-2024-02534,La Esperanza,LE-04,Génova,Fischer Import GmbH,Exportación,Alemania,Trader Golfo,Limón Génova,5,Primera,12223.0,679.0,0.3905,4772.91,955.79,4561899.65,0.2154,USD,Cobrado,Cumplido
2024-06-14,2024,PED-2024-02537,Los Álamos,LA-01,Eureka,Fischer Import GmbH,Exportación,Alemania,Trader Golfo,Limón Eureka,2,Segunda,21529.0,1196.0,0.432,9301.58,964.72,8973420.26,0.2078,USD,Cobrado,Cumplido
2024-06-14,2024,PED-2024-02540,Los Álamos,LA-02,Lisbon,Fischer Import GmbH,Exportación,Alemania,Exportación Directa,Limón Lisbon,5,Primera,17842.0,991.0,0.4138,7382.62,954.6,7047449.05,0.2611,USD,Cobrado,Cumplido
2024-06-14,2024,PED-2024-02547,Río Ancho,RA-01,Eureka,Fischer Import GmbH,Exportación,Alemania,Trader Golfo,Limón Eureka,2,Extra,16417.0,912.0,0.4433,7277.76,962.6,7005571.78,0.2049,USD,Cobrado,Cumplido
2024-06-14,2024,PED-2024-02558,San Cayetano,SC-01,Eureka,Fischer Import GmbH,Exportación,Alemania,Trader Golfo,Limón Eureka,5,Extra,14301.0,794.0,0.4471,6393.6,942.33,6024881.09,0.2094,USD,Cobrado,Cumplido
2024-06-14,2024,PED-2024-02561,San Cayetano,SC-02,Lisbon,Fischer Import GmbH,Exportación,Alemania,Exportación Directa,Limón Lisbon,3,Extra,23742.0,1319.0,0.4745,11266.09,934.21,10524893.94,0.209,USD,Cobrado,Cumplido
2024-06-14,2024,PED-2024-02564,San Cayetano,SC-03,Génova,Fischer Import GmbH,Exportación,Alemania,Programa Retail UE,Limón Génova,3,Primera,12564.0,698.0,0.4114,5168.67,920.16,4756003.39,0.2432,USD,Cobrado,Cumplido
2024-06-14,2024,PED-2024-02513,El Paraíso,EP-02,Eureka,Medifresh SA,Exportación,España,Trader Golfo,Limón Eureka,5,Extra,70.0,4.0,0.3946,27.62,945.29,26108.91,0.2147,USD,Cobrado,Cumplido
2024-06-14,2024,PED-2024-02514,El Paraíso,EP-02,Eureka,Medifresh SA,Exportación,España,Programa Retail UE,Limón Eureka,5,Extra,29311.0,1628.0,0.4076,11945.85,945.29,11292292.55,0.277,USD,Cobrado,Cumplido
2024-06-14,2024,PED-2024-02517,El Paraíso,EP-03,Lisbon,Medifresh SA,Exportación,España,Exportación Directa,Limón Lisbon,4,Segunda,16174.0,899.0,0.3633,5876.81,951.63,5592548.7,0.2525,USD,Cobrado,Cumplido
2024-06-14,2024,PED-2024-02520,El Paraíso,EP-04,Génova,Medifresh SA,Exportación,España,Exportación Directa,Limón Génova,6,Segunda,10755.0,598.0,0.327,3516.49,965.32,3394538.13,0.2104,USD,Cobrado,Cumplido
2024-06-14,2024,PED-2024-02523,La Esperanza,LE-01,Eureka,Medifresh SA,Exportación,España,Programa Retail UE,Limón Eureka,4,Extra,7290.0,405.0,0.4126,3007.59,916.65,2756907.37,0.3094,USD,Cobrado,Cumplido
2024-06-14,2024,PED-2024-02527,La Esperanza,LE-02,Eureka,Medifresh SA,Exportación,España,Trader Golfo,Limón Eureka,3,Primera,10164.0,565.0,0.3897,3960.61,947.39,3752242.31,0.1803,USD,Cobrado,Parcial
2024-06-14,2024,PED-2024-02528,La Esperanza,LE-02,Eureka,Medifresh SA,Exportación,España,Exportación Directa,Limón Eureka,3,Primera,19526.0,1085.0,0.3834,7486.47,947.39,7092606.81,0.1945,USD,Cobrado,Cumplido
2024-06-14,2024,PED-2024-02554,Río Ancho,RA-03,Génova,Medifresh SA,Exportación,España,Exportación Directa,Limón Génova,6,Extra,16328.0,907.0,0.3546,5790.19,943.89,5465302.44,0.2316,USD,Cobrado,Cumplido
2024-06-14,2024,PED-2024-02512,El Paraíso,EP-01,Eureka,Citromax SA,Industria,Tucumán,Contrato Industria,Limón Industria,6,Extra,5375.0,299.0,0.0755,405.79,938.71,380919.13,0.0869,ARS,Cobrado,Cumplido
2024-06-14,2024,PED-2024-02519,El Paraíso,EP-03,Lisbon,Citromax SA,Industria,Tucumán,Mercado Industrial,Limón Industria,4,Segunda,4478.0,249.0,0.0708,316.83,951.63,301504.93,0.0631,ARS,Pendiente,Cumplido
2024-06-14,2024,PED-2024-02522,El Paraíso,EP-04,Génova,Citromax SA,Industria,Tucumán,Contrato Industria,Limón Industria,6,Segunda,3813.0,212.0,0.0671,255.72,965.32,246851.63,0.0868,ARS,Cobrado,Cumplido
2024-06-14,2024,PED-2024-02533,La Esperanza,LE-03,Lisbon,Citromax SA,Industria,Tucumán,Contrato Industria,Limón Industria,6,Segunda,6907.0,384.0,0.0703,485.72,937.09,455163.35,0.0852,ARS,Cobrado,Cumplido
2024-06-14,2024,PED-2024-02536,La Esperanza,LE-04,Génova,Citromax SA,Industria,Tucumán,Mercado Industrial,Limón Industria,5,Primera,5014.0,279.0,0.0766,383.93,955.79,366956.45,0.0803,ARS,Pendiente,Cumplido
2024-06-14,2024,PED-2024-02542,Los Álamos,LA-02,Lisbon,Citromax SA,Industria,Tucumán,Contrato Industria,Limón Industria,5,Primera,5807.0,323.0,0.0758,440.33,954.6,420339.02,0.0544,ARS,Cobrado,Cumplido
2024-06-14,2024,PED-2024-02545,Los Álamos,LA-03,Génova,Citromax SA,Industria,Tucumán,Mercado Industrial,Limón Industria,5,Segunda,5072.0,282.0,0.0721,365.65,949.48,347177.36,0.0581,ARS,Cobrado,Cumplido
2024-06-14,2024,PED-2024-02553,Río Ancho,RA-02,Lisbon,Citromax SA,Industria,Tucumán,Contrato Industria,Limón Industria,4,Extra,9985.0,555.0,0.0786,784.91,955.98,750358.26,0.0516,ARS,Cobrado,Cumplido
2024-06-14,2024,PED-2024-02560,San Cayetano,SC-01,Eureka,Citromax SA,Industria,Tucumán,Contrato Industria,Limón Industria,5,Extra,5622.0,312.0,0.0789,443.49,942.33,417913.93,0.0751,ARS,Cobrado,Cumplido
2024-06-14,2024,PED-2024-02563,San Cayetano,SC-02,Lisbon,Citromax SA,Industria,Tucumán,Contrato Industria,Limón Industria,3,Extra,6370.0,354.0,0.0831,529.33,934.21,494505.38,0.0315,ARS,Cobrado,Cumplido
2024-06-14,2024,PED-2024-02566,San Cayetano,SC-03,Génova,Citromax SA,Industria,Tucumán,Contrato Industria,Limón Industria,3,Primera,5847.0,325.0,0.0785,459.17,920.16,422509.87,0.0451,ARS,Vencido,Cumplido
2024-06-14,2024,PED-2024-02516,El Paraíso,EP-02,Eureka,Frutales Tucumán SRL,Industria,Tucumán,Contrato Industria,Limón Industria,5,Extra,7987.0,444.0,0.0711,568.13,945.29,537047.61,0.0373,ARS,Cobrado,Parcial
2024-06-14,2024,PED-2024-02526,La Esperanza,LE-01,Eureka,Frutales Tucumán SRL,Industria,Tucumán,Contrato Industria,Limón Industria,4,Extra,5088.0,283.0,0.0727,370.07,916.65,339224.67,0.0894,ARS,Cobrado,Cumplido
2024-06-14,2024,PED-2024-02530,La Esperanza,LE-02,Eureka,Frutales Tucumán SRL,Industria,Tucumán,Contrato Industria,Limón Industria,3,Primera,8376.0,465.0,0.0738,618.15,947.39,585629.13,0.0649,ARS,Cobrado,Cumplido
2024-06-14,2024,PED-2024-02539,Los Álamos,LA-01,Eureka,Frutales Tucumán SRL,Industria,Tucumán,Contrato Industria,Limón Industria,2,Segunda,4619.0,257.0,0.0708,326.85,964.72,315318.73,0.0434,ARS,Cobrado,Cumplido
2024-06-14,2024,PED-2024-02549,Río Ancho,RA-01,Eureka,Frutales Tucumán SRL,Industria,Tucumán,Mercado Industrial,Limón Industria,2,Extra,8517.0,473.0,0.0759,646.15,962.6,621983.99,0.0706,ARS,Cobrado,Cumplido
2024-06-14,2024,PED-2024-02556,Río Ancho,RA-03,Génova,Frutales Tucumán SRL,Industria,Tucumán,Contrato Industria,Limón Industria,6,Extra,8914.0,495.0,0.0673,599.88,943.89,566220.73,0.042,ARS,Cobrado,Cumplido
2024-06-14,2024,PED-2024-02521,El Paraíso,EP-04,Génova,Central de Frutas SA,Mercado Interno,Buenos Aires,Mercado Central,Limón Génova,6,Segunda,4422.0,246.0,0.228,1008.43,965.32,973457.65,0.1549,ARS,Cobrado,Cumplido
2024-06-14,2024,PED-2024-02529,La Esperanza,LE-02,Eureka,Central de Frutas SA,Mercado Interno,Buenos Aires,Retail Nacional,Limón Eureka,3,Primera,12143.0,675.0,0.2619,3180.64,947.39,3013306.53,0.1539,ARS,Cobrado,Cumplido
2024-06-14,2024,PED-2024-02538,Los Álamos,LA-01,Eureka,Central de Frutas SA,Mercado Interno,Buenos Aires,Mercado Central,Limón Eureka,2,Segunda,9209.0,512.0,0.2585,2380.41,964.72,2296429.14,0.1556,ARS,Cobrado,Parcial
2024-06-14,2024,PED-2024-02525,La Esperanza,LE-01,Eureka,Frutales del Norte SRL,Mercado Interno,Salta,Mercado Central,Limón Eureka,4,Extra,9493.0,527.0,0.2157,2047.27,916.65,1876630.05,0.2163,ARS,Cobrado,Parcial
2024-06-14,2024,PED-2024-02535,La Esperanza,LE-04,Génova,Frutales del Norte SRL,Mercado Interno,Salta,Mercado Central,Limón Génova,5,Primera,5882.0,327.0,0.1985,1167.66,955.79,1116037.75,0.1536,ARS,Cobrado,Parcial
2024-06-14,2024,PED-2024-02552,Río Ancho,RA-02,Lisbon,Frutales del Norte SRL,Mercado Interno,Salta,Mercado Central,Limón Lisbon,4,Extra,7894.0,439.0,0.2192,1730.3,955.98,1654132.19,0.1623,ARS,Cobrado,Cumplido
2024-06-14,2024,PED-2024-02511,El Paraíso,EP-01,Eureka,La Morenita SA,Mercado Interno,Tucumán,Mercado Central,Limón Eureka,6,Extra,7813.0,434.0,0.2402,1876.96,938.71,1761921.12,0.1504,ARS,Cobrado,Cumplido
2024-06-14,2024,PED-2024-02544,Los Álamos,LA-03,Génova,La Morenita SA,Mercado Interno,Tucumán,Distribuidor Regional,Limón Génova,5,Segunda,4699.0,261.0,0.2066,970.89,949.48,921840.64,0.0987,ARS,Pendiente,Parcial
2024-06-14,2024,PED-2024-02548,Río Ancho,RA-01,Eureka,La Morenita SA,Mercado Interno,Tucumán,Distribuidor Regional,Limón Eureka,2,Extra,6486.0,360.0,0.2506,1625.65,962.6,1564850.69,0.1462,ARS,Cobrado,Cumplido
2024-06-14,2024,PED-2024-02555,Río Ancho,RA-03,Génova,La Morenita SA,Mercado Interno,Tucumán,Mercado Central,Limón Génova,6,Extra,7371.0,410.0,0.2306,1699.85,943.89,1604471.42,0.1316,ARS,Cobrado,Cumplido
2024-06-14,2024,PED-2024-02559,San Cayetano,SC-01,Eureka,La Morenita SA,Mercado Interno,Tucumán,Retail Nacional,Limón Eureka,5,Extra,7365.0,409.0,0.2395,1764.0,942.33,1662270.12,0.2017,ARS,Pendiente,Cumplido
2024-06-14,2024,PED-2024-02562,San Cayetano,SC-02,Lisbon,La Morenita SA,Mercado Interno,Tucumán,Mercado Central,Limón Lisbon,3,Extra,5449.0,303.0,0.2539,1383.69,934.21,1292657.03,0.1903,ARS,Pendiente,Cumplido
2024-06-14,2024,PED-2024-02565,San Cayetano,SC-03,Génova,La Morenita SA,Mercado Interno,Tucumán,Mercado Central,Limón Génova,3,Primera,4354.0,242.0,0.2483,1081.16,920.16,994840.19,0.1746,ARS,Cobrado,Cumplido
2024-06-14,2024,PED-2024-02515,El Paraíso,EP-02,Eureka,Supermercados Norte SA,Mercado Interno,Tucumán,Distribuidor Regional,Limón Eureka,5,Extra,10241.0,569.0,0.2259,2313.06,945.29,2186512.49,0.2079,ARS,Cobrado,Cumplido
2024-06-14,2024,PED-2024-02518,El Paraíso,EP-03,Lisbon,Supermercados Norte SA,Mercado Interno,Tucumán,Mercado Central,Limón Lisbon,4,Segunda,6965.0,387.0,0.2197,1530.17,951.63,1456155.68,0.1329,ARS,Pendiente,Cumplido
2024-06-14,2024,PED-2024-02532,La Esperanza,LE-03,Lisbon,Supermercados Norte SA,Mercado Interno,Tucumán,Distribuidor Regional,Limón Lisbon,6,Segunda,9133.0,507.0,0.2023,1847.43,937.09,1731208.18,0.1211,ARS,Cobrado,Cumplido
2024-06-14,2024,PED-2024-02541,Los Álamos,LA-02,Lisbon,Supermercados Norte SA,Mercado Interno,Tucumán,Retail Nacional,Limón Lisbon,5,Primera,5960.0,331.0,0.2283,1360.59,954.6,1298819.21,0.2048,ARS,Cobrado,Cumplido
2024-06-21,2024,PED-2024-02586,La Esperanza,LE-03,Lisbon,Al Salam Trading,Exportación,Emiratos Árabes,Exportación Directa,Limón Lisbon,4,Primera,17522.0,973.0,0.3452,6048.58,966.31,5844803.34,0.2388,USD,Cobrado,Cumplido
2024-06-21,2024,PED-2024-02602,Río Ancho,RA-01,Eureka,Al Salam Trading,Exportación,Emiratos Árabes,Trader Golfo,Limón Eureka,3,Extra,1409.0,78.0,0.3603,507.65,952.5,483536.62,0.2135,USD,Cobrado,Cumplido
2024-06-21,2024,PED-2024-02606,Río Ancho,RA-02,Lisbon,Al Salam Trading,Exportación,Emiratos Árabes,Programa Retail UE,Limón Lisbon,4,Primera,9017.0,501.0,0.3699,3334.99,945.95,3154733.79,0.198,USD,Cobrado,Cumplido
2024-06-21,2024,PED-2024-02613,San Cayetano,SC-01,Eureka,Al Salam Trading,Exportación,Emiratos Árabes,Trader Golfo,Limón Eureka,5,Extra,16812.0,934.0,0.3539,5949.85,936.48,5571915.53,0.266,USD,Cobrado,Cumplido
2024-06-21,2024,PED-2024-02570,El Paraíso,EP-02,Eureka,Citrus World Ltd,Exportación,Reino Unido,Programa Retail UE,Limón Eureka,3,Extra,23792.0,1322.0,0.4425,10527.11,961.78,10124763.86,0.2142,USD,Cobrado,Cumplido
2024-06-21,2024,PED-2024-02576,El Paraíso,EP-04,Génova,Citrus World Ltd,Exportación,Reino Unido,Programa Retail UE,Limón Génova,6,Extra,10374.0,576.0,0.4113,4266.44,968.19,4130724.54,0.3174,USD,Cobrado,Cumplido
2024-06-21,2024,PED-2024-02579,La Esperanza,LE-01,Eureka,Citrus World Ltd,Exportación,Reino Unido,Trader Golfo,Limón Eureka,5,Extra,22591.0,1255.0,0.3885,8776.12,954.02,8372594.0,0.2153,USD,Cobrado,Cumplido
2024-06-21,2024,PED-2024-02582,La Esperanza,LE-02,Eureka,Citrus World Ltd,Exportación,Reino Unido,Exportación Directa,Limón Eureka,5,Primera,5774.0,321.0,0.3769,2176.06,930.19,2024149.25,0.1817,USD,Pendiente,Cumplido
2024-06-21,2024,PED-2024-02583,La Esperanza,LE-02,Eureka,Citrus World Ltd,Exportación,Reino Unido,Programa Retail UE,Limón Eureka,5,Primera,19055.0,1059.0,0.3969,7563.65,930.19,7035631.59,0.3025,USD,Cobrado,Cumplido
2024-06-21,2024,PED-2024-02589,La Esperanza,LE-04,Génova,Citrus World Ltd,Exportación,Reino Unido,Trader Golfo,Limón Génova,4,Primera,18314.0,1017.0,0.3849,7049.41,946.73,6673887.93,0.2326,USD,Cobrado,Cumplido
2024-06-21,2024,PED-2024-02595,Los Álamos,LA-02,Lisbon,Citrus World Ltd,Exportación,Reino Unido,Programa Retail UE,Limón Lisbon,5,Primera,18447.0,1025.0,0.4146,7647.83,927.92,7096574.41,0.2369,USD,Cobrado,Cumplido
2024-06-21,2024,PED-2024-02598,Los Álamos,LA-03,Génova,Citrus World Ltd,Exportación,Reino Unido,Exportación Directa,Limón Génova,4,Extra,9887.0,549.0,0.4371,4321.36,972.06,4200621.2,0.3214,USD,Cobrado,Cumplido
2024-06-21,2024,PED-2024-02612,San Cayetano,SC-01,Eureka,Citrus World Ltd,Exportación,Reino Unido,Trader Golfo,Limón Eureka,5,Extra,10447.0,580.0,0.4065,4247.18,936.48,3977399.13,0.2687,USD,Cobrado,Cumplido
2024-06-21,2024,PED-2024-02616,San Cayetano,SC-02,Lisbon,Citrus World Ltd,Exportación,Reino Unido,Exportación Directa,Limón Lisbon,5,Primera,17297.0,961.0,0.4147,7173.03,932.93,6691934.88,0.2615,USD,Cobrado,Cumplido
2024-06-21,2024,PED-2024-02573,El Paraíso,EP-03,Lisbon,Fischer Import GmbH,Exportación,Alemania,Trader Golfo,Limón Lisbon,2,Segunda,18131.0,1007.0,0.4179,7576.61,935.84,7090494.7,0.2393,USD,Cobrado,Cumplido
2024-06-21,2024,PED-2024-02592,Los Álamos,LA-01,Eureka,Fischer Import GmbH,Exportación,Alemania,Programa Retail UE,Limón Eureka,2,Primera,21303.0,1184.0,0.4561,9716.45,964.3,9369572.74,0.1821,USD,Pendiente,Cumplido
2024-06-21,2024,PED-2024-02601,Río Ancho,RA-01,Eureka,Fischer Import GmbH,Exportación,Alemania,Programa Retail UE,Limón Eureka,3,Extra,29148.0,1619.0,0.4407,12846.83,952.5,12236605.58,0.2436,USD,Pendiente,Cumplido
2024-06-21,2024,PED-2024-02605,Río Ancho,RA-02,Lisbon,Fischer Import GmbH,Exportación,Alemania,Trader Golfo,Limón Lisbon,4,Primera,19908.0,1106.0,0.4072,8106.45,945.95,7668296.38,0.2736,USD,Pendiente,Cumplido
2024-06-21,2024,PED-2024-02609,Río Ancho,RA-03,Génova,Fischer Import GmbH,Exportación,Alemania,Exportación Directa,Limón Génova,6,Primera,14191.0,788.0,0.3932,5579.48,980.3,5469564.24,0.2572,USD,Pendiente,Cumplido
2024-06-21,2024,PED-2024-02619,San Cayetano,SC-03,Génova,Fischer Import GmbH,Exportación,Alemania,Trader Golfo,Limón Génova,4,Segunda,11897.0,661.0,0.3993,4749.92,969.66,4605807.43,0.2701,USD,Pendiente,Cumplido
2024-06-21,2024,PED-2024-02567,El Paraíso,EP-01,Eureka,Medifresh SA,Exportación,España,Trader Golfo,Limón Eureka,6,Primera,23249.0,1292.0,0.3778,8782.68,958.66,8419604.01,0.2648,USD,Pendiente,Cumplido
2024-06-21,2024,PED-2024-02575,El Paraíso,EP-03,Lisbon,Citromax SA,Industria,Tucumán,Mercado Industrial,Limón Industria,2,Segunda,5523.0,307.0,0.0798,440.87,935.84,412583.78,0.0338,ARS,Vencido,Cumplido
2024-06-21,2024,PED-2024-02581,La Esperanza,LE-01,Eureka,Citromax SA,Industria,Tucumán,Mercado Industrial,Limón Industria,5,Extra,4605.0,256.0,0.0811,373.39,954.02,356221.53,0.0645,ARS,Cobrado,Cumplido
2024-06-21,2024,PED-2024-02585,La Esperanza,LE-02,Eureka,Citromax SA,Industria,Tucumán,Mercado Industrial,Limón Industria,5,Primera,6547.0,364.0,0.0789,516.71,930.19,480638.47,0.0794,ARS,Cobrado,Cumplido
2024-06-21,2024,PED-2024-02588,La Esperanza,LE-03,Lisbon,Citromax SA,Industria,Tucumán,Mercado Industrial,Limón Industria,4,Primera,5731.0,318.0,0.0788,451.76,966.31,436540.21,0.0621,ARS,Cobrado,Parcial
2024-06-21,2024,PED-2024-02591,La Esperanza,LE-04,Génova,Citromax SA,Industria,Tucumán,Contrato Industria,Limón Industria,4,Primera,5174.0,287.0,0.0772,399.63,946.73,378341.71,0.0878,ARS,Cobrado,Parcial
2024-06-21,2024,PED-2024-02600,Los Álamos,LA-03,Génova,Citromax SA,Industria,Tucumán,Mercado Industrial,Limón Industria,4,Extra,4630.0,257.0,0.0825,382.0,972.06,371326.92,0.0381,ARS,Cobrado,Parcial
2024-06-21,2024,PED-2024-02604,Río Ancho,RA-01,Eureka,Citromax SA,Industria,Tucumán,Contrato Industria,Limón Industria,3,Extra,7234.0,402.0,0.0798,576.92,952.5,549516.3,0.0717,ARS,Cobrado,Cumplido
2024-06-21,2024,PED-2024-02608,Río Ancho,RA-02,Lisbon,Citromax SA,Industria,Tucumán,Mercado Industrial,Limón Industria,4,Primera,9276.0,515.0,0.079,732.88,945.95,693267.84,0.043,ARS,Cobrado,Cumplido
2024-06-21,2024,PED-2024-02611,Río Ancho,RA-03,Génova,Citromax SA,Industria,Tucumán,Mercado Industrial,Limón Industria,6,Primera,8558.0,475.0,0.0714,611.36,980.3,599316.21,0.0543,ARS,Cobrado,Cumplido
2024-06-21,2024,PED-2024-02618,San Cayetano,SC-02,Lisbon,Citromax SA,Industria,Tucumán,Contrato Industria,Limón Industria,5,Primera,6148.0,342.0,0.0792,487.07,932.93,454402.22,0.0889,ARS,Cobrado,Cumplido
2024-06-21,2024,PED-2024-02621,San Cayetano,SC-03,Génova,Citromax SA,Industria,Tucumán,Mercado Industrial,Limón Industria,4,Segunda,4738.0,263.0,0.0712,337.47,969.66,327231.16,0.0746,ARS,Cobrado,Parcial
2024-06-21,2024,PED-2024-02569,El Paraíso,EP-01,Eureka,Frutales Tucumán SRL,Industria,Tucumán,Contrato Industria,Limón Industria,6,Primera,5752.0,320.0,0.0705,405.57,958.66,388803.74,0.0598,ARS,Cobrado,Cumplido
2024-06-21,2024,PED-2024-02572,El Paraíso,EP-02,Eureka,Frutales Tucumán SRL,Industria,Tucumán,Mercado Industrial,Limón Industria,3,Extra,5681.0,316.0,0.0741,421.08,961.78,404986.32,0.0649,ARS,Cobrado,Cumplido
2024-06-21,2024,PED-2024-02578,El Paraíso,EP-04,Génova,Frutales Tucumán SRL,Industria,Tucumán,Mercado Industrial,Limón Industria,6,Extra,3920.0,218.0,0.0694,271.94,968.19,263289.59,0.0764,ARS,Cobrado,Cumplido
2024-06-21,2024,PED-2024-02594,Los Álamos,LA-01,Eureka,Frutales Tucumán SRL,Industria,Tucumán,Mercado Industrial,Limón Industria,2,Primera,4787.0,266.0,0.0754,360.96,964.3,348073.73,0.0843,ARS,Cobrado,Cumplido
2024-06-21,2024,PED-2024-02597,Los Álamos,LA-02,Lisbon,Frutales Tucumán SRL,Industria,Tucumán,Mercado Industrial,Limón Industria,5,Primera,5796.0,322.0,0.0714,413.73,927.92,383908.34,0.0534,ARS,Cobrado,Cumplido
2024-06-21,2024,PED-2024-02615,San Cayetano,SC-01,Eureka,Frutales Tucumán SRL,Industria,Tucumán,Mercado Industrial,Limón Industria,5,Extra,6578.0,365.0,0.0715,470.15,936.48,440286.07,0.0868,ARS,Cobrado,Cumplido
2024-06-21,2024,PED-2024-02568,El Paraíso,EP-01,Eureka,Central de Frutas SA,Mercado Interno,Buenos Aires,Distribuidor Regional,Limón Eureka,6,Primera,11467.0,637.0,0.2298,2635.28,958.66,2526337.52,0.1413,ARS,Cobrado,Cumplido
2024-06-21,2024,PED-2024-02571,El Paraíso,EP-02,Eureka,Central de Frutas SA,Mercado Interno,Buenos Aires,Distribuidor Regional,Limón Eureka,3,Extra,8291.0,461.0,0.2776,2301.92,961.78,2213940.62,0.2117,ARS,Cobrado,Cumplido
2024-06-21,2024,PED-2024-02590,La Esperanza,LE-04,Génova,Central de Frutas SA,Mercado Interno,Buenos Aires,Distribuidor Regional,Limón Génova,4,Primera,5944.0,330.0,0.2599,1544.63,946.73,1462347.56,0.2071,ARS,Cobrado,Parcial
2024-06-21,2024,PED-2024-02603,Río Ancho,RA-01,Eureka,Central de Frutas SA,Mercado Interno,Buenos Aires,Distribuidor Regional,Limón Eureka,3,Extra,9354.0,520.0,0.273,2553.97,952.5,2432656.42,0.1243,ARS,Cobrado,Cumplido
2024-06-21,2024,PED-2024-02614,San Cayetano,SC-01,Eureka,Central de Frutas SA,Mercado Interno,Buenos Aires,Retail Nacional,Limón Eureka,5,Extra,11332.0,630.0,0.2454,2780.93,936.48,2604285.33,0.201,ARS,Cobrado,Cumplido
2024-06-21,2024,PED-2024-02580,La Esperanza,LE-01,Eureka,Frutales del Norte SRL,Mercado Interno,Salta,Retail Nacional,Limón Eureka,5,Extra,7675.0,426.0,0.2064,1583.97,954.02,1511139.06,0.1721,ARS,Cobrado,Cumplido
2024-06-21,2024,PED-2024-02596,Los Álamos,LA-02,Lisbon,Frutales del Norte SRL,Mercado Interno,Salta,Mercado Central,Limón Lisbon,5,Primera,8553.0,475.0,0.21,1796.51,927.92,1667017.56,0.1984,ARS,Cobrado,Cumplido
2024-06-21,2024,PED-2024-02617,San Cayetano,SC-02,Lisbon,Frutales del Norte SRL,Mercado Interno,Salta,Distribuidor Regional,Limón Lisbon,5,Primera,7382.0,410.0,0.2058,1519.32,932.93,1417419.21,0.1507,ARS,Cobrado,Cumplido
2024-06-21,2024,PED-2024-02574,El Paraíso,EP-03,Lisbon,La Morenita SA,Mercado Interno,Tucumán,Mercado Central,Limón Lisbon,2,Segunda,7471.0,415.0,0.2309,1724.83,935.84,1614164.91,0.0998,ARS,Cobrado,Cumplido
2024-06-21,2024,PED-2024-02593,Los Álamos,LA-01,Eureka,La Morenita SA,Mercado Interno,Tucumán,Retail Nacional,Limón Eureka,2,Primera,5806.0,323.0,0.2586,1501.5,964.3,1447896.45,0.1746,ARS,Pendiente,Cumplido
2024-06-21,2024,PED-2024-02599,Los Álamos,LA-03,Génova,La Morenita SA,Mercado Interno,Tucumán,Distribuidor Regional,Limón Génova,4,Extra,3937.0,219.0,0.2536,998.32,972.06,970426.94,0.1865,ARS,Cobrado,Cumplido
2024-06-21,2024,PED-2024-02610,Río Ancho,RA-03,Génova,La Morenita SA,Mercado Interno,Tucumán,Distribuidor Regional,Limón Génova,6,Primera,6333.0,352.0,0.2314,1465.37,980.3,1436502.21,0.1251,ARS,Cobrado,Cumplido
2024-06-21,2024,PED-2024-02577,El Paraíso,EP-04,Génova,Supermercados Norte SA,Mercado Interno,Tucumán,Distribuidor Regional,Limón Génova,6,Extra,3122.0,173.0,0.2201,687.2,968.19,665340.17,0.1225,ARS,Cobrado,Cumplido
2024-06-21,2024,PED-2024-02584,La Esperanza,LE-02,Eureka,Supermercados Norte SA,Mercado Interno,Tucumán,Mercado Central,Limón Eureka,5,Primera,10151.0,564.0,0.228,2314.42,930.19,2152850.34,0.1773,ARS,Cobrado,Parcial
2024-06-21,2024,PED-2024-02587,La Esperanza,LE-03,Lisbon,Supermercados Norte SA,Mercado Interno,Tucumán,Retail Nacional,Limón Lisbon,4,Primera,7342.0,408.0,0.2207,1620.31,966.31,1565721.76,0.1474,ARS,Cobrado,Cumplido
2024-06-21,2024,PED-2024-02607,Río Ancho,RA-02,Lisbon,Supermercados Norte SA,Mercado Interno,Tucumán,Distribuidor Regional,Limón Lisbon,4,Primera,9733.0,541.0,0.2181,2122.9,945.95,2008157.26,0.1268,ARS,Cobrado,Cumplido
2024-06-21,2024,PED-2024-02620,San Cayetano,SC-03,Génova,Supermercados Norte SA,Mercado Interno,Tucumán,Mercado Central,Limón Génova,4,Segunda,4691.0,261.0,0.2059,966.05,969.66,936740.04,0.1416,ARS,Pendiente,Parcial
2024-06-28,2024,PED-2024-02623,El Paraíso,EP-01,Eureka,Al Salam Trading,Exportación,Emiratos Árabes,Exportación Directa,Limón Eureka,4,Extra,20748.0,1153.0,0.3576,7419.58,947.41,7029384.29,0.203,USD,Cobrado,Cumplido
2024-06-28,2024,PED-2024-02641,La Esperanza,LE-02,Eureka,Al Salam Trading,Exportación,Emiratos Árabes,Exportación Directa,Limón Eureka,4,Primera,3587.0,199.0,0.345,1237.48,956.08,1183129.88,0.2933,USD,Cobrado,Cumplido
2024-06-28,2024,PED-2024-02647,La Esperanza,LE-04,Génova,Al Salam Trading,Exportación,Emiratos Árabes,Programa Retail UE,Limón Génova,6,Segunda,15617.0,868.0,0.3146,4912.73,959.68,4714648.73,0.2256,USD,Cobrado,Parcial
2024-06-28,2024,PED-2024-02668,Río Ancho,RA-03,Génova,Al Salam Trading,Exportación,Emiratos Árabes,Programa Retail UE,Limón Génova,4,Extra,14634.0,813.0,0.3659,5355.19,940.36,5035806.47,0.3063,USD,Cobrado,Cumplido
2024-06-28,2024,PED-2024-02671,San Cayetano,SC-01,Eureka,Al Salam Trading,Exportación,Emiratos Árabes,Programa Retail UE,Limón Eureka,2,Primera,23959.0,1331.0,0.3614,8657.76,947.44,8202708.13,0.2512,USD,Cobrado,Cumplido
2024-06-28,2024,PED-2024-02627,El Paraíso,EP-02,Eureka,Citrus World Ltd,Exportación,Reino Unido,Trader Golfo,Limón Eureka,3,Primera,15410.0,856.0,0.4091,6303.77,937.12,5907388.94,0.1848,USD,Cobrado,Cumplido
2024-06-28,2024,PED-2024-02633,El Paraíso,EP-04,Génova,Citrus World Ltd,Exportación,Reino Unido,Programa Retail UE,Limón Génova,3,Segunda,9229.0,513.0,0.3831,3535.64,942.1,3330926.44,0.1643,USD,Cobrado,Cumplido
2024-06-28,2024,PED-2024-02637,La Esperanza,LE-01,Eureka,Citrus World Ltd,Exportación,Reino Unido,Programa Retail UE,Limón Eureka,5,Primera,23225.0,1290.0,0.4153,9644.39,936.65,9033417.89,0.2276,USD,Cobrado,Cumplido
2024-06-28,2024,PED-2024-02640,La Esperanza,LE-02,Eureka,Citrus World Ltd,Exportación,Reino Unido,Exportación Directa,Limón Eureka,4,Primera,29294.0,1627.0,0.4001,11721.74,956.08,11206921.18,0.2815,USD,Cobrado,Cumplido
2024-06-28,2024,PED-2024-02650,Los Álamos,LA-01,Eureka,Citrus World Ltd,Exportación,Reino Unido,Exportación Directa,Limón Eureka,3,Primera,667.0,37.0,0.4119,274.75,928.87,255207.03,0.2605,USD,Cobrado,Cumplido
2024-06-28,2024,PED-2024-02651,Los Álamos,LA-01,Eureka,Citrus World Ltd,Exportación,Reino Unido,Exportación Directa,Limón Eureka,3,Primera,24096.0,1339.0,0.4018,9682.08,928.87,8993393.65,0.3057,USD,Cobrado,Cumplido
2024-06-28,2024,PED-2024-02661,Río Ancho,RA-01,Eureka,Citrus World Ltd,Exportación,Reino Unido,Exportación Directa,Limón Eureka,3,Primera,23015.0,1279.0,0.3957,9105.94,928.13,8451496.09,0.1916,USD,Pendiente,Cumplido
2024-06-28,2024,PED-2024-02674,San Cayetano,SC-02,Lisbon,Citrus World Ltd,Exportación,Reino Unido,Programa Retail UE,Limón Lisbon,3,Segunda,19894.0,1105.0,0.4113,8181.52,946.07,7740290.63,0.2488,USD,Vencido,Cumplido
2024-06-28,2024,PED-2024-02626,El Paraíso,EP-02,Eureka,Fischer Import GmbH,Exportación,Alemania,Programa Retail UE,Limón Eureka,3,Primera,16499.0,917.0,0.4252,7015.02,937.12,6573915.54,0.2494,USD,Cobrado,Cumplido
2024-06-28,2024,PED-2024-02636,La Esperanza,LE-01,Eureka,Fischer Import GmbH,Exportación,Alemania,Programa Retail UE,Limón Eureka,5,Primera,2642.0,147.0,0.395,1043.59,936.65,977478.57,0.2895,USD,Cobrado,Cumplido
2024-06-28,2024,PED-2024-02644,La Esperanza,LE-03,Lisbon,Fischer Import GmbH,Exportación,Alemania,Trader Golfo,Limón Lisbon,4,Primera,23155.0,1286.0,0.4229,9792.68,948.0,9283460.64,0.2958,USD,Cobrado,Cumplido
2024-06-28,2024,PED-2024-02654,Los Álamos,LA-02,Lisbon,Fischer Import GmbH,Exportación,Alemania,Programa Retail UE,Limón Lisbon,2,Primera,17987.0,999.0,0.4406,7924.85,948.3,7515135.26,0.2235,USD,Cobrado,Cumplido
2024-06-28,2024,PED-2024-02665,Río Ancho,RA-02,Lisbon,Fischer Import GmbH,Exportación,Alemania,Trader Golfo,Limón Lisbon,2,Segunda,23343.0,1297.0,0.4093,9553.65,953.03,9104915.06,0.1939,USD,Cobrado,Cumplido
2024-06-28,2024,PED-2024-02677,San Cayetano,SC-03,Génova,Fischer Import GmbH,Exportación,Alemania,Trader Golfo,Limón Génova,6,Segunda,11940.0,663.0,0.391,4668.28,935.15,4365542.04,0.2057,USD,Pendiente,Cumplido
2024-06-28,2024,PED-2024-02622,El Paraíso,EP-01,Eureka,Medifresh SA,Exportación,España,Exportación Directa,Limón Eureka,4,Extra,7087.0,394.0,0.3854,2731.29,947.41,2587651.46,0.3225,USD,Vencido,Cumplido
2024-06-28,2024,PED-2024-02630,El Paraíso,EP-03,Lisbon,Medifresh SA,Exportación,España,Programa Retail UE,Limón Lisbon,3,Extra,19044.0,1058.0,0.4222,8039.88,936.35,7528141.64,0.2708,USD,Cobrado,Cumplido
2024-06-28,2024,PED-2024-02657,Los Álamos,LA-03,Génova,Medifresh SA,Exportación,España,Trader Golfo,Limón Génova,5,Segunda,9202.0,511.0,0.3544,3261.44,953.37,3109359.05,0.1583,USD,Cobrado,Cumplido
2024-06-28,2024,PED-2024-02660,Río Ancho,RA-01,Eureka,Medifresh SA,Exportación,España,Trader Golfo,Limón Eureka,3,Primera,12667.0,704.0,0.3859,4887.92,928.13,4536625.19,0.3047,USD,Pendiente,Parcial
2024-06-28,2024,PED-2024-02664,Río Ancho,RA-02,Lisbon,Medifresh SA,Exportación,España,Trader Golfo,Limón Lisbon,2,Segunda,3407.0,189.0,0.3697,1259.55,953.03,1200388.94,0.2752,USD,Cobrado,Cumplido
2024-06-28,2024,PED-2024-02629,El Paraíso,EP-02,Eureka,Citromax SA,Industria,Tucumán,Mercado Industrial,Limón Industria,3,Primera,7376.0,410.0,0.0831,612.86,937.12,574323.36,0.0874,ARS,Cobrado,Cumplido
2024-06-28,2024,PED-2024-02632,El Paraíso,EP-03,Lisbon,Citromax SA,Industria,Tucumán,Contrato Industria,Limón Industria,3,Extra,4430.0,246.0,0.0846,374.57,936.35,350728.62,0.0847,ARS,Pendiente,Cumplido
2024-06-28,2024,PED-2024-02635,El Paraíso,EP-04,Génova,Citromax SA,Industria,Tucumán,Mercado Industrial,Limón Industria,3,Segunda,3551.0,197.0,0.0798,283.4,942.1,266991.14,0.0793,ARS,Cobrado,Cumplido
2024-06-28,2024,PED-2024-02639,La Esperanza,LE-01,Eureka,Citromax SA,Industria,Tucumán,Mercado Industrial,Limón Industria,5,Primera,7579.0,421.0,0.0738,559.1,936.65,523681.02,0.0401,ARS,Pendiente,Cumplido
2024-06-28,2024,PED-2024-02653,Los Álamos,LA-01,Eureka,Citromax SA,Industria,Tucumán,Mercado Industrial,Limón Industria,3,Primera,4894.0,272.0,0.0812,397.54,928.87,369262.98,0.0894,ARS,Cobrado,Cumplido
2024-06-28,2024,PED-2024-02656,Los Álamos,LA-02,Lisbon,Citromax SA,Industria,Tucumán,Contrato Industria,Limón Industria,2,Primera,4714.0,262.0,0.0863,406.96,948.3,385920.17,0.0478,ARS,Cobrado,Cumplido
2024-06-28,2024,PED-2024-02676,San Cayetano,SC-02,Lisbon,Citromax SA,Industria,Tucumán,Contrato Industria,Limón Industria,3,Segunda,6191.0,344.0,0.0782,483.98,946.07,457878.96,0.0635,ARS,Cobrado,Cumplido
2024-06-28,2024,PED-2024-02625,El Paraíso,EP-01,Eureka,Frutales Tucumán SRL,Industria,Tucumán,Mercado Industrial,Limón Industria,4,Extra,5593.0,311.0,0.0741,414.27,947.41,392483.54,0.0871,ARS,Cobrado,Cumplido
2024-06-28,2024,PED-2024-02643,La Esperanza,LE-02,Eureka,Frutales Tucumán SRL,Industria,Tucumán,Contrato Industria,Limón Industria,4,Primera,7482.0,416.0,0.073,545.82,956.08,521847.59,0.0769,ARS,Pendiente,Cumplido
2024-06-28,2024,PED-2024-02646,La Esperanza,LE-03,Lisbon,Frutales Tucumán SRL,Industria,Tucumán,Contrato Industria,Limón Industria,4,Primera,6965.0,387.0,0.0743,517.49,948.0,490580.52,0.0689,ARS,Cobrado,Cumplido
2024-06-28,2024,PED-2024-02649,La Esperanza,LE-04,Génova,Frutales Tucumán SRL,Industria,Tucumán,Contrato Industria,Limón Industria,6,Segunda,5849.0,325.0,0.0631,369.35,959.68,354457.81,0.0481,ARS,Pendiente,Cumplido
2024-06-28,2024,PED-2024-02659,Los Álamos,LA-03,Génova,Frutales Tucumán SRL,Industria,Tucumán,Contrato Industria,Limón Industria,5,Segunda,4252.0,236.0,0.0657,279.56,953.37,266524.12,0.0829,ARS,Cobrado,Cumplido
2024-06-28,2024,PED-2024-02663,Río Ancho,RA-01,Eureka,Frutales Tucumán SRL,Industria,Tucumán,Mercado Industrial,Limón Industria,3,Primera,8546.0,475.0,0.0746,637.21,928.13,591413.72,0.0638,ARS,Cobrado,Cumplido
2024-06-28,2024,PED-2024-02667,Río Ancho,RA-02,Lisbon,Frutales Tucumán SRL,Industria,Tucumán,Contrato Industria,Limón Industria,2,Segunda,9093.0,505.0,0.068,618.74,953.03,589677.78,0.0853,ARS,Cobrado,Cumplido
2024-06-28,2024,PED-2024-02670,Río Ancho,RA-03,Génova,Frutales Tucumán SRL,Industria,Tucumán,Contrato Industria,Limón Industria,4,Extra,7307.0,406.0,0.0721,527.11,940.36,495673.16,0.0789,ARS,Pendiente,Cumplido
2024-06-28,2024,PED-2024-02673,San Cayetano,SC-01,Eureka,Frutales Tucumán SRL,Industria,Tucumán,Contrato Industria,Limón Industria,2,Primera,5930.0,329.0,0.0766,454.01,947.44,430147.23,0.056,ARS,Cobrado,Cumplido
2024-06-28,2024,PED-2024-02679,San Cayetano,SC-03,Génova,Frutales Tucumán SRL,Industria,Tucumán,Contrato Industria,Limón Industria,6,Segunda,5061.0,281.0,0.0638,322.99,935.15,302044.1,0.068,ARS,Cobrado,Cumplido
2024-06-28,2024,PED-2024-02624,El Paraíso,EP-01,Eureka,Central de Frutas SA,Mercado Interno,Buenos Aires,Mercado Central,Limón Eureka,4,Extra,6937.0,385.0,0.2632,1825.73,947.41,1729714.86,0.1412,ARS,Cobrado,Cumplido
2024-06-28,2024,PED-2024-02645,La Esperanza,LE-03,Lisbon,Central de Frutas SA,Mercado Interno,Buenos Aires,Mercado Central,Limón Lisbon,4,Primera,7495.0,416.0,0.2399,1797.78,948.0,1704295.44,0.1638,ARS,Cobrado,Cumplido
2024-06-28,2024,PED-2024-02675,San Cayetano,SC-02,Lisbon,Central de Frutas SA,Mercado Interno,Buenos Aires,Distribuidor Regional,Limón Lisbon,3,Segunda,10279.0,571.0,0.2392,2458.35,946.07,2325771.18,0.1595,ARS,Cobrado,Cumplido
2024-06-28,2024,PED-2024-02638,La Esperanza,LE-01,Eureka,Frutales del Norte SRL,Mercado Interno,Salta,Retail Nacional,Limón Eureka,5,Primera,11843.0,658.0,0.2154,2550.55,936.65,2388972.66,0.2037,ARS,Cobrado,Cumplido
2024-06-28,2024,PED-2024-02652,Los Álamos,LA-01,Eureka,Frutales del Norte SRL,Mercado Interno,Salta,Distribuidor Regional,Limón Eureka,3,Primera,6317.0,351.0,0.2225,1405.56,928.87,1305582.52,0.2093,ARS,Cobrado,Cumplido
2024-06-28,2024,PED-2024-02662,Río Ancho,RA-01,Eureka,Frutales del Norte SRL,Mercado Interno,Salta,Distribuidor Regional,Limón Eureka,3,Primera,10614.0,590.0,0.2306,2447.14,928.13,2271264.05,0.1972,ARS,Pendiente,Cumplido
2024-06-28,2024,PED-2024-02669,Río Ancho,RA-03,Génova,Frutales del Norte SRL,Mercado Interno,Salta,Retail Nacional,Limón Génova,4,Extra,5314.0,295.0,0.2136,1135.31,940.36,1067600.11,0.2098,ARS,Pendiente,Cumplido
2024-06-28,2024,PED-2024-02672,San Cayetano,SC-01,Eureka,Frutales del Norte SRL,Mercado Interno,Salta,Distribuidor Regional,Limón Eureka,2,Primera,7343.0,408.0,0.2359,1732.45,947.44,1641392.43,0.2036,ARS,Cobrado,Cumplido
2024-06-28,2024,PED-2024-02628,El Paraíso,EP-02,Eureka,La Morenita SA,Mercado Interno,Tucumán,Mercado Central,Limón Eureka,3,Primera,10605.0,589.0,0.2339,2480.96,937.12,2324957.24,0.1967,ARS,Cobrado,Cumplido
2024-06-28,2024,PED-2024-02631,El Paraíso,EP-03,Lisbon,La Morenita SA,Mercado Interno,Tucumán,Distribuidor Regional,Limón Lisbon,3,Extra,5645.0,314.0,0.2583,1458.24,936.35,1365423.02,0.1686,ARS,Cobrado,Cumplido
2024-06-28,2024,PED-2024-02634,El Paraíso,EP-04,Génova,La Morenita SA,Mercado Interno,Tucumán,Mercado Central,Limón Génova,3,Segunda,3248.0,180.0,0.2357,765.62,942.1,721290.6,0.134,ARS,Cobrado,Parcial
2024-06-28,2024,PED-2024-02655,Los Álamos,LA-02,Lisbon,La Morenita SA,Mercado Interno,Tucumán,Distribuidor Regional,Limón Lisbon,2,Primera,4864.0,270.0,0.2566,1247.93,948.3,1183412.02,0.1684,ARS,Cobrado,Cumplido
2024-06-28,2024,PED-2024-02658,Los Álamos,LA-03,Génova,La Morenita SA,Mercado Interno,Tucumán,Distribuidor Regional,Limón Génova,5,Segunda,5028.0,279.0,0.2286,1149.34,953.37,1095746.28,0.1361,ARS,Cobrado,Cumplido
2024-06-28,2024,PED-2024-02642,La Esperanza,LE-02,Eureka,Supermercados Norte SA,Mercado Interno,Tucumán,Distribuidor Regional,Limón Eureka,4,Primera,10213.0,567.0,0.2324,2373.13,956.08,2268902.13,0.1716,ARS,Cobrado,Cumplido
2024-06-28,2024,PED-2024-02648,La Esperanza,LE-04,Génova,Supermercados Norte SA,Mercado Interno,Tucumán,Mercado Central,Limón Génova,6,Segunda,8242.0,458.0,0.1962,1617.02,959.68,1551821.75,0.1119,ARS,Cobrado,Cumplido
2024-06-28,2024,PED-2024-02666,Río Ancho,RA-02,Lisbon,Supermercados Norte SA,Mercado Interno,Tucumán,Retail Nacional,Limón Lisbon,2,Segunda,13567.0,754.0,0.2318,3145.03,953.03,2997307.94,0.1481,ARS,Cobrado,Cumplido
2024-06-28,2024,PED-2024-02678,San Cayetano,SC-03,Génova,Supermercados Norte SA,Mercado Interno,Tucumán,Mercado Central,Limón Génova,6,Segunda,6791.0,377.0,0.1887,1281.32,935.15,1198226.4,0.1264,ARS,Cobrado,Cumplido
2024-07-05,2024,PED-2024-02694,La Esperanza,LE-01,Eureka,Al Salam Trading,Exportación,Emiratos Árabes,Trader Golfo,Limón Eureka,2,Primera,18218.0,1012.0,0.3845,7004.75,962.16,6739690.26,0.2441,USD,Cobrado,Cumplido
2024-07-05,2024,PED-2024-02698,La Esperanza,LE-02,Eureka,Al Salam Trading,Exportación,Emiratos Árabes,Trader Golfo,Limón Eureka,2,Primera,8305.0,461.0,0.3581,2973.82,920.68,2737936.6,0.2049,USD,Cobrado,Cumplido
2024-07-05,2024,PED-2024-02708,Los Álamos,LA-01,Eureka,Al Salam Trading,Exportación,Emiratos Árabes,Programa Retail UE,Limón Eureka,3,Segunda,20656.0,1148.0,0.3346,6911.76,947.78,6550827.89,0.2522,USD,Cobrado,Parcial
2024-07-05,2024,PED-2024-02714,Los Álamos,LA-03,Génova,Al Salam Trading,Exportación,Emiratos Árabes,Programa Retail UE,Limón Génova,4,Segunda,10273.0,571.0,0.3295,3384.59,974.97,3299873.71,0.21,USD,Cobrado,Cumplido
2024-07-05,2024,PED-2024-02717,Río Ancho,RA-01,Eureka,Al Salam Trading,Exportación,Emiratos Árabes,Programa Retail UE,Limón Eureka,5,Extra,11016.0,612.0,0.3439,3788.91,934.04,3538993.5,0.2074,USD,Cobrado,Cumplido
2024-07-05,2024,PED-2024-02728,San Cayetano,SC-01,Eureka,Al Salam Trading,Exportación,Emiratos Árabes,Programa Retail UE,Limón Eureka,4,Extra,24553.0,1364.0,0.3765,9243.54,943.85,8724515.23,0.2076,USD,Cobrado,Parcial
2024-07-05,2024,PED-2024-02729,San Cayetano,SC-01,Eureka,Al Salam Trading,Exportación,Emiratos Árabes,Exportación Directa,Limón Eureka,4,Extra,158.0,9.0,0.3488,55.1,943.85,52006.14,0.2176,USD,Cobrado,Cumplido
2024-07-05,2024,PED-2024-02684,El Paraíso,EP-02,Eureka,Citrus World Ltd,Exportación,Reino Unido,Trader Golfo,Limón Eureka,5,Primera,17899.0,994.0,0.3985,7131.95,943.84,6731419.69,0.2476,USD,Cobrado,Cumplido
2024-07-05,2024,PED-2024-02691,El Paraíso,EP-04,Génova,Citrus World Ltd,Exportación,Reino Unido,Programa Retail UE,Limón Génova,4,Segunda,8518.0,473.0,0.3952,3365.96,950.31,3198705.45,0.1902,USD,Cobrado,Cumplido
2024-07-05,2024,PED-2024-02722,Río Ancho,RA-02,Lisbon,Citrus World Ltd,Exportación,Reino Unido,Trader Golfo,Limón Lisbon,3,Extra,3629.0,202.0,0.445,1615.0,938.0,1514870.0,0.2586,USD,Cobrado,Cumplido
2024-07-05,2024,PED-2024-02721,Río Ancho,RA-02,Lisbon,Fischer Import GmbH,Exportación,Alemania,Exportación Directa,Limón Lisbon,3,Extra,23482.0,1305.0,0.4269,10024.63,938.0,9403102.94,0.3272,USD,Cobrado,Cumplido
2024-07-05,2024,PED-2024-02725,Río Ancho,RA-03,Génova,Fischer Import GmbH,Exportación,Alemania,Programa Retail UE,Limón Génova,7,Segunda,13146.0,730.0,0.3394,4462.06,953.76,4255734.35,0.2074,USD,Cobrado,Cumplido
2024-07-05,2024,PED-2024-02732,San Cayetano,SC-02,Lisbon,Fischer Import GmbH,Exportación,Alemania,Exportación Directa,Limón Lisbon,4,Primera,22159.0,1231.0,0.4137,9166.27,975.84,8944812.92,0.2831,USD,Cobrado,Cumplido
2024-07-05,2024,PED-2024-02735,San Cayetano,SC-03,Génova,Fischer Import GmbH,Exportación,Alemania,Trader Golfo,Limón Génova,6,Segunda,12263.0,681.0,0.3947,4840.26,955.31,4623948.78,0.233,USD,Cobrado,Cumplido
2024-07-05,2024,PED-2024-02680,El Paraíso,EP-01,Eureka,Medifresh SA,Exportación,España,Trader Golfo,Limón Eureka,2,Extra,3944.0,219.0,0.4073,1606.29,965.91,1551531.57,0.2181,USD,Cobrado,Cumplido
2024-07-05,2024,PED-2024-02681,El Paraíso,EP-01,Eureka,Medifresh SA,Exportación,España,Programa Retail UE,Limón Eureka,2,Extra,22786.0,1266.0,0.3934,8964.69,965.91,8659083.72,0.2813,USD,Cobrado,Parcial
2024-07-05,2024,PED-2024-02685,El Paraíso,EP-02,Eureka,Medifresh SA,Exportación,España,Programa Retail UE,Limón Eureka,5,Primera,6376.0,354.0,0.3918,2498.35,943.84,2358042.66,0.2704,USD,Cobrado,Cumplido
2024-07-05,2024,PED-2024-02688,El Paraíso,EP-03,Lisbon,Medifresh SA,Exportación,España,Exportación Directa,Limón Lisbon,4,Primera,15270.0,848.0,0.3712,5667.52,940.16,5328375.6,0.2731,USD,Cobrado,Cumplido
2024-07-05,2024,PED-2024-02695,La Esperanza,LE-01,Eureka,Medifresh SA,Exportación,España,Exportación Directa,Limón Eureka,2,Primera,8281.0,460.0,0.4091,3388.13,962.16,3259923.16,0.1844,USD,Cobrado,Cumplido
2024-07-05,2024,PED-2024-02699,La Esperanza,LE-02,Eureka,Medifresh SA,Exportación,España,Trader Golfo,Limón Eureka,2,Primera,19691.0,1094.0,0.4023,7920.98,920.68,7292687.87,0.3031,USD,Cobrado,Cumplido
2024-07-05,2024,PED-2024-02702,La Esperanza,LE-03,Lisbon,Medifresh SA,Exportación,España,Exportación Directa,Limón Lisbon,4,Primera,16567.0,920.0,0.3695,6121.79,932.63,5709365.01,0.2615,USD,Cobrado,Cumplido
2024-07-05,2024,PED-2024-02705,La Esperanza,LE-04,Génova,Medifresh SA,Exportación,España,Exportación Directa,Limón Génova,4,Extra,17466.0,970.0,0.3968,6930.4,962.38,6669678.35,0.2315,USD,Cobrado,Cumplido
2024-07-05,2024,PED-2024-02711,Los Álamos,LA-02,Lisbon,Medifresh SA,Exportación,España,Exportación Directa,Limón Lisbon,4,Extra,20518.0,1140.0,0.3707,7605.61,945.24,7189126.8,0.2679,USD,Cobrado,Cumplido
2024-07-05,2024,PED-2024-02718,Río Ancho,RA-01,Eureka,Medifresh SA,Exportación,España,Exportación Directa,Limón Eureka,5,Extra,22544.0,1252.0,0.3739,8429.65,934.04,7873630.29,0.2005,USD,Cobrado,Cumplido
2024-07-05,2024,PED-2024-02687,El Paraíso,EP-02,Eureka,Citromax SA,Industria,Tucumán,Mercado Industrial,Limón Industria,5,Primera,5356.0,298.0,0.0745,398.96,943.84,376554.41,0.0868,ARS,Cobrado,Cumplido
2024-07-05,2024,PED-2024-02690,El Paraíso,EP-03,Lisbon,Citromax SA,Industria,Tucumán,Contrato Industria,Limón Industria,4,Primera,5362.0,298.0,0.0802,430.21,940.16,404466.23,0.0451,ARS,Cobrado,Cumplido
2024-07-05,2024,PED-2024-02693,El Paraíso,EP-04,Génova,Citromax SA,Industria,Tucumán,Mercado Industrial,Limón Industria,4,Segunda,3796.0,211.0,0.0763,289.52,950.31,275133.75,0.0848,ARS,Cobrado,Cumplido
2024-07-05,2024,PED-2024-02697,La Esperanza,LE-01,Eureka,Citromax SA,Industria,Tucumán,Contrato Industria,Limón Industria,2,Primera,7189.0,399.0,0.0859,617.38,962.16,594018.34,0.0488,ARS,Pendiente,Cumplido
2024-07-05,2024,PED-2024-02710,Los Álamos,LA-01,Eureka,Citromax SA,Industria,Tucumán,Contrato Industria,Limón Industria,3,Segunda,6830.0,379.0,0.0803,548.72,947.78,520065.84,0.0822,ARS,Cobrado,Cumplido
2024-07-05,2024,PED-2024-02724,Río Ancho,RA-02,Lisbon,Citromax SA,Industria,Tucumán,Mercado Industrial,Limón Industria,3,Extra,8006.0,445.0,0.0836,669.66,938.0,628141.08,0.0847,ARS,Pendiente,Cumplido
2024-07-05,2024,PED-2024-02727,Río Ancho,RA-03,Génova,Citromax SA,Industria,Tucumán,Contrato Industria,Limón Industria,7,Segunda,6522.0,362.0,0.067,436.79,953.76,416592.83,0.0397,ARS,Cobrado,Cumplido
2024-07-05,2024,PED-2024-02734,San Cayetano,SC-02,Lisbon,Citromax SA,Industria,Tucumán,Contrato Industria,Limón Industria,4,Primera,6689.0,372.0,0.0782,523.29,975.84,510647.31,0.0689,ARS,Cobrado,Cumplido
2024-07-05,2024,PED-2024-02737,San Cayetano,SC-03,Génova,Citromax SA,Industria,Tucumán,Mercado Industrial,Limón Industria,6,Segunda,5307.0,295.0,0.0673,356.97,955.31,341017.01,0.0645,ARS,Cobrado,Cumplido
2024-07-05,2024,PED-2024-02683,El Paraíso,EP-01,Eureka,Frutales Tucumán SRL,Industria,Tucumán,Mercado Industrial,Limón Industria,2,Extra,5326.0,296.0,0.0799,425.8,965.91,411284.48,0.0463,ARS,Cobrado,Cumplido
2024-07-05,2024,PED-2024-02701,La Esperanza,LE-02,Eureka,Frutales Tucumán SRL,Industria,Tucumán,Mercado Industrial,Limón Industria,2,Primera,6082.0,338.0,0.0746,453.89,920.68,417887.45,0.0795,ARS,Cobrado,Cumplido
2024-07-05,2024,PED-2024-02704,La Esperanza,LE-03,Lisbon,Frutales Tucumán SRL,Industria,Tucumán,Contrato Industria,Limón Industria,4,Primera,6993.0,388.0,0.0729,509.76,932.63,475417.47,0.0615,ARS,Cobrado,Cumplido
2024-07-05,2024,PED-2024-02707,La Esperanza,LE-04,Génova,Frutales Tucumán SRL,Industria,Tucumán,Contrato Industria,Limón Industria,4,Extra,6319.0,351.0,0.0704,445.0,962.38,428259.1,0.0461,ARS,Cobrado,Cumplido
2024-07-05,2024,PED-2024-02713,Los Álamos,LA-02,Lisbon,Frutales Tucumán SRL,Industria,Tucumán,Mercado Industrial,Limón Industria,4,Extra,5051.0,281.0,0.0744,375.96,945.24,355372.43,0.0876,ARS,Cobrado,Parcial
2024-07-05,2024,PED-2024-02716,Los Álamos,LA-03,Génova,Frutales Tucumán SRL,Industria,Tucumán,Mercado Industrial,Limón Industria,4,Segunda,4376.0,243.0,0.0679,296.98,974.97,289546.59,0.0682,ARS,Cobrado,Cumplido
2024-07-05,2024,PED-2024-02720,Río Ancho,RA-01,Eureka,Frutales Tucumán SRL,Industria,Tucumán,Contrato Industria,Limón Industria,5,Extra,9615.0,534.0,0.0757,728.24,934.04,680205.29,0.0775,ARS,Cobrado,Cumplido
2024-07-05,2024,PED-2024-02731,San Cayetano,SC-01,Eureka,Frutales Tucumán SRL,Industria,Tucumán,Mercado Industrial,Limón Industria,4,Extra,6651.0,370.0,0.0734,488.1,943.85,460693.19,0.0441,ARS,Cobrado,Cumplido
2024-07-05,2024,PED-2024-02692,El Paraíso,EP-04,Génova,Central de Frutas SA,Mercado Interno,Buenos Aires,Retail Nacional,Limón Génova,4,Segunda,4141.0,230.0,0.2439,1009.99,950.31,959803.6,0.1786,ARS,Cobrado,Parcial
2024-07-05,2024,PED-2024-02696,La Esperanza,LE-01,Eureka,Central de Frutas SA,Mercado Interno,Buenos Aires,Mercado Central,Limón Eureka,2,Primera,10375.0,576.0,0.2458,2549.66,962.16,2453180.87,0.1555,ARS,Cobrado,Cumplido
2024-07-05,2024,PED-2024-02703,La Esperanza,LE-03,Lisbon,Central de Frutas SA,Mercado Interno,Buenos Aires,Distribuidor Regional,Limón Lisbon,4,Primera,7516.0,418.0,0.2352,1768.09,932.63,1648973.78,0.2044,ARS,Pendiente,Cumplido
2024-07-05,2024,PED-2024-02712,Los Álamos,LA-02,Lisbon,Central de Frutas SA,Mercado Interno,Buenos Aires,Mercado Central,Limón Lisbon,4,Extra,5295.0,294.0,0.2573,1362.34,945.24,1287738.26,0.1646,ARS,Cobrado,Cumplido
2024-07-05,2024,PED-2024-02686,El Paraíso,EP-02,Eureka,Frutales del Norte SRL,Mercado Interno,Salta,Distribuidor Regional,Limón Eureka,5,Primera,6956.0,386.0,0.2055,1429.47,943.84,1349190.96,0.1434,ARS,Pendiente,Parcial
2024-07-05,2024,PED-2024-02706,La Esperanza,LE-04,Génova,Frutales del Norte SRL,Mercado Interno,Salta,Distribuidor Regional,Limón Génova,4,Extra,4312.0,240.0,0.2172,936.39,962.38,901163.01,0.2024,ARS,Pendiente,Cumplido
2024-07-05,2024,PED-2024-02715,Los Álamos,LA-03,Génova,Frutales del Norte SRL,Mercado Interno,Salta,Retail Nacional,Limón Génova,4,Segunda,4556.0,253.0,0.1967,896.12,974.97,873690.12,0.136,ARS,Cobrado,Cumplido
2024-07-05,2024,PED-2024-02723,Río Ancho,RA-02,Lisbon,Frutales del Norte SRL,Mercado Interno,Salta,Retail Nacional,Limón Lisbon,3,Extra,8533.0,474.0,0.2329,1987.37,938.0,1864153.06,0.1374,ARS,Cobrado,Cumplido
2024-07-05,2024,PED-2024-02726,Río Ancho,RA-03,Génova,Frutales del Norte SRL,Mercado Interno,Salta,Distribuidor Regional,Limón Génova,7,Segunda,7012.0,390.0,0.1724,1209.06,953.76,1153153.07,0.1115,ARS,Cobrado,Cumplido
2024-07-05,2024,PED-2024-02730,San Cayetano,SC-01,Eureka,Frutales del Norte SRL,Mercado Interno,Salta,Mercado Central,Limón Eureka,4,Extra,7345.0,408.0,0.2302,1690.69,943.85,1595757.76,0.1462,ARS,Cobrado,Cumplido
2024-07-05,2024,PED-2024-02733,San Cayetano,SC-02,Lisbon,Frutales del Norte SRL,Mercado Interno,Salta,Mercado Central,Limón Lisbon,4,Primera,6560.0,364.0,0.2202,1444.42,975.84,1409522.81,0.2048,ARS,Cobrado,Parcial
2024-07-05,2024,PED-2024-02736,San Cayetano,SC-03,Génova,Frutales del Norte SRL,Mercado Interno,Salta,Retail Nacional,Limón Génova,6,Segunda,5792.0,322.0,0.1791,1037.13,955.31,990780.66,0.1763,ARS,Cobrado,Cumplido
2024-07-05,2024,PED-2024-02700,La Esperanza,LE-02,Eureka,La Morenita SA,Mercado Interno,Tucumán,Mercado Central,Limón Eureka,2,Primera,7220.0,401.0,0.2354,1699.26,920.68,1564474.7,0.1257,ARS,Cobrado,Cumplido
2024-07-05,2024,PED-2024-02709,Los Álamos,LA-01,Eureka,La Morenita SA,Mercado Interno,Tucumán,Distribuidor Regional,Limón Eureka,3,Segunda,10266.0,570.0,0.2345,2407.31,947.78,2281600.27,0.1558,ARS,Cobrado,Cumplido
2024-07-05,2024,PED-2024-02719,Río Ancho,RA-01,Eureka,La Morenita SA,Mercado Interno,Tucumán,Retail Nacional,Limón Eureka,5,Extra,10065.0,559.0,0.2444,2459.83,934.04,2297579.61,0.1241,ARS,Cobrado,Cumplido
2024-07-05,2024,PED-2024-02682,El Paraíso,EP-01,Eureka,Supermercados Norte SA,Mercado Interno,Tucumán,Mercado Central,Limón Eureka,2,Extra,5832.0,324.0,0.2534,1477.95,965.91,1427566.68,0.1997,ARS,Cobrado,Cumplido
2024-07-05,2024,PED-2024-02689,El Paraíso,EP-03,Lisbon,Supermercados Norte SA,Mercado Interno,Tucumán,Retail Nacional,Limón Lisbon,4,Primera,5482.0,305.0,0.2282,1251.06,940.16,1176196.57,0.1604,ARS,Pendiente,Cumplido
2024-07-12,2024,PED-2024-02741,El Paraíso,EP-02,Eureka,Al Salam Trading,Exportación,Emiratos Árabes,Trader Golfo,Limón Eureka,4,Extra,4393.0,244.0,0.3499,1537.31,971.23,1493081.59,0.2065,USD,Cobrado,Cumplido
2024-07-12,2024,PED-2024-02748,El Paraíso,EP-04,Génova,Al Salam Trading,Exportación,Emiratos Árabes,Exportación Directa,Limón Génova,4,Primera,12156.0,675.0,0.348,4229.97,959.62,4059163.81,0.2198,USD,Cobrado,Cumplido
2024-07-12,2024,PED-2024-02758,La Esperanza,LE-03,Lisbon,Al Salam Trading,Exportación,Emiratos Árabes,Exportación Directa,Limón Lisbon,3,Primera,19510.0,1084.0,0.3561,6948.04,973.59,6764542.26,0.304,USD,Cobrado,Cumplido
2024-07-12,2024,PED-2024-02774,Río Ancho,RA-01,Eureka,Al Salam Trading,Exportación,Emiratos Árabes,Exportación Directa,Limón Eureka,3,Primera,15456.0,859.0,0.3818,5901.39,950.5,5609271.2,0.2184,USD,Cobrado,Parcial
2024-07-12,2024,PED-2024-02784,San Cayetano,SC-01,Eureka,Al Salam Trading,Exportación,Emiratos Árabes,Exportación Directa,Limón Eureka,2,Primera,21222.0,1179.0,0.3688,7826.28,948.55,7423617.89,0.2266,USD,Cobrado,Cumplido
2024-07-12,2024,PED-2024-02785,San Cayetano,SC-01,Eureka,Al Salam Trading,Exportación,Emiratos Árabes,Exportación Directa,Limón Eureka,2,Primera,7280.0,404.0,0.3976,2894.72,948.55,2745786.66,0.2707,USD,Cobrado,Cumplido
2024-07-12,2024,PED-2024-02742,El Paraíso,EP-02,Eureka,Citrus World Ltd,Exportación,Reino Unido,Exportación Directa,Limón Eureka,4,Extra,20979.0,1166.0,0.3945,8276.78,971.23,8038657.04,0.2946,USD,Pendiente,Cumplido
2024-07-12,2024,PED-2024-02755,La Esperanza,LE-02,Eureka,Citrus World Ltd,Exportación,Reino Unido,Exportación Directa,Limón Eureka,2,Extra,9709.0,539.0,0.4209,4086.69,924.78,3779289.18,0.2017,USD,Pendiente,Cumplido
2024-07-12,2024,PED-2024-02767,Los Álamos,LA-02,Lisbon,Citrus World Ltd,Exportación,Reino Unido,Trader Golfo,Limón Lisbon,4,Extra,15592.0,866.0,0.4157,6481.32,957.8,6207808.3,0.3253,USD,Pendiente,Parcial
2024-07-12,2024,PED-2024-02778,Río Ancho,RA-02,Lisbon,Citrus World Ltd,Exportación,Reino Unido,Exportación Directa,Limón Lisbon,4,Extra,4152.0,231.0,0.4119,1710.22,941.37,1609949.8,0.2515,USD,Pendiente,Cumplido
2024-07-12,2024,PED-2024-02781,Río Ancho,RA-03,Génova,Citrus World Ltd,Exportación,Reino Unido,Programa Retail UE,Limón Génova,7,Primera,14365.0,798.0,0.3814,5478.72,939.48,5147147.87,0.2865,USD,Cobrado,Cumplido
2024-07-12,2024,PED-2024-02738,El Paraíso,EP-01,Eureka,Fischer Import GmbH,Exportación,Alemania,Exportación Directa,Limón Eureka,6,Segunda,17128.0,952.0,0.3948,6762.13,982.02,6640546.9,0.1882,USD,Cobrado,Cumplido
2024-07-12,2024,PED-2024-02745,El Paraíso,EP-03,Lisbon,Fischer Import GmbH,Exportación,Alemania,Programa Retail UE,Limón Lisbon,4,Primera,16076.0,893.0,0.4053,6516.25,967.09,6301800.21,0.3086,USD,Cobrado,Cumplido
2024-07-12,2024,PED-2024-02754,La Esperanza,LE-02,Eureka,Fischer Import GmbH,Exportación,Alemania,Trader Golfo,Limón Eureka,2,Extra,24541.0,1363.0,0.4723,11590.31,924.78,10718486.88,0.2918,USD,Cobrado,Cumplido
2024-07-12,2024,PED-2024-02764,Los Álamos,LA-01,Eureka,Fischer Import GmbH,Exportación,Alemania,Exportación Directa,Limón Eureka,5,Primera,20753.0,1153.0,0.3984,8267.73,967.66,8000351.61,0.2012,USD,Cobrado,Cumplido
2024-07-12,2024,PED-2024-02770,Los Álamos,LA-03,Génova,Fischer Import GmbH,Exportación,Alemania,Trader Golfo,Limón Génova,3,Segunda,14075.0,782.0,0.4097,5765.98,961.6,5544566.37,0.1774,USD,Cobrado,Cumplido
2024-07-12,2024,PED-2024-02788,San Cayetano,SC-02,Lisbon,Fischer Import GmbH,Exportación,Alemania,Exportación Directa,Limón Lisbon,6,Segunda,18646.0,1036.0,0.3811,7105.48,950.36,6752763.97,0.2181,USD,Cobrado,Cumplido
2024-07-12,2024,PED-2024-02791,San Cayetano,SC-03,Génova,Fischer Import GmbH,Exportación,Alemania,Programa Retail UE,Limón Génova,5,Primera,13013.0,723.0,0.4205,5472.21,970.14,5308809.81,0.2878,USD,Cobrado,Cumplido
2024-07-12,2024,PED-2024-02751,La Esperanza,LE-01,Eureka,Medifresh SA,Exportación,España,Exportación Directa,Limón Eureka,6,Primera,23565.0,1309.0,0.344,8106.21,951.47,7712815.63,0.2933,USD,Cobrado,Cumplido
2024-07-12,2024,PED-2024-02761,La Esperanza,LE-04,Génova,Medifresh SA,Exportación,España,Trader Golfo,Limón Génova,5,Segunda,14408.0,800.0,0.3591,5174.46,945.38,4891830.99,0.1793,USD,Cobrado,Cumplido
2024-07-12,2024,PED-2024-02773,Río Ancho,RA-01,Eureka,Medifresh SA,Exportación,España,Trader Golfo,Limón Eureka,3,Primera,11169.0,620.0,0.3988,4454.45,950.5,4233954.72,0.2588,USD,Cobrado,Cumplido
2024-07-12,2024,PED-2024-02777,Río Ancho,RA-02,Lisbon,Medifresh SA,Exportación,España,Exportación Directa,Limón Lisbon,4,Extra,21174.0,1176.0,0.3849,8148.98,941.37,7671205.3,0.2519,USD,Cobrado,Cumplido
2024-07-12,2024,PED-2024-02747,El Paraíso,EP-03,Lisbon,Citromax SA,Industria,Tucumán,Mercado Industrial,Limón Industria,4,Primera,4672.0,260.0,0.0772,360.55,967.09,348684.3,0.0392,ARS,Cobrado,Cumplido
2024-07-12,2024,PED-2024-02750,El Paraíso,EP-04,Génova,Citromax SA,Industria,Tucumán,Contrato Industria,Limón Industria,4,Primera,4209.0,234.0,0.0822,345.78,959.62,331817.4,0.0486,ARS,Pendiente,Parcial
2024-07-12,2024,PED-2024-02753,La Esperanza,LE-01,Eureka,Citromax SA,Industria,Tucumán,Mercado Industrial,Limón Industria,6,Primera,5706.0,317.0,0.075,427.69,951.47,406934.2,0.0818,ARS,Cobrado,Cumplido
2024-07-12,2024,PED-2024-02757,La Esperanza,LE-02,Eureka,Citromax SA,Industria,Tucumán,Mercado Industrial,Limón Industria,2,Extra,7972.0,443.0,0.0871,694.29,924.78,642065.51,0.0367,ARS,Cobrado,Cumplido
2024-07-12,2024,PED-2024-02760,La Esperanza,LE-03,Lisbon,Citromax SA,Industria,Tucumán,Contrato Industria,Limón Industria,3,Primera,5437.0,302.0,0.0804,437.26,973.59,425711.96,0.0357,ARS,Cobrado,Cumplido
2024-07-12,2024,PED-2024-02766,Los Álamos,LA-01,Eureka,Citromax SA,Industria,Tucumán,Mercado Industrial,Limón Industria,5,Primera,4652.0,258.0,0.0753,350.07,967.66,338748.74,0.0355,ARS,Cobrado,Cumplido
2024-07-12,2024,PED-2024-02769,Los Álamos,LA-02,Lisbon,Citromax SA,Industria,Tucumán,Contrato Industria,Limón Industria,4,Extra,4892.0,272.0,0.0808,395.29,957.8,378608.76,0.0719,ARS,Cobrado,Cumplido
2024-07-12,2024,PED-2024-02776,Río Ancho,RA-01,Eureka,Citromax SA,Industria,Tucumán,Mercado Industrial,Limón Industria,3,Primera,7148.0,397.0,0.0789,564.3,950.5,536367.15,0.0874,ARS,Cobrado,Cumplido
2024-07-12,2024,PED-2024-02780,Río Ancho,RA-02,Lisbon,Citromax SA,Industria,Tucumán,Mercado Industrial,Limón Industria,4,Extra,8798.0,489.0,0.0784,689.62,941.37,649187.58,0.078,ARS,Cobrado,Cumplido
2024-07-12,2024,PED-2024-02783,Río Ancho,RA-03,Génova,Citromax SA,Industria,Tucumán,Mercado Industrial,Limón Industria,7,Primera,6273.0,348.0,0.0721,452.24,939.48,424870.44,0.0753,ARS,Vencido,Cumplido
2024-07-12,2024,PED-2024-02790,San Cayetano,SC-02,Lisbon,Citromax SA,Industria,Tucumán,Contrato Industria,Limón Industria,6,Segunda,5831.0,324.0,0.07,408.32,950.36,388051.0,0.0415,ARS,Cobrado,Cumplido
2024-07-12,2024,PED-2024-02793,San Cayetano,SC-03,Génova,Citromax SA,Industria,Tucumán,Contrato Industria,Limón Industria,5,Primera,6021.0,334.0,0.0786,473.46,970.14,459322.48,0.0863,ARS,Cobrado,Cumplido
2024-07-12,2024,PED-2024-02740,El Paraíso,EP-01,Eureka,Frutales Tucumán SRL,Industria,Tucumán,Contrato Industria,Limón Industria,6,Segunda,4515.0,251.0,0.0615,277.74,982.02,272746.23,0.0621,ARS,Cobrado,Cumplido
2024-07-12,2024,PED-2024-02744,El Paraíso,EP-02,Eureka,Frutales Tucumán SRL,Industria,Tucumán,Mercado Industrial,Limón Industria,4,Extra,5892.0,327.0,0.0719,423.78,971.23,411587.85,0.082,ARS,Cobrado,Cumplido
2024-07-12,2024,PED-2024-02763,La Esperanza,LE-04,Génova,Frutales Tucumán SRL,Industria,Tucumán,Contrato Industria,Limón Industria,5,Segunda,4735.0,263.0,0.0682,322.96,945.38,305319.92,0.0534,ARS,Cobrado,Cumplido
2024-07-12,2024,PED-2024-02772,Los Álamos,LA-03,Génova,Frutales Tucumán SRL,Industria,Tucumán,Mercado Industrial,Limón Industria,3,Segunda,4969.0,276.0,0.0697,346.24,961.6,332944.38,0.0657,ARS,Cobrado,Cumplido
2024-07-12,2024,PED-2024-02787,San Cayetano,SC-01,Eureka,Frutales Tucumán SRL,Industria,Tucumán,Mercado Industrial,Limón Industria,2,Primera,6248.0,347.0,0.0785,490.39,948.55,465159.43,0.0543,ARS,Cobrado,Cumplido
2024-07-12,2024,PED-2024-02743,El Paraíso,EP-02,Eureka,Central de Frutas SA,Mercado Interno,Buenos Aires,Mercado Central,Limón Eureka,4,Extra,7413.0,412.0,0.2592,1921.8,971.23,1866509.81,0.1505,ARS,Cobrado,Cumplido
2024-07-12,2024,PED-2024-02756,La Esperanza,LE-02,Eureka,Central de Frutas SA,Mercado Interno,Buenos Aires,Distribuidor Regional,Limón Eureka,2,Extra,8229.0,457.0,0.2721,2239.25,924.78,2070813.62,0.1886,ARS,Pendiente,Cumplido
2024-07-12,2024,PED-2024-02752,La Esperanza,LE-01,Eureka,Frutales del Norte SRL,Mercado Interno,Salta,Distribuidor Regional,Limón Eureka,6,Primera,9542.0,530.0,0.2073,1978.47,951.47,1882454.85,0.1187,ARS,Cobrado,Cumplido
2024-07-12,2024,PED-2024-02768,Los Álamos,LA-02,Lisbon,Frutales del Norte SRL,Mercado Interno,Salta,Retail Nacional,Limón Lisbon,4,Extra,5154.0,286.0,0.2188,1127.9,957.8,1080302.62,0.2112,ARS,Cobrado,Cumplido
2024-07-12,2024,PED-2024-02782,Río Ancho,RA-03,Génova,Frutales del Norte SRL,Mercado Interno,Salta,Retail Nacional,Limón Génova,7,Primera,7967.0,443.0,0.2026,1613.79,939.48,1516123.43,0.2089,ARS,Cobrado,Cumplido
2024-07-12,2024,PED-2024-02762,La Esperanza,LE-04,Génova,La Morenita SA,Mercado Interno,Tucumán,Retail Nacional,Limón Génova,5,Segunda,6074.0,337.0,0.2051,1245.76,945.38,1177716.59,0.1285,ARS,Pendiente,Cumplido
2024-07-12,2024,PED-2024-02771,Los Álamos,LA-03,Génova,La Morenita SA,Mercado Interno,Tucumán,Mercado Central,Limón Génova,3,Segunda,4592.0,255.0,0.2313,1062.25,961.6,1021459.6,0.1632,ARS,Cobrado,Cumplido
2024-07-12,2024,PED-2024-02775,Río Ancho,RA-01,Eureka,La Morenita SA,Mercado Interno,Tucumán,Retail Nacional,Limón Eureka,3,Primera,10466.0,581.0,0.2492,2608.24,950.5,2479132.12,0.1495,ARS,Cobrado,Parcial
2024-07-12,2024,PED-2024-02779,Río Ancho,RA-02,Lisbon,La Morenita SA,Mercado Interno,Tucumán,Retail Nacional,Limón Lisbon,4,Extra,9232.0,513.0,0.2536,2340.81,941.37,2203568.31,0.1999,ARS,Cobrado,Cumplido
2024-07-12,2024,PED-2024-02786,San Cayetano,SC-01,Eureka,La Morenita SA,Mercado Interno,Tucumán,Retail Nacional,Limón Eureka,2,Primera,7415.0,412.0,0.2627,1948.13,948.55,1847898.71,0.2003,ARS,Cobrado,Cumplido
2024-07-12,2024,PED-2024-02789,San Cayetano,SC-02,Lisbon,La Morenita SA,Mercado Interno,Tucumán,Retail Nacional,Limón Lisbon,6,Segunda,11076.0,615.0,0.2135,2364.57,950.36,2247192.75,0.1002,ARS,Cobrado,Cumplido
2024-07-12,2024,PED-2024-02739,El Paraíso,EP-01,Eureka,Supermercados Norte SA,Mercado Interno,Tucumán,Retail Nacional,Limón Eureka,6,Segunda,9416.0,523.0,0.2095,1972.87,982.02,1937397.8,0.1666,ARS,Cobrado,Cumplido
2024-07-12,2024,PED-2024-02746,El Paraíso,EP-03,Lisbon,Supermercados Norte SA,Mercado Interno,Tucumán,Mercado Central,Limón Lisbon,4,Primera,5554.0,309.0,0.2128,1181.82,967.09,1142926.3,0.1804,ARS,Pendiente,Cumplido
2024-07-12,2024,PED-2024-02749,El Paraíso,EP-04,Génova,Supermercados Norte SA,Mercado Interno,Tucumán,Distribuidor Regional,Limón Génova,4,Primera,3582.0,199.0,0.225,806.11,959.62,773559.28,0.1112,ARS,Cobrado,Cumplido
2024-07-12,2024,PED-2024-02759,La Esperanza,LE-03,Lisbon,Supermercados Norte SA,Mercado Interno,Tucumán,Retail Nacional,Limón Lisbon,3,Primera,5230.0,291.0,0.221,1155.94,973.59,1125411.62,0.121,ARS,Cobrado,Cumplido
2024-07-12,2024,PED-2024-02765,Los Álamos,LA-01,Eureka,Supermercados Norte SA,Mercado Interno,Tucumán,Distribuidor Regional,Limón Eureka,5,Primera,6076.0,338.0,0.2076,1261.61,967.66,1220809.53,0.1227,ARS,Pendiente,Cumplido
2024-07-12,2024,PED-2024-02792,San Cayetano,SC-03,Génova,Supermercados Norte SA,Mercado Interno,Tucumán,Retail Nacional,Limón Génova,5,Primera,4705.0,261.0,0.2295,1079.58,970.14,1047343.74,0.1657,ARS,Cobrado,Cumplido
2024-07-19,2024,PED-2024-02794,El Paraíso,EP-01,Eureka,Al Salam Trading,Exportación,Emiratos Árabes,Programa Retail UE,Limón Eureka,5,Primera,23455.0,1303.0,0.3356,7871.7,992.65,7813843.0,0.2758,USD,Cobrado,Cumplido
2024-07-19,2024,PED-2024-02798,El Paraíso,EP-02,Eureka,Al Salam Trading,Exportación,Emiratos Árabes,Trader Golfo,Limón Eureka,2,Segunda,16563.0,920.0,0.358,5929.59,955.64,5666553.39,0.2622,USD,Cobrado,Parcial
2024-07-19,2024,PED-2024-02814,La Esperanza,LE-03,Lisbon,Al Salam Trading,Exportación,Emiratos Árabes,Exportación Directa,Limón Lisbon,6,Segunda,17908.0,995.0,0.3112,5572.35,964.56,5374865.92,0.1953,USD,Cobrado,Cumplido
2024-07-19,2024,PED-2024-02826,Los Álamos,LA-03,Génova,Al Salam Trading,Exportación,Emiratos Árabes,Trader Golfo,Limón Génova,6,Segunda,10554.0,586.0,0.3073,3243.74,968.83,3142632.62,0.1557,USD,Cobrado,Cumplido
2024-07-19,2024,PED-2024-02797,El Paraíso,EP-02,Eureka,Citrus World Ltd,Exportación,Reino Unido,Exportación Directa,Limón Eureka,2,Segunda,8855.0,492.0,0.4083,3615.1,955.64,3454734.16,0.1913,USD,Cobrado,Cumplido
2024-07-19,2024,PED-2024-02801,El Paraíso,EP-03,Lisbon,Citrus World Ltd,Exportación,Reino Unido,Trader Golfo,Limón Lisbon,4,Primera,18420.0,1023.0,0.3845,7081.82,934.37,6617040.15,0.2777,USD,Pendiente,Parcial
2024-07-19,2024,PED-2024-02808,La Esperanza,LE-01,Eureka,Citrus World Ltd,Exportación,Reino Unido,Exportación Directa,Limón Eureka,5,Primera,1766.0,98.0,0.4143,731.69,962.98,704602.84,0.2914,USD,Pendiente,Cumplido
2024-07-19,2024,PED-2024-02811,La Esperanza,LE-02,Eureka,Citrus World Ltd,Exportación,Reino Unido,Programa Retail UE,Limón Eureka,4,Segunda,20592.0,1144.0,0.3822,7869.64,983.02,7736013.51,0.1738,USD,Cobrado,Cumplido
2024-07-19,2024,PED-2024-02840,San Cayetano,SC-01,Eureka,Citrus World Ltd,Exportación,Reino Unido,Trader Golfo,Limón Eureka,6,Primera,21335.0,1185.0,0.393,8383.97,936.36,7850414.15,0.1862,USD,Cobrado,Cumplido
2024-07-19,2024,PED-2024-02843,San Cayetano,SC-02,Lisbon,Citrus World Ltd,Exportación,Reino Unido,Exportación Directa,Limón Lisbon,6,Segunda,15350.0,853.0,0.368,5648.88,963.35,5441848.55,0.2474,USD,Cobrado,Cumplido
2024-07-19,2024,PED-2024-02820,Los Álamos,LA-01,Eureka,Fischer Import GmbH,Exportación,Alemania,Programa Retail UE,Limón Eureka,6,Extra,21277.0,1182.0,0.3909,8318.2,955.3,7946376.46,0.2154,USD,Cobrado,Cumplido
2024-07-19,2024,PED-2024-02830,Río Ancho,RA-01,Eureka,Fischer Import GmbH,Exportación,Alemania,Programa Retail UE,Limón Eureka,4,Primera,2577.0,143.0,0.4329,1115.51,963.84,1075173.16,0.3037,USD,Cobrado,Cumplido
2024-07-19,2024,PED-2024-02833,Río Ancho,RA-02,Lisbon,Fischer Import GmbH,Exportación,Alemania,Exportación Directa,Limón Lisbon,5,Primera,1809.0,100.0,0.3895,704.6,970.53,683835.44,0.2882,USD,Cobrado,Cumplido
2024-07-19,2024,PED-2024-02846,San Cayetano,SC-03,Génova,Fischer Import GmbH,Exportación,Alemania,Exportación Directa,Limón Génova,4,Segunda,12171.0,676.0,0.406,4941.4,977.75,4831453.85,0.2259,USD,Cobrado,Cumplido
2024-07-19,2024,PED-2024-02804,El Paraíso,EP-04,Génova,Medifresh SA,Exportación,España,Exportación Directa,Limón Génova,4,Primera,9986.0,555.0,0.3932,3926.3,938.83,3686128.23,0.289,USD,Cobrado,Cumplido
2024-07-19,2024,PED-2024-02807,La Esperanza,LE-01,Eureka,Medifresh SA,Exportación,España,Trader Golfo,Limón Eureka,5,Primera,23384.0,1299.0,0.3725,8711.28,962.98,8388788.41,0.2179,USD,Cobrado,Cumplido
2024-07-19,2024,PED-2024-02817,La Esperanza,LE-04,Génova,Medifresh SA,Exportación,España,Exportación Directa,Limón Génova,6,Primera,14984.0,832.0,0.3486,5223.7,964.21,5036743.78,0.2976,USD,Cobrado,Cumplido
2024-07-19,2024,PED-2024-02823,Los Álamos,LA-02,Lisbon,Medifresh SA,Exportación,España,Programa Retail UE,Limón Lisbon,5,Primera,18600.0,1033.0,0.3655,6797.4,937.59,6373174.27,0.2748,USD,Cobrado,Cumplido
2024-07-19,2024,PED-2024-02829,Río Ancho,RA-01,Eureka,Medifresh SA,Exportación,España,Programa Retail UE,Limón Eureka,4,Primera,29829.0,1657.0,0.386,11513.31,963.84,11096988.71,0.2813,USD,Cobrado,Cumplido
2024-07-19,2024,PED-2024-02834,Río Ancho,RA-02,Lisbon,Medifresh SA,Exportación,España,Programa Retail UE,Limón Lisbon,5,Primera,22734.0,1263.0,0.3609,8204.65,970.53,7962858.96,0.295,USD,Cobrado,Cumplido
2024-07-19,2024,PED-2024-02837,Río Ancho,RA-03,Génova,Medifresh SA,Exportación,España,Programa Retail UE,Limón Génova,6,Extra,16385.0,910.0,0.3556,5826.21,981.02,5715628.53,0.214,USD,Cobrado,Cumplido
2024-07-19,2024,PED-2024-02800,El Paraíso,EP-02,Eureka,Citromax SA,Industria,Tucumán,Mercado Industrial,Limón Industria,2,Segunda,7413.0,412.0,0.0764,566.43,955.64,541303.17,0.0747,ARS,Cobrado,Cumplido
2024-07-19,2024,PED-2024-02803,El Paraíso,EP-03,Lisbon,Citromax SA,Industria,Tucumán,Contrato Industria,Limón Industria,4,Primera,6682.0,371.0,0.0814,544.21,934.37,508493.5,0.0303,ARS,Cobrado,Cumplido
2024-07-19,2024,PED-2024-02806,El Paraíso,EP-04,Génova,Citromax SA,Industria,Tucumán,Mercado Industrial,Limón Industria,4,Primera,4627.0,257.0,0.0815,376.97,938.83,353910.75,0.0734,ARS,Cobrado,Parcial
2024-07-19,2024,PED-2024-02813,La Esperanza,LE-02,Eureka,Citromax SA,Industria,Tucumán,Mercado Industrial,Limón Industria,4,Segunda,6437.0,358.0,0.0736,473.62,983.02,465577.93,0.0852,ARS,Cobrado,Cumplido
2024-07-19,2024,PED-2024-02816,La Esperanza,LE-03,Lisbon,Citromax SA,Industria,Tucumán,Contrato Industria,Limón Industria,6,Segunda,5559.0,309.0,0.0676,375.84,964.56,362520.23,0.0585,ARS,Cobrado,Cumplido
2024-07-19,2024,PED-2024-02822,Los Álamos,LA-01,Eureka,Citromax SA,Industria,Tucumán,Mercado Industrial,Limón Industria,6,Extra,6850.0,381.0,0.0785,537.48,955.3,513454.64,0.076,ARS,Cobrado,Cumplido
2024-07-19,2024,PED-2024-02825,Los Álamos,LA-02,Lisbon,Citromax SA,Industria,Tucumán,Contrato Industria,Limón Industria,5,Primera,5320.0,296.0,0.0808,430.1,937.59,403257.46,0.0631,ARS,Cobrado,Parcial
2024-07-19,2024,PED-2024-02828,Los Álamos,LA-03,Génova,Citromax SA,Industria,Tucumán,Contrato Industria,Limón Industria,6,Segunda,5025.0,279.0,0.0713,358.43,968.83,347257.74,0.0837,ARS,Cobrado,Cumplido
2024-07-19,2024,PED-2024-02832,Río Ancho,RA-01,Eureka,Citromax SA,Industria,Tucumán,Contrato Industria,Limón Industria,4,Primera,9927.0,552.0,0.0762,756.01,963.84,728672.68,0.0843,ARS,Cobrado,Cumplido
2024-07-19,2024,PED-2024-02839,Río Ancho,RA-03,Génova,Citromax SA,Industria,Tucumán,Mercado Industrial,Limón Industria,6,Extra,7968.0,443.0,0.0742,591.07,981.02,579851.49,0.0646,ARS,Cobrado,Cumplido
2024-07-19,2024,PED-2024-02848,San Cayetano,SC-03,Génova,Citromax SA,Industria,Tucumán,Contrato Industria,Limón Industria,4,Segunda,5845.0,325.0,0.0726,424.38,977.75,414937.54,0.0374,ARS,Cobrado,Cumplido
2024-07-19,2024,PED-2024-02796,El Paraíso,EP-01,Eureka,Frutales Tucumán SRL,Industria,Tucumán,Contrato Industria,Limón Industria,5,Primera,5093.0,283.0,0.0688,350.49,992.65,347913.9,0.0506,ARS,Cobrado,Cumplido
2024-07-19,2024,PED-2024-02810,La Esperanza,LE-01,Eureka,Frutales Tucumán SRL,Industria,Tucumán,Contrato Industria,Limón Industria,5,Primera,6177.0,343.0,0.0688,424.83,962.98,409102.79,0.074,ARS,Cobrado,Cumplido
2024-07-19,2024,PED-2024-02819,La Esperanza,LE-04,Génova,Frutales Tucumán SRL,Industria,Tucumán,Mercado Industrial,Limón Industria,6,Primera,4816.0,268.0,0.0689,331.7,964.21,319828.46,0.0363,ARS,Cobrado,Cumplido
2024-07-19,2024,PED-2024-02836,Río Ancho,RA-02,Lisbon,Frutales Tucumán SRL,Industria,Tucumán,Contrato Industria,Limón Industria,5,Primera,9128.0,507.0,0.0723,660.38,970.53,640918.6,0.0403,ARS,Cobrado,Cumplido
2024-07-19,2024,PED-2024-02842,San Cayetano,SC-01,Eureka,Frutales Tucumán SRL,Industria,Tucumán,Contrato Industria,Limón Industria,6,Primera,5601.0,311.0,0.0702,393.01,936.36,367998.84,0.0366,ARS,Cobrado,Cumplido
2024-07-19,2024,PED-2024-02845,San Cayetano,SC-02,Lisbon,Frutales Tucumán SRL,Industria,Tucumán,Contrato Industria,Limón Industria,6,Segunda,6330.0,352.0,0.0655,414.58,963.35,399385.64,0.0725,ARS,Cobrado,Cumplido
2024-07-19,2024,PED-2024-02802,El Paraíso,EP-03,Lisbon,Central de Frutas SA,Mercado Interno,Buenos Aires,Distribuidor Regional,Limón Lisbon,4,Primera,6104.0,339.0,0.2481,1514.7,934.37,1415290.24,0.1652,ARS,Cobrado,Cumplido
2024-07-19,2024,PED-2024-02818,La Esperanza,LE-04,Génova,Central de Frutas SA,Mercado Interno,Buenos Aires,Mercado Central,Limón Génova,6,Primera,6209.0,345.0,0.2425,1505.73,964.21,1451839.92,0.1477,ARS,Pendiente,Cumplido
2024-07-19,2024,PED-2024-02821,Los Álamos,LA-01,Eureka,Central de Frutas SA,Mercado Interno,Buenos Aires,Mercado Central,Limón Eureka,6,Extra,6231.0,346.0,0.2463,1534.44,955.3,1465850.53,0.1927,ARS,Cobrado,Cumplido
2024-07-19,2024,PED-2024-02827,Los Álamos,LA-03,Génova,Central de Frutas SA,Mercado Interno,Buenos Aires,Retail Nacional,Limón Génova,6,Segunda,5492.0,305.0,0.217,1191.99,968.83,1154835.67,0.1178,ARS,Cobrado,Cumplido
2024-07-19,2024,PED-2024-02838,Río Ancho,RA-03,Génova,Central de Frutas SA,Mercado Interno,Buenos Aires,Mercado Central,Limón Génova,6,Extra,5906.0,328.0,0.2281,1347.43,981.02,1321855.78,0.2157,ARS,Cobrado,Cumplido
2024-07-19,2024,PED-2024-02795,El Paraíso,EP-01,Eureka,Frutales del Norte SRL,Mercado Interno,Salta,Mercado Central,Limón Eureka,5,Primera,10376.0,576.0,0.1992,2066.53,992.65,2051341.0,0.1975,ARS,Cobrado,Cumplido
2024-07-19,2024,PED-2024-02831,Río Ancho,RA-01,Eureka,Frutales del Norte SRL,Mercado Interno,Salta,Distribuidor Regional,Limón Eureka,4,Primera,14847.0,825.0,0.219,3252.02,963.84,3134426.96,0.1362,ARS,Cobrado,Cumplido
2024-07-19,2024,PED-2024-02835,Río Ancho,RA-02,Lisbon,Frutales del Norte SRL,Mercado Interno,Salta,Retail Nacional,Limón Lisbon,5,Primera,10300.0,572.0,0.2142,2206.55,970.53,2141522.97,0.1465,ARS,Cobrado,Cumplido
2024-07-19,2024,PED-2024-02799,El Paraíso,EP-02,Eureka,La Morenita SA,Mercado Interno,Tucumán,Distribuidor Regional,Limón Eureka,2,Segunda,10942.0,608.0,0.2237,2448.07,955.64,2339473.61,0.1536,ARS,Cobrado,Parcial
2024-07-19,2024,PED-2024-02805,El Paraíso,EP-04,Génova,La Morenita SA,Mercado Interno,Tucumán,Retail Nacional,Limón Génova,4,Primera,3123.0,174.0,0.2258,705.2,938.83,662062.92,0.173,ARS,Cobrado,Cumplido
2024-07-19,2024,PED-2024-02809,La Esperanza,LE-01,Eureka,La Morenita SA,Mercado Interno,Tucumán,Distribuidor Regional,Limón Eureka,5,Primera,9376.0,521.0,0.243,2278.34,962.98,2193995.85,0.1447,ARS,Cobrado,Cumplido
2024-07-19,2024,PED-2024-02812,La Esperanza,LE-02,Eureka,La Morenita SA,Mercado Interno,Tucumán,Retail Nacional,Limón Eureka,4,Segunda,10887.0,605.0,0.2169,2361.42,983.02,2321323.09,0.1191,ARS,Cobrado,Cumplido
2024-07-19,2024,PED-2024-02815,La Esperanza,LE-03,Lisbon,La Morenita SA,Mercado Interno,Tucumán,Mercado Central,Limón Lisbon,6,Segunda,7718.0,429.0,0.21,1620.58,964.56,1563146.64,0.1785,ARS,Cobrado,Parcial
2024-07-19,2024,PED-2024-02824,Los Álamos,LA-02,Lisbon,La Morenita SA,Mercado Interno,Tucumán,Retail Nacional,Limón Lisbon,5,Primera,5544.0,308.0,0.218,1208.82,937.59,1133377.54,0.1166,ARS,Cobrado,Cumplido
2024-07-19,2024,PED-2024-02844,San Cayetano,SC-02,Lisbon,La Morenita SA,Mercado Interno,Tucumán,Retail Nacional,Limón Lisbon,6,Segunda,9967.0,554.0,0.2178,2170.84,963.35,2091278.71,0.11,ARS,Vencido,Cumplido
2024-07-19,2024,PED-2024-02841,San Cayetano,SC-01,Eureka,Supermercados Norte SA,Mercado Interno,Tucumán,Mercado Central,Limón Eureka,6,Primera,11050.0,614.0,0.2094,2314.32,936.36,2167036.68,0.1259,ARS,Cobrado,Cumplido
2024-07-19,2024,PED-2024-02847,San Cayetano,SC-03,Génova,Supermercados Norte SA,Mercado Interno,Tucumán,Distribuidor Regional,Limón Génova,4,Segunda,4687.0,260.0,0.2138,1002.25,977.75,979949.94,0.1237,ARS,Cobrado,Parcial
2024-07-26,2024,PED-2024-02853,El Paraíso,EP-02,Eureka,Al Salam Trading,Exportación,Emiratos Árabes,Programa Retail UE,Limón Eureka,4,Primera,2237.0,124.0,0.3769,843.22,958.32,808074.59,0.2593,USD,Cobrado,Cumplido
2024-07-26,2024,PED-2024-02856,El Paraíso,EP-03,Lisbon,Al Salam Trading,Exportación,Emiratos Árabes,Trader Golfo,Limón Lisbon,4,Primera,15843.0,880.0,0.3623,5739.52,968.78,5560332.19,0.2643,USD,Cobrado,Cumplido
2024-07-26,2024,PED-2024-02865,La Esperanza,LE-02,Eureka,Al Salam Trading,Exportación,Emiratos Árabes,Trader Golfo,Limón Eureka,4,Primera,21795.0,1211.0,0.344,7496.42,964.25,7228422.98,0.2901,USD,Pendiente,Cumplido
2024-07-26,2024,PED-2024-02866,La Esperanza,LE-02,Eureka,Al Salam Trading,Exportación,Emiratos Árabes,Exportación Directa,Limón Eureka,4,Primera,3376.0,188.0,0.3598,1214.61,964.25,1171187.69,0.2624,USD,Pendiente,Cumplido
2024-07-26,2024,PED-2024-02869,La Esperanza,LE-03,Lisbon,Al Salam Trading,Exportación,Emiratos Árabes,Exportación Directa,Limón Lisbon,4,Primera,20361.0,1131.0,0.3386,6894.52,978.72,6747804.61,0.1811,USD,Pendiente,Cumplido
2024-07-26,2024,PED-2024-02872,La Esperanza,LE-04,Génova,Al Salam Trading,Exportación,Emiratos Árabes,Programa Retail UE,Limón Génova,7,Extra,13786.0,766.0,0.3558,4904.58,978.56,4799425.8,0.3081,USD,Cobrado,Cumplido
2024-07-26,2024,PED-2024-02879,Los Álamos,LA-02,Lisbon,Al Salam Trading,Exportación,Emiratos Árabes,Exportación Directa,Limón Lisbon,4,Extra,17430.0,968.0,0.3693,6436.35,953.45,6136737.91,0.2766,USD,Cobrado,Cumplido
2024-07-26,2024,PED-2024-02889,Río Ancho,RA-02,Lisbon,Al Salam Trading,Exportación,Emiratos Árabes,Trader Golfo,Limón Lisbon,4,Primera,6806.0,378.0,0.3685,2507.94,970.79,2434683.07,0.2312,USD,Cobrado,Cumplido
2024-07-26,2024,PED-2024-02890,Río Ancho,RA-02,Lisbon,Al Salam Trading,Exportación,Emiratos Árabes,Exportación Directa,Limón Lisbon,4,Primera,21757.0,1209.0,0.3713,8078.55,970.79,7842575.55,0.1861,USD,Cobrado,Cumplido
2024-07-26,2024,PED-2024-02893,Río Ancho,RA-03,Génova,Al Salam Trading,Exportación,Emiratos Árabes,Exportación Directa,Limón Génova,6,Segunda,14893.0,827.0,0.3043,4532.16,968.61,4389895.5,0.2529,USD,Cobrado,Cumplido
2024-07-26,2024,PED-2024-02897,San Cayetano,SC-01,Eureka,Al Salam Trading,Exportación,Emiratos Árabes,Programa Retail UE,Limón Eureka,3,Primera,11207.0,623.0,0.3498,3920.67,972.32,3812145.85,0.1835,USD,Cobrado,Cumplido
2024-07-26,2024,PED-2024-02849,El Paraíso,EP-01,Eureka,Citrus World Ltd,Exportación,Reino Unido,Trader Golfo,Limón Eureka,6,Primera,20128.0,1118.0,0.363,7306.04,977.95,7144941.82,0.2352,USD,Cobrado,Cumplido
2024-07-26,2024,PED-2024-02882,Los Álamos,LA-03,Génova,Citrus World Ltd,Exportación,Reino Unido,Programa Retail UE,Limón Génova,7,Extra,11629.0,646.0,0.3632,4223.63,978.14,4131301.45,0.2425,USD,Cobrado,Cumplido
2024-07-26,2024,PED-2024-02852,El Paraíso,EP-02,Eureka,Fischer Import GmbH,Exportación,Alemania,Trader Golfo,Limón Eureka,4,Primera,22070.0,1226.0,0.4292,9472.62,958.32,9077801.2,0.187,USD,Cobrado,Cumplido
2024-07-26,2024,PED-2024-02862,La Esperanza,LE-01,Eureka,Fischer Import GmbH,Exportación,Alemania,Exportación Directa,Limón Eureka,6,Primera,23704.0,1317.0,0.4072,9651.53,985.31,9509749.02,0.299,USD,Cobrado,Parcial
2024-07-26,2024,PED-2024-02875,Los Álamos,LA-01,Eureka,Fischer Import GmbH,Exportación,Alemania,Trader Golfo,Limón Eureka,5,Extra,24409.0,1356.0,0.4533,11064.99,975.45,10793344.5,0.2957,USD,Cobrado,Cumplido
2024-07-26,2024,PED-2024-02885,Río Ancho,RA-01,Eureka,Fischer Import GmbH,Exportación,Alemania,Trader Golfo,Limón Eureka,3,Extra,17649.0,980.0,0.4744,8373.15,973.41,8150507.94,0.2652,USD,Cobrado,Cumplido
2024-07-26,2024,PED-2024-02886,Río Ancho,RA-01,Eureka,Fischer Import GmbH,Exportación,Alemania,Programa Retail UE,Limón Eureka,3,Extra,8243.0,458.0,0.4705,3877.99,973.41,3774874.25,0.243,USD,Pendiente,Cumplido
2024-07-26,2024,PED-2024-02903,San Cayetano,SC-03,Génova,Fischer Import GmbH,Exportación,Alemania,Trader Golfo,Limón Génova,4,Segunda,12493.0,694.0,0.391,4885.08,971.44,4745562.12,0.2305,USD,Pendiente,Parcial
2024-07-26,2024,PED-2024-02859,El Paraíso,EP-04,Génova,Medifresh SA,Exportación,España,Exportación Directa,Limón Génova,6,Extra,10548.0,586.0,0.3866,4077.68,945.41,3855079.45,0.3255,USD,Cobrado,Cumplido
2024-07-26,2024,PED-2024-02876,Los Álamos,LA-01,Eureka,Medifresh SA,Exportación,España,Trader Golfo,Limón Eureka,5,Extra,362.0,20.0,0.3701,133.97,975.45,130681.04,0.2424,USD,Cobrado,Cumplido
2024-07-26,2024,PED-2024-02896,San Cayetano,SC-01,Eureka,Medifresh SA,Exportación,España,Trader Golfo,Limón Eureka,3,Primera,17134.0,952.0,0.3963,6790.94,972.32,6602966.78,0.2099,USD,Cobrado,Cumplido
2024-07-26,2024,PED-2024-02900,San Cayetano,SC-02,Lisbon,Medifresh SA,Exportación,España,Programa Retail UE,Limón Lisbon,7,Primera,19248.0,1069.0,0.3331,6410.9,964.48,6183184.83,0.1863,USD,Cobrado,Parcial
2024-07-26,2024,PED-2024-02851,El Paraíso,EP-01,Eureka,Citromax SA,Industria,Tucumán,Mercado Industrial,Limón Industria,6,Primera,4689.0,260.0,0.0721,338.08,977.95,330625.34,0.0585,ARS,Cobrado,Cumplido
2024-07-26,2024,PED-2024-02864,La Esperanza,LE-01,Eureka,Citromax SA,Industria,Tucumán,Contrato Industria,Limón Industria,6,Primera,6174.0,343.0,0.0732,451.72,985.31,445084.23,0.0328,ARS,Cobrado,Cumplido
2024-07-26,2024,PED-2024-02868,La Esperanza,LE-02,Eureka,Citromax SA,Industria,Tucumán,Contrato Industria,Limón Industria,4,Primera,6323.0,351.0,0.082,518.39,964.25,499857.56,0.0807,ARS,Cobrado,Cumplido
2024-07-26,2024,PED-2024-02874,La Esperanza,LE-04,Génova,Citromax SA,Industria,Tucumán,Mercado Industrial,Limón Industria,7,Extra,4765.0,265.0,0.0755,359.9,978.56,352183.74,0.0688,ARS,Vencido,Cumplido
2024-07-26,2024,PED-2024-02878,Los Álamos,LA-01,Eureka,Citromax SA,Industria,Tucumán,Mercado Industrial,Limón Industria,5,Extra,6896.0,383.0,0.0838,577.69,975.45,563507.71,0.0706,ARS,Cobrado,Cumplido
2024-07-26,2024,PED-2024-02888,Río Ancho,RA-01,Eureka,Citromax SA,Industria,Tucumán,Mercado Industrial,Limón Industria,3,Extra,7563.0,420.0,0.0827,625.79,973.41,609150.24,0.0765,ARS,Cobrado,Cumplido
2024-07-26,2024,PED-2024-02899,San Cayetano,SC-01,Eureka,Citromax SA,Industria,Tucumán,Contrato Industria,Limón Industria,3,Primera,7167.0,398.0,0.0849,608.4,972.32,591559.49,0.0475,ARS,Pendiente,Cumplido
2024-07-26,2024,PED-2024-02902,San Cayetano,SC-02,Lisbon,Citromax SA,Industria,Tucumán,Contrato Industria,Limón Industria,7,Primera,6565.0,365.0,0.0678,445.1,964.48,429290.05,0.0804,ARS,Cobrado,Cumplido
2024-07-26,2024,PED-2024-02905,San Cayetano,SC-03,Génova,Citromax SA,Industria,Tucumán,Contrato Industria,Limón Industria,4,Segunda,5044.0,280.0,0.0742,374.31,971.44,363619.71,0.0514,ARS,Cobrado,Cumplido
2024-07-26,2024,PED-2024-02855,El Paraíso,EP-02,Eureka,Frutales Tucumán SRL,Industria,Tucumán,Mercado Industrial,Limón Industria,4,Primera,5242.0,291.0,0.0745,390.31,958.32,374041.88,0.0675,ARS,Cobrado,Cumplido
2024-07-26,2024,PED-2024-02858,El Paraíso,EP-03,Lisbon,Frutales Tucumán SRL,Industria,Tucumán,Mercado Industrial,Limón Industria,4,Primera,4954.0,275.0,0.0721,357.41,968.78,346251.66,0.0632,ARS,Pendiente,Cumplido
2024-07-26,2024,PED-2024-02861,El Paraíso,EP-04,Génova,Frutales Tucumán SRL,Industria,Tucumán,Contrato Industria,Limón Industria,6,Extra,3339.0,186.0,0.0716,239.15,945.41,226094.8,0.0345,ARS,Vencido,Cumplido
2024-07-26,2024,PED-2024-02871,La Esperanza,LE-03,Lisbon,Frutales Tucumán SRL,Industria,Tucumán,Contrato Industria,Limón Industria,4,Primera,6209.0,345.0,0.0721,447.42,978.72,437898.9,0.0442,ARS,Cobrado,Cumplido
2024-07-26,2024,PED-2024-02881,Los Álamos,LA-02,Lisbon,Frutales Tucumán SRL,Industria,Tucumán,Contrato Industria,Limón Industria,4,Extra,5180.0,288.0,0.0709,367.37,953.45,350268.93,0.058,ARS,Cobrado,Cumplido
2024-07-26,2024,PED-2024-02884,Los Álamos,LA-03,Génova,Frutales Tucumán SRL,Industria,Tucumán,Contrato Industria,Limón Industria,7,Extra,4489.0,249.0,0.0702,315.32,978.14,308427.1,0.0744,ARS,Cobrado,Cumplido
2024-07-26,2024,PED-2024-02892,Río Ancho,RA-02,Lisbon,Frutales Tucumán SRL,Industria,Tucumán,Mercado Industrial,Limón Industria,4,Primera,11189.0,622.0,0.071,794.38,970.79,771176.16,0.0612,ARS,Cobrado,Cumplido
2024-07-26,2024,PED-2024-02895,Río Ancho,RA-03,Génova,Frutales Tucumán SRL,Industria,Tucumán,Contrato Industria,Limón Industria,6,Segunda,7755.0,431.0,0.0646,501.03,968.61,485302.67,0.0327,ARS,Cobrado,Cumplido
2024-07-26,2024,PED-2024-02850,El Paraíso,EP-01,Eureka,Central de Frutas SA,Mercado Interno,Buenos Aires,Distribuidor Regional,Limón Eureka,6,Primera,8962.0,498.0,0.2223,1992.49,977.95,1948555.6,0.1717,ARS,Cobrado,Cumplido
2024-07-26,2024,PED-2024-02860,El Paraíso,EP-04,Génova,Central de Frutas SA,Mercado Interno,Buenos Aires,Mercado Central,Limón Génova,6,Extra,3440.0,191.0,0.2494,857.97,945.41,811133.42,0.2136,ARS,Cobrado,Cumplido
2024-07-26,2024,PED-2024-02863,La Esperanza,LE-01,Eureka,Frutales del Norte SRL,Mercado Interno,Salta,Mercado Central,Limón Eureka,6,Primera,10929.0,607.0,0.2107,2302.47,985.31,2268646.72,0.1893,ARS,Pendiente,Parcial
2024-07-26,2024,PED-2024-02880,Los Álamos,LA-02,Lisbon,Frutales del Norte SRL,Mercado Interno,Salta,Distribuidor Regional,Limón Lisbon,4,Extra,6270.0,348.0,0.2236,1402.17,953.45,1336898.99,0.1531,ARS,Pendiente,Cumplido
2024-07-26,2024,PED-2024-02887,Río Ancho,RA-01,Eureka,Frutales del Norte SRL,Mercado Interno,Salta,Mercado Central,Limón Eureka,3,Extra,8253.0,458.0,0.2162,1783.98,973.41,1736543.97,0.2162,ARS,Cobrado,Cumplido
2024-07-26,2024,PED-2024-02894,Río Ancho,RA-03,Génova,Frutales del Norte SRL,Mercado Interno,Salta,Retail Nacional,Limón Génova,6,Segunda,7607.0,423.0,0.19,1445.42,968.61,1400048.27,0.1625,ARS,Cobrado,Cumplido
2024-07-26,2024,PED-2024-02898,San Cayetano,SC-01,Eureka,Frutales del Norte SRL,Mercado Interno,Salta,Mercado Central,Limón Eureka,3,Primera,9186.0,510.0,0.2175,1997.53,972.32,1942238.37,0.1652,ARS,Cobrado,Cumplido
2024-07-26,2024,PED-2024-02904,San Cayetano,SC-03,Génova,Frutales del Norte SRL,Mercado Interno,Salta,Mercado Central,Limón Génova,4,Segunda,6012.0,334.0,0.2139,1286.21,971.44,1249475.84,0.1755,ARS,Cobrado,Parcial
2024-07-26,2024,PED-2024-02867,La Esperanza,LE-02,Eureka,La Morenita SA,Mercado Interno,Tucumán,Distribuidor Regional,Limón Eureka,4,Primera,11751.0,653.0,0.2447,2875.81,964.25,2772999.79,0.1968,ARS,Cobrado,Cumplido
2024-07-26,2024,PED-2024-02873,La Esperanza,LE-04,Génova,La Morenita SA,Mercado Interno,Tucumán,Mercado Central,Limón Génova,7,Extra,5450.0,303.0,0.234,1275.42,978.56,1248075.0,0.1901,ARS,Pendiente,Cumplido
2024-07-26,2024,PED-2024-02854,El Paraíso,EP-02,Eureka,Supermercados Norte SA,Mercado Interno,Tucumán,Distribuidor Regional,Limón Eureka,4,Primera,7058.0,392.0,0.223,1573.62,958.32,1508031.52,0.1673,ARS,Cobrado,Cumplido
2024-07-26,2024,PED-2024-02857,El Paraíso,EP-03,Lisbon,Supermercados Norte SA,Mercado Interno,Tucumán,Mercado Central,Limón Lisbon,4,Primera,6964.0,387.0,0.2164,1506.81,968.78,1459767.39,0.1703,ARS,Pendiente,Cumplido
2024-07-26,2024,PED-2024-02870,La Esperanza,LE-03,Lisbon,Supermercados Norte SA,Mercado Interno,Tucumán,Retail Nacional,Limón Lisbon,4,Primera,9080.0,504.0,0.235,2133.71,978.72,2088304.65,0.134,ARS,Cobrado,Cumplido
2024-07-26,2024,PED-2024-02877,Los Álamos,LA-01,Eureka,Supermercados Norte SA,Mercado Interno,Tucumán,Distribuidor Regional,Limón Eureka,5,Extra,10040.0,558.0,0.2363,2372.7,975.45,2314450.22,0.1239,ARS,Cobrado,Cumplido
2024-07-26,2024,PED-2024-02883,Los Álamos,LA-03,Génova,Supermercados Norte SA,Mercado Interno,Tucumán,Distribuidor Regional,Limón Génova,7,Extra,4200.0,233.0,0.2238,939.79,978.14,919246.19,0.1832,ARS,Cobrado,Cumplido
2024-07-26,2024,PED-2024-02891,Río Ancho,RA-02,Lisbon,Supermercados Norte SA,Mercado Interno,Tucumán,Distribuidor Regional,Limón Lisbon,4,Primera,11452.0,636.0,0.217,2485.01,970.79,2412422.86,0.1386,ARS,Cobrado,Cumplido
2024-07-26,2024,PED-2024-02901,San Cayetano,SC-02,Lisbon,Supermercados Norte SA,Mercado Interno,Tucumán,Distribuidor Regional,Limón Lisbon,7,Primera,9120.0,507.0,0.2097,1912.37,964.48,1844442.62,0.1296,ARS,Cobrado,Cumplido
2024-08-02,2024,PED-2024-02936,Los Álamos,LA-03,Génova,Al Salam Trading,Exportación,Emiratos Árabes,Programa Retail UE,Limón Génova,3,Segunda,10077.0,560.0,0.351,3537.11,954.62,3376595.95,0.2652,USD,Cobrado,Cumplido
2024-08-02,2024,PED-2024-02939,Río Ancho,RA-01,Eureka,Al Salam Trading,Exportación,Emiratos Árabes,Programa Retail UE,Limón Eureka,6,Segunda,19343.0,1075.0,0.2975,5753.71,964.31,5548360.09,0.2242,USD,Cobrado,Cumplido
2024-08-02,2024,PED-2024-02948,San Cayetano,SC-01,Eureka,Al Salam Trading,Exportación,Emiratos Árabes,Programa Retail UE,Limón Eureka,3,Primera,17578.0,977.0,0.3796,6672.78,971.0,6479269.38,0.18,USD,Pendiente,Cumplido
2024-08-02,2024,PED-2024-02906,El Paraíso,EP-01,Eureka,Citrus World Ltd,Exportación,Reino Unido,Programa Retail UE,Limón Eureka,4,Extra,18773.0,1043.0,0.4084,7667.73,966.53,7411091.08,0.1996,USD,Cobrado,Cumplido
2024-08-02,2024,PED-2024-02912,El Paraíso,EP-03,Lisbon,Citrus World Ltd,Exportación,Reino Unido,Trader Golfo,Limón Lisbon,5,Primera,13155.0,731.0,0.3843,5056.02,988.53,4998027.45,0.2578,USD,Cobrado,Cumplido
2024-08-02,2024,PED-2024-02921,La Esperanza,LE-02,Eureka,Citrus World Ltd,Exportación,Reino Unido,Trader Golfo,Limón Eureka,6,Segunda,16058.0,892.0,0.3711,5959.67,956.57,5700841.53,0.2541,USD,Vencido,Cumplido
2024-08-02,2024,PED-2024-02930,Los Álamos,LA-01,Eureka,Citrus World Ltd,Exportación,Reino Unido,Exportación Directa,Limón Eureka,3,Extra,16412.0,912.0,0.4466,7329.62,963.23,7060109.87,0.2642,USD,Cobrado,Cumplido
2024-08-02,2024,PED-2024-02918,La Esperanza,LE-01,Eureka,Fischer Import GmbH,Exportación,Alemania,Programa Retail UE,Limón Eureka,5,Extra,22368.0,1243.0,0.4399,9840.65,961.8,9464737.17,0.244,USD,Cobrado,Cumplido
2024-08-02,2024,PED-2024-02927,La Esperanza,LE-04,Génova,Fischer Import GmbH,Exportación,Alemania,Programa Retail UE,Limón Génova,6,Extra,14837.0,824.0,0.4283,6355.09,969.72,6162657.87,0.2161,USD,Cobrado,Cumplido
2024-08-02,2024,PED-2024-02954,San Cayetano,SC-03,Génova,Fischer Import GmbH,Exportación,Alemania,Exportación Directa,Limón Génova,7,Segunda,9986.0,555.0,0.3399,3394.09,978.16,3319963.07,0.2718,USD,Cobrado,Cumplido
2024-08-02,2024,PED-2024-02909,El Paraíso,EP-02,Eureka,Medifresh SA,Exportación,España,Trader Golfo,Limón Eureka,3,Primera,21634.0,1202.0,0.3815,8252.41,999.76,8250429.42,0.267,USD,Cobrado,Cumplido
2024-08-02,2024,PED-2024-02915,El Paraíso,EP-04,Génova,Medifresh SA,Exportación,España,Trader Golfo,Limón Génova,5,Primera,8092.0,450.0,0.3555,2876.66,955.84,2749626.69,0.2233,USD,Cobrado,Cumplido
2024-08-02,2024,PED-2024-02924,La Esperanza,LE-03,Lisbon,Medifresh SA,Exportación,España,Trader Golfo,Limón Lisbon,6,Segunda,16143.0,897.0,0.3236,5224.01,951.51,4970697.76,0.2537,USD,Cobrado,Cumplido
2024-08-02,2024,PED-2024-02933,Los Álamos,LA-02,Lisbon,Medifresh SA,Exportación,España,Exportación Directa,Limón Lisbon,6,Primera,11891.0,661.0,0.3651,4340.93,967.39,4199372.27,0.3051,USD,Cobrado,Parcial
2024-08-02,2024,PED-2024-02942,Río Ancho,RA-02,Lisbon,Medifresh SA,Exportación,España,Programa Retail UE,Limón Lisbon,4,Segunda,16838.0,935.0,0.3653,6151.29,970.75,5971364.77,0.2292,USD,Cobrado,Cumplido
2024-08-02,2024,PED-2024-02945,Río Ancho,RA-03,Génova,Medifresh SA,Exportación,España,Exportación Directa,Limón Génova,5,Primera,15289.0,849.0,0.3805,5817.75,969.95,5642926.61,0.2399,USD,Pendiente,Cumplido
2024-08-02,2024,PED-2024-02951,San Cayetano,SC-02,Lisbon,Medifresh SA,Exportación,España,Trader Golfo,Limón Lisbon,3,Segunda,14928.0,829.0,0.3423,5110.14,976.79,4991533.65,0.2741,USD,Vencido,Cumplido
2024-08-02,2024,PED-2024-02911,El Paraíso,EP-02,Eureka,Citromax SA,Industria,Tucumán,Mercado Industrial,Limón Industria,3,Primera,6708.0,373.0,0.0804,539.43,999.76,539300.54,0.0319,ARS,Cobrado,Cumplido
2024-08-02,2024,PED-2024-02917,El Paraíso,EP-04,Génova,Citromax SA,Industria,Tucumán,Mercado Industrial,Limón Industria,5,Primera,3687.0,205.0,0.0771,284.35,955.84,271793.1,0.0899,ARS,Cobrado,Cumplido
2024-08-02,2024,PED-2024-02932,Los Álamos,LA-01,Eureka,Citromax SA,Industria,Tucumán,Contrato Industria,Limón Industria,3,Extra,4438.0,247.0,0.0847,375.86,963.23,362039.63,0.0581,ARS,Cobrado,Cumplido
2024-08-02,2024,PED-2024-02941,Río Ancho,RA-01,Eureka,Citromax SA,Industria,Tucumán,Contrato Industria,Limón Industria,6,Segunda,6902.0,383.0,0.07,483.34,964.31,466089.6,0.0492,ARS,Cobrado,Cumplido
2024-08-02,2024,PED-2024-02947,Río Ancho,RA-03,Génova,Citromax SA,Industria,Tucumán,Mercado Industrial,Limón Industria,5,Primera,7144.0,397.0,0.0795,567.92,969.95,550854.0,0.059,ARS,Cobrado,Cumplido
2024-08-02,2024,PED-2024-02950,San Cayetano,SC-01,Eureka,Citromax SA,Industria,Tucumán,Mercado Industrial,Limón Industria,3,Primera,3970.0,221.0,0.0768,304.81,971.0,295970.51,0.0748,ARS,Cobrado,Cumplido
2024-08-02,2024,PED-2024-02953,San Cayetano,SC-02,Lisbon,Citromax SA,Industria,Tucumán,Contrato Industria,Limón Industria,3,Segunda,6301.0,350.0,0.0784,493.82,976.79,482358.44,0.0666,ARS,Cobrado,Parcial
2024-08-02,2024,PED-2024-02956,San Cayetano,SC-03,Génova,Citromax SA,Industria,Tucumán,Contrato Industria,Limón Industria,7,Segunda,4387.0,244.0,0.0655,287.42,978.16,281142.75,0.0443,ARS,Pendiente,Cumplido
2024-08-02,2024,PED-2024-02908,El Paraíso,EP-01,Eureka,Frutales Tucumán SRL,Industria,Tucumán,Mercado Industrial,Limón Industria,4,Extra,3576.0,199.0,0.0698,249.46,966.53,241110.57,0.0513,ARS,Cobrado,Cumplido
2024-08-02,2024,PED-2024-02914,El Paraíso,EP-03,Lisbon,Frutales Tucumán SRL,Industria,Tucumán,Contrato Industria,Limón Industria,5,Primera,3881.0,216.0,0.0665,258.03,988.53,255070.4,0.0302,ARS,Cobrado,Cumplido
2024-08-02,2024,PED-2024-02920,La Esperanza,LE-01,Eureka,Frutales Tucumán SRL,Industria,Tucumán,Mercado Industrial,Limón Industria,5,Extra,5428.0,302.0,0.0731,396.91,961.8,381748.04,0.0749,ARS,Pendiente,Cumplido
2024-08-02,2024,PED-2024-02923,La Esperanza,LE-02,Eureka,Frutales Tucumán SRL,Industria,Tucumán,Contrato Industria,Limón Industria,6,Segunda,5761.0,320.0,0.0625,359.8,956.57,344173.89,0.055,ARS,Cobrado,Cumplido
2024-08-02,2024,PED-2024-02926,La Esperanza,LE-03,Lisbon,Frutales Tucumán SRL,Industria,Tucumán,Mercado Industrial,Limón Industria,6,Segunda,6138.0,341.0,0.0627,384.93,951.51,366264.74,0.0327,ARS,Cobrado,Parcial
2024-08-02,2024,PED-2024-02929,La Esperanza,LE-04,Génova,Frutales Tucumán SRL,Industria,Tucumán,Contrato Industria,Limón Industria,6,Extra,5297.0,294.0,0.07,370.92,969.72,359688.54,0.0609,ARS,Cobrado,Cumplido
2024-08-02,2024,PED-2024-02935,Los Álamos,LA-02,Lisbon,Frutales Tucumán SRL,Industria,Tucumán,Mercado Industrial,Limón Industria,6,Primera,4474.0,249.0,0.0674,301.65,967.39,291813.19,0.0387,ARS,Cobrado,Cumplido
2024-08-02,2024,PED-2024-02938,Los Álamos,LA-03,Génova,Frutales Tucumán SRL,Industria,Tucumán,Mercado Industrial,Limón Industria,3,Segunda,3898.0,217.0,0.0711,277.01,954.62,264439.29,0.0696,ARS,Cobrado,Cumplido
2024-08-02,2024,PED-2024-02944,Río Ancho,RA-02,Lisbon,Frutales Tucumán SRL,Industria,Tucumán,Contrato Industria,Limón Industria,4,Segunda,6565.0,365.0,0.0662,434.32,970.75,421616.14,0.0739,ARS,Cobrado,Cumplido
2024-08-02,2024,PED-2024-02907,El Paraíso,EP-01,Eureka,Central de Frutas SA,Mercado Interno,Buenos Aires,Retail Nacional,Limón Eureka,4,Extra,4109.0,228.0,0.2675,1099.04,966.53,1062255.13,0.1703,ARS,Vencido,Cumplido
2024-08-02,2024,PED-2024-02910,El Paraíso,EP-02,Eureka,Central de Frutas SA,Mercado Interno,Buenos Aires,Mercado Central,Limón Eureka,3,Primera,7047.0,392.0,0.2436,1716.85,999.76,1716437.96,0.1936,ARS,Cobrado,Cumplido
2024-08-02,2024,PED-2024-02931,Los Álamos,LA-01,Eureka,Central de Frutas SA,Mercado Interno,Buenos Aires,Distribuidor Regional,Limón Eureka,3,Extra,3387.0,188.0,0.259,877.18,963.23,844926.09,0.1362,ARS,Cobrado,Cumplido
2024-08-02,2024,PED-2024-02934,Los Álamos,LA-02,Lisbon,Central de Frutas SA,Mercado Interno,Buenos Aires,Retail Nacional,Limón Lisbon,6,Primera,6154.0,342.0,0.2306,1419.01,967.39,1372736.08,0.1668,ARS,Cobrado,Parcial
2024-08-02,2024,PED-2024-02952,San Cayetano,SC-02,Lisbon,Central de Frutas SA,Mercado Interno,Buenos Aires,Distribuidor Regional,Limón Lisbon,3,Segunda,6860.0,381.0,0.2401,1646.75,976.79,1608528.93,0.1645,ARS,Cobrado,Cumplido
2024-08-02,2024,PED-2024-02925,La Esperanza,LE-03,Lisbon,Frutales del Norte SRL,Mercado Interno,Salta,Distribuidor Regional,Limón Lisbon,6,Segunda,7148.0,397.0,0.1858,1328.41,951.51,1263995.4,0.1648,ARS,Cobrado,Cumplido
2024-08-02,2024,PED-2024-02943,Río Ancho,RA-02,Lisbon,Frutales del Norte SRL,Mercado Interno,Salta,Distribuidor Regional,Limón Lisbon,4,Segunda,8723.0,485.0,0.2073,1808.11,970.75,1755222.78,0.1035,ARS,Cobrado,Cumplido
2024-08-02,2024,PED-2024-02916,El Paraíso,EP-04,Génova,La Morenita SA,Mercado Interno,Tucumán,Distribuidor Regional,Limón Génova,5,Primera,3565.0,198.0,0.2315,825.4,955.84,788950.34,0.1669,ARS,Cobrado,Parcial
2024-08-02,2024,PED-2024-02919,La Esperanza,LE-01,Eureka,La Morenita SA,Mercado Interno,Tucumán,Retail Nacional,Limón Eureka,5,Extra,5387.0,299.0,0.2317,1248.33,961.8,1200643.79,0.1502,ARS,Cobrado,Cumplido
2024-08-02,2024,PED-2024-02913,El Paraíso,EP-03,Lisbon,Supermercados Norte SA,Mercado Interno,Tucumán,Mercado Central,Limón Lisbon,5,Primera,3886.0,216.0,0.2173,844.47,988.53,834783.93,0.1987,ARS,Pendiente,Cumplido
2024-08-02,2024,PED-2024-02922,La Esperanza,LE-02,Eureka,Supermercados Norte SA,Mercado Interno,Tucumán,Mercado Central,Limón Eureka,6,Segunda,9194.0,511.0,0.2015,1852.76,956.57,1772294.63,0.1386,ARS,Pendiente,Cumplido
2024-08-02,2024,PED-2024-02928,La Esperanza,LE-04,Génova,Supermercados Norte SA,Mercado Interno,Tucumán,Distribuidor Regional,Limón Génova,6,Extra,5903.0,328.0,0.2186,1290.31,969.72,1251239.41,0.1292,ARS,Cobrado,Cumplido
2024-08-02,2024,PED-2024-02937,Los Álamos,LA-03,Génova,Supermercados Norte SA,Mercado Interno,Tucumán,Mercado Central,Limón Génova,3,Segunda,4423.0,246.0,0.2277,1007.03,954.62,961330.98,0.1039,ARS,Cobrado,Cumplido
2024-08-02,2024,PED-2024-02940,Río Ancho,RA-01,Eureka,Supermercados Norte SA,Mercado Interno,Tucumán,Mercado Central,Limón Eureka,6,Segunda,12547.0,697.0,0.2054,2577.52,964.31,2485528.31,0.1426,ARS,Cobrado,Parcial
2024-08-02,2024,PED-2024-02946,Río Ancho,RA-03,Génova,Supermercados Norte SA,Mercado Interno,Tucumán,Retail Nacional,Limón Génova,5,Primera,5987.0,333.0,0.2239,1340.42,969.95,1300140.38,0.1392,ARS,Pendiente,Cumplido
2024-08-02,2024,PED-2024-02949,San Cayetano,SC-01,Eureka,Supermercados Norte SA,Mercado Interno,Tucumán,Mercado Central,Limón Eureka,3,Primera,6637.0,369.0,0.2361,1566.81,971.0,1521372.51,0.131,ARS,Cobrado,Cumplido
2024-08-02,2024,PED-2024-02955,San Cayetano,SC-03,Génova,Supermercados Norte SA,Mercado Interno,Tucumán,Mercado Central,Limón Génova,7,Segunda,4660.0,259.0,0.193,899.27,978.16,879629.94,0.1965,ARS,Cobrado,Parcial
2024-08-09,2024,PED-2024-02963,El Paraíso,EP-03,Lisbon,Al Salam Trading,Exportación,Emiratos Árabes,Trader Golfo,Limón Lisbon,3,Primera,13283.0,738.0,0.3581,4756.59,953.72,4536455.01,0.2339,USD,Cobrado,Cumplido
2024-08-09,2024,PED-2024-02969,La Esperanza,LE-01,Eureka,Al Salam Trading,Exportación,Emiratos Árabes,Programa Retail UE,Limón Eureka,7,Primera,14441.0,802.0,0.3218,4647.47,981.19,4560051.09,0.2836,USD,Cobrado,Cumplido
2024-08-09,2024,PED-2024-02972,La Esperanza,LE-02,Eureka,Al Salam Trading,Exportación,Emiratos Árabes,Trader Golfo,Limón Eureka,4,Primera,20432.0,1135.0,0.3539,7230.22,997.74,7213879.7,0.2487,USD,Pendiente,Cumplido
2024-08-09,2024,PED-2024-02976,La Esperanza,LE-03,Lisbon,Al Salam Trading,Exportación,Emiratos Árabes,Trader Golfo,Limón Lisbon,7,Extra,16969.0,943.0,0.3416,5797.43,953.36,5527037.86,0.2806,USD,Cobrado,Cumplido
2024-08-09,2024,PED-2024-02985,Los Álamos,LA-02,Lisbon,Al Salam Trading,Exportación,Emiratos Árabes,Trader Golfo,Limón Lisbon,4,Extra,14253.0,792.0,0.3535,5038.32,948.55,4779098.44,0.1985,USD,Cobrado,Parcial
2024-08-09,2024,PED-2024-02992,Río Ancho,RA-01,Eureka,Al Salam Trading,Exportación,Emiratos Árabes,Trader Golfo,Limón Eureka,3,Primera,23464.0,1304.0,0.3679,8631.43,984.87,8500836.46,0.2734,USD,Cobrado,Cumplido
2024-08-09,2024,PED-2024-02995,Río Ancho,RA-02,Lisbon,Al Salam Trading,Exportación,Emiratos Árabes,Trader Golfo,Limón Lisbon,6,Primera,21264.0,1181.0,0.32,6803.73,963.09,6552604.33,0.2283,USD,Cobrado,Cumplido
2024-08-09,2024,PED-2024-02998,Río Ancho,RA-03,Génova,Al Salam Trading,Exportación,Emiratos Árabes,Trader Golfo,Limón Génova,4,Primera,13591.0,755.0,0.366,4974.31,969.47,4822444.32,0.2888,USD,Cobrado,Cumplido
2024-08-09,2024,PED-2024-02960,El Paraíso,EP-02,Eureka,Citrus World Ltd,Exportación,Reino Unido,Trader Golfo,Limón Eureka,2,Segunda,23301.0,1294.0,0.384,8947.42,979.49,8763908.42,0.2769,USD,Cobrado,Cumplido
2024-08-09,2024,PED-2024-02966,El Paraíso,EP-04,Génova,Citrus World Ltd,Exportación,Reino Unido,Trader Golfo,Limón Génova,5,Primera,7811.0,434.0,0.3657,2856.7,941.96,2690897.13,0.242,USD,Cobrado,Cumplido
2024-08-09,2024,PED-2024-02979,La Esperanza,LE-04,Génova,Citrus World Ltd,Exportación,Reino Unido,Exportación Directa,Limón Génova,7,Segunda,10993.0,611.0,0.3473,3818.21,973.21,3715920.15,0.1834,USD,Cobrado,Cumplido
2024-08-09,2024,PED-2024-02982,Los Álamos,LA-01,Eureka,Citrus World Ltd,Exportación,Reino Unido,Programa Retail UE,Limón Eureka,7,Primera,17040.0,947.0,0.3464,5902.99,1000.02,5903108.06,0.2692,USD,Cobrado,Cumplido
2024-08-09,2024,PED-2024-02988,Los Álamos,LA-03,Génova,Citrus World Ltd,Exportación,Reino Unido,Trader Golfo,Limón Génova,3,Segunda,9362.0,520.0,0.3729,3491.11,975.85,3406799.69,0.2341,USD,Pendiente,Cumplido
2024-08-09,2024,PED-2024-03001,San Cayetano,SC-01,Eureka,Citrus World Ltd,Exportación,Reino Unido,Exportación Directa,Limón Eureka,2,Extra,18827.0,1046.0,0.4125,7766.3,972.03,7549076.59,0.2522,USD,Vencido,Cumplido
2024-08-09,2024,PED-2024-02973,La Esperanza,LE-02,Eureka,Fischer Import GmbH,Exportación,Alemania,Programa Retail UE,Limón Eureka,4,Primera,5923.0,329.0,0.4318,2557.54,997.74,2551759.96,0.3059,USD,Cobrado,Cumplido
2024-08-09,2024,PED-2024-03004,San Cayetano,SC-02,Lisbon,Fischer Import GmbH,Exportación,Alemania,Trader Golfo,Limón Lisbon,5,Extra,15098.0,839.0,0.4151,6266.63,980.42,6143929.38,0.2187,USD,Cobrado,Parcial
2024-08-09,2024,PED-2024-03007,San Cayetano,SC-03,Génova,Fischer Import GmbH,Exportación,Alemania,Exportación Directa,Limón Génova,5,Primera,14549.0,808.0,0.3931,5719.63,1004.26,5743995.62,0.3097,USD,Cobrado,Cumplido
2024-08-09,2024,PED-2024-02957,El Paraíso,EP-01,Eureka,Medifresh SA,Exportación,España,Programa Retail UE,Limón Eureka,3,Primera,22579.0,1254.0,0.3981,8988.7,989.59,8895127.63,0.2992,USD,Pendiente,Cumplido
2024-08-09,2024,PED-2024-02991,Río Ancho,RA-01,Eureka,Medifresh SA,Exportación,España,Exportación Directa,Limón Eureka,3,Primera,3718.0,207.0,0.3895,1448.23,984.87,1426318.28,0.2569,USD,Cobrado,Cumplido
2024-08-09,2024,PED-2024-02965,El Paraíso,EP-03,Lisbon,Citromax SA,Industria,Tucumán,Mercado Industrial,Limón Industria,3,Primera,2893.0,161.0,0.0821,237.4,953.72,226413.13,0.0767,ARS,Cobrado,Cumplido
2024-08-09,2024,PED-2024-02975,La Esperanza,LE-02,Eureka,Citromax SA,Industria,Tucumán,Mercado Industrial,Limón Industria,4,Primera,7322.0,407.0,0.0814,595.68,997.74,594333.76,0.0727,ARS,Cobrado,Cumplido
2024-08-09,2024,PED-2024-02978,La Esperanza,LE-03,Lisbon,Citromax SA,Industria,Tucumán,Contrato Industria,Limón Industria,7,Extra,5563.0,309.0,0.0709,394.51,953.36,376110.05,0.0398,ARS,Cobrado,Cumplido
2024-08-09,2024,PED-2024-02981,La Esperanza,LE-04,Génova,Citromax SA,Industria,Tucumán,Mercado Industrial,Limón Industria,7,Segunda,4642.0,258.0,0.0646,299.66,973.21,291632.11,0.0852,ARS,Cobrado,Cumplido
2024-08-09,2024,PED-2024-02984,Los Álamos,LA-01,Eureka,Citromax SA,Industria,Tucumán,Contrato Industria,Limón Industria,7,Primera,5434.0,302.0,0.0734,399.08,1000.02,399087.98,0.0397,ARS,Cobrado,Cumplido
2024-08-09,2024,PED-2024-02990,Los Álamos,LA-03,Génova,Citromax SA,Industria,Tucumán,Contrato Industria,Limón Industria,3,Segunda,5044.0,280.0,0.075,378.35,975.85,369212.85,0.0774,ARS,Cobrado,Cumplido
2024-08-09,2024,PED-2024-02994,Río Ancho,RA-01,Eureka,Citromax SA,Industria,Tucumán,Contrato Industria,Limón Industria,3,Primera,7808.0,434.0,0.0819,639.44,984.87,629765.27,0.0349,ARS,Cobrado,Parcial
2024-08-09,2024,PED-2024-03000,Río Ancho,RA-03,Génova,Citromax SA,Industria,Tucumán,Contrato Industria,Limón Industria,4,Primera,7197.0,400.0,0.0746,536.76,969.47,520372.72,0.044,ARS,Cobrado,Cumplido
2024-08-09,2024,PED-2024-03003,San Cayetano,SC-01,Eureka,Citromax SA,Industria,Tucumán,Contrato Industria,Limón Industria,2,Extra,4769.0,265.0,0.0825,393.35,972.03,382348.0,0.0684,ARS,Cobrado,Cumplido
2024-08-09,2024,PED-2024-03006,San Cayetano,SC-02,Lisbon,Citromax SA,Industria,Tucumán,Contrato Industria,Limón Industria,5,Extra,4763.0,265.0,0.0802,381.86,980.42,374383.18,0.0765,ARS,Cobrado,Parcial
2024-08-09,2024,PED-2024-02959,El Paraíso,EP-01,Eureka,Frutales Tucumán SRL,Industria,Tucumán,Contrato Industria,Limón Industria,3,Primera,4229.0,235.0,0.0762,322.26,989.59,318905.27,0.0685,ARS,Cobrado,Cumplido
2024-08-09,2024,PED-2024-02962,El Paraíso,EP-02,Eureka,Frutales Tucumán SRL,Industria,Tucumán,Mercado Industrial,Limón Industria,2,Segunda,5933.0,330.0,0.0713,423.29,979.49,414608.32,0.0475,ARS,Cobrado,Cumplido
2024-08-09,2024,PED-2024-02968,El Paraíso,EP-04,Génova,Frutales Tucumán SRL,Industria,Tucumán,Mercado Industrial,Limón Industria,5,Primera,3151.0,175.0,0.0721,227.21,941.96,214022.73,0.064,ARS,Cobrado,Cumplido
2024-08-09,2024,PED-2024-02971,La Esperanza,LE-01,Eureka,Frutales Tucumán SRL,Industria,Tucumán,Mercado Industrial,Limón Industria,7,Primera,3825.0,212.0,0.0634,242.32,981.19,237761.96,0.0592,ARS,Cobrado,Cumplido
2024-08-09,2024,PED-2024-02987,Los Álamos,LA-02,Lisbon,Frutales Tucumán SRL,Industria,Tucumán,Mercado Industrial,Limón Industria,4,Extra,5409.0,300.0,0.0759,410.42,948.55,389303.89,0.0503,ARS,Cobrado,Cumplido
2024-08-09,2024,PED-2024-02997,Río Ancho,RA-02,Lisbon,Frutales Tucumán SRL,Industria,Tucumán,Mercado Industrial,Limón Industria,6,Primera,7982.0,443.0,0.0698,556.79,963.09,536238.88,0.0839,ARS,Cobrado,Cumplido
2024-08-09,2024,PED-2024-03009,San Cayetano,SC-03,Génova,Frutales Tucumán SRL,Industria,Tucumán,Mercado Industrial,Limón Industria,5,Primera,5927.0,329.0,0.0706,418.71,1004.26,420493.7,0.0537,ARS,Cobrado,Cumplido
2024-08-09,2024,PED-2024-02958,El Paraíso,EP-01,Eureka,Central de Frutas SA,Mercado Interno,Buenos Aires,Mercado Central,Limón Eureka,3,Primera,5599.0,311.0,0.2429,1360.25,989.59,1346089.8,0.1708,ARS,Cobrado,Cumplido
2024-08-09,2024,PED-2024-02967,El Paraíso,EP-04,Génova,Central de Frutas SA,Mercado Interno,Buenos Aires,Retail Nacional,Limón Génova,5,Primera,3171.0,176.0,0.2427,769.55,941.96,724885.32,0.1574,ARS,Cobrado,Parcial
2024-08-09,2024,PED-2024-02961,El Paraíso,EP-02,Eureka,Frutales del Norte SRL,Mercado Interno,Salta,Distribuidor Regional,Limón Eureka,2,Segunda,7376.0,410.0,0.2041,1505.31,979.49,1474436.09,0.1401,ARS,Cobrado,Cumplido
2024-08-09,2024,PED-2024-02964,El Paraíso,EP-03,Lisbon,Frutales del Norte SRL,Mercado Interno,Salta,Mercado Central,Limón Lisbon,3,Primera,3917.0,218.0,0.2111,826.75,953.72,788488.01,0.1558,ARS,Vencido,Parcial
2024-08-09,2024,PED-2024-02974,La Esperanza,LE-02,Eureka,Frutales del Norte SRL,Mercado Interno,Salta,Retail Nacional,Limón Eureka,4,Primera,7949.0,442.0,0.2142,1702.4,997.74,1698552.58,0.1781,ARS,Cobrado,Cumplido
2024-08-09,2024,PED-2024-02980,La Esperanza,LE-04,Génova,Frutales del Norte SRL,Mercado Interno,Salta,Retail Nacional,Limón Génova,7,Segunda,5174.0,287.0,0.1884,974.84,973.21,948724.04,0.1566,ARS,Cobrado,Parcial
2024-08-09,2024,PED-2024-02983,Los Álamos,LA-01,Eureka,Frutales del Norte SRL,Mercado Interno,Salta,Mercado Central,Limón Eureka,7,Primera,7997.0,444.0,0.1865,1491.69,1000.02,1491719.83,0.1889,ARS,Cobrado,Cumplido
2024-08-09,2024,PED-2024-02999,Río Ancho,RA-03,Génova,Frutales del Norte SRL,Mercado Interno,Salta,Distribuidor Regional,Limón Génova,4,Primera,5420.0,301.0,0.2233,1210.24,969.47,1173291.37,0.1878,ARS,Cobrado,Cumplido
2024-08-09,2024,PED-2024-03005,San Cayetano,SC-02,Lisbon,Frutales del Norte SRL,Mercado Interno,Salta,Retail Nacional,Limón Lisbon,5,Extra,3701.0,206.0,0.228,843.8,980.42,827278.4,0.1529,ARS,Cobrado,Cumplido
2024-08-09,2024,PED-2024-02970,La Esperanza,LE-01,Eureka,La Morenita SA,Mercado Interno,Tucumán,Retail Nacional,Limón Eureka,7,Primera,8332.0,463.0,0.2223,1852.6,981.19,1817752.59,0.1372,ARS,Cobrado,Cumplido
2024-08-09,2024,PED-2024-02996,Río Ancho,RA-02,Lisbon,La Morenita SA,Mercado Interno,Tucumán,Mercado Central,Limón Lisbon,6,Primera,8793.0,488.0,0.2182,1918.7,963.09,1847880.78,0.1903,ARS,Cobrado,Cumplido
2024-08-09,2024,PED-2024-02977,La Esperanza,LE-03,Lisbon,Supermercados Norte SA,Mercado Interno,Tucumán,Mercado Central,Limón Lisbon,7,Extra,7126.0,396.0,0.208,1481.92,953.36,1412803.25,0.1908,ARS,Cobrado,Cumplido
2024-08-09,2024,PED-2024-02986,Los Álamos,LA-02,Lisbon,Supermercados Norte SA,Mercado Interno,Tucumán,Mercado Central,Limón Lisbon,4,Extra,4867.0,270.0,0.2262,1100.78,948.55,1044144.87,0.1594,ARS,Vencido,Cumplido
2024-08-09,2024,PED-2024-02989,Los Álamos,LA-03,Génova,Supermercados Norte SA,Mercado Interno,Tucumán,Distribuidor Regional,Limón Génova,3,Segunda,3917.0,218.0,0.2266,887.7,975.85,866262.04,0.1472,ARS,Cobrado,Cumplido
2024-08-09,2024,PED-2024-02993,Río Ancho,RA-01,Eureka,Supermercados Norte SA,Mercado Interno,Tucumán,Distribuidor Regional,Limón Eureka,3,Primera,9465.0,526.0,0.2161,2045.77,984.87,2014817.5,0.1911,ARS,Cobrado,Cumplido
2024-08-09,2024,PED-2024-03002,San Cayetano,SC-01,Eureka,Supermercados Norte SA,Mercado Interno,Tucumán,Retail Nacional,Limón Eureka,2,Extra,5133.0,285.0,0.2393,1228.4,972.03,1194041.65,0.1488,ARS,Cobrado,Cumplido
2024-08-09,2024,PED-2024-03008,San Cayetano,SC-03,Génova,Supermercados Norte SA,Mercado Interno,Tucumán,Mercado Central,Limón Génova,5,Primera,4880.0,271.0,0.224,1093.1,1004.26,1097756.61,0.1672,ARS,Cobrado,Parcial
2024-08-16,2024,PED-2024-03022,La Esperanza,LE-01,Eureka,Al Salam Trading,Exportación,Emiratos Árabes,Programa Retail UE,Limón Eureka,4,Segunda,16981.0,943.0,0.3242,5504.57,964.17,5307341.26,0.2281,USD,Cobrado,Cumplido
2024-08-16,2024,PED-2024-03025,La Esperanza,LE-02,Eureka,Al Salam Trading,Exportación,Emiratos Árabes,Trader Golfo,Limón Eureka,4,Extra,4317.0,240.0,0.3473,1499.24,988.84,1482508.48,0.2801,USD,Cobrado,Cumplido
2024-08-16,2024,PED-2024-03035,Los Álamos,LA-01,Eureka,Al Salam Trading,Exportación,Emiratos Árabes,Programa Retail UE,Limón Eureka,6,Primera,15895.0,883.0,0.344,5467.66,982.1,5369788.89,0.23,USD,Cobrado,Cumplido
2024-08-16,2024,PED-2024-03045,Río Ancho,RA-01,Eureka,Al Salam Trading,Exportación,Emiratos Árabes,Exportación Directa,Limón Eureka,4,Extra,5829.0,324.0,0.3504,2042.62,983.88,2009692.97,0.213,USD,Cobrado,Cumplido
2024-08-16,2024,PED-2024-03054,San Cayetano,SC-01,Eureka,Al Salam Trading,Exportación,Emiratos Árabes,Exportación Directa,Limón Eureka,3,Extra,23694.0,1316.0,0.3795,8991.17,980.16,8812785.19,0.278,USD,Pendiente,Cumplido
2024-08-16,2024,PED-2024-03029,La Esperanza,LE-03,Lisbon,Citrus World Ltd,Exportación,Reino Unido,Programa Retail UE,Limón Lisbon,5,Primera,15258.0,848.0,0.3722,5678.94,989.63,5620049.39,0.2626,USD,Cobrado,Cumplido
2024-08-16,2024,PED-2024-03038,Los Álamos,LA-02,Lisbon,Citrus World Ltd,Exportación,Reino Unido,Programa Retail UE,Limón Lisbon,5,Primera,13909.0,773.0,0.3853,5358.65,982.39,5264284.17,0.1962,USD,Cobrado,Parcial
2024-08-16,2024,PED-2024-03044,Río Ancho,RA-01,Eureka,Citrus World Ltd,Exportación,Reino Unido,Programa Retail UE,Limón Eureka,4,Extra,23442.0,1302.0,0.4275,10020.71,983.88,9859176.15,0.2628,USD,Cobrado,Cumplido
2024-08-16,2024,PED-2024-03057,San Cayetano,SC-02,Lisbon,Citrus World Ltd,Exportación,Reino Unido,Trader Golfo,Limón Lisbon,4,Segunda,15559.0,864.0,0.38,5912.88,971.13,5742175.15,0.1869,USD,Cobrado,Cumplido
2024-08-16,2024,PED-2024-03060,San Cayetano,SC-03,Génova,Citrus World Ltd,Exportación,Reino Unido,Exportación Directa,Limón Génova,7,Segunda,11009.0,612.0,0.3516,3870.37,989.19,3828531.3,0.2491,USD,Cobrado,Cumplido
2024-08-16,2024,PED-2024-03013,El Paraíso,EP-02,Eureka,Fischer Import GmbH,Exportación,Alemania,Trader Golfo,Limón Eureka,4,Segunda,18129.0,1007.0,0.3999,7249.31,952.42,6904387.83,0.1973,USD,Cobrado,Cumplido
2024-08-16,2024,PED-2024-03032,La Esperanza,LE-04,Génova,Fischer Import GmbH,Exportación,Alemania,Programa Retail UE,Limón Génova,5,Primera,13315.0,740.0,0.4132,5502.31,978.8,5385661.03,0.2867,USD,Cobrado,Cumplido
2024-08-16,2024,PED-2024-03041,Los Álamos,LA-03,Génova,Fischer Import GmbH,Exportación,Alemania,Programa Retail UE,Limón Génova,5,Segunda,7964.0,442.0,0.3936,3134.53,1002.9,3143620.14,0.2061,USD,Cobrado,Cumplido
2024-08-16,2024,PED-2024-03010,El Paraíso,EP-01,Eureka,Medifresh SA,Exportación,España,Exportación Directa,Limón Eureka,2,Extra,21697.0,1205.0,0.4112,8921.35,964.51,8604731.29,0.2242,USD,Cobrado,Cumplido
2024-08-16,2024,PED-2024-03016,El Paraíso,EP-03,Lisbon,Medifresh SA,Exportación,España,Trader Golfo,Limón Lisbon,4,Primera,14084.0,782.0,0.3687,5193.15,974.66,5061555.58,0.233,USD,Cobrado,Cumplido
2024-08-16,2024,PED-2024-03019,El Paraíso,EP-04,Génova,Medifresh SA,Exportación,España,Programa Retail UE,Limón Génova,6,Segunda,8492.0,472.0,0.3272,2778.48,962.56,2674453.71,0.2343,USD,Pendiente,Cumplido
2024-08-16,2024,PED-2024-03026,La Esperanza,LE-02,Eureka,Medifresh SA,Exportación,España,Trader Golfo,Limón Eureka,4,Extra,20069.0,1115.0,0.3819,7663.97,988.84,7578440.09,0.298,USD,Cobrado,Cumplido
2024-08-16,2024,PED-2024-03048,Río Ancho,RA-02,Lisbon,Medifresh SA,Exportación,España,Trader Golfo,Limón Lisbon,7,Primera,21467.0,1193.0,0.3479,7469.42,987.7,7377546.13,0.2296,USD,Cobrado,Cumplido
2024-08-16,2024,PED-2024-03051,Río Ancho,RA-03,Génova,Medifresh SA,Exportación,España,Programa Retail UE,Limón Génova,5,Segunda,11864.0,659.0,0.3351,3975.51,962.02,3824520.13,0.2469,USD,Cobrado,Cumplido
2024-08-16,2024,PED-2024-03015,El Paraíso,EP-02,Eureka,Citromax SA,Industria,Tucumán,Contrato Industria,Limón Industria,4,Segunda,4832.0,268.0,0.0733,353.99,952.42,337147.16,0.0504,ARS,Cobrado,Cumplido
2024-08-16,2024,PED-2024-03021,El Paraíso,EP-04,Génova,Citromax SA,Industria,Tucumán,Mercado Industrial,Limón Industria,6,Segunda,3282.0,182.0,0.0713,234.02,962.56,225258.29,0.0695,ARS,Cobrado,Parcial
2024-08-16,2024,PED-2024-03024,La Esperanza,LE-01,Eureka,Citromax SA,Industria,Tucumán,Contrato Industria,Limón Industria,4,Segunda,5030.0,279.0,0.0752,378.34,964.17,364784.08,0.0828,ARS,Vencido,Cumplido
2024-08-16,2024,PED-2024-03031,La Esperanza,LE-03,Lisbon,Citromax SA,Industria,Tucumán,Contrato Industria,Limón Industria,5,Primera,4324.0,240.0,0.0788,340.89,989.63,337354.97,0.0466,ARS,Cobrado,Cumplido
2024-08-16,2024,PED-2024-03040,Los Álamos,LA-02,Lisbon,Citromax SA,Industria,Tucumán,Mercado Industrial,Limón Industria,5,Primera,4045.0,225.0,0.0797,322.46,982.39,316781.48,0.0643,ARS,Cobrado,Cumplido
2024-08-16,2024,PED-2024-03047,Río Ancho,RA-01,Eureka,Citromax SA,Industria,Tucumán,Mercado Industrial,Limón Industria,4,Extra,7186.0,399.0,0.0837,601.3,983.88,591607.04,0.0469,ARS,Cobrado,Cumplido
2024-08-16,2024,PED-2024-03053,Río Ancho,RA-03,Génova,Citromax SA,Industria,Tucumán,Contrato Industria,Limón Industria,5,Segunda,6879.0,382.0,0.0754,518.83,962.02,499124.84,0.0417,ARS,Pendiente,Cumplido
2024-08-16,2024,PED-2024-03056,San Cayetano,SC-01,Eureka,Citromax SA,Industria,Tucumán,Contrato Industria,Limón Industria,3,Extra,5663.0,315.0,0.0803,454.95,980.16,445923.79,0.0548,ARS,Cobrado,Cumplido
2024-08-16,2024,PED-2024-03059,San Cayetano,SC-02,Lisbon,Citromax SA,Industria,Tucumán,Contrato Industria,Limón Industria,4,Segunda,4712.0,262.0,0.0754,355.19,971.13,344935.66,0.0364,ARS,Cobrado,Cumplido
2024-08-16,2024,PED-2024-03012,El Paraíso,EP-01,Eureka,Frutales Tucumán SRL,Industria,Tucumán,Mercado Industrial,Limón Industria,2,Extra,4987.0,277.0,0.0776,387.08,964.51,373342.53,0.0485,ARS,Cobrado,Cumplido
2024-08-16,2024,PED-2024-03018,El Paraíso,EP-03,Lisbon,Frutales Tucumán SRL,Industria,Tucumán,Contrato Industria,Limón Industria,4,Primera,4634.0,257.0,0.0684,316.77,974.66,308743.05,0.0438,ARS,Cobrado,Cumplido
2024-08-16,2024,PED-2024-03028,La Esperanza,LE-02,Eureka,Frutales Tucumán SRL,Industria,Tucumán,Mercado Industrial,Limón Industria,4,Extra,6225.0,346.0,0.0727,452.45,988.84,447400.66,0.0516,ARS,Cobrado,Cumplido
2024-08-16,2024,PED-2024-03034,La Esperanza,LE-04,Génova,Frutales Tucumán SRL,Industria,Tucumán,Contrato Industria,Limón Industria,5,Primera,5408.0,300.0,0.0701,378.88,978.8,370847.74,0.0716,ARS,Cobrado,Cumplido
2024-08-16,2024,PED-2024-03037,Los Álamos,LA-01,Eureka,Frutales Tucumán SRL,Industria,Tucumán,Mercado Industrial,Limón Industria,6,Primera,4388.0,244.0,0.0643,282.1,982.1,277050.41,0.0309,ARS,Pendiente,Cumplido
2024-08-16,2024,PED-2024-03043,Los Álamos,LA-03,Génova,Frutales Tucumán SRL,Industria,Tucumán,Contrato Industria,Limón Industria,5,Segunda,3872.0,215.0,0.0674,260.78,1002.9,261536.26,0.0804,ARS,Cobrado,Cumplido
2024-08-16,2024,PED-2024-03050,Río Ancho,RA-02,Lisbon,Frutales Tucumán SRL,Industria,Tucumán,Mercado Industrial,Limón Industria,7,Primera,7302.0,406.0,0.0648,473.38,987.7,467557.43,0.0559,ARS,Cobrado,Cumplido
2024-08-16,2024,PED-2024-03062,San Cayetano,SC-03,Génova,Frutales Tucumán SRL,Industria,Tucumán,Mercado Industrial,Limón Industria,7,Segunda,4872.0,271.0,0.0588,286.6,989.19,283501.85,0.0651,ARS,Cobrado,Cumplido
2024-08-16,2024,PED-2024-03011,El Paraíso,EP-01,Eureka,Central de Frutas SA,Mercado Interno,Buenos Aires,Retail Nacional,Limón Eureka,2,Extra,7008.0,389.0,0.2582,1809.64,964.51,1745415.88,0.1589,ARS,Pendiente,Cumplido
2024-08-16,2024,PED-2024-03058,San Cayetano,SC-02,Lisbon,Central de Frutas SA,Mercado Interno,Buenos Aires,Distribuidor Regional,Limón Lisbon,4,Segunda,7478.0,415.0,0.2199,1644.47,971.13,1596994.15,0.142,ARS,Pendiente,Cumplido
2024-08-16,2024,PED-2024-03017,El Paraíso,EP-03,Lisbon,Frutales del Norte SRL,Mercado Interno,Salta,Distribuidor Regional,Limón Lisbon,4,Primera,4409.0,245.0,0.2225,980.95,974.66,956092.73,0.1793,ARS,Cobrado,Cumplido
2024-08-16,2024,PED-2024-03036,Los Álamos,LA-01,Eureka,Frutales del Norte SRL,Mercado Interno,Salta,Retail Nacional,Limón Eureka,6,Primera,8123.0,451.0,0.206,1673.1,982.1,1643151.51,0.1949,ARS,Pendiente,Cumplido
2024-08-16,2024,PED-2024-03046,Río Ancho,RA-01,Eureka,Frutales del Norte SRL,Mercado Interno,Salta,Distribuidor Regional,Limón Eureka,4,Extra,7044.0,391.0,0.2265,1595.44,983.88,1569721.51,0.1891,ARS,Pendiente,Cumplido
2024-08-16,2024,PED-2024-03049,Río Ancho,RA-02,Lisbon,Frutales del Norte SRL,Mercado Interno,Salta,Retail Nacional,Limón Lisbon,7,Primera,8463.0,470.0,0.1994,1687.78,987.7,1667020.31,0.1135,ARS,Cobrado,Cumplido
2024-08-16,2024,PED-2024-03052,Río Ancho,RA-03,Génova,Frutales del Norte SRL,Mercado Interno,Salta,Retail Nacional,Limón Génova,5,Segunda,5621.0,312.0,0.1992,1119.94,962.02,1077404.68,0.1185,ARS,Pendiente,Cumplido
2024-08-16,2024,PED-2024-03061,San Cayetano,SC-03,Génova,Frutales del Norte SRL,Mercado Interno,Salta,Retail Nacional,Limón Génova,7,Segunda,5112.0,284.0,0.1782,911.05,989.19,901201.55,0.1111,ARS,Cobrado,Cumplido
2024-08-16,2024,PED-2024-03027,La Esperanza,LE-02,Eureka,La Morenita SA,Mercado Interno,Tucumán,Mercado Central,Limón Eureka,4,Extra,5492.0,305.0,0.238,1307.35,988.84,1292759.97,0.1706,ARS,Cobrado,Cumplido
2024-08-16,2024,PED-2024-03039,Los Álamos,LA-02,Lisbon,La Morenita SA,Mercado Interno,Tucumán,Distribuidor Regional,Limón Lisbon,5,Primera,4847.0,269.0,0.2298,1113.98,982.39,1094362.81,0.1715,ARS,Cobrado,Cumplido
2024-08-16,2024,PED-2024-03042,Los Álamos,LA-03,Génova,La Morenita SA,Mercado Interno,Tucumán,Distribuidor Regional,Limón Génova,5,Segunda,4199.0,233.0,0.2131,894.87,1002.9,897465.12,0.1868,ARS,Cobrado,Cumplido
2024-08-16,2024,PED-2024-03014,El Paraíso,EP-02,Eureka,Supermercados Norte SA,Mercado Interno,Tucumán,Mercado Central,Limón Eureka,4,Segunda,10290.0,572.0,0.2188,2251.8,952.42,2144659.36,0.115,ARS,Cobrado,Cumplido
2024-08-16,2024,PED-2024-03020,El Paraíso,EP-04,Génova,Supermercados Norte SA,Mercado Interno,Tucumán,Retail Nacional,Limón Génova,6,Segunda,4100.0,228.0,0.1868,765.98,962.56,737301.71,0.1062,ARS,Cobrado,Parcial
2024-08-16,2024,PED-2024-03023,La Esperanza,LE-01,Eureka,Supermercados Norte SA,Mercado Interno,Tucumán,Mercado Central,Limón Eureka,4,Segunda,9590.0,533.0,0.2093,2006.75,964.17,1934848.15,0.1295,ARS,Cobrado,Cumplido
2024-08-16,2024,PED-2024-03030,La Esperanza,LE-03,Lisbon,Supermercados Norte SA,Mercado Interno,Tucumán,Retail Nacional,Limón Lisbon,5,Primera,6851.0,381.0,0.2289,1568.12,989.63,1551858.6,0.1893,ARS,Cobrado,Cumplido
2024-08-16,2024,PED-2024-03033,La Esperanza,LE-04,Génova,Supermercados Norte SA,Mercado Interno,Tucumán,Distribuidor Regional,Limón Génova,5,Primera,4289.0,238.0,0.206,883.48,978.8,864750.22,0.2039,ARS,Cobrado,Cumplido
2024-08-16,2024,PED-2024-03055,San Cayetano,SC-01,Eureka,Supermercados Norte SA,Mercado Interno,Tucumán,Mercado Central,Limón Eureka,3,Extra,6035.0,335.0,0.2237,1349.9,980.16,1323117.98,0.208,ARS,Pendiente,Cumplido
2024-08-23,2024,PED-2024-03081,La Esperanza,LE-03,Lisbon,Al Salam Trading,Exportación,Emiratos Árabes,Programa Retail UE,Limón Lisbon,4,Primera,16026.0,890.0,0.344,5512.81,983.82,5423612.73,0.1869,USD,Cobrado,Cumplido
2024-08-23,2024,PED-2024-03100,Río Ancho,RA-02,Lisbon,Al Salam Trading,Exportación,Emiratos Árabes,Trader Golfo,Limón Lisbon,4,Extra,20529.0,1140.0,0.3556,7300.22,977.22,7133920.99,0.3127,USD,Cobrado,Cumplido
2024-08-23,2024,PED-2024-03069,El Paraíso,EP-03,Lisbon,Citrus World Ltd,Exportación,Reino Unido,Exportación Directa,Limón Lisbon,4,Primera,13693.0,761.0,0.373,5108.06,987.43,5043851.69,0.1807,USD,Cobrado,Cumplido
2024-08-23,2024,PED-2024-03075,La Esperanza,LE-01,Eureka,Citrus World Ltd,Exportación,Reino Unido,Programa Retail UE,Limón Eureka,7,Primera,18206.0,1011.0,0.3404,6197.95,967.15,5994347.34,0.2957,USD,Cobrado,Cumplido
2024-08-23,2024,PED-2024-03087,Los Álamos,LA-01,Eureka,Citrus World Ltd,Exportación,Reino Unido,Trader Golfo,Limón Eureka,3,Primera,20147.0,1119.0,0.4114,8288.49,951.33,7885089.19,0.2157,USD,Cobrado,Cumplido
2024-08-23,2024,PED-2024-03093,Los Álamos,LA-03,Génova,Citrus World Ltd,Exportación,Reino Unido,Exportación Directa,Limón Génova,5,Primera,8793.0,488.0,0.3851,3386.2,997.34,3377192.71,0.2681,USD,Cobrado,Cumplido
2024-08-23,2024,PED-2024-03106,San Cayetano,SC-01,Eureka,Citrus World Ltd,Exportación,Reino Unido,Programa Retail UE,Limón Eureka,4,Segunda,17721.0,984.0,0.3841,6806.95,964.63,6566188.18,0.1625,USD,Cobrado,Cumplido
2024-08-23,2024,PED-2024-03112,San Cayetano,SC-03,Génova,Citrus World Ltd,Exportación,Reino Unido,Programa Retail UE,Limón Génova,6,Primera,12346.0,686.0,0.3925,4845.91,996.52,4829046.23,0.2381,USD,Cobrado,Cumplido
2024-08-23,2024,PED-2024-03066,El Paraíso,EP-02,Eureka,Fischer Import GmbH,Exportación,Alemania,Trader Golfo,Limón Eureka,3,Primera,19680.0,1093.0,0.4164,8194.29,996.27,8163725.3,0.2938,USD,Cobrado,Cumplido
2024-08-23,2024,PED-2024-03072,El Paraíso,EP-04,Génova,Fischer Import GmbH,Exportación,Alemania,Trader Golfo,Limón Génova,3,Segunda,7921.0,440.0,0.4112,3257.19,963.11,3137032.26,0.1727,USD,Cobrado,Cumplido
2024-08-23,2024,PED-2024-03084,La Esperanza,LE-04,Génova,Fischer Import GmbH,Exportación,Alemania,Programa Retail UE,Limón Génova,4,Extra,13720.0,762.0,0.4453,6109.13,950.45,5806422.61,0.3155,USD,Pendiente,Parcial
2024-08-23,2024,PED-2024-03097,Río Ancho,RA-01,Eureka,Fischer Import GmbH,Exportación,Alemania,Exportación Directa,Limón Eureka,2,Primera,8126.0,451.0,0.4502,3658.04,985.06,3603388.88,0.2177,USD,Cobrado,Cumplido
2024-08-23,2024,PED-2024-03063,El Paraíso,EP-01,Eureka,Medifresh SA,Exportación,España,Trader Golfo,Limón Eureka,4,Primera,19819.0,1101.0,0.3565,7066.36,990.83,7001561.48,0.2949,USD,Cobrado,Cumplido
2024-08-23,2024,PED-2024-03078,La Esperanza,LE-02,Eureka,Medifresh SA,Exportación,España,Trader Golfo,Limón Eureka,4,Primera,21490.0,1194.0,0.3938,8462.49,980.63,8298571.57,0.2637,USD,Cobrado,Parcial
2024-08-23,2024,PED-2024-03090,Los Álamos,LA-02,Lisbon,Medifresh SA,Exportación,España,Programa Retail UE,Limón Lisbon,4,Segunda,12724.0,707.0,0.3331,4238.98,959.89,4068954.51,0.2529,USD,Cobrado,Cumplido
2024-08-23,2024,PED-2024-03096,Río Ancho,RA-01,Eureka,Medifresh SA,Exportación,España,Trader Golfo,Limón Eureka,2,Primera,18399.0,1022.0,0.4096,7536.97,985.06,7424367.67,0.2976,USD,Cobrado,Parcial
2024-08-23,2024,PED-2024-03103,Río Ancho,RA-03,Génova,Medifresh SA,Exportación,España,Trader Golfo,Limón Génova,4,Segunda,14537.0,808.0,0.3731,5423.12,984.01,5336404.31,0.2615,USD,Pendiente,Cumplido
2024-08-23,2024,PED-2024-03109,San Cayetano,SC-02,Lisbon,Medifresh SA,Exportación,España,Programa Retail UE,Limón Lisbon,7,Primera,12813.0,712.0,0.3432,4396.89,977.5,4297959.98,0.2757,USD,Cobrado,Cumplido
2024-08-23,2024,PED-2024-03065,El Paraíso,EP-01,Eureka,Citromax SA,Industria,Tucumán,Contrato Industria,Limón Industria,4,Primera,4167.0,232.0,0.0808,336.58,990.83,333493.56,0.0814,ARS,Pendiente,Parcial
2024-08-23,2024,PED-2024-03068,El Paraíso,EP-02,Eureka,Citromax SA,Industria,Tucumán,Mercado Industrial,Limón Industria,3,Primera,3212.0,178.0,0.0839,269.46,996.27,268454.91,0.0428,ARS,Cobrado,Cumplido
2024-08-23,2024,PED-2024-03074,El Paraíso,EP-04,Génova,Citromax SA,Industria,Tucumán,Mercado Industrial,Limón Industria,3,Segunda,3274.0,182.0,0.0737,241.29,963.11,232388.81,0.069,ARS,Cobrado,Cumplido
2024-08-23,2024,PED-2024-03077,La Esperanza,LE-01,Eureka,Citromax SA,Industria,Tucumán,Contrato Industria,Limón Industria,7,Primera,4746.0,264.0,0.0715,339.22,967.15,328076.62,0.064,ARS,Vencido,Cumplido
2024-08-23,2024,PED-2024-03083,La Esperanza,LE-03,Lisbon,Citromax SA,Industria,Tucumán,Mercado Industrial,Limón Industria,4,Primera,5469.0,304.0,0.0809,442.17,983.82,435015.69,0.0662,ARS,Pendiente,Cumplido
2024-08-23,2024,PED-2024-03086,La Esperanza,LE-04,Génova,Citromax SA,Industria,Tucumán,Mercado Industrial,Limón Industria,4,Extra,4515.0,251.0,0.0829,374.22,950.45,355677.4,0.0471,ARS,Pendiente,Parcial
2024-08-23,2024,PED-2024-03099,Río Ancho,RA-01,Eureka,Citromax SA,Industria,Tucumán,Contrato Industria,Limón Industria,2,Primera,8689.0,483.0,0.0854,741.92,985.06,730835.72,0.0885,ARS,Cobrado,Cumplido
2024-08-23,2024,PED-2024-03108,San Cayetano,SC-01,Eureka,Citromax SA,Industria,Tucumán,Mercado Industrial,Limón Industria,4,Segunda,5483.0,305.0,0.071,389.47,964.63,375694.45,0.0652,ARS,Pendiente,Cumplido
2024-08-23,2024,PED-2024-03114,San Cayetano,SC-03,Génova,Citromax SA,Industria,Tucumán,Contrato Industria,Limón Industria,6,Primera,5376.0,299.0,0.0752,404.39,996.52,402982.72,0.0601,ARS,Cobrado,Cumplido
2024-08-23,2024,PED-2024-03071,El Paraíso,EP-03,Lisbon,Frutales Tucumán SRL,Industria,Tucumán,Mercado Industrial,Limón Industria,4,Primera,3575.0,199.0,0.07,250.16,987.43,247015.49,0.0834,ARS,Pendiente,Cumplido
2024-08-23,2024,PED-2024-03080,La Esperanza,LE-02,Eureka,Frutales Tucumán SRL,Industria,Tucumán,Mercado Industrial,Limón Industria,4,Primera,5718.0,318.0,0.0714,408.37,980.63,400459.87,0.06,ARS,Cobrado,Cumplido
2024-08-23,2024,PED-2024-03089,Los Álamos,LA-01,Eureka,Frutales Tucumán SRL,Industria,Tucumán,Mercado Industrial,Limón Industria,3,Primera,5955.0,331.0,0.075,446.51,951.33,424778.36,0.0788,ARS,Pendiente,Cumplido
2024-08-23,2024,PED-2024-03092,Los Álamos,LA-02,Lisbon,Frutales Tucumán SRL,Industria,Tucumán,Mercado Industrial,Limón Industria,4,Segunda,4464.0,248.0,0.0683,305.0,959.89,292766.45,0.082,ARS,Cobrado,Parcial
2024-08-23,2024,PED-2024-03095,Los Álamos,LA-03,Génova,Frutales Tucumán SRL,Industria,Tucumán,Contrato Industria,Limón Industria,5,Primera,4196.0,233.0,0.066,277.01,997.34,276273.15,0.0701,ARS,Cobrado,Cumplido
2024-08-23,2024,PED-2024-03102,Río Ancho,RA-02,Lisbon,Frutales Tucumán SRL,Industria,Tucumán,Contrato Industria,Limón Industria,4,Extra,7620.0,423.0,0.0709,540.64,977.22,528324.22,0.0483,ARS,Cobrado,Parcial
2024-08-23,2024,PED-2024-03105,Río Ancho,RA-03,Génova,Frutales Tucumán SRL,Industria,Tucumán,Mercado Industrial,Limón Industria,4,Segunda,6636.0,369.0,0.0647,429.4,984.01,422533.89,0.0763,ARS,Pendiente,Cumplido
2024-08-23,2024,PED-2024-03111,San Cayetano,SC-02,Lisbon,Frutales Tucumán SRL,Industria,Tucumán,Contrato Industria,Limón Industria,7,Primera,3801.0,211.0,0.0663,251.86,977.5,246193.15,0.0431,ARS,Cobrado,Cumplido
2024-08-23,2024,PED-2024-03073,El Paraíso,EP-04,Génova,Central de Frutas SA,Mercado Interno,Buenos Aires,Distribuidor Regional,Limón Génova,3,Segunda,4303.0,239.0,0.2377,1022.99,963.11,985251.9,0.1215,ARS,Cobrado,Cumplido
2024-08-23,2024,PED-2024-03076,La Esperanza,LE-01,Eureka,Central de Frutas SA,Mercado Interno,Buenos Aires,Mercado Central,Limón Eureka,7,Primera,8259.0,459.0,0.2322,1917.8,967.15,1854800.27,0.1248,ARS,Cobrado,Cumplido
2024-08-23,2024,PED-2024-03082,La Esperanza,LE-03,Lisbon,Central de Frutas SA,Mercado Interno,Buenos Aires,Mercado Central,Limón Lisbon,4,Primera,5725.0,318.0,0.2502,1432.14,983.82,1408967.97,0.2096,ARS,Cobrado,Cumplido
2024-08-23,2024,PED-2024-03091,Los Álamos,LA-02,Lisbon,Central de Frutas SA,Mercado Interno,Buenos Aires,Distribuidor Regional,Limón Lisbon,4,Segunda,6293.0,350.0,0.2253,1417.82,959.89,1360951.24,0.1628,ARS,Cobrado,Cumplido
2024-08-23,2024,PED-2024-03113,San Cayetano,SC-03,Génova,Central de Frutas SA,Mercado Interno,Buenos Aires,Distribuidor Regional,Limón Génova,6,Primera,4323.0,240.0,0.2267,980.06,996.52,976649.39,0.1451,ARS,Cobrado,Cumplido
2024-08-23,2024,PED-2024-03088,Los Álamos,LA-01,Eureka,Frutales del Norte SRL,Mercado Interno,Salta,Mercado Central,Limón Eureka,3,Primera,5396.0,300.0,0.2219,1197.3,951.33,1139027.41,0.207,ARS,Pendiente,Cumplido
2024-08-23,2024,PED-2024-03101,Río Ancho,RA-02,Lisbon,Frutales del Norte SRL,Mercado Interno,Salta,Retail Nacional,Limón Lisbon,4,Extra,6540.0,363.0,0.2231,1458.99,977.22,1425754.21,0.1846,ARS,Cobrado,Cumplido
2024-08-23,2024,PED-2024-03064,El Paraíso,EP-01,Eureka,La Morenita SA,Mercado Interno,Tucumán,Retail Nacional,Limón Eureka,4,Primera,7283.0,405.0,0.2203,1604.52,990.83,1589806.55,0.202,ARS,Cobrado,Cumplido
2024-08-23,2024,PED-2024-03067,El Paraíso,EP-02,Eureka,La Morenita SA,Mercado Interno,Tucumán,Distribuidor Regional,Limón Eureka,3,Primera,5398.0,300.0,0.2385,1287.5,996.27,1282697.62,0.154,ARS,Pendiente,Cumplido
2024-08-23,2024,PED-2024-03079,La Esperanza,LE-02,Eureka,La Morenita SA,Mercado Interno,Tucumán,Retail Nacional,Limón Eureka,4,Primera,7682.0,427.0,0.2198,1688.34,980.63,1655636.85,0.1151,ARS,Cobrado,Cumplido
2024-08-23,2024,PED-2024-03094,Los Álamos,LA-03,Génova,La Morenita SA,Mercado Interno,Tucumán,Distribuidor Regional,Limón Génova,5,Primera,3691.0,205.0,0.2335,861.84,997.34,859547.51,0.1494,ARS,Cobrado,Parcial
2024-08-23,2024,PED-2024-03098,Río Ancho,RA-01,Eureka,La Morenita SA,Mercado Interno,Tucumán,Mercado Central,Limón Eureka,2,Primera,7417.0,412.0,0.2536,1881.12,985.06,1853016.07,0.1524,ARS,Cobrado,Parcial
2024-08-23,2024,PED-2024-03104,Río Ancho,RA-03,Génova,La Morenita SA,Mercado Interno,Tucumán,Retail Nacional,Limón Génova,4,Segunda,6800.0,378.0,0.2296,1561.36,984.01,1536393.85,0.1328,ARS,Cobrado,Cumplido
2024-08-23,2024,PED-2024-03107,San Cayetano,SC-01,Eureka,La Morenita SA,Mercado Interno,Tucumán,Retail Nacional,Limón Eureka,4,Segunda,9045.0,502.0,0.2254,2038.29,964.63,1966195.68,0.1634,ARS,Cobrado,Cumplido
2024-08-23,2024,PED-2024-03110,San Cayetano,SC-02,Lisbon,La Morenita SA,Mercado Interno,Tucumán,Mercado Central,Limón Lisbon,7,Primera,4655.0,259.0,0.2158,1004.76,977.5,982152.9,0.2016,ARS,Cobrado,Parcial
2024-08-23,2024,PED-2024-03070,El Paraíso,EP-03,Lisbon,Supermercados Norte SA,Mercado Interno,Tucumán,Distribuidor Regional,Limón Lisbon,4,Primera,5682.0,316.0,0.2221,1262.17,987.43,1246304.52,0.1263,ARS,Cobrado,Cumplido
2024-08-23,2024,PED-2024-03085,La Esperanza,LE-04,Génova,Supermercados Norte SA,Mercado Interno,Tucumán,Retail Nacional,Limón Génova,4,Extra,4289.0,238.0,0.222,952.28,950.45,905094.53,0.1876,ARS,Cobrado,Cumplido
2024-08-30,2024,PED-2024-03124,El Paraíso,EP-04,Génova,Al Salam Trading,Exportación,Emiratos Árabes,Programa Retail UE,Limón Génova,7,Primera,9041.0,502.0,0.3193,2886.37,969.11,2797210.03,0.3095,USD,Cobrado,Cumplido
2024-08-30,2024,PED-2024-03127,La Esperanza,LE-01,Eureka,Al Salam Trading,Exportación,Emiratos Árabes,Programa Retail UE,Limón Eureka,7,Segunda,15461.0,859.0,0.302,4668.91,956.87,4467539.91,0.2826,USD,Cobrado,Cumplido
2024-08-30,2024,PED-2024-03142,Los Álamos,LA-02,Lisbon,Al Salam Trading,Exportación,Emiratos Árabes,Trader Golfo,Limón Lisbon,7,Primera,12631.0,702.0,0.3084,3895.89,1000.19,3896630.22,0.2205,USD,Cobrado,Cumplido
2024-08-30,2024,PED-2024-03145,Los Álamos,LA-03,Génova,Al Salam Trading,Exportación,Emiratos Árabes,Programa Retail UE,Limón Génova,4,Segunda,8539.0,474.0,0.3428,2926.9,983.49,2878576.88,0.2676,USD,Cobrado,Parcial
2024-08-30,2024,PED-2024-03148,Río Ancho,RA-01,Eureka,Al Salam Trading,Exportación,Emiratos Árabes,Programa Retail UE,Limón Eureka,5,Extra,6344.0,352.0,0.3715,2357.1,978.64,2306752.34,0.3116,USD,Cobrado,Cumplido
2024-08-30,2024,PED-2024-03121,El Paraíso,EP-03,Lisbon,Citrus World Ltd,Exportación,Reino Unido,Trader Golfo,Limón Lisbon,6,Primera,11318.0,629.0,0.372,4210.51,987.59,4158257.57,0.2473,USD,Cobrado,Cumplido
2024-08-30,2024,PED-2024-03136,La Esperanza,LE-04,Génova,Citrus World Ltd,Exportación,Reino Unido,Programa Retail UE,Limón Génova,4,Primera,15976.0,888.0,0.3891,6216.59,986.94,6135401.33,0.2319,USD,Cobrado,Cumplido
2024-08-30,2024,PED-2024-03149,Río Ancho,RA-01,Eureka,Citrus World Ltd,Exportación,Reino Unido,Programa Retail UE,Limón Eureka,5,Extra,21753.0,1208.0,0.387,8418.6,978.64,8238778.7,0.305,USD,Cobrado,Cumplido
2024-08-30,2024,PED-2024-03155,Río Ancho,RA-03,Génova,Citrus World Ltd,Exportación,Reino Unido,Exportación Directa,Limón Génova,5,Segunda,14823.0,824.0,0.3606,5344.79,997.5,5331428.03,0.2254,USD,Cobrado,Parcial
2024-08-30,2024,PED-2024-03115,El Paraíso,EP-01,Eureka,Fischer Import GmbH,Exportación,Alemania,Exportación Directa,Limón Eureka,4,Primera,21170.0,1176.0,0.3937,8334.12,980.48,8171437.98,0.2619,USD,Vencido,Cumplido
2024-08-30,2024,PED-2024-03118,El Paraíso,EP-02,Eureka,Fischer Import GmbH,Exportación,Alemania,Exportación Directa,Limón Eureka,6,Extra,17350.0,964.0,0.3892,6752.55,1006.41,6795833.85,0.2549,USD,Cobrado,Cumplido
2024-08-30,2024,PED-2024-03139,Los Álamos,LA-01,Eureka,Fischer Import GmbH,Exportación,Alemania,Exportación Directa,Limón Eureka,3,Segunda,14468.0,804.0,0.4157,6014.89,987.49,5939643.73,0.1556,USD,Cobrado,Cumplido
2024-08-30,2024,PED-2024-03152,Río Ancho,RA-02,Lisbon,Fischer Import GmbH,Exportación,Alemania,Trader Golfo,Limón Lisbon,4,Segunda,20279.0,1127.0,0.4164,8443.23,944.35,7973364.25,0.2554,USD,Cobrado,Cumplido
2024-08-30,2024,PED-2024-03158,San Cayetano,SC-01,Eureka,Fischer Import GmbH,Exportación,Alemania,Trader Golfo,Limón Eureka,7,Extra,21491.0,1194.0,0.3739,8035.57,996.21,8005115.19,0.2299,USD,Cobrado,Cumplido
2024-08-30,2024,PED-2024-03164,San Cayetano,SC-03,Génova,Fischer Import GmbH,Exportación,Alemania,Trader Golfo,Limón Génova,4,Segunda,11241.0,624.0,0.378,4249.66,967.81,4112863.44,0.1531,USD,Cobrado,Parcial
2024-08-30,2024,PED-2024-03130,La Esperanza,LE-02,Eureka,Medifresh SA,Exportación,España,Programa Retail UE,Limón Eureka,5,Primera,18794.0,1044.0,0.3791,7125.49,962.68,6859566.71,0.1801,USD,Cobrado,Parcial
2024-08-30,2024,PED-2024-03133,La Esperanza,LE-03,Lisbon,Medifresh SA,Exportación,España,Programa Retail UE,Limón Lisbon,4,Primera,14697.0,816.0,0.363,5334.84,988.63,5274182.87,0.1924,USD,Cobrado,Cumplido
2024-08-30,2024,PED-2024-03161,San Cayetano,SC-02,Lisbon,Medifresh SA,Exportación,España,Programa Retail UE,Limón Lisbon,4,Segunda,14381.0,799.0,0.3358,4828.98,1001.66,4836996.11,0.1915,USD,Cobrado,Cumplido
2024-08-30,2024,PED-2024-03117,El Paraíso,EP-01,Eureka,Citromax SA,Industria,Tucumán,Contrato Industria,Limón Industria,4,Primera,3879.0,216.0,0.0809,313.84,980.48,307713.84,0.0728,ARS,Cobrado,Cumplido
2024-08-30,2024,PED-2024-03120,El Paraíso,EP-02,Eureka,Citromax SA,Industria,Tucumán,Contrato Industria,Limón Industria,6,Extra,4801.0,267.0,0.0747,358.55,1006.41,360848.31,0.0493,ARS,Vencido,Cumplido
2024-08-30,2024,PED-2024-03123,El Paraíso,EP-03,Lisbon,Citromax SA,Industria,Tucumán,Mercado Industrial,Limón Industria,6,Primera,3727.0,207.0,0.0739,275.38,987.59,271962.53,0.0701,ARS,Cobrado,Cumplido
2024-08-30,2024,PED-2024-03126,El Paraíso,EP-04,Génova,Citromax SA,Industria,Tucumán,Contrato Industria,Limón Industria,7,Primera,3916.0,218.0,0.0733,287.16,969.11,278289.63,0.0791,ARS,Cobrado,Cumplido
2024-08-30,2024,PED-2024-03129,La Esperanza,LE-01,Eureka,Citromax SA,Industria,Tucumán,Contrato Industria,Limón Industria,7,Segunda,5144.0,286.0,0.0682,350.71,956.87,335583.88,0.0899,ARS,Cobrado,Cumplido
2024-08-30,2024,PED-2024-03138,La Esperanza,LE-04,Génova,Citromax SA,Industria,Tucumán,Contrato Industria,Limón Industria,4,Primera,5042.0,280.0,0.0775,390.85,986.94,385745.5,0.0631,ARS,Cobrado,Cumplido
2024-08-30,2024,PED-2024-03141,Los Álamos,LA-01,Eureka,Citromax SA,Industria,Tucumán,Mercado Industrial,Limón Industria,3,Segunda,3698.0,205.0,0.0723,267.3,987.49,263956.08,0.0583,ARS,Cobrado,Cumplido
2024-08-30,2024,PED-2024-03144,Los Álamos,LA-02,Lisbon,Citromax SA,Industria,Tucumán,Contrato Industria,Limón Industria,7,Primera,4220.0,234.0,0.0722,304.56,1000.19,304617.87,0.071,ARS,Cobrado,Cumplido
2024-08-30,2024,PED-2024-03147,Los Álamos,LA-03,Génova,Citromax SA,Industria,Tucumán,Contrato Industria,Limón Industria,4,Segunda,3984.0,221.0,0.0718,286.08,983.49,281356.82,0.0638,ARS,Cobrado,Cumplido
2024-08-30,2024,PED-2024-03151,Río Ancho,RA-01,Eureka,Citromax SA,Industria,Tucumán,Contrato Industria,Limón Industria,5,Extra,7860.0,437.0,0.0769,604.67,978.64,591754.25,0.0396,ARS,Cobrado,Parcial
2024-08-30,2024,PED-2024-03154,Río Ancho,RA-02,Lisbon,Citromax SA,Industria,Tucumán,Contrato Industria,Limón Industria,4,Segunda,8375.0,465.0,0.0766,641.58,944.35,605876.07,0.0538,ARS,Cobrado,Cumplido
2024-08-30,2024,PED-2024-03157,Río Ancho,RA-03,Génova,Citromax SA,Industria,Tucumán,Contrato Industria,Limón Industria,5,Segunda,8265.0,459.0,0.0723,597.46,997.5,595966.35,0.0844,ARS,Cobrado,Parcial
2024-08-30,2024,PED-2024-03160,San Cayetano,SC-01,Eureka,Citromax SA,Industria,Tucumán,Contrato Industria,Limón Industria,7,Extra,6137.0,341.0,0.074,454.13,996.21,452408.85,0.0626,ARS,Cobrado,Cumplido
2024-08-30,2024,PED-2024-03166,San Cayetano,SC-03,Génova,Citromax SA,Industria,Tucumán,Contrato Industria,Limón Industria,4,Segunda,5681.0,316.0,0.0742,421.79,967.81,408212.58,0.0584,ARS,Cobrado,Cumplido
2024-08-30,2024,PED-2024-03132,La Esperanza,LE-02,Eureka,Frutales Tucumán SRL,Industria,Tucumán,Mercado Industrial,Limón Industria,5,Primera,4566.0,254.0,0.0704,321.55,962.68,309549.75,0.046,ARS,Cobrado,Cumplido
2024-08-30,2024,PED-2024-03135,La Esperanza,LE-03,Lisbon,Frutales Tucumán SRL,Industria,Tucumán,Mercado Industrial,Limón Industria,4,Primera,4588.0,255.0,0.072,330.16,988.63,326406.08,0.0337,ARS,Cobrado,Parcial
2024-08-30,2024,PED-2024-03163,San Cayetano,SC-02,Lisbon,Frutales Tucumán SRL,Industria,Tucumán,Contrato Industria,Limón Industria,4,Segunda,5892.0,327.0,0.0647,381.15,1001.66,381782.71,0.0743,ARS,Cobrado,Cumplido
2024-08-30,2024,PED-2024-03119,El Paraíso,EP-02,Eureka,Central de Frutas SA,Mercado Interno,Buenos Aires,Retail Nacional,Limón Eureka,6,Extra,7933.0,441.0,0.2527,2004.99,1006.41,2017841.99,0.1722,ARS,Cobrado,Cumplido
2024-08-30,2024,PED-2024-03131,La Esperanza,LE-02,Eureka,Central de Frutas SA,Mercado Interno,Buenos Aires,Retail Nacional,Limón Eureka,5,Primera,7114.0,395.0,0.2315,1646.69,962.68,1585235.53,0.1975,ARS,Cobrado,Cumplido
2024-08-30,2024,PED-2024-03134,La Esperanza,LE-03,Lisbon,Central de Frutas SA,Mercado Interno,Buenos Aires,Retail Nacional,Limón Lisbon,4,Primera,5737.0,319.0,0.2438,1398.51,988.63,1382608.94,0.1742,ARS,Cobrado,Cumplido
2024-08-30,2024,PED-2024-03162,San Cayetano,SC-02,Lisbon,Central de Frutas SA,Mercado Interno,Buenos Aires,Distribuidor Regional,Limón Lisbon,4,Segunda,5512.0,306.0,0.2288,1261.19,1001.66,1263283.58,0.1136,ARS,Cobrado,Cumplido
2024-08-30,2024,PED-2024-03165,San Cayetano,SC-03,Génova,Central de Frutas SA,Mercado Interno,Buenos Aires,Retail Nacional,Limón Génova,4,Segunda,6461.0,359.0,0.2344,1514.33,967.81,1465583.72,0.1079,ARS,Cobrado,Cumplido
2024-08-30,2024,PED-2024-03116,El Paraíso,EP-01,Eureka,Frutales del Norte SRL,Mercado Interno,Salta,Mercado Central,Limón Eureka,4,Primera,6340.0,352.0,0.2108,1336.26,980.48,1310176.2,0.1918,ARS,Cobrado,Cumplido
2024-08-30,2024,PED-2024-03122,El Paraíso,EP-03,Lisbon,Frutales del Norte SRL,Mercado Interno,Salta,Mercado Central,Limón Lisbon,6,Primera,5159.0,287.0,0.2061,1063.36,987.59,1050163.7,0.119,ARS,Cobrado,Cumplido
2024-08-30,2024,PED-2024-03128,La Esperanza,LE-01,Eureka,Frutales del Norte SRL,Mercado Interno,Salta,Mercado Central,Limón Eureka,7,Segunda,7900.0,439.0,0.1855,1465.48,956.87,1402273.85,0.1561,ARS,Cobrado,Cumplido
2024-08-30,2024,PED-2024-03137,La Esperanza,LE-04,Génova,Frutales del Norte SRL,Mercado Interno,Salta,Distribuidor Regional,Limón Génova,4,Primera,4288.0,238.0,0.2026,868.95,986.94,857601.51,0.1414,ARS,Cobrado,Cumplido
2024-08-30,2024,PED-2024-03125,El Paraíso,EP-04,Génova,La Morenita SA,Mercado Interno,Tucumán,Mercado Central,Limón Génova,7,Primera,4753.0,264.0,0.2038,968.68,969.11,938757.47,0.1607,ARS,Cobrado,Parcial
2024-08-30,2024,PED-2024-03140,Los Álamos,LA-01,Eureka,La Morenita SA,Mercado Interno,Tucumán,Distribuidor Regional,Limón Eureka,3,Segunda,7119.0,396.0,0.2189,1558.28,987.49,1538785.92,0.1644,ARS,Pendiente,Cumplido
2024-08-30,2024,PED-2024-03143,Los Álamos,LA-02,Lisbon,La Morenita SA,Mercado Interno,Tucumán,Retail Nacional,Limón Lisbon,7,Primera,5145.0,286.0,0.2097,1079.13,1000.19,1079335.03,0.2084,ARS,Cobrado,Cumplido
2024-08-30,2024,PED-2024-03150,Río Ancho,RA-01,Eureka,La Morenita SA,Mercado Interno,Tucumán,Distribuidor Regional,Limón Eureka,5,Extra,9817.0,545.0,0.2354,2311.29,978.64,2261920.85,0.2081,ARS,Cobrado,Cumplido
2024-08-30,2024,PED-2024-03156,Río Ancho,RA-03,Génova,La Morenita SA,Mercado Interno,Tucumán,Distribuidor Regional,Limón Génova,5,Segunda,5436.0,302.0,0.2075,1127.93,997.5,1125110.18,0.1229,ARS,Cobrado,Cumplido
2024-08-30,2024,PED-2024-03159,San Cayetano,SC-01,Eureka,La Morenita SA,Mercado Interno,Tucumán,Distribuidor Regional,Limón Eureka,7,Extra,6697.0,372.0,0.2091,1400.59,996.21,1395281.76,0.1568,ARS,Cobrado,Cumplido
2024-08-30,2024,PED-2024-03146,Los Álamos,LA-03,Génova,Supermercados Norte SA,Mercado Interno,Tucumán,Mercado Central,Limón Génova,4,Segunda,3231.0,180.0,0.2059,665.29,983.49,654306.06,0.195,ARS,Pendiente,Cumplido
2024-08-30,2024,PED-2024-03153,Río Ancho,RA-02,Lisbon,Supermercados Norte SA,Mercado Interno,Tucumán,Retail Nacional,Limón Lisbon,4,Segunda,9368.0,520.0,0.2159,2022.55,944.35,1909995.09,0.1875,ARS,Cobrado,Cumplido
2024-09-06,2024,PED-2024-03203,Río Ancho,RA-02,Lisbon,Al Salam Trading,Exportación,Emiratos Árabes,Programa Retail UE,Limón Lisbon,6,Primera,13774.0,765.0,0.3376,4650.62,988.55,4597370.4,0.2596,USD,Vencido,Cumplido
2024-09-06,2024,PED-2024-03206,Río Ancho,RA-03,Génova,Al Salam Trading,Exportación,Emiratos Árabes,Exportación Directa,Limón Génova,7,Segunda,6886.0,383.0,0.2843,1957.61,1015.83,1988598.97,0.2419,USD,Cobrado,Cumplido
2024-09-06,2024,PED-2024-03167,El Paraíso,EP-01,Eureka,Citrus World Ltd,Exportación,Reino Unido,Trader Golfo,Limón Eureka,4,Primera,12139.0,674.0,0.3814,4629.22,1000.43,4631210.56,0.2803,USD,Pendiente,Cumplido
2024-09-06,2024,PED-2024-03170,El Paraíso,EP-02,Eureka,Citrus World Ltd,Exportación,Reino Unido,Exportación Directa,Limón Eureka,5,Primera,14367.0,798.0,0.3876,5569.3,983.24,5475958.53,0.2761,USD,Cobrado,Cumplido
2024-09-06,2024,PED-2024-03173,El Paraíso,EP-03,Lisbon,Citrus World Ltd,Exportación,Reino Unido,Exportación Directa,Limón Lisbon,4,Primera,6978.0,388.0,0.3846,2683.84,986.57,2647796.03,0.2993,USD,Cobrado,Cumplido
2024-09-06,2024,PED-2024-03179,La Esperanza,LE-01,Eureka,Citrus World Ltd,Exportación,Reino Unido,Exportación Directa,Limón Eureka,3,Segunda,13068.0,726.0,0.3959,5173.28,977.23,5055484.41,0.2117,USD,Cobrado,Parcial
2024-09-06,2024,PED-2024-03182,La Esperanza,LE-02,Eureka,Citrus World Ltd,Exportación,Reino Unido,Trader Golfo,Limón Eureka,3,Primera,17146.0,953.0,0.4024,6900.18,1010.01,6969250.8,0.2454,USD,Pendiente,Cumplido
2024-09-06,2024,PED-2024-03194,Los Álamos,LA-02,Lisbon,Citrus World Ltd,Exportación,Reino Unido,Trader Golfo,Limón Lisbon,4,Primera,8977.0,499.0,0.3677,3300.5,970.39,3202772.2,0.2178,USD,Cobrado,Cumplido
2024-09-06,2024,PED-2024-03200,Río Ancho,RA-01,Eureka,Citrus World Ltd,Exportación,Reino Unido,Exportación Directa,Limón Eureka,5,Extra,16297.0,905.0,0.4059,6614.31,1017.96,6733103.01,0.2928,USD,Cobrado,Cumplido
2024-09-06,2024,PED-2024-03209,San Cayetano,SC-01,Eureka,Citrus World Ltd,Exportación,Reino Unido,Trader Golfo,Limón Eureka,5,Primera,13852.0,770.0,0.3625,5021.31,978.3,4912347.57,0.2329,USD,Cobrado,Cumplido
2024-09-06,2024,PED-2024-03176,El Paraíso,EP-04,Génova,Fischer Import GmbH,Exportación,Alemania,Exportación Directa,Limón Génova,6,Primera,5345.0,297.0,0.3683,1968.45,982.17,1933352.54,0.2144,USD,Cobrado,Parcial
2024-09-06,2024,PED-2024-03188,La Esperanza,LE-04,Génova,Fischer Import GmbH,Exportación,Alemania,Trader Golfo,Limón Génova,5,Segunda,8650.0,481.0,0.3938,3406.7,957.65,3262426.26,0.1851,USD,Cobrado,Cumplido
2024-09-06,2024,PED-2024-03191,Los Álamos,LA-01,Eureka,Fischer Import GmbH,Exportación,Alemania,Programa Retail UE,Limón Eureka,6,Extra,11504.0,639.0,0.4197,4828.11,994.59,4801989.92,0.2794,USD,Cobrado,Cumplido
2024-09-06,2024,PED-2024-03197,Los Álamos,LA-03,Génova,Fischer Import GmbH,Exportación,Alemania,Programa Retail UE,Limón Génova,7,Primera,5287.0,294.0,0.3618,1913.09,974.02,1863387.92,0.1941,USD,Cobrado,Cumplido
2024-09-06,2024,PED-2024-03212,San Cayetano,SC-02,Lisbon,Fischer Import GmbH,Exportación,Alemania,Trader Golfo,Limón Lisbon,6,Extra,9382.0,521.0,0.4128,3873.23,1002.9,3884462.37,0.3058,USD,Cobrado,Cumplido
2024-09-06,2024,PED-2024-03185,La Esperanza,LE-03,Lisbon,Medifresh SA,Exportación,España,Programa Retail UE,Limón Lisbon,7,Primera,9874.0,549.0,0.3185,3144.82,949.25,2985220.38,0.246,USD,Cobrado,Cumplido
2024-09-06,2024,PED-2024-03215,San Cayetano,SC-03,Génova,Medifresh SA,Exportación,España,Exportación Directa,Limón Génova,6,Primera,6967.0,387.0,0.329,2292.38,1017.94,2333505.3,0.2939,USD,Pendiente,Cumplido
2024-09-06,2024,PED-2024-03178,El Paraíso,EP-04,Génova,Citromax SA,Industria,Tucumán,Contrato Industria,Limón Industria,6,Primera,2515.0,140.0,0.0754,189.69,982.17,186307.83,0.0711,ARS,Cobrado,Cumplido
2024-09-06,2024,PED-2024-03181,La Esperanza,LE-01,Eureka,Citromax SA,Industria,Tucumán,Contrato Industria,Limón Industria,3,Segunda,2913.0,162.0,0.0766,223.22,977.23,218137.28,0.061,ARS,Cobrado,Cumplido
2024-09-06,2024,PED-2024-03184,La Esperanza,LE-02,Eureka,Citromax SA,Industria,Tucumán,Mercado Industrial,Limón Industria,3,Primera,3720.0,207.0,0.0761,283.15,1010.01,285984.33,0.0357,ARS,Cobrado,Cumplido
2024-09-06,2024,PED-2024-03190,La Esperanza,LE-04,Génova,Citromax SA,Industria,Tucumán,Mercado Industrial,Limón Industria,5,Segunda,3768.0,209.0,0.0718,270.36,957.65,258910.25,0.0356,ARS,Cobrado,Cumplido
2024-09-06,2024,PED-2024-03193,Los Álamos,LA-01,Eureka,Citromax SA,Industria,Tucumán,Contrato Industria,Limón Industria,6,Extra,3883.0,216.0,0.0728,282.55,994.59,281021.4,0.0548,ARS,Pendiente,Cumplido
2024-09-06,2024,PED-2024-03196,Los Álamos,LA-02,Lisbon,Citromax SA,Industria,Tucumán,Contrato Industria,Limón Industria,4,Primera,2963.0,165.0,0.0745,220.78,970.39,214242.7,0.0388,ARS,Cobrado,Cumplido
2024-09-06,2024,PED-2024-03199,Los Álamos,LA-03,Génova,Citromax SA,Industria,Tucumán,Mercado Industrial,Limón Industria,7,Primera,2497.0,139.0,0.0665,166.15,974.02,161833.42,0.0561,ARS,Cobrado,Cumplido
2024-09-06,2024,PED-2024-03205,Río Ancho,RA-02,Lisbon,Citromax SA,Industria,Tucumán,Mercado Industrial,Limón Industria,6,Primera,4648.0,258.0,0.0694,322.46,988.55,318767.83,0.0692,ARS,Cobrado,Cumplido
2024-09-06,2024,PED-2024-03211,San Cayetano,SC-01,Eureka,Citromax SA,Industria,Tucumán,Mercado Industrial,Limón Industria,5,Primera,3550.0,197.0,0.0759,269.3,978.3,263456.19,0.0885,ARS,Pendiente,Cumplido
2024-09-06,2024,PED-2024-03214,San Cayetano,SC-02,Lisbon,Citromax SA,Industria,Tucumán,Mercado Industrial,Limón Industria,6,Extra,3608.0,200.0,0.0746,269.1,1002.9,269880.39,0.0402,ARS,Cobrado,Cumplido
2024-09-06,2024,PED-2024-03169,El Paraíso,EP-01,Eureka,Frutales Tucumán SRL,Industria,Tucumán,Contrato Industria,Limón Industria,4,Primera,2807.0,156.0,0.0708,198.74,1000.43,198825.46,0.0751,ARS,Cobrado,Parcial
2024-09-06,2024,PED-2024-03172,El Paraíso,EP-02,Eureka,Frutales Tucumán SRL,Industria,Tucumán,Contrato Industria,Limón Industria,5,Primera,3384.0,188.0,0.0683,231.23,983.24,227354.59,0.0304,ARS,Cobrado,Cumplido
2024-09-06,2024,PED-2024-03175,El Paraíso,EP-03,Lisbon,Frutales Tucumán SRL,Industria,Tucumán,Contrato Industria,Limón Industria,4,Primera,2682.0,149.0,0.069,185.19,986.57,182702.9,0.0757,ARS,Cobrado,Parcial
2024-09-06,2024,PED-2024-03187,La Esperanza,LE-03,Lisbon,Frutales Tucumán SRL,Industria,Tucumán,Mercado Industrial,Limón Industria,7,Primera,3478.0,193.0,0.0643,223.5,949.25,212157.38,0.039,ARS,Cobrado,Cumplido
2024-09-06,2024,PED-2024-03202,Río Ancho,RA-01,Eureka,Frutales Tucumán SRL,Industria,Tucumán,Mercado Industrial,Limón Industria,5,Extra,5126.0,285.0,0.0743,380.83,1017.96,387669.71,0.0716,ARS,Cobrado,Cumplido
2024-09-06,2024,PED-2024-03208,Río Ancho,RA-03,Génova,Frutales Tucumán SRL,Industria,Tucumán,Contrato Industria,Limón Industria,7,Segunda,4852.0,270.0,0.0596,289.14,1015.83,293717.09,0.0855,ARS,Cobrado,Cumplido
2024-09-06,2024,PED-2024-03217,San Cayetano,SC-03,Génova,Frutales Tucumán SRL,Industria,Tucumán,Contrato Industria,Limón Industria,6,Primera,3772.0,210.0,0.0673,254.03,1017.94,258587.3,0.0371,ARS,Cobrado,Cumplido
2024-09-06,2024,PED-2024-03174,El Paraíso,EP-03,Lisbon,Central de Frutas SA,Mercado Interno,Buenos Aires,Retail Nacional,Limón Lisbon,4,Primera,2609.0,145.0,0.2497,651.43,986.57,642681.3,0.2003,ARS,Cobrado,Cumplido
2024-09-06,2024,PED-2024-03177,El Paraíso,EP-04,Génova,Central de Frutas SA,Mercado Interno,Buenos Aires,Distribuidor Regional,Limón Génova,6,Primera,1998.0,111.0,0.2201,439.77,982.17,431928.9,0.1362,ARS,Cobrado,Cumplido
2024-09-06,2024,PED-2024-03180,La Esperanza,LE-01,Eureka,Central de Frutas SA,Mercado Interno,Buenos Aires,Distribuidor Regional,Limón Eureka,3,Segunda,6073.0,337.0,0.2407,1461.54,977.23,1428260.73,0.1265,ARS,Cobrado,Cumplido
2024-09-06,2024,PED-2024-03201,Río Ancho,RA-01,Eureka,Central de Frutas SA,Mercado Interno,Buenos Aires,Mercado Central,Limón Eureka,5,Extra,4894.0,272.0,0.2324,1137.47,1017.96,1157898.96,0.1875,ARS,Cobrado,Cumplido
2024-09-06,2024,PED-2024-03210,San Cayetano,SC-01,Eureka,Central de Frutas SA,Mercado Interno,Buenos Aires,Mercado Central,Limón Eureka,5,Primera,4160.0,231.0,0.2429,1010.3,978.3,988376.49,0.151,ARS,Cobrado,Cumplido
2024-09-06,2024,PED-2024-03216,San Cayetano,SC-03,Génova,Central de Frutas SA,Mercado Interno,Buenos Aires,Mercado Central,Limón Génova,6,Primera,2920.0,162.0,0.2288,668.01,1017.94,679994.1,0.1981,ARS,Vencido,Cumplido
2024-09-06,2024,PED-2024-03168,El Paraíso,EP-01,Eureka,Frutales del Norte SRL,Mercado Interno,Salta,Distribuidor Regional,Limón Eureka,4,Primera,5032.0,280.0,0.217,1091.74,1000.43,1092209.45,0.1898,ARS,Cobrado,Parcial
2024-09-06,2024,PED-2024-03183,La Esperanza,LE-02,Eureka,Frutales del Norte SRL,Mercado Interno,Salta,Retail Nacional,Limón Eureka,3,Primera,5111.0,284.0,0.2094,1070.25,1010.01,1080963.2,0.1897,ARS,Pendiente,Cumplido
2024-09-06,2024,PED-2024-03204,Río Ancho,RA-02,Lisbon,Frutales del Norte SRL,Mercado Interno,Salta,Distribuidor Regional,Limón Lisbon,6,Primera,4703.0,261.0,0.2015,947.5,988.55,936651.12,0.1809,ARS,Cobrado,Cumplido
2024-09-06,2024,PED-2024-03207,Río Ancho,RA-03,Génova,Frutales del Norte SRL,Mercado Interno,Salta,Mercado Central,Limón Génova,7,Segunda,4320.0,240.0,0.1657,715.89,1015.83,727222.54,0.1613,ARS,Pendiente,Cumplido
2024-09-06,2024,PED-2024-03213,San Cayetano,SC-02,Lisbon,Frutales del Norte SRL,Mercado Interno,Salta,Distribuidor Regional,Limón Lisbon,6,Extra,2567.0,143.0,0.1938,497.44,1002.9,498882.58,0.1482,ARS,Cobrado,Cumplido
2024-09-06,2024,PED-2024-03171,El Paraíso,EP-02,Eureka,La Morenita SA,Mercado Interno,Tucumán,Retail Nacional,Limón Eureka,5,Primera,4097.0,228.0,0.2349,962.53,983.24,946398.0,0.1942,ARS,Cobrado,Cumplido
2024-09-06,2024,PED-2024-03186,La Esperanza,LE-03,Lisbon,La Morenita SA,Mercado Interno,Tucumán,Mercado Central,Limón Lisbon,7,Primera,4194.0,233.0,0.1985,832.68,949.25,790421.49,0.179,ARS,Cobrado,Cumplido
2024-09-06,2024,PED-2024-03189,La Esperanza,LE-04,Génova,La Morenita SA,Mercado Interno,Tucumán,Distribuidor Regional,Limón Génova,5,Segunda,3272.0,182.0,0.2184,714.65,957.65,684384.57,0.1377,ARS,Cobrado,Cumplido
2024-09-06,2024,PED-2024-03192,Los Álamos,LA-01,Eureka,La Morenita SA,Mercado Interno,Tucumán,Retail Nacional,Limón Eureka,6,Extra,5100.0,283.0,0.235,1198.68,994.59,1192195.14,0.1439,ARS,Cobrado,Parcial
2024-09-06,2024,PED-2024-03195,Los Álamos,LA-02,Lisbon,Supermercados Norte SA,Mercado Interno,Tucumán,Mercado Central,Limón Lisbon,4,Primera,3131.0,174.0,0.215,673.2,970.39,653266.55,0.1875,ARS,Cobrado,Cumplido
2024-09-06,2024,PED-2024-03198,Los Álamos,LA-03,Génova,Supermercados Norte SA,Mercado Interno,Tucumán,Mercado Central,Limón Génova,7,Primera,2864.0,159.0,0.2037,583.38,974.02,568223.79,0.1675,ARS,Cobrado,Cumplido
2024-09-13,2024,PED-2024-03227,El Paraíso,EP-04,Génova,Al Salam Trading,Exportación,Emiratos Árabes,Trader Golfo,Limón Génova,2,Segunda,5880.0,327.0,0.338,1987.23,1013.39,2013839.01,0.2452,USD,Cobrado,Cumplido
2024-09-13,2024,PED-2024-03233,La Esperanza,LE-02,Eureka,Al Salam Trading,Exportación,Emiratos Árabes,Programa Retail UE,Limón Eureka,4,Primera,13025.0,724.0,0.3342,4353.03,995.65,4334094.32,0.2166,USD,Cobrado,Cumplido
2024-09-13,2024,PED-2024-03239,La Esperanza,LE-04,Génova,Al Salam Trading,Exportación,Emiratos Árabes,Exportación Directa,Limón Génova,4,Segunda,8128.0,452.0,0.3162,2569.96,1009.06,2593243.84,0.2024,USD,Cobrado,Cumplido
2024-09-13,2024,PED-2024-03245,Los Álamos,LA-02,Lisbon,Al Salam Trading,Exportación,Emiratos Árabes,Exportación Directa,Limón Lisbon,5,Primera,9230.0,513.0,0.3333,3076.31,999.45,3074618.03,0.2422,USD,Pendiente,Cumplido
2024-09-13,2024,PED-2024-03248,Los Álamos,LA-03,Génova,Al Salam Trading,Exportación,Emiratos Árabes,Programa Retail UE,Limón Génova,5,Segunda,6412.0,356.0,0.3148,2018.76,975.66,1969623.38,0.2707,USD,Cobrado,Cumplido
2024-09-13,2024,PED-2024-03260,San Cayetano,SC-01,Eureka,Al Salam Trading,Exportación,Emiratos Árabes,Trader Golfo,Limón Eureka,7,Primera,10733.0,596.0,0.312,3348.33,979.35,3279186.99,0.2671,USD,Pendiente,Cumplido
2024-09-13,2024,PED-2024-03218,El Paraíso,EP-01,Eureka,Citrus World Ltd,Exportación,Reino Unido,Programa Retail UE,Limón Eureka,5,Primera,11659.0,648.0,0.3855,4494.19,989.02,4444843.79,0.2192,USD,Pendiente,Parcial
2024-09-13,2024,PED-2024-03230,La Esperanza,LE-01,Eureka,Fischer Import GmbH,Exportación,Alemania,Trader Golfo,Limón Eureka,5,Extra,16278.0,904.0,0.3964,6453.4,1000.29,6455271.49,0.2502,USD,Cobrado,Cumplido
2024-09-13,2024,PED-2024-03236,La Esperanza,LE-03,Lisbon,Fischer Import GmbH,Exportación,Alemania,Programa Retail UE,Limón Lisbon,5,Primera,12921.0,718.0,0.4035,5213.84,998.15,5204194.4,0.2174,USD,Cobrado,Cumplido
2024-09-13,2024,PED-2024-03242,Los Álamos,LA-01,Eureka,Fischer Import GmbH,Exportación,Alemania,Trader Golfo,Limón Eureka,3,Primera,11989.0,666.0,0.4177,5007.7,1002.29,5019167.63,0.1898,USD,Pendiente,Cumplido
2024-09-13,2024,PED-2024-03254,Río Ancho,RA-02,Lisbon,Fischer Import GmbH,Exportación,Alemania,Exportación Directa,Limón Lisbon,5,Extra,16308.0,906.0,0.4227,6894.01,992.55,6842649.63,0.2969,USD,Cobrado,Cumplido
2024-09-13,2024,PED-2024-03263,San Cayetano,SC-02,Lisbon,Fischer Import GmbH,Exportación,Alemania,Programa Retail UE,Limón Lisbon,6,Primera,8062.0,448.0,0.3735,3010.94,999.89,3010608.8,0.2924,USD,Vencido,Parcial
2024-09-13,2024,PED-2024-03266,San Cayetano,SC-03,Génova,Fischer Import GmbH,Exportación,Alemania,Trader Golfo,Limón Génova,6,Primera,9288.0,516.0,0.38,3529.03,1003.08,3539899.41,0.2033,USD,Cobrado,Cumplido
2024-09-13,2024,PED-2024-03221,El Paraíso,EP-02,Eureka,Medifresh SA,Exportación,España,Programa Retail UE,Limón Eureka,5,Extra,15194.0,844.0,0.3686,5599.89,984.54,5513315.7,0.2362,USD,Pendiente,Cumplido
2024-09-13,2024,PED-2024-03224,El Paraíso,EP-03,Lisbon,Medifresh SA,Exportación,España,Trader Golfo,Limón Lisbon,3,Primera,9558.0,531.0,0.3917,3743.46,1005.72,3764872.59,0.1859,USD,Cobrado,Parcial
2024-09-13,2024,PED-2024-03251,Río Ancho,RA-01,Eureka,Medifresh SA,Exportación,España,Trader Golfo,Limón Eureka,3,Segunda,15761.0,876.0,0.339,5343.02,980.49,5238777.68,0.2675,USD,Cobrado,Cumplido
2024-09-13,2024,PED-2024-03257,Río Ancho,RA-03,Génova,Medifresh SA,Exportación,España,Trader Golfo,Limón Génova,5,Segunda,7952.0,442.0,0.3401,2704.58,986.2,2667256.8,0.248,USD,Cobrado,Parcial
2024-09-13,2024,PED-2024-03229,El Paraíso,EP-04,Génova,Citromax SA,Industria,Tucumán,Contrato Industria,Limón Industria,2,Segunda,2353.0,131.0,0.0735,172.85,1013.39,175164.46,0.0363,ARS,Cobrado,Cumplido
2024-09-13,2024,PED-2024-03238,La Esperanza,LE-03,Lisbon,Citromax SA,Industria,Tucumán,Contrato Industria,Limón Industria,5,Primera,3646.0,203.0,0.0746,271.91,998.15,271406.97,0.0421,ARS,Cobrado,Cumplido
2024-09-13,2024,PED-2024-03244,Los Álamos,LA-01,Eureka,Citromax SA,Industria,Tucumán,Contrato Industria,Limón Industria,3,Primera,3617.0,201.0,0.0819,296.23,1002.29,296908.37,0.0879,ARS,Pendiente,Cumplido
2024-09-13,2024,PED-2024-03250,Los Álamos,LA-03,Génova,Citromax SA,Industria,Tucumán,Contrato Industria,Limón Industria,5,Segunda,2808.0,156.0,0.071,199.27,975.66,194419.77,0.0501,ARS,Cobrado,Cumplido
2024-09-13,2024,PED-2024-03259,Río Ancho,RA-03,Génova,Citromax SA,Industria,Tucumán,Contrato Industria,Limón Industria,5,Segunda,4100.0,228.0,0.0673,275.87,986.2,272062.99,0.056,ARS,Cobrado,Cumplido
2024-09-13,2024,PED-2024-03262,San Cayetano,SC-01,Eureka,Citromax SA,Industria,Tucumán,Contrato Industria,Limón Industria,7,Primera,3728.0,207.0,0.0702,261.82,979.35,256413.42,0.0797,ARS,Cobrado,Cumplido
2024-09-13,2024,PED-2024-03220,El Paraíso,EP-01,Eureka,Frutales Tucumán SRL,Industria,Tucumán,Mercado Industrial,Limón Industria,5,Primera,2863.0,159.0,0.0661,189.29,989.02,187211.6,0.0502,ARS,Cobrado,Cumplido
2024-09-13,2024,PED-2024-03223,El Paraíso,EP-02,Eureka,Frutales Tucumán SRL,Industria,Tucumán,Mercado Industrial,Limón Industria,5,Extra,4375.0,243.0,0.0694,303.47,984.54,298778.35,0.0492,ARS,Cobrado,Cumplido
2024-09-13,2024,PED-2024-03226,El Paraíso,EP-03,Lisbon,Frutales Tucumán SRL,Industria,Tucumán,Mercado Industrial,Limón Industria,3,Primera,3295.0,183.0,0.0708,233.13,1005.72,234463.5,0.0623,ARS,Vencido,Cumplido
2024-09-13,2024,PED-2024-03232,La Esperanza,LE-01,Eureka,Frutales Tucumán SRL,Industria,Tucumán,Contrato Industria,Limón Industria,5,Extra,3445.0,191.0,0.068,234.18,1000.29,234247.91,0.0511,ARS,Cobrado,Parcial
2024-09-13,2024,PED-2024-03235,La Esperanza,LE-02,Eureka,Frutales Tucumán SRL,Industria,Tucumán,Contrato Industria,Limón Industria,4,Primera,3383.0,188.0,0.0724,244.97,995.65,243904.38,0.0557,ARS,Cobrado,Cumplido
2024-09-13,2024,PED-2024-03241,La Esperanza,LE-04,Génova,Frutales Tucumán SRL,Industria,Tucumán,Contrato Industria,Limón Industria,4,Segunda,3984.0,221.0,0.063,251.06,1009.06,253334.6,0.0434,ARS,Cobrado,Cumplido
2024-09-13,2024,PED-2024-03247,Los Álamos,LA-02,Lisbon,Frutales Tucumán SRL,Industria,Tucumán,Contrato Industria,Limón Industria,5,Primera,2542.0,141.0,0.0663,168.52,999.45,168427.31,0.0651,ARS,Cobrado,Parcial
2024-09-13,2024,PED-2024-03253,Río Ancho,RA-01,Eureka,Frutales Tucumán SRL,Industria,Tucumán,Mercado Industrial,Limón Industria,3,Segunda,5518.0,307.0,0.0692,381.87,980.49,374419.72,0.06,ARS,Cobrado,Cumplido
2024-09-13,2024,PED-2024-03256,Río Ancho,RA-02,Lisbon,Frutales Tucumán SRL,Industria,Tucumán,Contrato Industria,Limón Industria,5,Extra,5511.0,306.0,0.0699,385.14,992.55,382270.71,0.0646,ARS,Cobrado,Parcial
2024-09-13,2024,PED-2024-03265,San Cayetano,SC-02,Lisbon,Frutales Tucumán SRL,Industria,Tucumán,Contrato Industria,Limón Industria,6,Primera,3364.0,187.0,0.0664,223.25,999.89,223225.44,0.0726,ARS,Cobrado,Cumplido
2024-09-13,2024,PED-2024-03268,San Cayetano,SC-03,Génova,Frutales Tucumán SRL,Industria,Tucumán,Contrato Industria,Limón Industria,6,Primera,3674.0,204.0,0.0642,235.88,1003.08,236606.51,0.0677,ARS,Pendiente,Cumplido
2024-09-13,2024,PED-2024-03225,El Paraíso,EP-03,Lisbon,Central de Frutas SA,Mercado Interno,Buenos Aires,Retail Nacional,Limón Lisbon,3,Primera,2378.0,132.0,0.2557,608.12,1005.72,611598.45,0.1724,ARS,Cobrado,Cumplido
2024-09-13,2024,PED-2024-03231,La Esperanza,LE-01,Eureka,Central de Frutas SA,Mercado Interno,Buenos Aires,Distribuidor Regional,Limón Eureka,5,Extra,4338.0,241.0,0.2334,1012.31,1000.29,1012603.57,0.1852,ARS,Cobrado,Cumplido
2024-09-13,2024,PED-2024-03237,La Esperanza,LE-03,Lisbon,Central de Frutas SA,Mercado Interno,Buenos Aires,Retail Nacional,Limón Lisbon,5,Primera,3789.0,210.0,0.2254,854.02,998.15,852440.06,0.1352,ARS,Vencido,Parcial
2024-09-13,2024,PED-2024-03240,La Esperanza,LE-04,Génova,Central de Frutas SA,Mercado Interno,Buenos Aires,Retail Nacional,Limón Génova,4,Segunda,4458.0,248.0,0.2313,1031.31,1009.06,1040653.67,0.1643,ARS,Cobrado,Cumplido
2024-09-13,2024,PED-2024-03246,Los Álamos,LA-02,Lisbon,Central de Frutas SA,Mercado Interno,Buenos Aires,Retail Nacional,Limón Lisbon,5,Primera,2873.0,160.0,0.2321,666.91,999.45,666543.2,0.203,ARS,Cobrado,Cumplido
2024-09-13,2024,PED-2024-03264,San Cayetano,SC-02,Lisbon,Frutales del Norte SRL,Mercado Interno,Salta,Retail Nacional,Limón Lisbon,6,Primera,3631.0,202.0,0.2067,750.56,999.89,750477.44,0.1176,ARS,Cobrado,Cumplido
2024-09-13,2024,PED-2024-03219,El Paraíso,EP-01,Eureka,La Morenita SA,Mercado Interno,Tucumán,Distribuidor Regional,Limón Eureka,5,Primera,4650.0,258.0,0.2211,1028.34,989.02,1017048.83,0.1961,ARS,Cobrado,Cumplido
2024-09-13,2024,PED-2024-03228,El Paraíso,EP-04,Génova,La Morenita SA,Mercado Interno,Tucumán,Mercado Central,Limón Génova,2,Segunda,1761.0,98.0,0.2354,414.52,1013.39,420070.42,0.18,ARS,Cobrado,Cumplido
2024-09-13,2024,PED-2024-03234,La Esperanza,LE-02,Eureka,La Morenita SA,Mercado Interno,Tucumán,Retail Nacional,Limón Eureka,4,Primera,5407.0,300.0,0.2355,1273.51,995.65,1267970.23,0.1195,ARS,Cobrado,Cumplido
2024-09-13,2024,PED-2024-03243,Los Álamos,LA-01,Eureka,La Morenita SA,Mercado Interno,Tucumán,Mercado Central,Limón Eureka,3,Primera,4550.0,253.0,0.2439,1109.56,1002.29,1112100.89,0.1674,ARS,Pendiente,Cumplido
2024-09-13,2024,PED-2024-03255,Río Ancho,RA-02,Lisbon,La Morenita SA,Mercado Interno,Tucumán,Distribuidor Regional,Limón Lisbon,5,Extra,4551.0,253.0,0.2368,1077.61,992.55,1069581.81,0.1969,ARS,Cobrado,Cumplido
2024-09-13,2024,PED-2024-03258,Río Ancho,RA-03,Génova,La Morenita SA,Mercado Interno,Tucumán,Retail Nacional,Limón Génova,5,Segunda,3964.0,220.0,0.2105,834.28,986.2,822766.94,0.1881,ARS,Pendiente,Cumplido
2024-09-13,2024,PED-2024-03222,El Paraíso,EP-02,Eureka,Supermercados Norte SA,Mercado Interno,Tucumán,Distribuidor Regional,Limón Eureka,5,Extra,4773.0,265.0,0.2154,1028.14,984.54,1012244.96,0.1464,ARS,Cobrado,Cumplido
2024-09-13,2024,PED-2024-03249,Los Álamos,LA-03,Génova,Supermercados Norte SA,Mercado Interno,Tucumán,Retail Nacional,Limón Génova,5,Segunda,2777.0,154.0,0.195,541.42,975.66,528241.84,0.1103,ARS,Cobrado,Cumplido
2024-09-13,2024,PED-2024-03252,Río Ancho,RA-01,Eureka,Supermercados Norte SA,Mercado Interno,Tucumán,Mercado Central,Limón Eureka,3,Segunda,8012.0,445.0,0.2167,1736.54,980.49,1702660.1,0.1371,ARS,Cobrado,Cumplido
2024-09-13,2024,PED-2024-03261,San Cayetano,SC-01,Eureka,Supermercados Norte SA,Mercado Interno,Tucumán,Retail Nacional,Limón Eureka,7,Primera,4438.0,247.0,0.2034,902.77,979.35,884127.8,0.1253,ARS,Cobrado,Cumplido
2024-09-13,2024,PED-2024-03267,San Cayetano,SC-03,Génova,Supermercados Norte SA,Mercado Interno,Tucumán,Retail Nacional,Limón Génova,6,Primera,3597.0,200.0,0.194,697.99,1003.08,700139.81,0.145,ARS,Cobrado,Cumplido
2024-09-20,2024,PED-2024-03275,El Paraíso,EP-03,Lisbon,Al Salam Trading,Exportación,Emiratos Árabes,Exportación Directa,Limón Lisbon,5,Segunda,8607.0,478.0,0.3195,2749.53,1019.31,2802623.42,0.1972,USD,Cobrado,Cumplido
2024-09-20,2024,PED-2024-03281,La Esperanza,LE-01,Eureka,Al Salam Trading,Exportación,Emiratos Árabes,Trader Golfo,Limón Eureka,6,Primera,12651.0,703.0,0.3255,4117.67,1010.16,4159505.53,0.2577,USD,Pendiente,Cumplido
2024-09-20,2024,PED-2024-03299,Los Álamos,LA-03,Génova,Al Salam Trading,Exportación,Emiratos Árabes,Trader Golfo,Limón Génova,5,Primera,6682.0,371.0,0.3566,2382.72,995.05,2370925.54,0.2032,USD,Cobrado,Cumplido
2024-09-20,2024,PED-2024-03314,San Cayetano,SC-02,Lisbon,Al Salam Trading,Exportación,Emiratos Árabes,Exportación Directa,Limón Lisbon,5,Primera,7702.0,428.0,0.3315,2553.28,996.5,2544343.52,0.1922,USD,Cobrado,Cumplido
2024-09-20,2024,PED-2024-03269,El Paraíso,EP-01,Eureka,Citrus World Ltd,Exportación,Reino Unido,Trader Golfo,Limón Eureka,2,Primera,10223.0,568.0,0.4142,4234.53,984.55,4169106.51,0.2037,USD,Pendiente,Cumplido
2024-09-20,2024,PED-2024-03272,El Paraíso,EP-02,Eureka,Citrus World Ltd,Exportación,Reino Unido,Programa Retail UE,Limón Eureka,3,Extra,15295.0,850.0,0.4192,6412.1,987.38,6331179.3,0.2268,USD,Cobrado,Cumplido
2024-09-20,2024,PED-2024-03284,La Esperanza,LE-02,Eureka,Citrus World Ltd,Exportación,Reino Unido,Trader Golfo,Limón Eureka,4,Segunda,13266.0,737.0,0.3647,4838.07,975.93,4721617.66,0.2489,USD,Vencido,Cumplido
2024-09-20,2024,PED-2024-03287,La Esperanza,LE-03,Lisbon,Citrus World Ltd,Exportación,Reino Unido,Trader Golfo,Limón Lisbon,5,Extra,8990.0,499.0,0.3957,3556.92,1004.09,3571467.8,0.3195,USD,Pendiente,Parcial
2024-09-20,2024,PED-2024-03308,Río Ancho,RA-03,Génova,Citrus World Ltd,Exportación,Reino Unido,Exportación Directa,Limón Génova,6,Segunda,6588.0,366.0,0.3538,2331.12,982.22,2289672.69,0.2299,USD,Cobrado,Cumplido
2024-09-20,2024,PED-2024-03311,San Cayetano,SC-01,Eureka,Citrus World Ltd,Exportación,Reino Unido,Programa Retail UE,Limón Eureka,3,Primera,15323.0,851.0,0.3967,6078.02,978.32,5946248.53,0.2922,USD,Cobrado,Cumplido
2024-09-20,2024,PED-2024-03317,San Cayetano,SC-03,Génova,Citrus World Ltd,Exportación,Reino Unido,Exportación Directa,Limón Génova,6,Primera,9243.0,514.0,0.3759,3474.33,992.06,3446743.82,0.193,USD,Cobrado,Cumplido
2024-09-20,2024,PED-2024-03278,El Paraíso,EP-04,Génova,Fischer Import GmbH,Exportación,Alemania,Exportación Directa,Limón Génova,6,Primera,5245.0,291.0,0.4044,2121.24,984.19,2087703.2,0.2018,USD,Cobrado,Cumplido
2024-09-20,2024,PED-2024-03293,Los Álamos,LA-01,Eureka,Fischer Import GmbH,Exportación,Alemania,Programa Retail UE,Limón Eureka,5,Extra,12901.0,717.0,0.4044,5217.3,978.87,5107058.45,0.2271,USD,Cobrado,Cumplido
2024-09-20,2024,PED-2024-03296,Los Álamos,LA-02,Lisbon,Fischer Import GmbH,Exportación,Alemania,Trader Golfo,Limón Lisbon,7,Segunda,6320.0,351.0,0.3413,2156.8,1021.04,2202179.07,0.2575,USD,Cobrado,Cumplido
2024-09-20,2024,PED-2024-03305,Río Ancho,RA-02,Lisbon,Fischer Import GmbH,Exportación,Alemania,Trader Golfo,Limón Lisbon,3,Primera,15753.0,875.0,0.4071,6412.54,1001.8,6424082.57,0.2518,USD,Pendiente,Cumplido
2024-09-20,2024,PED-2024-03290,La Esperanza,LE-04,Génova,Medifresh SA,Exportación,España,Exportación Directa,Limón Génova,5,Primera,8340.0,463.0,0.3507,2924.94,1015.5,2970276.57,0.2562,USD,Cobrado,Cumplido
2024-09-20,2024,PED-2024-03302,Río Ancho,RA-01,Eureka,Medifresh SA,Exportación,España,Exportación Directa,Limón Eureka,5,Primera,14023.0,779.0,0.3771,5288.31,954.0,5045047.74,0.2128,USD,Cobrado,Cumplido
2024-09-20,2024,PED-2024-03271,El Paraíso,EP-01,Eureka,Citromax SA,Industria,Tucumán,Contrato Industria,Limón Industria,2,Primera,2671.0,148.0,0.0801,214.07,984.55,210762.62,0.0603,ARS,Cobrado,Cumplido
2024-09-20,2024,PED-2024-03277,El Paraíso,EP-03,Lisbon,Citromax SA,Industria,Tucumán,Mercado Industrial,Limón Industria,5,Segunda,2825.0,157.0,0.0722,203.86,1019.31,207796.54,0.0775,ARS,Cobrado,Cumplido
2024-09-20,2024,PED-2024-03280,El Paraíso,EP-04,Génova,Citromax SA,Industria,Tucumán,Contrato Industria,Limón Industria,6,Primera,2041.0,113.0,0.0741,151.32,984.19,148927.63,0.0799,ARS,Vencido,Cumplido
2024-09-20,2024,PED-2024-03289,La Esperanza,LE-03,Lisbon,Citromax SA,Industria,Tucumán,Mercado Industrial,Limón Industria,5,Extra,2720.0,151.0,0.0812,220.95,1004.09,221853.69,0.0595,ARS,Cobrado,Parcial
2024-09-20,2024,PED-2024-03298,Los Álamos,LA-02,Lisbon,Citromax SA,Industria,Tucumán,Mercado Industrial,Limón Industria,7,Segunda,3220.0,179.0,0.0666,214.46,1021.04,218972.24,0.0697,ARS,Pendiente,Cumplido
2024-09-20,2024,PED-2024-03301,Los Álamos,LA-03,Génova,Citromax SA,Industria,Tucumán,Contrato Industria,Limón Industria,5,Primera,2387.0,133.0,0.072,171.93,995.05,171078.95,0.0842,ARS,Vencido,Cumplido
2024-09-20,2024,PED-2024-03274,El Paraíso,EP-02,Eureka,Frutales Tucumán SRL,Industria,Tucumán,Mercado Industrial,Limón Industria,3,Extra,4169.0,232.0,0.0738,307.49,987.38,303609.48,0.0619,ARS,Cobrado,Cumplido
2024-09-20,2024,PED-2024-03283,La Esperanza,LE-01,Eureka,Frutales Tucumán SRL,Industria,Tucumán,Contrato Industria,Limón Industria,6,Primera,4543.0,252.0,0.0662,300.57,1010.16,303623.79,0.0809,ARS,Cobrado,Parcial
2024-09-20,2024,PED-2024-03286,La Esperanza,LE-02,Eureka,Frutales Tucumán SRL,Industria,Tucumán,Mercado Industrial,Limón Industria,4,Segunda,4679.0,260.0,0.0636,297.42,975.93,290261.1,0.0512,ARS,Vencido,Cumplido
2024-09-20,2024,PED-2024-03292,La Esperanza,LE-04,Génova,Frutales Tucumán SRL,Industria,Tucumán,Contrato Industria,Limón Industria,5,Primera,3408.0,189.0,0.068,231.69,1015.5,235281.2,0.0303,ARS,Cobrado,Cumplido
2024-09-20,2024,PED-2024-03295,Los Álamos,LA-01,Eureka,Frutales Tucumán SRL,Industria,Tucumán,Contrato Industria,Limón Industria,5,Extra,3936.0,219.0,0.0678,266.69,978.87,261054.84,0.0653,ARS,Pendiente,Parcial
2024-09-20,2024,PED-2024-03304,Río Ancho,RA-01,Eureka,Frutales Tucumán SRL,Industria,Tucumán,Mercado Industrial,Limón Industria,5,Primera,3972.0,221.0,0.0654,259.78,954.0,247830.12,0.0577,ARS,Cobrado,Cumplido
2024-09-20,2024,PED-2024-03307,Río Ancho,RA-02,Lisbon,Frutales Tucumán SRL,Industria,Tucumán,Contrato Industria,Limón Industria,3,Primera,4742.0,263.0,0.0736,348.95,1001.8,349578.11,0.0379,ARS,Cobrado,Cumplido
2024-09-20,2024,PED-2024-03310,Río Ancho,RA-03,Génova,Frutales Tucumán SRL,Industria,Tucumán,Contrato Industria,Limón Industria,6,Segunda,4274.0,237.0,0.0597,255.31,982.22,250770.59,0.0841,ARS,Cobrado,Cumplido
2024-09-20,2024,PED-2024-03313,San Cayetano,SC-01,Eureka,Frutales Tucumán SRL,Industria,Tucumán,Mercado Industrial,Limón Industria,3,Primera,4125.0,229.0,0.0713,294.27,978.32,287890.23,0.0684,ARS,Cobrado,Cumplido
2024-09-20,2024,PED-2024-03316,San Cayetano,SC-02,Lisbon,Frutales Tucumán SRL,Industria,Tucumán,Contrato Industria,Limón Industria,5,Primera,3064.0,170.0,0.0676,207.02,996.5,206295.43,0.0893,ARS,Cobrado,Cumplido
2024-09-20,2024,PED-2024-03319,San Cayetano,SC-03,Génova,Frutales Tucumán SRL,Industria,Tucumán,Mercado Industrial,Limón Industria,6,Primera,4009.0,223.0,0.0664,266.23,992.06,264116.13,0.0633,ARS,Cobrado,Cumplido
2024-09-20,2024,PED-2024-03282,La Esperanza,LE-01,Eureka,Central de Frutas SA,Mercado Interno,Buenos Aires,Mercado Central,Limón Eureka,6,Primera,5859.0,326.0,0.2165,1268.76,1010.16,1281650.6,0.1278,ARS,Cobrado,Cumplido
2024-09-20,2024,PED-2024-03294,Los Álamos,LA-01,Eureka,Central de Frutas SA,Mercado Interno,Buenos Aires,Retail Nacional,Limón Eureka,5,Extra,4542.0,252.0,0.2422,1100.23,978.87,1076982.14,0.1222,ARS,Pendiente,Cumplido
2024-09-20,2024,PED-2024-03300,Los Álamos,LA-03,Génova,Central de Frutas SA,Mercado Interno,Buenos Aires,Mercado Central,Limón Génova,5,Primera,1924.0,107.0,0.2463,473.89,995.05,471544.24,0.1423,ARS,Cobrado,Cumplido
2024-09-20,2024,PED-2024-03270,El Paraíso,EP-01,Eureka,Frutales del Norte SRL,Mercado Interno,Salta,Distribuidor Regional,Limón Eureka,2,Primera,3758.0,209.0,0.2177,818.03,984.55,805391.44,0.1999,ARS,Pendiente,Cumplido
2024-09-20,2024,PED-2024-03279,El Paraíso,EP-04,Génova,Frutales del Norte SRL,Mercado Interno,Salta,Distribuidor Regional,Limón Génova,6,Primera,1720.0,96.0,0.2025,348.35,984.19,342842.59,0.1372,ARS,Pendiente,Cumplido
2024-09-20,2024,PED-2024-03285,La Esperanza,LE-02,Eureka,Frutales del Norte SRL,Mercado Interno,Salta,Distribuidor Regional,Limón Eureka,4,Segunda,7648.0,425.0,0.1909,1459.7,975.93,1424565.02,0.1212,ARS,Cobrado,Cumplido
2024-09-20,2024,PED-2024-03288,La Esperanza,LE-03,Lisbon,Frutales del Norte SRL,Mercado Interno,Salta,Retail Nacional,Limón Lisbon,5,Extra,3656.0,203.0,0.218,797.18,1004.09,800440.47,0.1911,ARS,Pendiente,Cumplido
2024-09-20,2024,PED-2024-03306,Río Ancho,RA-02,Lisbon,Frutales del Norte SRL,Mercado Interno,Salta,Distribuidor Regional,Limón Lisbon,3,Primera,6498.0,361.0,0.2146,1394.76,1001.8,1397270.57,0.1158,ARS,Cobrado,Cumplido
2024-09-20,2024,PED-2024-03309,Río Ancho,RA-03,Génova,Frutales del Norte SRL,Mercado Interno,Salta,Distribuidor Regional,Limón Génova,6,Segunda,4212.0,234.0,0.1786,752.2,982.22,738825.88,0.1312,ARS,Cobrado,Cumplido
2024-09-20,2024,PED-2024-03312,San Cayetano,SC-01,Eureka,Frutales del Norte SRL,Mercado Interno,Salta,Distribuidor Regional,Limón Eureka,3,Primera,5206.0,289.0,0.2162,1125.37,978.32,1100971.98,0.1944,ARS,Cobrado,Parcial
2024-09-20,2024,PED-2024-03315,San Cayetano,SC-02,Lisbon,Frutales del Norte SRL,Mercado Interno,Salta,Retail Nacional,Limón Lisbon,5,Primera,3788.0,210.0,0.1999,757.3,996.5,754649.45,0.2069,ARS,Cobrado,Cumplido
2024-09-20,2024,PED-2024-03297,Los Álamos,LA-02,Lisbon,La Morenita SA,Mercado Interno,Tucumán,Retail Nacional,Limón Lisbon,7,Segunda,4169.0,232.0,0.1926,803.04,1021.04,819935.96,0.1701,ARS,Pendiente,Cumplido
2024-09-20,2024,PED-2024-03303,Río Ancho,RA-01,Eureka,La Morenita SA,Mercado Interno,Tucumán,Retail Nacional,Limón Eureka,5,Primera,5481.0,304.0,0.215,1178.23,954.0,1124031.42,0.1759,ARS,Cobrado,Parcial
2024-09-20,2024,PED-2024-03318,San Cayetano,SC-03,Génova,La Morenita SA,Mercado Interno,Tucumán,Mercado Central,Limón Génova,6,Primera,3573.0,198.0,0.2071,739.88,992.06,734005.35,0.2029,ARS,Vencido,Cumplido
2024-09-20,2024,PED-2024-03273,El Paraíso,EP-02,Eureka,Supermercados Norte SA,Mercado Interno,Tucumán,Retail Nacional,Limón Eureka,3,Extra,3240.0,180.0,0.2468,799.51,987.38,789420.18,0.1788,ARS,Cobrado,Parcial
2024-09-20,2024,PED-2024-03276,El Paraíso,EP-03,Lisbon,Supermercados Norte SA,Mercado Interno,Tucumán,Retail Nacional,Limón Lisbon,5,Segunda,3419.0,190.0,0.2123,725.78,1019.31,739794.81,0.1296,ARS,Pendiente,Cumplido
2024-09-20,2024,PED-2024-03291,La Esperanza,LE-04,Génova,Supermercados Norte SA,Mercado Interno,Tucumán,Retail Nacional,Limón Génova,5,Primera,2860.0,159.0,0.2145,613.38,1015.5,622887.39,0.1474,ARS,Pendiente,Cumplido
2024-09-27,2024,PED-2024-03335,La Esperanza,LE-02,Eureka,Al Salam Trading,Exportación,Emiratos Árabes,Exportación Directa,Limón Eureka,3,Primera,12774.0,710.0,0.3684,4706.08,985.04,4635677.04,0.256,USD,Cobrado,Cumplido
2024-09-27,2024,PED-2024-03353,Río Ancho,RA-01,Eureka,Al Salam Trading,Exportación,Emiratos Árabes,Exportación Directa,Limón Eureka,3,Primera,20622.0,1146.0,0.3717,7665.68,999.82,7664300.18,0.2912,USD,Pendiente,Cumplido
2024-09-27,2024,PED-2024-03368,San Cayetano,SC-03,Génova,Al Salam Trading,Exportación,Emiratos Árabes,Exportación Directa,Limón Génova,7,Segunda,6504.0,361.0,0.2924,1902.06,971.25,1847375.78,0.2549,USD,Cobrado,Cumplido
2024-09-27,2024,PED-2024-03320,El Paraíso,EP-01,Eureka,Citrus World Ltd,Exportación,Reino Unido,Trader Golfo,Limón Eureka,5,Primera,11435.0,635.0,0.3776,4317.77,978.8,4226233.28,0.1989,USD,Pendiente,Parcial
2024-09-27,2024,PED-2024-03332,La Esperanza,LE-01,Eureka,Citrus World Ltd,Exportación,Reino Unido,Programa Retail UE,Limón Eureka,5,Primera,13114.0,729.0,0.3846,5043.99,1024.77,5168929.63,0.2108,USD,Vencido,Cumplido
2024-09-27,2024,PED-2024-03341,La Esperanza,LE-04,Génova,Citrus World Ltd,Exportación,Reino Unido,Trader Golfo,Limón Génova,4,Primera,7284.0,405.0,0.3739,2723.82,986.78,2687811.1,0.2388,USD,Cobrado,Cumplido
2024-09-27,2024,PED-2024-03356,Río Ancho,RA-02,Lisbon,Fischer Import GmbH,Exportación,Alemania,Trader Golfo,Limón Lisbon,2,Primera,14691.0,816.0,0.4584,6734.8,997.8,6719983.44,0.2748,USD,Cobrado,Cumplido
2024-09-27,2024,PED-2024-03323,El Paraíso,EP-02,Eureka,Medifresh SA,Exportación,España,Exportación Directa,Limón Eureka,4,Primera,12725.0,707.0,0.3686,4690.19,969.67,4547936.54,0.306,USD,Cobrado,Cumplido
2024-09-27,2024,PED-2024-03326,El Paraíso,EP-03,Lisbon,Medifresh SA,Exportación,España,Trader Golfo,Limón Lisbon,4,Extra,8311.0,462.0,0.395,3283.03,975.42,3202333.12,0.3002,USD,Pendiente,Cumplido
2024-09-27,2024,PED-2024-03329,El Paraíso,EP-04,Génova,Medifresh SA,Exportación,España,Programa Retail UE,Limón Génova,6,Segunda,4655.0,259.0,0.3403,1584.07,968.56,1534266.84,0.1545,USD,Cobrado,Cumplido
2024-09-27,2024,PED-2024-03338,La Esperanza,LE-03,Lisbon,Medifresh SA,Exportación,España,Exportación Directa,Limón Lisbon,4,Primera,8239.0,458.0,0.3893,3207.12,1004.06,3220140.91,0.2434,USD,Cobrado,Cumplido
2024-09-27,2024,PED-2024-03344,Los Álamos,LA-01,Eureka,Medifresh SA,Exportación,España,Trader Golfo,Limón Eureka,2,Primera,12011.0,667.0,0.3962,4758.97,973.71,4633856.68,0.1991,USD,Cobrado,Parcial
2024-09-27,2024,PED-2024-03347,Los Álamos,LA-02,Lisbon,Medifresh SA,Exportación,España,Trader Golfo,Limón Lisbon,4,Primera,9480.0,527.0,0.3496,3314.22,996.65,3303117.36,0.235,USD,Cobrado,Cumplido
2024-09-27,2024,PED-2024-03350,Los Álamos,LA-03,Génova,Medifresh SA,Exportación,España,Programa Retail UE,Limón Génova,6,Segunda,5360.0,298.0,0.3252,1742.94,1005.66,1752805.04,0.2516,USD,Cobrado,Cumplido
2024-09-27,2024,PED-2024-03359,Río Ancho,RA-03,Génova,Medifresh SA,Exportación,España,Exportación Directa,Limón Génova,7,Primera,9419.0,523.0,0.3277,3087.02,987.99,3049944.89,0.295,USD,Cobrado,Cumplido
2024-09-27,2024,PED-2024-03362,San Cayetano,SC-01,Eureka,Medifresh SA,Exportación,España,Programa Retail UE,Limón Eureka,6,Primera,15121.0,840.0,0.3296,4983.32,988.1,4924018.49,0.2379,USD,Cobrado,Cumplido
2024-09-27,2024,PED-2024-03365,San Cayetano,SC-02,Lisbon,Medifresh SA,Exportación,España,Exportación Directa,Limón Lisbon,3,Primera,10090.0,561.0,0.3852,3886.33,989.96,3847311.25,0.2787,USD,Cobrado,Cumplido
2024-09-27,2024,PED-2024-03325,El Paraíso,EP-02,Eureka,Citromax SA,Industria,Tucumán,Mercado Industrial,Limón Industria,4,Primera,3696.0,205.0,0.0767,283.33,969.67,274736.6,0.0333,ARS,Cobrado,Cumplido
2024-09-27,2024,PED-2024-03328,El Paraíso,EP-03,Lisbon,Citromax SA,Industria,Tucumán,Mercado Industrial,Limón Industria,4,Extra,2895.0,161.0,0.0802,232.11,975.42,226404.74,0.0519,ARS,Vencido,Cumplido
2024-09-27,2024,PED-2024-03349,Los Álamos,LA-02,Lisbon,Citromax SA,Industria,Tucumán,Contrato Industria,Limón Industria,4,Primera,3563.0,198.0,0.0768,273.56,996.65,272643.57,0.0364,ARS,Pendiente,Parcial
2024-09-27,2024,PED-2024-03352,Los Álamos,LA-03,Génova,Citromax SA,Industria,Tucumán,Contrato Industria,Limón Industria,6,Segunda,3008.0,167.0,0.0665,199.93,1005.66,201061.6,0.0339,ARS,Cobrado,Cumplido
2024-09-27,2024,PED-2024-03361,Río Ancho,RA-03,Génova,Citromax SA,Industria,Tucumán,Contrato Industria,Limón Industria,7,Primera,5258.0,292.0,0.0693,364.45,987.99,360072.96,0.0524,ARS,Cobrado,Cumplido
2024-09-27,2024,PED-2024-03364,San Cayetano,SC-01,Eureka,Citromax SA,Industria,Tucumán,Contrato Industria,Limón Industria,6,Primera,4021.0,223.0,0.0752,302.51,988.1,298910.13,0.0472,ARS,Cobrado,Cumplido
2024-09-27,2024,PED-2024-03322,El Paraíso,EP-01,Eureka,Frutales Tucumán SRL,Industria,Tucumán,Mercado Industrial,Limón Industria,5,Primera,3055.0,170.0,0.0692,211.33,978.8,206849.8,0.0679,ARS,Cobrado,Cumplido
2024-09-27,2024,PED-2024-03331,El Paraíso,EP-04,Génova,Frutales Tucumán SRL,Industria,Tucumán,Mercado Industrial,Limón Industria,6,Segunda,2086.0,116.0,0.0583,121.69,968.56,117864.07,0.0436,ARS,Vencido,Cumplido
2024-09-27,2024,PED-2024-03334,La Esperanza,LE-01,Eureka,Frutales Tucumán SRL,Industria,Tucumán,Contrato Industria,Limón Industria,5,Primera,2989.0,166.0,0.0715,213.62,1024.77,218911.37,0.041,ARS,Cobrado,Cumplido
2024-09-27,2024,PED-2024-03337,La Esperanza,LE-02,Eureka,Frutales Tucumán SRL,Industria,Tucumán,Mercado Industrial,Limón Industria,3,Primera,4118.0,229.0,0.0744,306.57,985.04,301983.71,0.0852,ARS,Cobrado,Parcial
2024-09-27,2024,PED-2024-03340,La Esperanza,LE-03,Lisbon,Frutales Tucumán SRL,Industria,Tucumán,Contrato Industria,Limón Industria,4,Primera,3731.0,207.0,0.0718,267.83,1004.06,268917.39,0.0771,ARS,Cobrado,Cumplido
2024-09-27,2024,PED-2024-03343,La Esperanza,LE-04,Génova,Frutales Tucumán SRL,Industria,Tucumán,Mercado Industrial,Limón Industria,4,Primera,3047.0,169.0,0.0675,205.77,986.78,203049.72,0.0698,ARS,Vencido,Cumplido
2024-09-27,2024,PED-2024-03346,Los Álamos,LA-01,Eureka,Frutales Tucumán SRL,Industria,Tucumán,Mercado Industrial,Limón Industria,2,Primera,4254.0,236.0,0.075,318.88,973.71,310496.64,0.0812,ARS,Pendiente,Parcial
2024-09-27,2024,PED-2024-03355,Río Ancho,RA-01,Eureka,Frutales Tucumán SRL,Industria,Tucumán,Contrato Industria,Limón Industria,3,Primera,4803.0,267.0,0.0691,332.11,999.82,332050.22,0.0334,ARS,Cobrado,Cumplido
2024-09-27,2024,PED-2024-03358,Río Ancho,RA-02,Lisbon,Frutales Tucumán SRL,Industria,Tucumán,Mercado Industrial,Limón Industria,2,Primera,5443.0,302.0,0.0755,410.78,997.8,409876.28,0.0783,ARS,Cobrado,Cumplido
2024-09-27,2024,PED-2024-03367,San Cayetano,SC-02,Lisbon,Frutales Tucumán SRL,Industria,Tucumán,Contrato Industria,Limón Industria,3,Primera,3779.0,210.0,0.0694,262.22,989.96,259587.31,0.0729,ARS,Cobrado,Cumplido
2024-09-27,2024,PED-2024-03370,San Cayetano,SC-03,Génova,Frutales Tucumán SRL,Industria,Tucumán,Mercado Industrial,Limón Industria,7,Segunda,3401.0,189.0,0.0569,193.52,971.25,187956.3,0.0885,ARS,Cobrado,Cumplido
2024-09-27,2024,PED-2024-03321,El Paraíso,EP-01,Eureka,Central de Frutas SA,Mercado Interno,Buenos Aires,Retail Nacional,Limón Eureka,5,Primera,4849.0,269.0,0.2246,1088.91,978.8,1065825.11,0.1291,ARS,Cobrado,Cumplido
2024-09-27,2024,PED-2024-03327,El Paraíso,EP-03,Lisbon,Central de Frutas SA,Mercado Interno,Buenos Aires,Mercado Central,Limón Lisbon,4,Extra,2411.0,134.0,0.2447,589.86,975.42,575361.24,0.1413,ARS,Cobrado,Cumplido
2024-09-27,2024,PED-2024-03336,La Esperanza,LE-02,Eureka,Central de Frutas SA,Mercado Interno,Buenos Aires,Distribuidor Regional,Limón Eureka,3,Primera,4159.0,231.0,0.2567,1067.73,985.04,1051756.76,0.1647,ARS,Cobrado,Cumplido
2024-09-27,2024,PED-2024-03339,La Esperanza,LE-03,Lisbon,Central de Frutas SA,Mercado Interno,Buenos Aires,Retail Nacional,Limón Lisbon,4,Primera,3726.0,207.0,0.2472,921.15,1004.06,924889.87,0.1364,ARS,Cobrado,Cumplido
2024-09-27,2024,PED-2024-03351,Los Álamos,LA-03,Génova,Central de Frutas SA,Mercado Interno,Buenos Aires,Mercado Central,Limón Génova,6,Segunda,3229.0,179.0,0.2096,676.73,1005.66,680560.29,0.1654,ARS,Cobrado,Cumplido
2024-09-27,2024,PED-2024-03324,El Paraíso,EP-02,Eureka,Frutales del Norte SRL,Mercado Interno,Salta,Retail Nacional,Limón Eureka,4,Primera,4109.0,228.0,0.2061,847.01,969.67,821320.19,0.1921,ARS,Pendiente,Cumplido
2024-09-27,2024,PED-2024-03342,La Esperanza,LE-04,Génova,Frutales del Norte SRL,Mercado Interno,Salta,Mercado Central,Limón Génova,4,Primera,2756.0,153.0,0.2091,576.24,986.78,568622.11,0.192,ARS,Cobrado,Parcial
2024-09-27,2024,PED-2024-03354,Río Ancho,RA-01,Eureka,Frutales del Norte SRL,Mercado Interno,Salta,Distribuidor Regional,Limón Eureka,3,Primera,5616.0,312.0,0.2148,1206.47,999.82,1206252.84,0.1506,ARS,Pendiente,Cumplido
2024-09-27,2024,PED-2024-03357,Río Ancho,RA-02,Lisbon,Frutales del Norte SRL,Mercado Interno,Salta,Retail Nacional,Limón Lisbon,2,Primera,3351.0,186.0,0.2256,756.0,997.8,754336.8,0.1918,ARS,Pendiente,Cumplido
2024-09-27,2024,PED-2024-03333,La Esperanza,LE-01,Eureka,La Morenita SA,Mercado Interno,Tucumán,Mercado Central,Limón Eureka,5,Primera,3766.0,209.0,0.2119,798.01,1024.77,817776.71,0.1712,ARS,Pendiente,Cumplido
2024-09-27,2024,PED-2024-03348,Los Álamos,LA-02,Lisbon,La Morenita SA,Mercado Interno,Tucumán,Mercado Central,Limón Lisbon,4,Primera,3300.0,183.0,0.2374,783.53,996.65,780905.17,0.1992,ARS,Pendiente,Cumplido
2024-09-27,2024,PED-2024-03369,San Cayetano,SC-03,Génova,La Morenita SA,Mercado Interno,Tucumán,Distribuidor Regional,Limón Génova,7,Segunda,3647.0,203.0,0.1989,725.47,971.25,704612.74,0.1756,ARS,Pendiente,Parcial
2024-09-27,2024,PED-2024-03330,El Paraíso,EP-04,Génova,Supermercados Norte SA,Mercado Interno,Tucumán,Mercado Central,Limón Génova,6,Segunda,2693.0,150.0,0.2008,540.67,968.56,523671.34,0.1977,ARS,Cobrado,Cumplido
2024-09-27,2024,PED-2024-03345,Los Álamos,LA-01,Eureka,Supermercados Norte SA,Mercado Interno,Tucumán,Distribuidor Regional,Limón Eureka,2,Primera,3046.0,169.0,0.2427,739.25,973.71,719815.12,0.2011,ARS,Cobrado,Cumplido
2024-09-27,2024,PED-2024-03360,Río Ancho,RA-03,Génova,Supermercados Norte SA,Mercado Interno,Tucumán,Mercado Central,Limón Génova,7,Primera,5364.0,298.0,0.1964,1053.54,987.99,1040886.98,0.1739,ARS,Cobrado,Cumplido
2024-09-27,2024,PED-2024-03363,San Cayetano,SC-01,Eureka,Supermercados Norte SA,Mercado Interno,Tucumán,Retail Nacional,Limón Eureka,6,Primera,5165.0,287.0,0.1945,1004.63,988.1,992674.9,0.1686,ARS,Cobrado,Cumplido
2024-09-27,2024,PED-2024-03366,San Cayetano,SC-02,Lisbon,Supermercados Norte SA,Mercado Interno,Tucumán,Mercado Central,Limón Lisbon,3,Primera,3652.0,203.0,0.2364,863.3,989.96,854632.47,0.1531,ARS,Pendiente,Cumplido
2024-10-04,2024,PED-2024-03374,El Paraíso,EP-02,Eureka,Al Salam Trading,Exportación,Emiratos Árabes,Exportación Directa,Limón Eureka,5,Segunda,6065.0,337.0,0.3252,1972.45,1027.56,2026810.72,0.2735,USD,Vencido,Cumplido
2024-10-04,2024,PED-2024-03378,El Paraíso,EP-04,Génova,Al Salam Trading,Exportación,Emiratos Árabes,Trader Golfo,Limón Génova,7,Primera,2310.0,128.0,0.3218,743.42,988.97,735220.08,0.2962,USD,Pendiente,Cumplido
2024-10-04,2024,PED-2024-03379,La Esperanza,LE-01,Eureka,Al Salam Trading,Exportación,Emiratos Árabes,Trader Golfo,Limón Eureka,5,Extra,5564.0,309.0,0.3437,1912.43,1028.79,1967488.86,0.3082,USD,Pendiente,Cumplido
2024-10-04,2024,PED-2024-03383,La Esperanza,LE-03,Lisbon,Al Salam Trading,Exportación,Emiratos Árabes,Programa Retail UE,Limón Lisbon,3,Primera,4795.0,266.0,0.356,1707.11,995.44,1699325.58,0.3057,USD,Cobrado,Cumplido
2024-10-04,2024,PED-2024-03393,Río Ancho,RA-01,Eureka,Al Salam Trading,Exportación,Emiratos Árabes,Exportación Directa,Limón Eureka,6,Primera,6787.0,377.0,0.3358,2279.16,983.22,2240915.7,0.2613,USD,Pendiente,Cumplido
2024-10-04,2024,PED-2024-03405,San Cayetano,SC-02,Lisbon,Al Salam Trading,Exportación,Emiratos Árabes,Programa Retail UE,Limón Lisbon,5,Primera,3879.0,216.0,0.3477,1348.72,1006.13,1356987.65,0.2036,USD,Pendiente,Cumplido
2024-10-04,2024,PED-2024-03385,La Esperanza,LE-04,Génova,Citrus World Ltd,Exportación,Reino Unido,Exportación Directa,Limón Génova,6,Primera,3104.0,172.0,0.3776,1172.16,1016.03,1190949.72,0.2389,USD,Cobrado,Cumplido
2024-10-04,2024,PED-2024-03389,Los Álamos,LA-02,Lisbon,Citrus World Ltd,Exportación,Reino Unido,Trader Golfo,Limón Lisbon,6,Segunda,3800.0,211.0,0.3361,1277.05,978.2,1249210.31,0.2437,USD,Pendiente,Cumplido
2024-10-04,2024,PED-2024-03377,El Paraíso,EP-03,Lisbon,Fischer Import GmbH,Exportación,Alemania,Programa Retail UE,Limón Lisbon,4,Primera,4538.0,252.0,0.4072,1848.08,988.83,1827436.95,0.2931,USD,Cobrado,Cumplido
2024-10-04,2024,PED-2024-03392,Los Álamos,LA-03,Génova,Fischer Import GmbH,Exportación,Alemania,Exportación Directa,Limón Génova,5,Segunda,2958.0,164.0,0.3591,1062.3,991.48,1053249.2,0.266,USD,Cobrado,Cumplido
2024-10-04,2024,PED-2024-03402,San Cayetano,SC-01,Eureka,Fischer Import GmbH,Exportación,Alemania,Exportación Directa,Limón Eureka,4,Extra,5999.0,333.0,0.399,2393.7,1000.9,2395854.33,0.2569,USD,Cobrado,Cumplido
2024-10-04,2024,PED-2024-03371,El Paraíso,EP-01,Eureka,Medifresh SA,Exportación,España,Programa Retail UE,Limón Eureka,2,Primera,5133.0,285.0,0.3751,1925.52,1009.04,1942926.7,0.2449,USD,Cobrado,Cumplido
2024-10-04,2024,PED-2024-03380,La Esperanza,LE-02,Eureka,Medifresh SA,Exportación,España,Trader Golfo,Limón Eureka,3,Segunda,5174.0,287.0,0.3351,1733.83,974.82,1690172.16,0.1802,USD,Pendiente,Cumplido
2024-10-04,2024,PED-2024-03386,Los Álamos,LA-01,Eureka,Medifresh SA,Exportación,España,Exportación Directa,Limón Eureka,4,Primera,4821.0,268.0,0.3425,1651.09,991.55,1637138.29,0.3092,USD,Cobrado,Cumplido
2024-10-04,2024,PED-2024-03396,Río Ancho,RA-02,Lisbon,Medifresh SA,Exportación,España,Programa Retail UE,Limón Lisbon,4,Segunda,5112.0,284.0,0.3366,1720.71,1013.12,1743285.72,0.2584,USD,Cobrado,Cumplido
2024-10-04,2024,PED-2024-03399,Río Ancho,RA-03,Génova,Medifresh SA,Exportación,España,Programa Retail UE,Limón Génova,7,Primera,3956.0,220.0,0.3221,1274.24,999.24,1273271.58,0.2622,USD,Cobrado,Cumplido
2024-10-04,2024,PED-2024-03407,San Cayetano,SC-03,Génova,Medifresh SA,Exportación,España,Programa Retail UE,Limón Génova,6,Primera,3202.0,178.0,0.3393,1086.33,992.8,1078508.42,0.2323,USD,Cobrado,Cumplido
2024-10-04,2024,PED-2024-03373,El Paraíso,EP-01,Eureka,Citromax SA,Industria,Tucumán,Mercado Industrial,Limón Industria,2,Primera,1572.0,87.0,0.0772,121.29,1009.04,122386.46,0.0652,ARS,Vencido,Cumplido
2024-10-04,2024,PED-2024-03376,El Paraíso,EP-02,Eureka,Citromax SA,Industria,Tucumán,Mercado Industrial,Limón Industria,5,Segunda,1652.0,92.0,0.0683,112.88,1027.56,115990.97,0.0496,ARS,Cobrado,Cumplido
2024-10-04,2024,PED-2024-03382,La Esperanza,LE-02,Eureka,Citromax SA,Industria,Tucumán,Contrato Industria,Limón Industria,3,Segunda,2091.0,116.0,0.0716,149.77,974.82,145998.79,0.0892,ARS,Pendiente,Parcial
2024-10-04,2024,PED-2024-03384,La Esperanza,LE-03,Lisbon,Citromax SA,Industria,Tucumán,Mercado Industrial,Limón Industria,3,Primera,1649.0,92.0,0.0784,129.3,995.44,128710.39,0.0478,ARS,Cobrado,Cumplido
2024-10-04,2024,PED-2024-03391,Los Álamos,LA-02,Lisbon,Citromax SA,Industria,Tucumán,Contrato Industria,Limón Industria,6,Segunda,1651.0,92.0,0.0626,103.33,978.2,101077.41,0.0357,ARS,Cobrado,Cumplido
2024-10-04,2024,PED-2024-03398,Río Ancho,RA-02,Lisbon,Citromax SA,Industria,Tucumán,Contrato Industria,Limón Industria,4,Segunda,2038.0,113.0,0.0693,141.15,1013.12,143001.89,0.0708,ARS,Vencido,Cumplido
2024-10-04,2024,PED-2024-03401,Río Ancho,RA-03,Génova,Citromax SA,Industria,Tucumán,Contrato Industria,Limón Industria,7,Primera,2475.0,138.0,0.0704,174.31,999.24,174177.52,0.052,ARS,Cobrado,Cumplido
2024-10-04,2024,PED-2024-03406,San Cayetano,SC-02,Lisbon,Citromax SA,Industria,Tucumán,Mercado Industrial,Limón Industria,5,Primera,1558.0,87.0,0.074,115.22,1006.13,115926.3,0.0608,ARS,Pendiente,Cumplido
2024-10-04,2024,PED-2024-03408,San Cayetano,SC-03,Génova,Citromax SA,Industria,Tucumán,Mercado Industrial,Limón Industria,6,Primera,1742.0,97.0,0.0721,125.65,992.8,124745.32,0.0883,ARS,Cobrado,Cumplido
2024-10-04,2024,PED-2024-03388,Los Álamos,LA-01,Eureka,Frutales Tucumán SRL,Industria,Tucumán,Contrato Industria,Limón Industria,4,Primera,1808.0,100.0,0.0678,122.53,991.55,121494.62,0.0858,ARS,Cobrado,Cumplido
2024-10-04,2024,PED-2024-03395,Río Ancho,RA-01,Eureka,Frutales Tucumán SRL,Industria,Tucumán,Mercado Industrial,Limón Industria,6,Primera,2206.0,123.0,0.0646,142.54,983.22,140148.18,0.0366,ARS,Cobrado,Cumplido
2024-10-04,2024,PED-2024-03404,San Cayetano,SC-01,Eureka,Frutales Tucumán SRL,Industria,Tucumán,Contrato Industria,Limón Industria,4,Extra,2233.0,124.0,0.0723,161.55,1000.9,161695.4,0.0371,ARS,Cobrado,Cumplido
2024-10-04,2024,PED-2024-03381,La Esperanza,LE-02,Eureka,Central de Frutas SA,Mercado Interno,Buenos Aires,Mercado Central,Limón Eureka,3,Segunda,2433.0,135.0,0.2273,553.01,974.82,539085.21,0.1211,ARS,Pendiente,Parcial
2024-10-04,2024,PED-2024-03387,Los Álamos,LA-01,Eureka,Central de Frutas SA,Mercado Interno,Buenos Aires,Mercado Central,Limón Eureka,4,Primera,1600.0,89.0,0.2322,371.58,991.55,368440.15,0.1718,ARS,Cobrado,Cumplido
2024-10-04,2024,PED-2024-03400,Río Ancho,RA-03,Génova,Central de Frutas SA,Mercado Interno,Buenos Aires,Distribuidor Regional,Limón Génova,7,Primera,1637.0,91.0,0.202,330.66,999.24,330408.7,0.1561,ARS,Vencido,Cumplido
2024-10-04,2024,PED-2024-03372,El Paraíso,EP-01,Eureka,Frutales del Norte SRL,Mercado Interno,Salta,Distribuidor Regional,Limón Eureka,2,Primera,1707.0,95.0,0.2072,353.69,1009.04,356887.36,0.1608,ARS,Cobrado,Cumplido
2024-10-04,2024,PED-2024-03397,Río Ancho,RA-02,Lisbon,Frutales del Norte SRL,Mercado Interno,Salta,Mercado Central,Limón Lisbon,4,Segunda,2698.0,150.0,0.1972,532.12,1013.12,539101.41,0.1345,ARS,Pendiente,Cumplido
2024-10-04,2024,PED-2024-03403,San Cayetano,SC-01,Eureka,Frutales del Norte SRL,Mercado Interno,Salta,Distribuidor Regional,Limón Eureka,4,Extra,2123.0,118.0,0.2102,446.16,1000.9,446561.54,0.2168,ARS,Pendiente,Cumplido
2024-10-04,2024,PED-2024-03375,El Paraíso,EP-02,Eureka,La Morenita SA,Mercado Interno,Tucumán,Retail Nacional,Limón Eureka,5,Segunda,2346.0,130.0,0.1961,460.12,1027.56,472800.91,0.1456,ARS,Cobrado,Cumplido
2024-10-04,2024,PED-2024-03390,Los Álamos,LA-02,Lisbon,La Morenita SA,Mercado Interno,Tucumán,Retail Nacional,Limón Lisbon,6,Segunda,1624.0,90.0,0.1869,303.6,978.2,296981.52,0.1485,ARS,Cobrado,Cumplido
2024-10-04,2024,PED-2024-03394,Río Ancho,RA-01,Eureka,Supermercados Norte SA,Mercado Interno,Tucumán,Mercado Central,Limón Eureka,6,Primera,3405.0,189.0,0.1993,678.48,983.22,667095.11,0.112,ARS,Cobrado,Cumplido
2024-10-11,2024,PED-2024-03418,La Esperanza,LE-02,Eureka,Al Salam Trading,Exportación,Emiratos Árabes,Trader Golfo,Limón Eureka,3,Primera,6061.0,337.0,0.3667,2222.29,997.48,2216689.83,0.3053,USD,Pendiente,Cumplido
2024-10-11,2024,PED-2024-03425,Los Álamos,LA-01,Eureka,Al Salam Trading,Exportación,Emiratos Árabes,Exportación Directa,Limón Eureka,6,Primera,4730.0,263.0,0.3337,1578.26,1014.36,1600923.81,0.2222,USD,Cobrado,Cumplido
2024-10-11,2024,PED-2024-03428,Los Álamos,LA-02,Lisbon,Al Salam Trading,Exportación,Emiratos Árabes,Exportación Directa,Limón Lisbon,5,Segunda,3584.0,199.0,0.3049,1092.62,1022.22,1116898.02,0.1821,USD,Vencido,Cumplido
2024-10-11,2024,PED-2024-03409,El Paraíso,EP-01,Eureka,Citrus World Ltd,Exportación,Reino Unido,Trader Golfo,Limón Eureka,4,Extra,5025.0,279.0,0.396,1989.89,1013.28,2016315.74,0.2281,USD,Pendiente,Cumplido
2024-10-11,2024,PED-2024-03414,El Paraíso,EP-04,Génova,Citrus World Ltd,Exportación,Reino Unido,Programa Retail UE,Limón Génova,6,Segunda,2157.0,120.0,0.3174,684.61,992.96,679790.35,0.2464,USD,Cobrado,Cumplido
2024-10-11,2024,PED-2024-03421,La Esperanza,LE-03,Lisbon,Citrus World Ltd,Exportación,Reino Unido,Trader Golfo,Limón Lisbon,4,Extra,4509.0,250.0,0.4043,1822.78,1015.61,1851233.6,0.3239,USD,Cobrado,Cumplido
2024-10-11,2024,PED-2024-03443,San Cayetano,SC-02,Lisbon,Citrus World Ltd,Exportación,Reino Unido,Exportación Directa,Limón Lisbon,4,Primera,4325.0,240.0,0.375,1622.0,1026.46,1664918.12,0.2198,USD,Pendiente,Cumplido
2024-10-11,2024,PED-2024-03411,El Paraíso,EP-02,Eureka,Fischer Import GmbH,Exportación,Alemania,Exportación Directa,Limón Eureka,2,Extra,6662.0,370.0,0.4367,2909.1,1014.42,2951049.22,0.2353,USD,Cobrado,Cumplido
2024-10-11,2024,PED-2024-03415,La Esperanza,LE-01,Eureka,Fischer Import GmbH,Exportación,Alemania,Exportación Directa,Limón Eureka,4,Extra,6327.0,352.0,0.4188,2649.59,990.33,2623968.46,0.3246,USD,Cobrado,Cumplido
2024-10-11,2024,PED-2024-03431,Los Álamos,LA-03,Génova,Fischer Import GmbH,Exportación,Alemania,Programa Retail UE,Limón Génova,5,Primera,2434.0,135.0,0.4113,1001.02,998.69,999708.66,0.2458,USD,Cobrado,Cumplido
2024-10-11,2024,PED-2024-03413,El Paraíso,EP-03,Lisbon,Medifresh SA,Exportación,España,Trader Golfo,Limón Lisbon,5,Primera,3404.0,189.0,0.3565,1213.48,1019.12,1236681.74,0.2231,USD,Pendiente,Cumplido
2024-10-11,2024,PED-2024-03422,La Esperanza,LE-04,Génova,Medifresh SA,Exportación,España,Trader Golfo,Limón Génova,6,Primera,4123.0,229.0,0.3439,1417.89,993.81,1409113.26,0.2035,USD,Cobrado,Cumplido
2024-10-11,2024,PED-2024-03432,Río Ancho,RA-01,Eureka,Medifresh SA,Exportación,España,Exportación Directa,Limón Eureka,2,Extra,7929.0,440.0,0.383,3036.77,1001.12,3040171.18,0.2325,USD,Cobrado,Cumplido
2024-10-11,2024,PED-2024-03435,Río Ancho,RA-02,Lisbon,Medifresh SA,Exportación,España,Exportación Directa,Limón Lisbon,5,Primera,5901.0,328.0,0.3399,2005.56,1002.76,2011095.35,0.2229,USD,Pendiente,Cumplido
2024-10-11,2024,PED-2024-03438,Río Ancho,RA-03,Génova,Medifresh SA,Exportación,España,Programa Retail UE,Limón Génova,4,Extra,4367.0,243.0,0.3886,1697.13,1037.05,1760008.67,0.2918,USD,Cobrado,Cumplido
2024-10-11,2024,PED-2024-03440,San Cayetano,SC-01,Eureka,Medifresh SA,Exportación,España,Trader Golfo,Limón Eureka,4,Primera,5335.0,296.0,0.361,1925.81,978.65,1884693.96,0.2014,USD,Cobrado,Cumplido
2024-10-11,2024,PED-2024-03445,San Cayetano,SC-03,Génova,Medifresh SA,Exportación,España,Programa Retail UE,Limón Génova,5,Segunda,3666.0,204.0,0.3236,1186.4,999.32,1185593.25,0.1818,USD,Pendiente,Cumplido
2024-10-11,2024,PED-2024-03417,La Esperanza,LE-01,Eureka,Citromax SA,Industria,Tucumán,Contrato Industria,Limón Industria,4,Extra,1733.0,96.0,0.0808,140.08,990.33,138725.43,0.0423,ARS,Pendiente,Parcial
2024-10-11,2024,PED-2024-03442,San Cayetano,SC-01,Eureka,Citromax SA,Industria,Tucumán,Contrato Industria,Limón Industria,4,Primera,1522.0,85.0,0.0772,117.52,978.65,115010.95,0.0496,ARS,Pendiente,Cumplido
2024-10-11,2024,PED-2024-03447,San Cayetano,SC-03,Génova,Citromax SA,Industria,Tucumán,Mercado Industrial,Limón Industria,5,Segunda,2060.0,114.0,0.0667,137.37,999.32,137276.59,0.0868,ARS,Cobrado,Cumplido
2024-10-11,2024,PED-2024-03410,El Paraíso,EP-01,Eureka,Frutales Tucumán SRL,Industria,Tucumán,Contrato Industria,Limón Industria,4,Extra,1597.0,89.0,0.0716,114.33,1013.28,115848.3,0.0596,ARS,Cobrado,Cumplido
2024-10-11,2024,PED-2024-03412,El Paraíso,EP-02,Eureka,Frutales Tucumán SRL,Industria,Tucumán,Mercado Industrial,Limón Industria,2,Extra,1802.0,100.0,0.0773,139.37,1014.42,141379.72,0.0325,ARS,Cobrado,Cumplido
2024-10-11,2024,PED-2024-03420,La Esperanza,LE-02,Eureka,Frutales Tucumán SRL,Industria,Tucumán,Mercado Industrial,Limón Industria,3,Primera,1688.0,94.0,0.0694,117.2,997.48,116904.66,0.0896,ARS,Pendiente,Cumplido
2024-10-11,2024,PED-2024-03424,La Esperanza,LE-04,Génova,Frutales Tucumán SRL,Industria,Tucumán,Mercado Industrial,Limón Industria,6,Primera,1831.0,102.0,0.0631,115.55,993.81,114834.75,0.0344,ARS,Pendiente,Cumplido
2024-10-11,2024,PED-2024-03427,Los Álamos,LA-01,Eureka,Frutales Tucumán SRL,Industria,Tucumán,Mercado Industrial,Limón Industria,6,Primera,1774.0,99.0,0.0667,118.3,1014.36,119998.79,0.0777,ARS,Pendiente,Cumplido
2024-10-11,2024,PED-2024-03430,Los Álamos,LA-02,Lisbon,Frutales Tucumán SRL,Industria,Tucumán,Mercado Industrial,Limón Industria,5,Segunda,1834.0,102.0,0.0651,119.46,1022.22,122114.4,0.0652,ARS,Cobrado,Cumplido
2024-10-11,2024,PED-2024-03434,Río Ancho,RA-01,Eureka,Frutales Tucumán SRL,Industria,Tucumán,Mercado Industrial,Limón Industria,2,Extra,2609.0,145.0,0.0772,201.53,1001.12,201755.71,0.0532,ARS,Cobrado,Cumplido
2024-10-11,2024,PED-2024-03437,Río Ancho,RA-02,Lisbon,Frutales Tucumán SRL,Industria,Tucumán,Contrato Industria,Limón Industria,5,Primera,2569.0,143.0,0.0678,174.2,1002.76,174680.79,0.0508,ARS,Cobrado,Cumplido
2024-10-11,2024,PED-2024-03439,Río Ancho,RA-03,Génova,Frutales Tucumán SRL,Industria,Tucumán,Mercado Industrial,Limón Industria,4,Extra,2291.0,127.0,0.0739,169.26,1037.05,175531.08,0.0699,ARS,Cobrado,Cumplido
2024-10-11,2024,PED-2024-03444,San Cayetano,SC-02,Lisbon,Frutales Tucumán SRL,Industria,Tucumán,Mercado Industrial,Limón Industria,4,Primera,1765.0,98.0,0.0667,117.65,1026.46,120763.02,0.0735,ARS,Cobrado,Cumplido
2024-10-11,2024,PED-2024-03426,Los Álamos,LA-01,Eureka,Central de Frutas SA,Mercado Interno,Buenos Aires,Retail Nacional,Limón Eureka,6,Primera,2126.0,118.0,0.2274,483.52,1014.36,490463.35,0.1859,ARS,Cobrado,Cumplido
2024-10-11,2024,PED-2024-03436,Río Ancho,RA-02,Lisbon,Central de Frutas SA,Mercado Interno,Buenos Aires,Distribuidor Regional,Limón Lisbon,5,Primera,1799.0,100.0,0.2257,406.05,1002.76,407170.7,0.1773,ARS,Pendiente,Cumplido
2024-10-11,2024,PED-2024-03433,Río Ancho,RA-01,Eureka,Frutales del Norte SRL,Mercado Interno,Salta,Retail Nacional,Limón Eureka,2,Extra,2288.0,127.0,0.2166,495.64,1001.12,496195.12,0.1419,ARS,Pendiente,Cumplido
2024-10-11,2024,PED-2024-03416,La Esperanza,LE-01,Eureka,La Morenita SA,Mercado Interno,Tucumán,Retail Nacional,Limón Eureka,4,Extra,2077.0,115.0,0.2325,482.82,990.33,478151.13,0.1957,ARS,Cobrado,Parcial
2024-10-11,2024,PED-2024-03419,La Esperanza,LE-02,Eureka,La Morenita SA,Mercado Interno,Tucumán,Mercado Central,Limón Eureka,3,Primera,1529.0,85.0,0.2435,372.25,997.48,371311.93,0.1186,ARS,Pendiente,Cumplido
2024-10-11,2024,PED-2024-03423,La Esperanza,LE-04,Génova,La Morenita SA,Mercado Interno,Tucumán,Mercado Central,Limón Génova,6,Primera,1911.0,106.0,0.2202,420.75,993.81,418145.56,0.1427,ARS,Cobrado,Cumplido
2024-10-11,2024,PED-2024-03429,Los Álamos,LA-02,Lisbon,La Morenita SA,Mercado Interno,Tucumán,Distribuidor Regional,Limón Lisbon,5,Segunda,1702.0,95.0,0.1983,337.51,1022.22,345009.47,0.1043,ARS,Cobrado,Cumplido
2024-10-11,2024,PED-2024-03441,San Cayetano,SC-01,Eureka,Supermercados Norte SA,Mercado Interno,Tucumán,Mercado Central,Limón Eureka,4,Primera,1975.0,110.0,0.2113,417.34,978.65,408429.79,0.182,ARS,Cobrado,Cumplido
2024-10-11,2024,PED-2024-03446,San Cayetano,SC-03,Génova,Supermercados Norte SA,Mercado Interno,Tucumán,Retail Nacional,Limón Génova,5,Segunda,1680.0,93.0,0.197,331.01,999.32,330784.91,0.1487,ARS,Cobrado,Cumplido
2024-10-18,2024,PED-2024-03462,La Esperanza,LE-03,Lisbon,Al Salam Trading,Exportación,Emiratos Árabes,Programa Retail UE,Limón Lisbon,4,Segunda,4227.0,235.0,0.3273,1383.29,1022.63,1414593.85,0.2269,USD,Pendiente,Cumplido
2024-10-18,2024,PED-2024-03484,San Cayetano,SC-01,Eureka,Al Salam Trading,Exportación,Emiratos Árabes,Exportación Directa,Limón Eureka,5,Extra,6092.0,338.0,0.3506,2136.13,989.43,2113551.11,0.2291,USD,Pendiente,Parcial
2024-10-18,2024,PED-2024-03489,San Cayetano,SC-03,Génova,Al Salam Trading,Exportación,Emiratos Árabes,Exportación Directa,Limón Génova,6,Segunda,3926.0,218.0,0.3107,1219.93,999.16,1218905.26,0.1625,USD,Cobrado,Cumplido
2024-10-18,2024,PED-2024-03454,El Paraíso,EP-03,Lisbon,Citrus World Ltd,Exportación,Reino Unido,Exportación Directa,Limón Lisbon,7,Primera,3713.0,206.0,0.3561,1322.11,1002.88,1325917.68,0.2877,USD,Cobrado,Pendiente
2024-10-18,2024,PED-2024-03468,Los Álamos,LA-01,Eureka,Citrus World Ltd,Exportación,Reino Unido,Exportación Directa,Limón Eureka,4,Extra,5625.0,312.0,0.4002,2251.01,989.02,2226293.91,0.2834,USD,Cobrado,Parcial
2024-10-18,2024,PED-2024-03478,Río Ancho,RA-02,Lisbon,Citrus World Ltd,Exportación,Reino Unido,Trader Golfo,Limón Lisbon,5,Segunda,6185.0,344.0,0.341,2108.85,1006.98,2123569.77,0.1888,USD,Cobrado,Cumplido
2024-10-18,2024,PED-2024-03481,Río Ancho,RA-03,Génova,Citrus World Ltd,Exportación,Reino Unido,Trader Golfo,Limón Génova,4,Segunda,4013.0,223.0,0.3658,1467.87,1006.26,1477058.87,0.271,USD,Pendiente,Pendiente
2024-10-18,2024,PED-2024-03487,San Cayetano,SC-02,Lisbon,Citrus World Ltd,Exportación,Reino Unido,Exportación Directa,Limón Lisbon,5,Primera,3461.0,192.0,0.394,1363.73,1013.84,1382604.02,0.2494,USD,Pendiente,Cumplido
2024-10-18,2024,PED-2024-03451,El Paraíso,EP-02,Eureka,Fischer Import GmbH,Exportación,Alemania,Exportación Directa,Limón Eureka,6,Segunda,6042.0,336.0,0.3501,2115.11,992.23,2098675.6,0.1617,USD,Pendiente,Parcial
2024-10-18,2024,PED-2024-03455,El Paraíso,EP-04,Génova,Fischer Import GmbH,Exportación,Alemania,Programa Retail UE,Limón Génova,2,Segunda,2600.0,144.0,0.3915,1017.84,1026.15,1044456.52,0.2585,USD,Pendiente,Cumplido
2024-10-18,2024,PED-2024-03456,La Esperanza,LE-01,Eureka,Fischer Import GmbH,Exportación,Alemania,Trader Golfo,Limón Eureka,3,Primera,5954.0,331.0,0.4111,2447.59,1000.07,2447761.33,0.3098,USD,Cobrado,Cumplido
2024-10-18,2024,PED-2024-03459,La Esperanza,LE-02,Eureka,Fischer Import GmbH,Exportación,Alemania,Trader Golfo,Limón Eureka,5,Primera,5765.0,320.0,0.3994,2302.34,1021.95,2352876.36,0.2031,USD,Cobrado,Parcial
2024-10-18,2024,PED-2024-03471,Los Álamos,LA-02,Lisbon,Fischer Import GmbH,Exportación,Alemania,Exportación Directa,Limón Lisbon,3,Extra,3992.0,222.0,0.4298,1715.82,1023.73,1756536.41,0.2655,USD,Cobrado,Parcial
2024-10-18,2024,PED-2024-03475,Río Ancho,RA-01,Eureka,Fischer Import GmbH,Exportación,Alemania,Exportación Directa,Limón Eureka,5,Primera,6644.0,369.0,0.3936,2615.39,995.39,2603333.05,0.2252,USD,Pendiente,Cumplido
2024-10-18,2024,PED-2024-03448,El Paraíso,EP-01,Eureka,Medifresh SA,Exportación,España,Trader Golfo,Limón Eureka,4,Extra,5822.0,323.0,0.3685,2145.44,988.1,2119909.26,0.2951,USD,Pendiente,Cumplido
2024-10-18,2024,PED-2024-03465,La Esperanza,LE-04,Génova,Medifresh SA,Exportación,España,Trader Golfo,Limón Génova,5,Primera,4022.0,223.0,0.3384,1361.16,1001.96,1363827.87,0.2949,USD,Cobrado,Cumplido
2024-10-18,2024,PED-2024-03473,Los Álamos,LA-03,Génova,Medifresh SA,Exportación,España,Trader Golfo,Limón Génova,4,Segunda,2361.0,131.0,0.3403,803.38,989.19,794695.46,0.1825,USD,Pendiente,Cumplido
2024-10-18,2024,PED-2024-03450,El Paraíso,EP-01,Eureka,Citromax SA,Industria,Tucumán,Mercado Industrial,Limón Industria,4,Extra,1783.0,99.0,0.0799,142.48,988.1,140784.49,0.0702,ARS,Cobrado,Cumplido
2024-10-18,2024,PED-2024-03453,El Paraíso,EP-02,Eureka,Citromax SA,Industria,Tucumán,Contrato Industria,Limón Industria,6,Segunda,2044.0,114.0,0.0646,132.06,992.23,131033.89,0.0711,ARS,Cobrado,Cumplido
2024-10-18,2024,PED-2024-03461,La Esperanza,LE-02,Eureka,Citromax SA,Industria,Tucumán,Contrato Industria,Limón Industria,5,Primera,1932.0,107.0,0.0703,135.76,1021.95,138739.93,0.0458,ARS,Cobrado,Cumplido
2024-10-18,2024,PED-2024-03467,La Esperanza,LE-04,Génova,Citromax SA,Industria,Tucumán,Mercado Industrial,Limón Industria,5,Primera,1847.0,103.0,0.0756,139.7,1001.96,139973.81,0.0558,ARS,Pendiente,Cumplido
2024-10-18,2024,PED-2024-03470,Los Álamos,LA-01,Eureka,Citromax SA,Industria,Tucumán,Contrato Industria,Limón Industria,4,Extra,1855.0,103.0,0.0748,138.67,989.02,137147.4,0.0337,ARS,Cobrado,Cumplido
2024-10-18,2024,PED-2024-03472,Los Álamos,LA-02,Lisbon,Citromax SA,Industria,Tucumán,Mercado Industrial,Limón Industria,3,Extra,1696.0,94.0,0.082,139.01,1023.73,142308.71,0.0883,ARS,Pendiente,Cumplido
2024-10-18,2024,PED-2024-03474,Los Álamos,LA-03,Génova,Citromax SA,Industria,Tucumán,Contrato Industria,Limón Industria,4,Segunda,1561.0,87.0,0.072,112.37,989.19,111155.28,0.0313,ARS,Cobrado,Cumplido
2024-10-18,2024,PED-2024-03477,Río Ancho,RA-01,Eureka,Citromax SA,Industria,Tucumán,Contrato Industria,Limón Industria,5,Primera,2381.0,132.0,0.0702,167.24,995.39,166469.02,0.0475,ARS,Cobrado,Parcial
2024-10-18,2024,PED-2024-03483,Río Ancho,RA-03,Génova,Citromax SA,Industria,Tucumán,Contrato Industria,Limón Industria,4,Segunda,2760.0,153.0,0.0704,194.25,1006.26,195466.0,0.0601,ARS,Cobrado,Cumplido
2024-10-18,2024,PED-2024-03486,San Cayetano,SC-01,Eureka,Citromax SA,Industria,Tucumán,Mercado Industrial,Limón Industria,5,Extra,1794.0,100.0,0.0742,133.03,989.43,131623.87,0.0325,ARS,Pendiente,Parcial
2024-10-18,2024,PED-2024-03488,San Cayetano,SC-02,Lisbon,Citromax SA,Industria,Tucumán,Mercado Industrial,Limón Industria,5,Primera,1708.0,95.0,0.0745,127.19,1013.84,128950.31,0.0465,ARS,Pendiente,Parcial
2024-10-18,2024,PED-2024-03491,San Cayetano,SC-03,Génova,Citromax SA,Industria,Tucumán,Contrato Industria,Limón Industria,6,Segunda,2030.0,113.0,0.0649,131.78,999.16,131669.3,0.0458,ARS,Cobrado,Cumplido
2024-10-18,2024,PED-2024-03458,La Esperanza,LE-01,Eureka,Frutales Tucumán SRL,Industria,Tucumán,Mercado Industrial,Limón Industria,3,Primera,2042.0,113.0,0.0676,137.97,1000.07,137979.66,0.0428,ARS,Vencido,Cumplido
2024-10-18,2024,PED-2024-03464,La Esperanza,LE-03,Lisbon,Frutales Tucumán SRL,Industria,Tucumán,Mercado Industrial,Limón Industria,4,Segunda,1563.0,87.0,0.0645,100.85,1022.63,103132.24,0.071,ARS,Cobrado,Cumplido
2024-10-18,2024,PED-2024-03480,Río Ancho,RA-02,Lisbon,Frutales Tucumán SRL,Industria,Tucumán,Contrato Industria,Limón Industria,5,Segunda,2613.0,145.0,0.0595,155.47,1006.98,156555.18,0.0756,ARS,Cobrado,Parcial
2024-10-18,2024,PED-2024-03463,La Esperanza,LE-03,Lisbon,Central de Frutas SA,Mercado Interno,Buenos Aires,Distribuidor Regional,Limón Lisbon,4,Segunda,1651.0,92.0,0.2259,373.03,1022.63,381471.67,0.1663,ARS,Cobrado,Parcial
2024-10-18,2024,PED-2024-03466,La Esperanza,LE-04,Génova,Frutales del Norte SRL,Mercado Interno,Salta,Retail Nacional,Limón Génova,5,Primera,1625.0,90.0,0.1905,309.61,1001.96,310216.84,0.17,ARS,Cobrado,Cumplido
2024-10-18,2024,PED-2024-03479,Río Ancho,RA-02,Lisbon,Frutales del Norte SRL,Mercado Interno,Salta,Retail Nacional,Limón Lisbon,5,Segunda,2844.0,158.0,0.1978,562.66,1006.98,566587.37,0.1328,ARS,Cobrado,Parcial
2024-10-18,2024,PED-2024-03482,Río Ancho,RA-03,Génova,Frutales del Norte SRL,Mercado Interno,Salta,Mercado Central,Limón Génova,4,Segunda,1780.0,99.0,0.1979,352.24,1006.26,354445.02,0.1455,ARS,Pendiente,Parcial
2024-10-18,2024,PED-2024-03485,San Cayetano,SC-01,Eureka,Frutales del Norte SRL,Mercado Interno,Salta,Retail Nacional,Limón Eureka,5,Extra,1777.0,99.0,0.2004,356.02,989.43,352256.87,0.2055,ARS,Cobrado,Parcial
2024-10-18,2024,PED-2024-03452,El Paraíso,EP-02,Eureka,La Morenita SA,Mercado Interno,Tucumán,Retail Nacional,Limón Eureka,6,Segunda,2770.0,154.0,0.1865,516.64,992.23,512625.71,0.1274,ARS,Cobrado,Cumplido
2024-10-18,2024,PED-2024-03460,La Esperanza,LE-02,Eureka,La Morenita SA,Mercado Interno,Tucumán,Mercado Central,Limón Eureka,5,Primera,2815.0,156.0,0.2141,602.75,1021.95,615980.36,0.1235,ARS,Cobrado,Cumplido
2024-10-18,2024,PED-2024-03469,Los Álamos,LA-01,Eureka,La Morenita SA,Mercado Interno,Tucumán,Mercado Central,Limón Eureka,4,Extra,2027.0,113.0,0.2462,499.01,989.02,493530.87,0.1871,ARS,Cobrado,Cumplido
2024-10-18,2024,PED-2024-03476,Río Ancho,RA-01,Eureka,La Morenita SA,Mercado Interno,Tucumán,Distribuidor Regional,Limón Eureka,5,Primera,2668.0,148.0,0.2127,567.4,995.39,564784.29,0.12,ARS,Pendiente,Cumplido
2024-10-18,2024,PED-2024-03449,El Paraíso,EP-01,Eureka,Supermercados Norte SA,Mercado Interno,Tucumán,Mercado Central,Limón Eureka,4,Extra,1572.0,87.0,0.2292,360.23,988.1,355943.26,0.1214,ARS,Cobrado,Parcial
2024-10-18,2024,PED-2024-03457,La Esperanza,LE-01,Eureka,Supermercados Norte SA,Mercado Interno,Tucumán,Distribuidor Regional,Limón Eureka,3,Primera,1878.0,104.0,0.2317,435.11,1000.07,435140.46,0.1924,ARS,Cobrado,Cumplido
2024-10-18,2024,PED-2024-03490,San Cayetano,SC-03,Génova,Supermercados Norte SA,Mercado Interno,Tucumán,Distribuidor Regional,Limón Génova,6,Segunda,1598.0,89.0,0.1935,309.19,999.16,308930.28,0.1635,ARS,Cobrado,Parcial
2024-10-25,2024,PED-2024-03501,La Esperanza,LE-02,Eureka,Al Salam Trading,Exportación,Emiratos Árabes,Exportación Directa,Limón Eureka,5,Primera,6228.0,346.0,0.3172,1975.34,990.64,1956850.82,0.207,USD,Cobrado,Cumplido
2024-10-25,2024,PED-2024-03512,Los Álamos,LA-02,Lisbon,Al Salam Trading,Exportación,Emiratos Árabes,Programa Retail UE,Limón Lisbon,5,Primera,3308.0,184.0,0.3496,1156.48,1014.62,1173387.74,0.2454,USD,Pendiente,Cumplido
2024-10-25,2024,PED-2024-03516,Río Ancho,RA-01,Eureka,Al Salam Trading,Exportación,Emiratos Árabes,Programa Retail UE,Limón Eureka,4,Extra,8341.0,463.0,0.336,2802.34,1009.59,2829214.44,0.2957,USD,Pendiente,Cumplido
2024-10-25,2024,PED-2024-03526,San Cayetano,SC-02,Lisbon,Al Salam Trading,Exportación,Emiratos Árabes,Programa Retail UE,Limón Lisbon,5,Extra,4023.0,224.0,0.3319,1335.24,1025.82,1369715.9,0.2805,USD,Cobrado,Parcial
2024-10-25,2024,PED-2024-03492,El Paraíso,EP-01,Eureka,Citrus World Ltd,Exportación,Reino Unido,Exportación Directa,Limón Eureka,3,Extra,5793.0,322.0,0.3974,2302.15,1024.96,2359611.66,0.225,USD,Vencido,Parcial
2024-10-25,2024,PED-2024-03493,El Paraíso,EP-02,Eureka,Citrus World Ltd,Exportación,Reino Unido,Exportación Directa,Limón Eureka,4,Segunda,4943.0,275.0,0.3749,1852.91,991.69,1837512.32,0.2087,USD,Pendiente,Pendiente
2024-10-25,2024,PED-2024-03509,Los Álamos,LA-01,Eureka,Citrus World Ltd,Exportación,Reino Unido,Programa Retail UE,Limón Eureka,6,Primera,4708.0,262.0,0.3593,1691.47,1004.16,1698506.52,0.1882,USD,Cobrado,Parcial
2024-10-25,2024,PED-2024-03524,San Cayetano,SC-01,Eureka,Citrus World Ltd,Exportación,Reino Unido,Exportación Directa,Limón Eureka,4,Extra,6015.0,334.0,0.3823,2299.78,1000.62,2301205.86,0.2254,USD,Pendiente,Pendiente
2024-10-25,2024,PED-2024-03496,El Paraíso,EP-03,Lisbon,Fischer Import GmbH,Exportación,Alemania,Programa Retail UE,Limón Lisbon,6,Primera,4409.0,245.0,0.3737,1647.82,1005.26,1656487.53,0.2598,USD,Vencido,Cumplido
2024-10-25,2024,PED-2024-03499,La Esperanza,LE-01,Eureka,Fischer Import GmbH,Exportación,Alemania,Trader Golfo,Limón Eureka,4,Extra,5376.0,299.0,0.4046,2174.99,1008.32,2193085.92,0.223,USD,Pendiente,Cumplido
2024-10-25,2024,PED-2024-03504,La Esperanza,LE-03,Lisbon,Fischer Import GmbH,Exportación,Alemania,Trader Golfo,Limón Lisbon,7,Segunda,3993.0,222.0,0.3195,1275.73,1036.73,1322587.56,0.2161,USD,Pendiente,Cumplido
2024-10-25,2024,PED-2024-03515,Los Álamos,LA-03,Génova,Fischer Import GmbH,Exportación,Alemania,Trader Golfo,Limón Génova,6,Segunda,2164.0,120.0,0.3633,786.09,1004.54,789658.85,0.1743,USD,Cobrado,Parcial
2024-10-25,2024,PED-2024-03522,Río Ancho,RA-03,Génova,Fischer Import GmbH,Exportación,Alemania,Programa Retail UE,Limón Génova,4,Extra,5014.0,279.0,0.3922,1966.27,1031.57,2028345.14,0.2807,USD,Cobrado,Cumplido
2024-10-25,2024,PED-2024-03498,El Paraíso,EP-04,Génova,Medifresh SA,Exportación,España,Trader Golfo,Limón Génova,5,Segunda,2025.0,112.0,0.3458,700.32,1030.8,721889.86,0.1813,USD,Cobrado,Parcial
2024-10-25,2024,PED-2024-03507,La Esperanza,LE-04,Génova,Medifresh SA,Exportación,España,Trader Golfo,Limón Génova,6,Extra,4135.0,230.0,0.3429,1418.0,992.65,1407577.7,0.2189,USD,Pendiente,Cumplido
2024-10-25,2024,PED-2024-03519,Río Ancho,RA-02,Lisbon,Medifresh SA,Exportación,España,Exportación Directa,Limón Lisbon,3,Primera,6276.0,349.0,0.371,2328.19,1004.61,2338922.96,0.3007,USD,Cobrado,Cumplido
2024-10-25,2024,PED-2024-03528,San Cayetano,SC-03,Génova,Medifresh SA,Exportación,España,Programa Retail UE,Limón Génova,5,Primera,3594.0,200.0,0.3717,1336.01,990.07,1322743.42,0.1925,USD,Cobrado,Parcial
2024-10-25,2024,PED-2024-03495,El Paraíso,EP-02,Eureka,Citromax SA,Industria,Tucumán,Mercado Industrial,Limón Industria,4,Segunda,1854.0,103.0,0.0701,129.96,991.69,128880.03,0.0333,ARS,Cobrado,Parcial
2024-10-25,2024,PED-2024-03503,La Esperanza,LE-02,Eureka,Citromax SA,Industria,Tucumán,Mercado Industrial,Limón Industria,5,Primera,1920.0,107.0,0.0727,139.61,990.64,138303.25,0.033,ARS,Cobrado,Cumplido
2024-10-25,2024,PED-2024-03514,Los Álamos,LA-02,Lisbon,Citromax SA,Industria,Tucumán,Mercado Industrial,Limón Industria,5,Primera,1501.0,83.0,0.0743,111.47,1014.62,113099.69,0.0347,ARS,Cobrado,Cumplido
2024-10-25,2024,PED-2024-03523,Río Ancho,RA-03,Génova,Citromax SA,Industria,Tucumán,Mercado Industrial,Limón Industria,4,Extra,2489.0,138.0,0.0758,188.62,1031.57,194574.73,0.0579,ARS,Pendiente,Cumplido
2024-10-25,2024,PED-2024-03525,San Cayetano,SC-01,Eureka,Citromax SA,Industria,Tucumán,Mercado Industrial,Limón Industria,4,Extra,1858.0,103.0,0.0813,151.03,1000.62,151123.64,0.0665,ARS,Cobrado,Cumplido
2024-10-25,2024,PED-2024-03527,San Cayetano,SC-02,Lisbon,Citromax SA,Industria,Tucumán,Contrato Industria,Limón Industria,5,Extra,1813.0,101.0,0.0726,131.55,1025.82,134946.62,0.0624,ARS,Pendiente,Cumplido
2024-10-25,2024,PED-2024-03529,San Cayetano,SC-03,Génova,Citromax SA,Industria,Tucumán,Contrato Industria,Limón Industria,5,Primera,1675.0,93.0,0.0704,117.99,990.07,116818.36,0.0464,ARS,Pendiente,Cumplido
2024-10-25,2024,PED-2024-03497,El Paraíso,EP-03,Lisbon,Frutales Tucumán SRL,Industria,Tucumán,Contrato Industria,Limón Industria,6,Primera,1510.0,84.0,0.0626,94.55,1005.26,95047.33,0.0346,ARS,Pendiente,Cumplido
2024-10-25,2024,PED-2024-03506,La Esperanza,LE-03,Lisbon,Frutales Tucumán SRL,Industria,Tucumán,Mercado Industrial,Limón Industria,7,Segunda,1885.0,105.0,0.0572,107.86,1036.73,111821.7,0.0525,ARS,Pendiente,Cumplido
2024-10-25,2024,PED-2024-03508,La Esperanza,LE-04,Génova,Frutales Tucumán SRL,Industria,Tucumán,Contrato Industria,Limón Industria,6,Extra,1584.0,88.0,0.0665,105.36,992.65,104585.6,0.0335,ARS,Cobrado,Cumplido
2024-10-25,2024,PED-2024-03511,Los Álamos,LA-01,Eureka,Frutales Tucumán SRL,Industria,Tucumán,Contrato Industria,Limón Industria,6,Primera,1638.0,91.0,0.0647,106.04,1004.16,106481.13,0.0739,ARS,Cobrado,Cumplido
2024-10-25,2024,PED-2024-03518,Río Ancho,RA-01,Eureka,Frutales Tucumán SRL,Industria,Tucumán,Mercado Industrial,Limón Industria,4,Extra,2295.0,128.0,0.0688,157.96,1009.59,159474.84,0.0571,ARS,Cobrado,Cumplido
2024-10-25,2024,PED-2024-03521,Río Ancho,RA-02,Lisbon,Frutales Tucumán SRL,Industria,Tucumán,Contrato Industria,Limón Industria,3,Primera,2133.0,118.0,0.0666,142.11,1004.61,142765.13,0.0665,ARS,Vencido,Cumplido
2024-10-25,2024,PED-2024-03517,Río Ancho,RA-01,Eureka,Central de Frutas SA,Mercado Interno,Buenos Aires,Distribuidor Regional,Limón Eureka,4,Extra,1834.0,102.0,0.2495,457.66,1009.59,462048.96,0.138,ARS,Pendiente,Parcial
2024-10-25,2024,PED-2024-03494,El Paraíso,EP-02,Eureka,Frutales del Norte SRL,Mercado Interno,Salta,Mercado Central,Limón Eureka,4,Segunda,1756.0,98.0,0.1852,325.26,991.69,322557.09,0.1616,ARS,Vencido,Cumplido
2024-10-25,2024,PED-2024-03500,La Esperanza,LE-01,Eureka,La Morenita SA,Mercado Interno,Tucumán,Distribuidor Regional,Limón Eureka,4,Extra,1967.0,109.0,0.2297,451.85,1008.32,455609.39,0.2054,ARS,Cobrado,Parcial
2024-10-25,2024,PED-2024-03502,La Esperanza,LE-02,Eureka,La Morenita SA,Mercado Interno,Tucumán,Mercado Central,Limón Eureka,5,Primera,2318.0,129.0,0.2313,536.09,990.64,531072.2,0.1277,ARS,Vencido,Cumplido
2024-10-25,2024,PED-2024-03505,La Esperanza,LE-03,Lisbon,Supermercados Norte SA,Mercado Interno,Tucumán,Mercado Central,Limón Lisbon,7,Segunda,2112.0,117.0,0.1781,376.21,1036.73,390028.19,0.1336,ARS,Cobrado,Pendiente
2024-10-25,2024,PED-2024-03510,Los Álamos,LA-01,Eureka,Supermercados Norte SA,Mercado Interno,Tucumán,Distribuidor Regional,Limón Eureka,6,Primera,2351.0,131.0,0.1904,447.73,1004.16,449592.56,0.1839,ARS,Pendiente,Parcial
2024-10-25,2024,PED-2024-03513,Los Álamos,LA-02,Lisbon,Supermercados Norte SA,Mercado Interno,Tucumán,Mercado Central,Limón Lisbon,5,Primera,1521.0,84.0,0.1992,302.92,1014.62,307348.69,0.1578,ARS,Pendiente,Pendiente
2024-10-25,2024,PED-2024-03520,Río Ancho,RA-02,Lisbon,Supermercados Norte SA,Mercado Interno,Tucumán,Distribuidor Regional,Limón Lisbon,3,Primera,1774.0,99.0,0.2132,378.22,1004.61,379963.59,0.1714,ARS,Vencido,Cumplido
2024-11-01,2024,PED-2024-03531,El Paraíso,EP-02,Eureka,Citrus World Ltd,Exportación,Reino Unido,Trader Golfo,Limón Eureka,4,Primera,2143.0,119.0,0.3595,770.37,1036.55,798527.02,0.232,USD,Pendiente,Cumplido
2024-11-01,2024,PED-2024-03533,La Esperanza,LE-02,Eureka,Citrus World Ltd,Exportación,Reino Unido,Exportación Directa,Limón Eureka,4,Extra,2214.0,123.0,0.4023,890.59,1032.01,919097.79,0.2006,USD,Cobrado,Pendiente
2024-11-01,2024,PED-2024-03539,San Cayetano,SC-02,Lisbon,Citrus World Ltd,Exportación,Reino Unido,Programa Retail UE,Limón Lisbon,3,Primera,1663.0,92.0,0.4076,677.77,1022.31,692891.05,0.2758,USD,Pendiente,Parcial
2024-11-01,2024,PED-2024-03532,La Esperanza,LE-01,Eureka,Fischer Import GmbH,Exportación,Alemania,Trader Golfo,Limón Eureka,5,Primera,2061.0,114.0,0.4065,837.71,1003.4,840558.21,0.2238,USD,Pendiente,Pendiente
2024-11-01,2024,PED-2024-03536,Río Ancho,RA-01,Eureka,Fischer Import GmbH,Exportación,Alemania,Trader Golfo,Limón Eureka,6,Extra,2623.0,146.0,0.3676,964.27,1031.52,994663.79,0.2471,USD,Pendiente,Parcial
2024-11-01,2024,PED-2024-03530,El Paraíso,EP-01,Eureka,Medifresh SA,Exportación,España,Programa Retail UE,Limón Eureka,4,Segunda,1686.0,94.0,0.3364,567.15,1043.35,591735.95,0.2716,USD,Pendiente,Pendiente
2024-11-01,2024,PED-2024-03534,La Esperanza,LE-03,Lisbon,Medifresh SA,Exportación,España,Exportación Directa,Limón Lisbon,3,Primera,1561.0,87.0,0.3851,601.19,1001.75,602242.08,0.2591,USD,Cobrado,Cumplido
2024-11-01,2024,PED-2024-03535,Los Álamos,LA-01,Eureka,Medifresh SA,Exportación,España,Trader Golfo,Limón Eureka,5,Primera,1596.0,89.0,0.3647,582.03,978.73,569650.22,0.2575,USD,Pendiente,Parcial
2024-11-01,2024,PED-2024-03537,Río Ancho,RA-02,Lisbon,Medifresh SA,Exportación,España,Trader Golfo,Limón Lisbon,3,Segunda,2005.0,111.0,0.3518,705.4,1027.29,724650.37,0.2088,USD,Pendiente,Pendiente
2024-11-01,2024,PED-2024-03538,San Cayetano,SC-01,Eureka,Medifresh SA,Exportación,España,Programa Retail UE,Limón Eureka,7,Segunda,1639.0,91.0,0.2815,461.32,1013.46,467529.37,0.2769,USD,Pendiente,Parcial
2024-11-08,2024,PED-2024-03541,El Paraíso,EP-02,Eureka,Al Salam Trading,Exportación,Emiratos Árabes,Trader Golfo,Limón Eureka,7,Primera,1895.0,105.0,0.3028,573.87,1023.81,587533.84,0.2588,USD,Pendiente,Parcial
2024-11-08,2024,PED-2024-03542,La Esperanza,LE-01,Eureka,Al Salam Trading,Exportación,Emiratos Árabes,Exportación Directa,Limón Eureka,4,Primera,2118.0,118.0,0.3411,722.53,1011.79,731048.63,0.2173,USD,Pendiente,Parcial
2024-11-08,2024,PED-2024-03544,La Esperanza,LE-03,Lisbon,Al Salam Trading,Exportación,Emiratos Árabes,Programa Retail UE,Limón Lisbon,5,Segunda,1547.0,86.0,0.3122,483.03,1012.91,489265.92,0.2122,USD,Pendiente,Cumplido
2024-11-08,2024,PED-2024-03547,Río Ancho,RA-02,Lisbon,Al Salam Trading,Exportación,Emiratos Árabes,Programa Retail UE,Limón Lisbon,4,Primera,2158.0,120.0,0.3364,725.93,1014.63,736550.36,0.2229,USD,Pendiente,Cumplido
2024-11-08,2024,PED-2024-03548,San Cayetano,SC-01,Eureka,Al Salam Trading,Exportación,Emiratos Árabes,Trader Golfo,Limón Eureka,6,Primera,2230.0,124.0,0.3171,707.21,999.47,706835.18,0.2009,USD,Pendiente,Cumplido
2024-11-08,2024,PED-2024-03545,Los Álamos,LA-01,Eureka,Citrus World Ltd,Exportación,Reino Unido,Programa Retail UE,Limón Eureka,5,Primera,1949.0,108.0,0.368,717.31,1005.19,721032.84,0.279,USD,Pendiente,Cumplido
2024-11-08,2024,PED-2024-03543,La Esperanza,LE-02,Eureka,Fischer Import GmbH,Exportación,Alemania,Exportación Directa,Limón Eureka,4,Primera,2272.0,126.0,0.4161,945.28,1000.79,946026.77,0.2794,USD,Cobrado,Parcial
2024-11-08,2024,PED-2024-03540,El Paraíso,EP-01,Eureka,Medifresh SA,Exportación,España,Programa Retail UE,Limón Eureka,3,Extra,1909.0,106.0,0.3811,727.59,1009.36,734400.24,0.2699,USD,Pendiente,Cumplido
2024-11-08,2024,PED-2024-03546,Río Ancho,RA-01,Eureka,Medifresh SA,Exportación,España,Exportación Directa,Limón Eureka,7,Segunda,2384.0,132.0,0.3024,720.98,1030.4,742897.79,0.164,USD,Pendiente,Pendiente
2024-11-15,2024,PED-2024-03551,La Esperanza,LE-01,Eureka,Al Salam Trading,Exportación,Emiratos Árabes,Programa Retail UE,Limón Eureka,4,Primera,1953.0,108.0,0.3206,626.2,992.07,621234.23,0.2605,USD,Cobrado,Pendiente
2024-11-15,2024,PED-2024-03550,El Paraíso,EP-02,Eureka,Citrus World Ltd,Exportación,Reino Unido,Exportación Directa,Limón Eureka,4,Primera,2249.0,125.0,0.3781,850.34,1004.65,854294.08,0.259,USD,Cobrado,Pendiente
2024-11-15,2024,PED-2024-03552,La Esperanza,LE-02,Eureka,Citrus World Ltd,Exportación,Reino Unido,Exportación Directa,Limón Eureka,5,Extra,2311.0,128.0,0.3922,906.26,1032.79,935976.27,0.2697,USD,Pendiente,Cumplido
2024-11-15,2024,PED-2024-03557,San Cayetano,SC-01,Eureka,Citrus World Ltd,Exportación,Reino Unido,Trader Golfo,Limón Eureka,4,Primera,1674.0,93.0,0.363,607.62,1026.67,623825.23,0.221,USD,Pendiente,Cumplido
2024-11-15,2024,PED-2024-03553,La Esperanza,LE-03,Lisbon,Fischer Import GmbH,Exportación,Alemania,Programa Retail UE,Limón Lisbon,6,Primera,1755.0,98.0,0.3764,660.57,1052.63,695335.8,0.2937,USD,Pendiente,Pendiente
2024-11-15,2024,PED-2024-03549,El Paraíso,EP-01,Eureka,Medifresh SA,Exportación,España,Exportación Directa,Limón Eureka,2,Primera,2065.0,115.0,0.3607,744.83,1018.45,758572.11,0.2128,USD,Pendiente,Cumplido
2024-11-15,2024,PED-2024-03554,Los Álamos,LA-01,Eureka,Medifresh SA,Exportación,España,Programa Retail UE,Limón Eureka,6,Primera,1584.0,88.0,0.3424,542.34,999.45,542041.71,0.2336,USD,Pendiente,Cumplido
2024-11-15,2024,PED-2024-03555,Río Ancho,RA-01,Eureka,Medifresh SA,Exportación,España,Programa Retail UE,Limón Eureka,4,Segunda,1927.0,107.0,0.3384,652.19,1014.74,661803.28,0.1681,USD,Pendiente,Cumplido
2024-11-15,2024,PED-2024-03556,Río Ancho,RA-02,Lisbon,Medifresh SA,Exportación,España,Trader Golfo,Limón Lisbon,3,Primera,2278.0,127.0,0.3499,797.15,1025.69,817628.78,0.2334,USD,Pendiente,Cumplido
2024-11-22,2024,PED-2024-03563,Río Ancho,RA-01,Eureka,Al Salam Trading,Exportación,Emiratos Árabes,Exportación Directa,Limón Eureka,4,Primera,1992.0,111.0,0.3416,680.38,1034.19,703642.19,0.21,USD,Pendiente,Parcial
2024-11-22,2024,PED-2024-03564,Río Ancho,RA-02,Lisbon,Al Salam Trading,Exportación,Emiratos Árabes,Programa Retail UE,Limón Lisbon,5,Primera,1742.0,97.0,0.3284,571.99,1050.03,600606.66,0.278,USD,Cobrado,Parcial
2024-11-22,2024,PED-2024-03558,El Paraíso,EP-01,Eureka,Citrus World Ltd,Exportación,Reino Unido,Trader Golfo,Limón Eureka,3,Primera,1822.0,101.0,0.3832,698.17,1043.29,728393.78,0.2623,USD,Pendiente,Cumplido
2024-11-22,2024,PED-2024-03560,La Esperanza,LE-01,Eureka,Citrus World Ltd,Exportación,Reino Unido,Exportación Directa,Limón Eureka,7,Primera,1665.0,92.0,0.3231,537.92,1052.2,565999.42,0.2042,USD,Cobrado,Pendiente
2024-11-22,2024,PED-2024-03562,Los Álamos,LA-01,Eureka,Citrus World Ltd,Exportación,Reino Unido,Exportación Directa,Limón Eureka,6,Segunda,1748.0,97.0,0.3322,580.65,1026.97,596310.13,0.2623,USD,Pendiente,Cumplido
2024-11-22,2024,PED-2024-03565,San Cayetano,SC-01,Eureka,Citrus World Ltd,Exportación,Reino Unido,Trader Golfo,Limón Eureka,5,Primera,2493.0,138.0,0.3808,949.39,1043.47,990659.98,0.2717,USD,Pendiente,Cumplido
2024-11-22,2024,PED-2024-03559,El Paraíso,EP-02,Eureka,Fischer Import GmbH,Exportación,Alemania,Exportación Directa,Limón Eureka,6,Extra,1897.0,105.0,0.3839,728.34,1043.24,759833.42,0.2851,USD,Pendiente,Parcial
2024-11-22,2024,PED-2024-03561,La Esperanza,LE-02,Eureka,Fischer Import GmbH,Exportación,Alemania,Exportación Directa,Limón Eureka,4,Primera,2399.0,133.0,0.4053,972.23,1033.41,1004712.2,0.2881,USD,Pendiente,Cumplido
2024-11-29,2024,PED-2024-03572,Río Ancho,RA-02,Lisbon,Al Salam Trading,Exportación,Emiratos Árabes,Programa Retail UE,Limón Lisbon,4,Primera,2096.0,116.0,0.3182,666.96,1036.27,691150.64,0.2187,USD,Pendiente,Cumplido
2024-11-29,2024,PED-2024-03570,Los Álamos,LA-01,Eureka,Fischer Import GmbH,Exportación,Alemania,Exportación Directa,Limón Eureka,3,Primera,1643.0,91.0,0.4121,677.01,1033.38,699608.59,0.2382,USD,Pendiente,Cumplido
2024-11-29,2024,PED-2024-03571,Río Ancho,RA-01,Eureka,Fischer Import GmbH,Exportación,Alemania,Programa Retail UE,Limón Eureka,2,Segunda,2248.0,125.0,0.3736,839.81,1032.69,867263.39,0.2053,USD,Pendiente,Cumplido
2024-11-29,2024,PED-2024-03566,El Paraíso,EP-01,Eureka,Medifresh SA,Exportación,España,Trader Golfo,Limón Eureka,5,Primera,2073.0,115.0,0.3595,745.21,1026.03,764607.82,0.1893,USD,Pendiente,Cumplido
2024-11-29,2024,PED-2024-03567,El Paraíso,EP-02,Eureka,Medifresh SA,Exportación,España,Exportación Directa,Limón Eureka,4,Primera,2128.0,118.0,0.3668,780.49,1012.37,790144.66,0.3029,USD,Pendiente,Cumplido
2024-11-29,2024,PED-2024-03568,La Esperanza,LE-01,Eureka,Medifresh SA,Exportación,España,Exportación Directa,Limón Eureka,2,Primera,2122.0,118.0,0.3759,797.7,1031.08,822492.52,0.2533,USD,Pendiente,Pendiente
2024-11-29,2024,PED-2024-03569,La Esperanza,LE-02,Eureka,Medifresh SA,Exportación,España,Programa Retail UE,Limón Eureka,6,Primera,2326.0,129.0,0.3498,813.68,1049.52,853973.43,0.2846,USD,Pendiente,Cumplido
2024-11-29,2024,PED-2024-03573,San Cayetano,SC-01,Eureka,Medifresh SA,Exportación,España,Trader Golfo,Limón Eureka,3,Primera,2056.0,114.0,0.3447,708.62,1013.22,717987.96,0.2616,USD,Pendiente,Parcial
2024-11-29,2024,PED-2024-03574,San Cayetano,SC-02,Lisbon,Medifresh SA,Exportación,España,Programa Retail UE,Limón Lisbon,5,Extra,1661.0,92.0,0.3687,612.37,1022.58,626197.31,0.2906,USD,Pendiente,Parcial
