fecha,campaña,finca,lote,variedad,kg_ingresados,kg_exportables,kg_industria,kg_descarte,calibre,calidad,turno,linea,cajas_producidas,horas_operativas,costo_empaque,rendimiento_exportable_pct
2023-03-01,2023,El Paraíso,EP-01,Eureka,10290.0,7873.0,1619.0,798.0,5,Extra,Mañana,Línea 1,437.0,5.0,649.19,76.5
2023-03-08,2023,El Paraíso,EP-01,Eureka,10134.0,7546.0,1643.0,945.0,3,Extra,Tarde,Línea 3,419.0,4.5,673.73,74.5
2023-03-15,2023,El Paraíso,EP-01,Eureka,9042.0,6827.0,1285.0,930.0,2,Primera,Mañana,Línea 1,379.0,4.5,545.17,75.5
2023-03-22,2023,El Paraíso,EP-01,Eureka,10980.0,7916.0,1752.0,1312.0,3,Primera,Tarde,Línea 3,440.0,5.2,831.02,72.1
2023-03-29,2023,El Paraíso,EP-01,Eureka,10358.0,7930.0,1488.0,940.0,5,Primera,Mañana,Línea 3,441.0,5.1,697.94,76.6
2023-04-05,2023,El Paraíso,EP-01,Eureka,26075.0,21247.0,3786.0,1042.0,3,Primera,Noche,Línea 1,1180.0,14.1,1947.37,81.5
2023-04-12,2023,El Paraíso,EP-01,Eureka,26512.0,21194.0,3994.0,1324.0,5,Extra,Mañana,Línea 2,1177.0,14.2,1603.94,79.9
2023-04-19,2023,El Paraíso,EP-01,Eureka,25048.0,20104.0,3029.0,1915.0,3,Primera,Mañana,Línea 2,1117.0,13.8,1504.28,80.3
2023-04-26,2023,El Paraíso,EP-01,Eureka,23738.0,17744.0,3366.0,2628.0,5,Segunda,Tarde,Línea 3,986.0,12.2,1672.52,74.7
2023-05-03,2023,El Paraíso,EP-01,Eureka,33478.0,26087.0,4245.0,3146.0,3,Segunda,Mañana,Línea 2,1449.0,14.5,2648.84,77.9
2023-05-10,2023,El Paraíso,EP-01,Eureka,37653.0,28906.0,5570.0,3177.0,6,Primera,Noche,Línea 3,1606.0,13.6,2781.96,76.8
2023-05-17,2023,El Paraíso,EP-01,Eureka,29930.0,22931.0,4197.0,2802.0,3,Extra,Tarde,Línea 2,1274.0,15.8,2139.85,76.6
2023-05-24,2023,El Paraíso,EP-01,Eureka,30986.0,23928.0,4373.0,2685.0,7,Segunda,Noche,Línea 2,1329.0,16.2,2132.11,77.2
2023-05-31,2023,El Paraíso,EP-01,Eureka,30259.0,24593.0,4034.0,1632.0,3,Primera,Mañana,Línea 2,1366.0,12.4,2428.35,81.3
2023-06-07,2023,El Paraíso,EP-01,Eureka,31657.0,25542.0,4505.0,1610.0,4,Primera,Tarde,Línea 3,1419.0,14.4,2309.89,80.7
2023-06-14,2023,El Paraíso,EP-01,Eureka,40529.0,33234.0,4438.0,2857.0,5,Primera,Mañana,Línea 3,1846.0,16.6,3111.36,82.0
2023-06-21,2023,El Paraíso,EP-01,Eureka,38875.0,30254.0,5138.0,3483.0,3,Primera,Mañana,Línea 3,1681.0,20.6,3128.93,77.8
2023-06-28,2023,El Paraíso,EP-01,Eureka,36377.0,28474.0,4809.0,3094.0,5,Extra,Mañana,Línea 1,1582.0,16.5,2634.21,78.3
2023-07-05,2023,El Paraíso,EP-01,Eureka,29888.0,24248.0,4222.0,1418.0,3,Extra,Mañana,Línea 2,1347.0,15.6,2401.03,81.1
2023-07-12,2023,El Paraíso,EP-01,Eureka,33859.0,27255.0,4213.0,2391.0,2,Segunda,Tarde,Línea 3,1514.0,13.4,2669.22,80.5
2023-07-19,2023,El Paraíso,EP-01,Eureka,33675.0,26681.0,4357.0,2637.0,4,Primera,Tarde,Línea 3,1482.0,17.4,2514.81,79.2
2023-07-26,2023,El Paraíso,EP-01,Eureka,30648.0,24491.0,4190.0,1967.0,4,Primera,Mañana,Línea 3,1361.0,12.3,1875.06,79.9
2023-08-02,2023,El Paraíso,EP-01,Eureka,26900.0,22058.0,3631.0,1211.0,4,Primera,Tarde,Línea 3,1225.0,14.4,1884.66,82.0
2023-08-09,2023,El Paraíso,EP-01,Eureka,26612.0,20850.0,3480.0,2282.0,4,Extra,Noche,Línea 3,1158.0,14.3,1559.98,78.3
2023-08-16,2023,El Paraíso,EP-01,Eureka,28384.0,22812.0,3602.0,1970.0,4,Primera,Noche,Línea 1,1267.0,14.0,1991.06,80.4
2023-08-23,2023,El Paraíso,EP-01,Eureka,28540.0,22614.0,3964.0,1962.0,5,Primera,Tarde,Línea 1,1256.0,14.5,2079.71,79.2
2023-08-30,2023,El Paraíso,EP-01,Eureka,23733.0,18364.0,3773.0,1596.0,4,Primera,Tarde,Línea 2,1020.0,12.7,1772.4,77.4
2023-09-06,2023,El Paraíso,EP-01,Eureka,17987.0,13804.0,2283.0,1900.0,7,Segunda,Mañana,Línea 3,767.0,9.3,1174.17,76.7
2023-09-13,2023,El Paraíso,EP-01,Eureka,19380.0,14911.0,3110.0,1359.0,3,Segunda,Noche,Línea 3,828.0,7.5,1410.19,76.9
2023-09-20,2023,El Paraíso,EP-01,Eureka,18700.0,14040.0,2761.0,1899.0,4,Primera,Mañana,Línea 1,780.0,8.2,1143.26,75.1
2023-09-27,2023,El Paraíso,EP-01,Eureka,20660.0,15626.0,2920.0,2114.0,7,Segunda,Mañana,Línea 3,868.0,7.8,1562.04,75.6
2023-10-04,2023,El Paraíso,EP-01,Eureka,8943.0,6347.0,1398.0,1198.0,6,Primera,Mañana,Línea 3,353.0,4.5,522.81,71.0
2023-10-11,2023,El Paraíso,EP-01,Eureka,7685.0,5700.0,1061.0,924.0,4,Primera,Tarde,Línea 1,317.0,4.5,490.22,74.2
2023-10-18,2023,El Paraíso,EP-01,Eureka,7450.0,5297.0,1324.0,829.0,4,Extra,Noche,Línea 3,294.0,4.5,451.72,71.1
2023-10-25,2023,El Paraíso,EP-01,Eureka,8901.0,6312.0,1361.0,1228.0,6,Primera,Tarde,Línea 1,351.0,4.5,617.95,70.9
2023-11-01,2023,El Paraíso,EP-01,Eureka,2713.0,1951.0,421.0,341.0,7,Segunda,Noche,Línea 2,108.0,4.5,215.44,71.9
2023-11-08,2023,El Paraíso,EP-01,Eureka,3237.0,2423.0,469.0,345.0,3,Extra,Tarde,Línea 1,135.0,4.5,253.07,74.9
2023-11-15,2023,El Paraíso,EP-01,Eureka,3570.0,2470.0,585.0,515.0,3,Primera,Mañana,Línea 3,137.0,4.5,263.55,69.2
2023-11-22,2023,El Paraíso,EP-01,Eureka,3227.0,2272.0,524.0,431.0,6,Extra,Tarde,Línea 3,126.0,4.5,244.28,70.4
2023-11-29,2023,El Paraíso,EP-01,Eureka,3052.0,2210.0,417.0,425.0,3,Primera,Tarde,Línea 1,123.0,4.5,229.49,72.4
2023-03-01,2023,El Paraíso,EP-02,Eureka,13772.0,9433.0,2196.0,2143.0,7,Primera,Tarde,Línea 3,524.0,5.7,1054.82,68.5
2023-03-08,2023,El Paraíso,EP-02,Eureka,11182.0,8246.0,1541.0,1395.0,4,Segunda,Tarde,Línea 2,458.0,5.6,825.76,73.7
2023-03-15,2023,El Paraíso,EP-02,Eureka,10720.0,7720.0,1625.0,1375.0,6,Primera,Mañana,Línea 1,429.0,5.0,652.99,72.0
2023-03-22,2023,El Paraíso,EP-02,Eureka,10834.0,7993.0,1695.0,1146.0,4,Primera,Mañana,Línea 1,444.0,4.5,639.28,73.8
2023-03-29,2023,El Paraíso,EP-02,Eureka,10533.0,7809.0,1680.0,1044.0,2,Primera,Mañana,Línea 1,434.0,4.5,776.87,74.1
2023-04-05,2023,El Paraíso,EP-02,Eureka,28679.0,22656.0,4334.0,1689.0,6,Primera,Mañana,Línea 1,1259.0,14.5,1919.54,79.0
2023-04-12,2023,El Paraíso,EP-02,Eureka,34379.0,26110.0,4586.0,3683.0,3,Primera,Tarde,Línea 3,1451.0,17.5,2156.91,75.9
2023-04-19,2023,El Paraíso,EP-02,Eureka,28454.0,21303.0,3945.0,3206.0,7,Primera,Tarde,Línea 2,1184.0,10.7,2238.56,74.9
2023-04-26,2023,El Paraíso,EP-02,Eureka,30853.0,23632.0,4323.0,2898.0,6,Extra,Mañana,Línea 2,1313.0,11.8,2328.9,76.6
2023-05-03,2023,El Paraíso,EP-02,Eureka,28331.0,21154.0,4240.0,2937.0,4,Primera,Noche,Línea 1,1175.0,10.0,2280.57,74.7
2023-05-03,2023,El Paraíso,EP-02,Eureka,20663.0,15800.0,3123.0,1740.0,5,Segunda,Mañana,Línea 2,878.0,7.9,1304.34,76.5
2023-05-10,2023,El Paraíso,EP-02,Eureka,38149.0,29178.0,5774.0,3197.0,5,Segunda,Mañana,Línea 1,1621.0,16.3,2753.15,76.5
2023-05-17,2023,El Paraíso,EP-02,Eureka,32514.0,25551.0,4577.0,2386.0,3,Primera,Tarde,Línea 2,1420.0,13.1,2010.72,78.6
2023-05-17,2023,El Paraíso,EP-02,Eureka,16079.0,12486.0,1908.0,1685.0,4,Segunda,Mañana,Línea 3,694.0,7.9,1212.92,77.7
2023-05-24,2023,El Paraíso,EP-02,Eureka,41562.0,33216.0,4955.0,3391.0,3,Primera,Tarde,Línea 1,1845.0,18.4,3141.83,79.9
2023-05-31,2023,El Paraíso,EP-02,Eureka,39401.0,29804.0,5475.0,4122.0,7,Segunda,Noche,Línea 1,1656.0,15.1,2809.35,75.6
2023-06-07,2023,El Paraíso,EP-02,Eureka,177.0,134.0,29.0,14.0,4,Primera,Noche,Línea 1,7.0,4.5,11.65,75.5
2023-06-07,2023,El Paraíso,EP-02,Eureka,49126.0,38869.0,6182.0,4075.0,3,Extra,Tarde,Línea 2,2159.0,19.1,4024.01,79.1
2023-06-14,2023,El Paraíso,EP-02,Eureka,21205.0,16553.0,2813.0,1839.0,3,Primera,Tarde,Línea 3,920.0,9.7,1583.9,78.1
2023-06-14,2023,El Paraíso,EP-02,Eureka,27160.0,21682.0,3697.0,1781.0,5,Primera,Mañana,Línea 1,1205.0,13.1,2092.97,79.8
2023-06-21,2023,El Paraíso,EP-02,Eureka,5131.0,3904.0,752.0,475.0,7,Primera,Tarde,Línea 3,217.0,4.5,366.64,76.1
2023-06-21,2023,El Paraíso,EP-02,Eureka,46673.0,36387.0,6739.0,3547.0,4,Extra,Tarde,Línea 3,2022.0,18.3,3009.27,78.0
2023-06-28,2023,El Paraíso,EP-02,Eureka,35254.0,27172.0,5343.0,2739.0,3,Segunda,Mañana,Línea 1,1510.0,14.2,2711.98,77.1
2023-06-28,2023,El Paraíso,EP-02,Eureka,14579.0,11134.0,2042.0,1403.0,2,Extra,Noche,Línea 2,619.0,7.4,960.42,76.4
2023-07-05,2023,El Paraíso,EP-02,Eureka,47019.0,37004.0,6789.0,3226.0,3,Segunda,Mañana,Línea 3,2056.0,17.4,3780.08,78.7
2023-07-12,2023,El Paraíso,EP-02,Eureka,40338.0,29885.0,6259.0,4194.0,2,Extra,Tarde,Línea 3,1660.0,15.2,2454.17,74.1
2023-07-19,2023,El Paraíso,EP-02,Eureka,38998.0,31392.0,5176.0,2430.0,4,Segunda,Mañana,Línea 3,1744.0,20.4,2600.92,80.5
2023-07-26,2023,El Paraíso,EP-02,Eureka,46341.0,33670.0,6268.0,6403.0,4,Primera,Mañana,Línea 3,1871.0,16.8,2991.48,72.7
2023-08-02,2023,El Paraíso,EP-02,Eureka,38045.0,29935.0,5657.0,2453.0,4,Primera,Noche,Línea 1,1663.0,19.5,2939.49,78.7
2023-08-09,2023,El Paraíso,EP-02,Eureka,39946.0,30204.0,5200.0,4542.0,2,Primera,Tarde,Línea 1,1678.0,20.7,3014.75,75.6
2023-08-16,2023,El Paraíso,EP-02,Eureka,33962.0,26609.0,4158.0,3195.0,2,Extra,Mañana,Línea 2,1478.0,14.4,2080.12,78.4
2023-08-23,2023,El Paraíso,EP-02,Eureka,33541.0,26177.0,5210.0,2154.0,6,Segunda,Mañana,Línea 1,1454.0,18.0,1991.31,78.0
2023-08-30,2023,El Paraíso,EP-02,Eureka,37730.0,29047.0,4921.0,3762.0,4,Primera,Mañana,Línea 3,1614.0,18.2,2875.99,77.0
2023-09-06,2023,El Paraíso,EP-02,Eureka,22616.0,16588.0,3046.0,2982.0,4,Primera,Tarde,Línea 3,922.0,9.5,1329.97,73.3
2023-09-13,2023,El Paraíso,EP-02,Eureka,26777.0,19856.0,3908.0,3013.0,3,Segunda,Mañana,Línea 1,1103.0,12.0,2131.34,74.2
2023-09-20,2023,El Paraíso,EP-02,Eureka,26266.0,18668.0,4673.0,2925.0,5,Extra,Mañana,Línea 1,1037.0,10.3,2113.99,71.1
2023-09-27,2023,El Paraíso,EP-02,Eureka,23238.0,17687.0,3776.0,1775.0,5,Extra,Tarde,Línea 2,983.0,11.1,1712.65,76.1
2023-10-04,2023,El Paraíso,EP-02,Eureka,11661.0,8000.0,1934.0,1727.0,4,Primera,Noche,Línea 1,444.0,4.5,846.64,68.6
2023-10-11,2023,El Paraíso,EP-02,Eureka,11672.0,8151.0,1790.0,1731.0,3,Primera,Mañana,Línea 1,453.0,4.5,834.19,69.8
2023-10-18,2023,El Paraíso,EP-02,Eureka,9572.0,6657.0,1710.0,1205.0,4,Extra,Noche,Línea 1,370.0,4.5,570.72,69.5
2023-10-25,2023,El Paraíso,EP-02,Eureka,12149.0,8589.0,1943.0,1617.0,5,Primera,Tarde,Línea 1,477.0,5.6,980.38,70.7
2023-11-01,2023,El Paraíso,EP-02,Eureka,4018.0,2689.0,688.0,641.0,3,Segunda,Tarde,Línea 1,149.0,4.5,295.82,66.9
2023-11-08,2023,El Paraíso,EP-02,Eureka,4400.0,3190.0,674.0,536.0,5,Segunda,Tarde,Línea 1,177.0,4.5,338.23,72.5
2023-11-15,2023,El Paraíso,EP-02,Eureka,3796.0,2625.0,577.0,594.0,4,Extra,Mañana,Línea 1,146.0,4.5,289.11,69.1
2023-11-22,2023,El Paraíso,EP-02,Eureka,4483.0,3053.0,748.0,682.0,6,Extra,Mañana,Línea 1,170.0,4.5,343.08,68.1
2023-11-29,2023,El Paraíso,EP-02,Eureka,3879.0,2726.0,622.0,531.0,4,Primera,Noche,Línea 3,151.0,4.5,275.13,70.3
2023-03-01,2023,El Paraíso,EP-03,Lisbon,7488.0,5099.0,1229.0,1160.0,6,Segunda,Mañana,Línea 1,283.0,4.5,607.63,68.1
2023-03-08,2023,El Paraíso,EP-03,Lisbon,6748.0,4505.0,1111.0,1132.0,7,Segunda,Noche,Línea 1,250.0,4.5,484.93,66.8
2023-03-15,2023,El Paraíso,EP-03,Lisbon,6862.0,4626.0,1183.0,1053.0,3,Segunda,Noche,Línea 2,257.0,4.5,512.6,67.4
2023-03-22,2023,El Paraíso,EP-03,Lisbon,6503.0,4228.0,1255.0,1020.0,6,Segunda,Noche,Línea 2,235.0,4.5,420.39,65.0
2023-03-29,2023,El Paraíso,EP-03,Lisbon,6198.0,3975.0,1223.0,1000.0,3,Segunda,Tarde,Línea 1,221.0,4.5,382.11,64.1
2023-04-05,2023,El Paraíso,EP-03,Lisbon,16715.0,11401.0,2538.0,2776.0,6,Extra,Noche,Línea 2,633.0,5.6,1291.84,68.2
2023-04-12,2023,El Paraíso,EP-03,Lisbon,18512.0,12989.0,3128.0,2395.0,4,Segunda,Noche,Línea 1,722.0,7.0,1147.43,70.2
2023-04-19,2023,El Paraíso,EP-03,Lisbon,18931.0,13136.0,2863.0,2932.0,2,Extra,Mañana,Línea 1,730.0,9.3,1352.32,69.4
2023-04-26,2023,El Paraíso,EP-03,Lisbon,19136.0,12914.0,3543.0,2679.0,7,Primera,Tarde,Línea 2,717.0,6.5,1358.26,67.5
2023-05-03,2023,El Paraíso,EP-03,Lisbon,27231.0,19931.0,4124.0,3176.0,5,Segunda,Mañana,Línea 1,1107.0,10.0,1879.55,73.2
2023-05-10,2023,El Paraíso,EP-03,Lisbon,22029.0,15520.0,3267.0,3242.0,3,Segunda,Mañana,Línea 2,862.0,8.1,1714.37,70.5
2023-05-17,2023,El Paraíso,EP-03,Lisbon,25032.0,18569.0,3382.0,3081.0,2,Primera,Mañana,Línea 2,1032.0,11.2,1722.41,74.2
2023-05-24,2023,El Paraíso,EP-03,Lisbon,21779.0,14789.0,3989.0,3001.0,4,Segunda,Mañana,Línea 3,822.0,8.5,1774.96,67.9
2023-05-31,2023,El Paraíso,EP-03,Lisbon,25443.0,19034.0,3930.0,2479.0,3,Extra,Tarde,Línea 3,1057.0,11.6,1894.79,74.8
2023-06-07,2023,El Paraíso,EP-03,Lisbon,27811.0,19883.0,4770.0,3158.0,7,Primera,Tarde,Línea 3,1105.0,12.4,2042.14,71.5
2023-06-14,2023,El Paraíso,EP-03,Lisbon,31562.0,23296.0,4508.0,3758.0,6,Extra,Tarde,Línea 3,1294.0,15.0,1855.74,73.8
2023-06-21,2023,El Paraíso,EP-03,Lisbon,27049.0,20100.0,4209.0,2740.0,7,Primera,Tarde,Línea 1,1117.0,12.6,2157.77,74.3
2023-06-28,2023,El Paraíso,EP-03,Lisbon,25083.0,18604.0,3359.0,3120.0,5,Primera,Mañana,Línea 2,1034.0,10.8,1731.95,74.2
2023-07-05,2023,El Paraíso,EP-03,Lisbon,25067.0,18332.0,3439.0,3296.0,4,Primera,Tarde,Línea 1,1018.0,10.7,1479.17,73.1
2023-07-12,2023,El Paraíso,EP-03,Lisbon,30219.0,21861.0,4427.0,3931.0,4,Segunda,Tarde,Línea 1,1214.0,10.8,1964.64,72.3
2023-07-19,2023,El Paraíso,EP-03,Lisbon,29025.0,21688.0,4033.0,3304.0,5,Primera,Tarde,Línea 1,1205.0,10.7,1761.87,74.7
2023-07-26,2023,El Paraíso,EP-03,Lisbon,24718.0,17595.0,3532.0,3591.0,4,Extra,Noche,Línea 3,978.0,11.2,1441.0,71.2
2023-08-02,2023,El Paraíso,EP-03,Lisbon,19753.0,13251.0,3242.0,3260.0,5,Primera,Tarde,Línea 1,736.0,6.8,1168.5,67.1
2023-08-09,2023,El Paraíso,EP-03,Lisbon,23883.0,17446.0,3816.0,2621.0,5,Primera,Noche,Línea 3,969.0,9.5,1896.67,73.0
2023-08-16,2023,El Paraíso,EP-03,Lisbon,19677.0,14352.0,2652.0,2673.0,3,Extra,Tarde,Línea 3,797.0,7.9,1611.36,72.9
2023-08-23,2023,El Paraíso,EP-03,Lisbon,24691.0,17154.0,3630.0,3907.0,5,Extra,Noche,Línea 1,953.0,8.6,1787.02,69.5
2023-08-30,2023,El Paraíso,EP-03,Lisbon,23918.0,17164.0,4074.0,2680.0,5,Extra,Mañana,Línea 1,954.0,8.4,1715.46,71.8
2023-09-06,2023,El Paraíso,EP-03,Lisbon,13218.0,9319.0,2034.0,1865.0,2,Segunda,Tarde,Línea 1,518.0,5.4,1012.14,70.5
2023-09-13,2023,El Paraíso,EP-03,Lisbon,13233.0,9814.0,2048.0,1371.0,4,Segunda,Tarde,Línea 3,545.0,5.4,990.66,74.2
2023-09-20,2023,El Paraíso,EP-03,Lisbon,17277.0,11423.0,2754.0,3100.0,5,Primera,Mañana,Línea 3,635.0,6.8,1204.28,66.1
2023-09-27,2023,El Paraíso,EP-03,Lisbon,14531.0,10549.0,2248.0,1734.0,5,Segunda,Noche,Línea 1,586.0,5.7,867.54,72.6
2023-10-04,2023,El Paraíso,EP-03,Lisbon,6682.0,4506.0,1135.0,1041.0,6,Extra,Noche,Línea 3,250.0,4.5,410.01,67.4
2023-10-11,2023,El Paraíso,EP-03,Lisbon,7596.0,4964.0,1257.0,1375.0,5,Extra,Mañana,Línea 1,276.0,4.5,491.74,65.3
2023-10-18,2023,El Paraíso,EP-03,Lisbon,7873.0,4781.0,1360.0,1732.0,4,Segunda,Tarde,Línea 3,266.0,4.5,498.03,60.7
2023-10-25,2023,El Paraíso,EP-03,Lisbon,7953.0,5457.0,1353.0,1143.0,5,Segunda,Noche,Línea 3,303.0,4.5,517.29,68.6
2023-11-01,2023,El Paraíso,EP-03,Lisbon,2536.0,1586.0,431.0,519.0,6,Segunda,Tarde,Línea 3,88.0,4.5,154.02,62.6
2023-11-08,2023,El Paraíso,EP-03,Lisbon,2272.0,1453.0,432.0,387.0,4,Primera,Noche,Línea 2,81.0,4.5,138.95,64.0
2023-11-15,2023,El Paraíso,EP-03,Lisbon,2067.0,1378.0,352.0,337.0,4,Extra,Tarde,Línea 3,77.0,4.5,164.91,66.7
2023-11-22,2023,El Paraíso,EP-03,Lisbon,2553.0,1693.0,492.0,368.0,5,Extra,Tarde,Línea 3,94.0,4.5,148.17,66.3
2023-11-29,2023,El Paraíso,EP-03,Lisbon,2399.0,1503.0,424.0,472.0,4,Primera,Mañana,Línea 3,84.0,4.5,173.91,62.6
2023-03-01,2023,El Paraíso,EP-04,Génova,3641.0,2054.0,732.0,855.0,3,Primera,Tarde,Línea 1,114.0,4.5,247.79,56.4
2023-03-08,2023,El Paraíso,EP-04,Génova,3719.0,1970.0,746.0,1003.0,6,Extra,Tarde,Línea 3,109.0,4.5,299.76,53.0
2023-03-15,2023,El Paraíso,EP-04,Génova,3717.0,2284.0,634.0,799.0,5,Extra,Noche,Línea 2,127.0,4.5,297.06,61.4
2023-03-22,2023,El Paraíso,EP-04,Génova,4379.0,2372.0,974.0,1033.0,7,Segunda,Tarde,Línea 3,132.0,4.5,348.83,54.2
2023-03-29,2023,El Paraíso,EP-04,Génova,4500.0,2442.0,957.0,1101.0,5,Extra,Mañana,Línea 2,136.0,4.5,265.72,54.3
2023-04-05,2023,El Paraíso,EP-04,Génova,11925.0,7261.0,2214.0,2450.0,7,Segunda,Tarde,Línea 3,403.0,4.5,878.34,60.9
2023-04-12,2023,El Paraíso,EP-04,Génova,13233.0,8879.0,2158.0,2196.0,6,Primera,Noche,Línea 2,493.0,5.5,1018.09,67.1
2023-04-19,2023,El Paraíso,EP-04,Génova,11204.0,6794.0,2304.0,2106.0,4,Primera,Mañana,Línea 2,377.0,4.5,896.31,60.6
2023-04-26,2023,El Paraíso,EP-04,Génova,10896.0,6310.0,2239.0,2347.0,6,Segunda,Tarde,Línea 2,351.0,4.5,811.99,57.9
2023-05-03,2023,El Paraíso,EP-04,Génova,18895.0,12778.0,3167.0,2950.0,7,Segunda,Tarde,Línea 2,710.0,8.5,1499.55,67.6
2023-05-10,2023,El Paraíso,EP-04,Génova,15633.0,10134.0,2890.0,2609.0,5,Segunda,Mañana,Línea 2,563.0,6.1,933.62,64.8
2023-05-17,2023,El Paraíso,EP-04,Génova,19375.0,12457.0,3645.0,3273.0,3,Primera,Mañana,Línea 2,692.0,6.8,1293.29,64.3
2023-05-24,2023,El Paraíso,EP-04,Génova,14563.0,10111.0,2188.0,2264.0,4,Primera,Mañana,Línea 2,562.0,5.8,854.28,69.4
2023-05-31,2023,El Paraíso,EP-04,Génova,19408.0,12333.0,3471.0,3604.0,4,Segunda,Tarde,Línea 1,685.0,8.6,1140.08,63.5
2023-06-07,2023,El Paraíso,EP-04,Génova,16980.0,10356.0,3526.0,3098.0,5,Segunda,Mañana,Línea 2,575.0,7.0,1374.4,61.0
2023-06-14,2023,El Paraíso,EP-04,Génova,21928.0,14168.0,4038.0,3722.0,4,Extra,Noche,Línea 1,787.0,7.1,1789.68,64.6
2023-06-21,2023,El Paraíso,EP-04,Génova,19807.0,12211.0,3627.0,3969.0,6,Segunda,Mañana,Línea 1,678.0,6.8,1222.08,61.7
2023-06-28,2023,El Paraíso,EP-04,Génova,22522.0,13915.0,4495.0,4112.0,5,Primera,Tarde,Línea 1,773.0,6.9,1544.35,61.8
2023-07-05,2023,El Paraíso,EP-04,Génova,17819.0,11109.0,3670.0,3040.0,5,Primera,Tarde,Línea 2,617.0,6.2,1182.02,62.3
2023-07-12,2023,El Paraíso,EP-04,Génova,20727.0,13128.0,3770.0,3829.0,4,Segunda,Tarde,Línea 1,729.0,7.1,1445.37,63.3
2023-07-19,2023,El Paraíso,EP-04,Génova,23245.0,15395.0,4129.0,3721.0,6,Extra,Mañana,Línea 3,855.0,8.3,1460.52,66.2
2023-07-26,2023,El Paraíso,EP-04,Génova,20541.0,13916.0,3472.0,3153.0,2,Primera,Tarde,Línea 2,773.0,7.8,1303.65,67.7
2023-08-02,2023,El Paraíso,EP-04,Génova,18220.0,11800.0,3541.0,2879.0,5,Segunda,Mañana,Línea 3,656.0,7.9,1402.43,64.8
2023-08-09,2023,El Paraíso,EP-04,Génova,18565.0,12721.0,2944.0,2900.0,6,Extra,Tarde,Línea 2,707.0,6.3,1497.4,68.5
2023-08-16,2023,El Paraíso,EP-04,Génova,17308.0,11089.0,3398.0,2821.0,7,Segunda,Mañana,Línea 3,616.0,6.1,1159.77,64.1
2023-08-23,2023,El Paraíso,EP-04,Génova,18210.0,11850.0,3442.0,2918.0,6,Primera,Tarde,Línea 2,658.0,7.0,1279.63,65.1
2023-08-30,2023,El Paraíso,EP-04,Génova,17984.0,12065.0,3286.0,2633.0,3,Primera,Mañana,Línea 2,670.0,6.6,1455.72,67.1
2023-09-06,2023,El Paraíso,EP-04,Génova,13260.0,8096.0,2726.0,2438.0,6,Primera,Noche,Línea 3,450.0,4.7,1038.62,61.1
2023-09-13,2023,El Paraíso,EP-04,Génova,10248.0,6309.0,1949.0,1990.0,7,Primera,Mañana,Línea 1,350.0,4.5,822.23,61.6
2023-09-20,2023,El Paraíso,EP-04,Génova,11077.0,7135.0,2085.0,1857.0,6,Segunda,Mañana,Línea 3,396.0,4.5,826.57,64.4
2023-09-27,2023,El Paraíso,EP-04,Génova,13432.0,8699.0,2293.0,2440.0,6,Primera,Noche,Línea 3,483.0,5.6,1087.71,64.8
2023-10-04,2023,El Paraíso,EP-04,Génova,6021.0,3466.0,1262.0,1293.0,4,Segunda,Noche,Línea 1,193.0,4.5,391.79,57.6
2023-10-11,2023,El Paraíso,EP-04,Génova,5324.0,3204.0,958.0,1162.0,4,Primera,Noche,Línea 3,178.0,4.5,407.04,60.2
2023-10-18,2023,El Paraíso,EP-04,Génova,5587.0,3391.0,1153.0,1043.0,5,Primera,Mañana,Línea 2,188.0,4.5,335.93,60.7
2023-10-25,2023,El Paraíso,EP-04,Génova,5038.0,2761.0,978.0,1299.0,4,Primera,Noche,Línea 2,153.0,4.5,305.63,54.8
2023-11-01,2023,El Paraíso,EP-04,Génova,1697.0,898.0,340.0,459.0,4,Segunda,Noche,Línea 3,50.0,4.5,119.71,52.9
2023-11-08,2023,El Paraíso,EP-04,Génova,1850.0,1122.0,372.0,356.0,2,Segunda,Mañana,Línea 3,62.0,4.5,110.54,60.6
2023-11-15,2023,El Paraíso,EP-04,Génova,1789.0,1020.0,346.0,423.0,5,Segunda,Mañana,Línea 2,57.0,4.5,138.26,57.0
2023-11-22,2023,El Paraíso,EP-04,Génova,1916.0,1079.0,394.0,443.0,6,Primera,Noche,Línea 1,60.0,4.5,140.58,56.3
2023-11-29,2023,El Paraíso,EP-04,Génova,1636.0,958.0,317.0,361.0,4,Primera,Mañana,Línea 3,53.0,4.5,99.71,58.6
2023-03-01,2023,La Esperanza,LE-01,Eureka,11311.0,8706.0,1646.0,959.0,5,Primera,Tarde,Línea 2,484.0,6.0,841.34,77.0
2023-03-08,2023,La Esperanza,LE-01,Eureka,14437.0,9857.0,2616.0,1964.0,7,Primera,Mañana,Línea 2,548.0,5.0,1028.78,68.3
2023-03-15,2023,La Esperanza,LE-01,Eureka,13411.0,9341.0,2196.0,1874.0,4,Primera,Mañana,Línea 1,519.0,5.8,820.91,69.7
2023-03-22,2023,La Esperanza,LE-01,Eureka,13825.0,10192.0,2223.0,1410.0,4,Primera,Noche,Línea 3,566.0,6.2,801.89,73.7
2023-03-29,2023,La Esperanza,LE-01,Eureka,11166.0,8250.0,1484.0,1432.0,3,Extra,Tarde,Línea 3,458.0,4.5,648.65,73.9
2023-04-05,2023,La Esperanza,LE-01,Eureka,39359.0,28700.0,5751.0,4908.0,5,Primera,Tarde,Línea 1,1594.0,19.4,2623.1,72.9
2023-04-12,2023,La Esperanza,LE-01,Eureka,37949.0,29626.0,5793.0,2530.0,6,Primera,Mañana,Línea 2,1646.0,17.3,3029.8,78.1
2023-04-19,2023,La Esperanza,LE-01,Eureka,31587.0,23324.0,4235.0,4028.0,2,Primera,Mañana,Línea 1,1296.0,12.3,2206.4,73.8
2023-04-26,2023,La Esperanza,LE-01,Eureka,31274.0,24020.0,4618.0,2636.0,4,Primera,Mañana,Línea 2,1334.0,11.4,2385.11,76.8
2023-05-03,2023,La Esperanza,LE-01,Eureka,42647.0,32266.0,5826.0,4555.0,3,Extra,Mañana,Línea 2,1793.0,21.8,3273.74,75.7
2023-05-10,2023,La Esperanza,LE-01,Eureka,44337.0,34902.0,5982.0,3453.0,4,Extra,Mañana,Línea 2,1939.0,20.3,3058.58,78.7
2023-05-17,2023,La Esperanza,LE-01,Eureka,47421.0,36698.0,6352.0,4371.0,3,Extra,Tarde,Línea 3,2039.0,25.5,3623.99,77.4
2023-05-24,2023,La Esperanza,LE-01,Eureka,46122.0,35379.0,6809.0,3934.0,5,Extra,Mañana,Línea 3,1966.0,20.3,3649.35,76.7
2023-05-31,2023,La Esperanza,LE-01,Eureka,44155.0,34841.0,6120.0,3194.0,7,Extra,Mañana,Línea 3,1936.0,21.6,2705.75,78.9
2023-06-07,2023,La Esperanza,LE-01,Eureka,22311.0,16851.0,3428.0,2032.0,5,Primera,Noche,Línea 1,936.0,10.9,1770.72,75.5
2023-06-07,2023,La Esperanza,LE-01,Eureka,28669.0,23509.0,3415.0,1745.0,5,Primera,Noche,Línea 2,1306.0,16.3,1739.53,82.0
2023-06-14,2023,La Esperanza,LE-01,Eureka,44057.0,32905.0,5665.0,5487.0,6,Segunda,Mañana,Línea 3,1828.0,22.0,2992.68,74.7
2023-06-21,2023,La Esperanza,LE-01,Eureka,46294.0,35029.0,6755.0,4510.0,2,Segunda,Mañana,Línea 1,1946.0,19.1,2696.08,75.7
2023-06-28,2023,La Esperanza,LE-01,Eureka,47381.0,38852.0,5538.0,2991.0,5,Primera,Mañana,Línea 1,2158.0,19.8,3627.02,82.0
2023-07-05,2023,La Esperanza,LE-01,Eureka,45090.0,35639.0,5361.0,4090.0,3,Extra,Mañana,Línea 2,1980.0,25.2,3448.65,79.0
2023-07-12,2023,La Esperanza,LE-01,Eureka,45654.0,35955.0,5876.0,3823.0,5,Primera,Mañana,Línea 2,1998.0,21.5,2649.42,78.8
2023-07-12,2023,La Esperanza,LE-01,Eureka,3901.0,3199.0,508.0,194.0,5,Primera,Tarde,Línea 3,178.0,4.5,305.56,82.0
2023-07-19,2023,La Esperanza,LE-01,Eureka,41610.0,33361.0,5349.0,2900.0,3,Primera,Noche,Línea 3,1853.0,19.7,2715.88,80.2
2023-07-26,2023,La Esperanza,LE-01,Eureka,45878.0,36791.0,5508.0,3579.0,5,Segunda,Tarde,Línea 3,2044.0,21.0,3483.91,80.2
2023-08-02,2023,La Esperanza,LE-01,Eureka,37946.0,29766.0,4508.0,3672.0,3,Extra,Mañana,Línea 1,1654.0,17.9,2406.12,78.4
2023-08-09,2023,La Esperanza,LE-01,Eureka,31957.0,24680.0,4620.0,2657.0,2,Extra,Mañana,Línea 3,1371.0,12.5,2297.04,77.2
2023-08-16,2023,La Esperanza,LE-01,Eureka,38112.0,28147.0,6000.0,3965.0,6,Segunda,Tarde,Línea 2,1564.0,17.7,2526.24,73.9
2023-08-23,2023,La Esperanza,LE-01,Eureka,33317.0,27002.0,4206.0,2109.0,5,Primera,Noche,Línea 3,1500.0,13.2,2498.29,81.0
2023-08-30,2023,La Esperanza,LE-01,Eureka,32161.0,23920.0,5374.0,2867.0,4,Primera,Tarde,Línea 2,1329.0,13.4,2052.05,74.4
2023-09-06,2023,La Esperanza,LE-01,Eureka,28498.0,21234.0,3745.0,3519.0,5,Primera,Mañana,Línea 1,1180.0,13.3,2204.81,74.5
2023-09-13,2023,La Esperanza,LE-01,Eureka,28623.0,21035.0,3957.0,3631.0,7,Segunda,Tarde,Línea 1,1169.0,12.2,1803.83,73.5
2023-09-20,2023,La Esperanza,LE-01,Eureka,27448.0,20502.0,4585.0,2361.0,7,Primera,Mañana,Línea 1,1139.0,10.4,2154.42,74.7
2023-09-27,2023,La Esperanza,LE-01,Eureka,23686.0,17769.0,3248.0,2669.0,5,Extra,Tarde,Línea 2,987.0,10.3,1711.21,75.0
2023-10-04,2023,La Esperanza,LE-01,Eureka,10121.0,7361.0,1754.0,1006.0,6,Extra,Tarde,Línea 3,409.0,4.8,779.54,72.7
2023-10-11,2023,La Esperanza,LE-01,Eureka,12124.0,8725.0,2129.0,1270.0,6,Segunda,Tarde,Línea 2,485.0,4.5,750.23,72.0
2023-10-18,2023,La Esperanza,LE-01,Eureka,11290.0,8279.0,1604.0,1407.0,4,Primera,Noche,Línea 2,460.0,4.5,835.44,73.3
2023-10-25,2023,La Esperanza,LE-01,Eureka,10204.0,7335.0,1401.0,1468.0,4,Primera,Tarde,Línea 2,408.0,5.2,679.27,71.9
2023-11-01,2023,La Esperanza,LE-01,Eureka,4242.0,3135.0,660.0,447.0,6,Primera,Tarde,Línea 2,174.0,4.5,278.78,73.9
2023-11-08,2023,La Esperanza,LE-01,Eureka,3662.0,2549.0,532.0,581.0,3,Extra,Noche,Línea 3,142.0,4.5,270.62,69.6
2023-11-15,2023,La Esperanza,LE-01,Eureka,4765.0,3232.0,790.0,743.0,6,Extra,Noche,Línea 2,180.0,4.5,389.96,67.8
2023-11-22,2023,La Esperanza,LE-01,Eureka,3944.0,2628.0,725.0,591.0,4,Extra,Mañana,Línea 2,146.0,4.5,318.76,66.6
2023-11-29,2023,La Esperanza,LE-01,Eureka,4454.0,2939.0,833.0,682.0,5,Segunda,Mañana,Línea 3,163.0,4.5,318.63,66.0
2023-03-01,2023,La Esperanza,LE-02,Eureka,14889.0,9935.0,2829.0,2125.0,3,Primera,Noche,Línea 2,552.0,6.7,1044.36,66.7
2023-03-08,2023,La Esperanza,LE-02,Eureka,15562.0,10427.0,2394.0,2741.0,3,Segunda,Tarde,Línea 1,579.0,6.8,1226.32,67.0
2023-03-15,2023,La Esperanza,LE-02,Eureka,15378.0,9942.0,2816.0,2620.0,5,Primera,Mañana,Línea 2,552.0,5.6,1171.97,64.6
2023-03-22,2023,La Esperanza,LE-02,Eureka,14165.0,10405.0,2373.0,1387.0,3,Segunda,Noche,Línea 2,578.0,5.0,1125.0,73.5
2023-03-29,2023,La Esperanza,LE-02,Eureka,15489.0,10470.0,2458.0,2561.0,7,Primera,Mañana,Línea 3,582.0,5.7,967.56,67.6
2023-04-05,2023,La Esperanza,LE-02,Eureka,32049.0,20454.0,5476.0,6119.0,4,Segunda,Tarde,Línea 2,1136.0,14.1,1911.92,63.8
2023-04-12,2023,La Esperanza,LE-02,Eureka,33215.0,25132.0,5252.0,2831.0,7,Extra,Tarde,Línea 2,1396.0,15.3,2479.39,75.7
2023-04-19,2023,La Esperanza,LE-02,Eureka,31580.0,22604.0,4542.0,4434.0,3,Primera,Tarde,Línea 1,1256.0,11.1,2240.23,71.6
2023-04-26,2023,La Esperanza,LE-02,Eureka,34618.0,25695.0,4551.0,4372.0,6,Primera,Noche,Línea 2,1428.0,12.2,2195.72,74.2
2023-05-03,2023,La Esperanza,LE-02,Eureka,23877.0,16309.0,3541.0,4027.0,4,Primera,Mañana,Línea 1,906.0,8.5,1938.91,68.3
2023-05-03,2023,La Esperanza,LE-02,Eureka,24242.0,18847.0,3684.0,1711.0,3,Primera,Tarde,Línea 3,1047.0,11.0,1582.28,77.7
2023-05-10,2023,La Esperanza,LE-02,Eureka,46384.0,35600.0,7137.0,3647.0,4,Extra,Tarde,Línea 2,1978.0,23.2,3103.21,76.8
2023-05-17,2023,La Esperanza,LE-02,Eureka,32452.0,23757.0,5068.0,3627.0,4,Primera,Mañana,Línea 2,1320.0,12.6,1943.32,73.2
2023-05-17,2023,La Esperanza,LE-02,Eureka,22172.0,17351.0,3209.0,1612.0,6,Segunda,Mañana,Línea 2,964.0,11.4,1701.37,78.3
2023-05-24,2023,La Esperanza,LE-02,Eureka,47647.0,33700.0,8054.0,5893.0,3,Primera,Mañana,Línea 3,1872.0,17.3,2880.76,70.7
2023-05-31,2023,La Esperanza,LE-02,Eureka,46527.0,35678.0,6336.0,4513.0,4,Segunda,Tarde,Línea 3,1982.0,17.2,3622.6,76.7
2023-06-07,2023,La Esperanza,LE-02,Eureka,25753.0,19592.0,3928.0,2233.0,6,Primera,Mañana,Línea 1,1088.0,9.7,1663.07,76.1
2023-06-07,2023,La Esperanza,LE-02,Eureka,27068.0,20773.0,3493.0,2802.0,3,Segunda,Mañana,Línea 1,1154.0,12.6,1787.97,76.7
2023-06-14,2023,La Esperanza,LE-02,Eureka,46597.0,36413.0,6487.0,3697.0,6,Primera,Tarde,Línea 2,2023.0,17.5,3257.61,78.1
2023-06-21,2023,La Esperanza,LE-02,Eureka,41796.0,32536.0,6147.0,3113.0,2,Extra,Noche,Línea 1,1808.0,19.4,2449.44,77.8
2023-06-21,2023,La Esperanza,LE-02,Eureka,15046.0,11337.0,2032.0,1677.0,2,Primera,Mañana,Línea 3,630.0,5.9,1167.74,75.3
2023-06-28,2023,La Esperanza,LE-02,Eureka,45568.0,34922.0,5633.0,5013.0,5,Primera,Noche,Línea 3,1940.0,19.8,3428.67,76.6
2023-07-05,2023,La Esperanza,LE-02,Eureka,50730.0,35570.0,7493.0,7667.0,6,Primera,Mañana,Línea 3,1976.0,17.5,3133.82,70.1
2023-07-05,2023,La Esperanza,LE-02,Eureka,4551.0,3561.0,583.0,407.0,6,Primera,Tarde,Línea 3,198.0,4.5,337.43,78.2
2023-07-12,2023,La Esperanza,LE-02,Eureka,44368.0,34842.0,6733.0,2793.0,2,Primera,Noche,Línea 1,1936.0,24.7,3291.06,78.5
2023-07-12,2023,La Esperanza,LE-02,Eureka,7834.0,5966.0,1136.0,732.0,5,Primera,Mañana,Línea 3,331.0,4.5,512.05,76.2
2023-07-19,2023,La Esperanza,LE-02,Eureka,43974.0,34539.0,5789.0,3646.0,5,Extra,Mañana,Línea 2,1919.0,23.8,3377.65,78.5
2023-07-26,2023,La Esperanza,LE-02,Eureka,41203.0,30214.0,6575.0,4414.0,6,Extra,Noche,Línea 2,1679.0,18.4,2445.73,73.3
2023-08-02,2023,La Esperanza,LE-02,Eureka,42701.0,33122.0,6144.0,3435.0,4,Primera,Mañana,Línea 2,1840.0,21.4,2905.38,77.6
2023-08-09,2023,La Esperanza,LE-02,Eureka,41442.0,31896.0,5455.0,4091.0,4,Primera,Mañana,Línea 1,1772.0,19.9,2833.33,77.0
2023-08-16,2023,La Esperanza,LE-02,Eureka,41698.0,29514.0,7470.0,4714.0,5,Primera,Tarde,Línea 2,1640.0,19.9,2822.39,70.8
2023-08-23,2023,La Esperanza,LE-02,Eureka,42189.0,31344.0,6158.0,4687.0,6,Extra,Tarde,Línea 2,1741.0,19.0,2849.56,74.3
2023-08-30,2023,La Esperanza,LE-02,Eureka,34103.0,23780.0,5291.0,5032.0,4,Primera,Noche,Línea 2,1321.0,12.7,2770.69,69.7
2023-09-06,2023,La Esperanza,LE-02,Eureka,25464.0,18227.0,3585.0,3652.0,6,Primera,Mañana,Línea 2,1013.0,8.7,1658.6,71.6
2023-09-13,2023,La Esperanza,LE-02,Eureka,23550.0,17815.0,3189.0,2546.0,7,Segunda,Mañana,Línea 2,990.0,12.6,1911.33,75.6
2023-09-20,2023,La Esperanza,LE-02,Eureka,29449.0,22092.0,4565.0,2792.0,5,Primera,Mañana,Línea 2,1227.0,12.0,1929.2,75.0
2023-09-27,2023,La Esperanza,LE-02,Eureka,27556.0,19665.0,4462.0,3429.0,6,Extra,Tarde,Línea 2,1092.0,10.3,2048.04,71.4
2023-10-04,2023,La Esperanza,LE-02,Eureka,11541.0,8032.0,1932.0,1577.0,5,Segunda,Mañana,Línea 3,446.0,5.1,794.09,69.6
2023-10-11,2023,La Esperanza,LE-02,Eureka,10576.0,7185.0,1865.0,1526.0,4,Extra,Noche,Línea 3,399.0,4.5,639.27,67.9
2023-10-18,2023,La Esperanza,LE-02,Eureka,11469.0,8023.0,1682.0,1764.0,7,Segunda,Tarde,Línea 2,446.0,4.5,916.94,70.0
2023-10-25,2023,La Esperanza,LE-02,Eureka,11520.0,8420.0,1535.0,1565.0,6,Extra,Noche,Línea 1,468.0,4.6,837.72,73.1
2023-11-01,2023,La Esperanza,LE-02,Eureka,4798.0,3156.0,887.0,755.0,5,Segunda,Tarde,Línea 3,175.0,4.5,301.23,65.8
2023-11-08,2023,La Esperanza,LE-02,Eureka,4675.0,3051.0,785.0,839.0,6,Segunda,Mañana,Línea 1,170.0,4.5,322.64,65.3
2023-11-15,2023,La Esperanza,LE-02,Eureka,5008.0,3246.0,933.0,829.0,6,Segunda,Mañana,Línea 2,180.0,4.5,404.83,64.8
2023-11-22,2023,La Esperanza,LE-02,Eureka,4455.0,2829.0,839.0,787.0,2,Primera,Mañana,Línea 2,157.0,4.5,337.29,63.5
2023-11-29,2023,La Esperanza,LE-02,Eureka,3984.0,2690.0,660.0,634.0,4,Primera,Mañana,Línea 3,149.0,4.5,286.95,67.5
2023-03-01,2023,La Esperanza,LE-03,Lisbon,9228.0,6139.0,1666.0,1423.0,6,Primera,Tarde,Línea 2,341.0,4.5,635.85,66.5
2023-03-08,2023,La Esperanza,LE-03,Lisbon,8968.0,5724.0,1711.0,1533.0,6,Primera,Noche,Línea 2,318.0,4.5,615.39,63.8
2023-03-15,2023,La Esperanza,LE-03,Lisbon,7874.0,4984.0,1300.0,1590.0,7,Primera,Noche,Línea 1,277.0,4.5,551.68,63.3
2023-03-22,2023,La Esperanza,LE-03,Lisbon,8099.0,4865.0,1714.0,1520.0,5,Extra,Noche,Línea 1,270.0,4.5,618.33,60.1
2023-03-29,2023,La Esperanza,LE-03,Lisbon,7890.0,4951.0,1360.0,1579.0,6,Segunda,Noche,Línea 3,275.0,4.5,492.77,62.8
2023-04-05,2023,La Esperanza,LE-03,Lisbon,25433.0,17109.0,4682.0,3642.0,4,Primera,Mañana,Línea 3,950.0,9.0,1542.52,67.3
2023-04-12,2023,La Esperanza,LE-03,Lisbon,23094.0,15877.0,3885.0,3332.0,3,Primera,Tarde,Línea 2,882.0,9.6,1535.54,68.7
2023-04-19,2023,La Esperanza,LE-03,Lisbon,24505.0,15769.0,4244.0,4492.0,5,Segunda,Noche,Línea 1,876.0,7.6,1981.66,64.4
2023-04-26,2023,La Esperanza,LE-03,Lisbon,27401.0,19254.0,4850.0,3297.0,5,Primera,Tarde,Línea 3,1070.0,13.0,1847.53,70.3
2023-05-03,2023,La Esperanza,LE-03,Lisbon,32210.0,22780.0,4775.0,4655.0,4,Primera,Tarde,Línea 3,1266.0,11.3,2391.48,70.7
2023-05-10,2023,La Esperanza,LE-03,Lisbon,33875.0,23620.0,5694.0,4561.0,6,Segunda,Mañana,Línea 2,1312.0,15.5,2512.42,69.7
2023-05-17,2023,La Esperanza,LE-03,Lisbon,37443.0,27961.0,5130.0,4352.0,3,Extra,Mañana,Línea 2,1553.0,18.8,2320.22,74.7
2023-05-24,2023,La Esperanza,LE-03,Lisbon,31998.0,22712.0,4675.0,4611.0,3,Extra,Tarde,Línea 2,1262.0,15.5,1870.57,71.0
2023-05-31,2023,La Esperanza,LE-03,Lisbon,30429.0,22840.0,4146.0,3443.0,4,Primera,Tarde,Línea 3,1269.0,13.8,1841.82,75.1
2023-06-07,2023,La Esperanza,LE-03,Lisbon,36829.0,25027.0,5585.0,6217.0,4,Primera,Mañana,Línea 2,1390.0,14.8,2343.09,68.0
2023-06-14,2023,La Esperanza,LE-03,Lisbon,35329.0,25790.0,5577.0,3962.0,5,Segunda,Tarde,Línea 2,1433.0,14.3,2401.62,73.0
2023-06-21,2023,La Esperanza,LE-03,Lisbon,44297.0,32875.0,6032.0,5390.0,2,Primera,Tarde,Línea 1,1826.0,18.6,3007.19,74.2
2023-06-28,2023,La Esperanza,LE-03,Lisbon,42877.0,31788.0,6468.0,4621.0,6,Extra,Tarde,Línea 3,1766.0,21.4,3110.1,74.1
2023-07-05,2023,La Esperanza,LE-03,Lisbon,40461.0,29368.0,5777.0,5316.0,7,Primera,Mañana,Línea 2,1632.0,17.4,3216.5,72.6
2023-07-12,2023,La Esperanza,LE-03,Lisbon,43213.0,30026.0,6967.0,6220.0,3,Extra,Noche,Línea 2,1668.0,21.2,3328.53,69.5
2023-07-19,2023,La Esperanza,LE-03,Lisbon,42429.0,32489.0,6335.0,3605.0,3,Extra,Tarde,Línea 1,1805.0,20.5,2471.04,76.6
2023-07-26,2023,La Esperanza,LE-03,Lisbon,35296.0,26082.0,5781.0,3433.0,3,Primera,Noche,Línea 3,1449.0,13.1,2761.55,73.9
2023-08-02,2023,La Esperanza,LE-03,Lisbon,34928.0,24276.0,5300.0,5352.0,4,Segunda,Tarde,Línea 3,1349.0,12.0,2765.65,69.5
2023-08-09,2023,La Esperanza,LE-03,Lisbon,31646.0,23315.0,4638.0,3693.0,4,Segunda,Mañana,Línea 1,1295.0,11.8,2520.37,73.7
2023-08-16,2023,La Esperanza,LE-03,Lisbon,34137.0,23695.0,5679.0,4763.0,6,Primera,Mañana,Línea 1,1316.0,11.3,2034.48,69.4
2023-08-23,2023,La Esperanza,LE-03,Lisbon,34960.0,25329.0,5243.0,4388.0,7,Primera,Noche,Línea 1,1407.0,12.8,2391.38,72.5
2023-08-30,2023,La Esperanza,LE-03,Lisbon,29590.0,19945.0,4886.0,4759.0,5,Extra,Mañana,Línea 1,1108.0,11.9,1765.02,67.4
2023-09-06,2023,La Esperanza,LE-03,Lisbon,18524.0,12259.0,3407.0,2858.0,5,Extra,Mañana,Línea 1,681.0,6.5,1389.49,66.2
2023-09-13,2023,La Esperanza,LE-03,Lisbon,19257.0,12975.0,2916.0,3366.0,6,Primera,Tarde,Línea 2,721.0,6.5,1474.07,67.4
2023-09-20,2023,La Esperanza,LE-03,Lisbon,20497.0,14999.0,3347.0,2151.0,4,Primera,Tarde,Línea 2,833.0,8.2,1573.49,73.2
2023-09-27,2023,La Esperanza,LE-03,Lisbon,22930.0,14914.0,4254.0,3762.0,5,Segunda,Mañana,Línea 3,829.0,8.1,1738.42,65.0
2023-10-04,2023,La Esperanza,LE-03,Lisbon,10680.0,6947.0,2075.0,1658.0,5,Primera,Noche,Línea 1,386.0,4.5,852.24,65.0
2023-10-11,2023,La Esperanza,LE-03,Lisbon,8233.0,5505.0,1449.0,1279.0,7,Segunda,Tarde,Línea 1,306.0,4.5,508.43,66.9
2023-10-18,2023,La Esperanza,LE-03,Lisbon,9677.0,6356.0,1621.0,1700.0,5,Segunda,Mañana,Línea 1,353.0,4.5,634.15,65.7
2023-10-25,2023,La Esperanza,LE-03,Lisbon,9409.0,6307.0,1624.0,1478.0,4,Extra,Mañana,Línea 3,350.0,4.5,563.1,67.0
2023-11-01,2023,La Esperanza,LE-03,Lisbon,3004.0,1881.0,599.0,524.0,5,Primera,Mañana,Línea 3,104.0,4.5,231.64,62.6
2023-11-08,2023,La Esperanza,LE-03,Lisbon,2904.0,1837.0,551.0,516.0,5,Primera,Tarde,Línea 1,102.0,4.5,187.22,63.2
2023-11-15,2023,La Esperanza,LE-03,Lisbon,3115.0,1958.0,543.0,614.0,6,Primera,Tarde,Línea 3,109.0,4.5,200.45,62.9
2023-11-22,2023,La Esperanza,LE-03,Lisbon,3704.0,2400.0,619.0,685.0,6,Primera,Tarde,Línea 1,133.0,4.5,276.97,64.8
2023-11-29,2023,La Esperanza,LE-03,Lisbon,3102.0,2013.0,497.0,592.0,4,Segunda,Tarde,Línea 3,112.0,4.5,182.42,64.9
2023-03-01,2023,La Esperanza,LE-04,Génova,5939.0,3513.0,1213.0,1213.0,3,Primera,Tarde,Línea 2,195.0,4.5,472.45,59.2
2023-03-08,2023,La Esperanza,LE-04,Génova,6406.0,3886.0,1337.0,1183.0,7,Segunda,Tarde,Línea 1,216.0,4.5,498.45,60.7
2023-03-15,2023,La Esperanza,LE-04,Génova,6033.0,3543.0,1102.0,1388.0,6,Extra,Mañana,Línea 3,197.0,4.5,397.21,58.7
2023-03-22,2023,La Esperanza,LE-04,Génova,6002.0,3650.0,1240.0,1112.0,5,Primera,Mañana,Línea 3,203.0,4.5,382.9,60.8
2023-03-29,2023,La Esperanza,LE-04,Génova,5529.0,3513.0,1029.0,987.0,5,Segunda,Tarde,Línea 3,195.0,4.5,407.51,63.5
2023-04-05,2023,La Esperanza,LE-04,Génova,18370.0,11574.0,3596.0,3200.0,7,Primera,Noche,Línea 1,643.0,6.2,1401.54,63.0
2023-04-12,2023,La Esperanza,LE-04,Génova,17805.0,11961.0,3148.0,2696.0,7,Primera,Mañana,Línea 3,664.0,5.9,1283.5,67.2
2023-04-19,2023,La Esperanza,LE-04,Génova,15421.0,10725.0,2691.0,2005.0,5,Extra,Tarde,Línea 1,596.0,6.2,1156.23,69.6
2023-04-26,2023,La Esperanza,LE-04,Génova,16621.0,11013.0,3190.0,2418.0,4,Primera,Mañana,Línea 2,612.0,6.7,1174.51,66.3
2023-05-03,2023,La Esperanza,LE-04,Génova,29197.0,19591.0,5586.0,4020.0,5,Segunda,Noche,Línea 3,1088.0,10.5,2257.1,67.1
2023-05-10,2023,La Esperanza,LE-04,Génova,24025.0,15985.0,4346.0,3694.0,5,Primera,Mañana,Línea 3,888.0,8.4,1608.59,66.5
2023-05-17,2023,La Esperanza,LE-04,Génova,23293.0,15156.0,4160.0,3977.0,6,Primera,Mañana,Línea 3,842.0,8.0,1740.72,65.1
2023-05-24,2023,La Esperanza,LE-04,Génova,25958.0,17576.0,4519.0,3863.0,6,Segunda,Mañana,Línea 1,976.0,11.5,1944.86,67.7
2023-05-31,2023,La Esperanza,LE-04,Génova,29796.0,19113.0,5811.0,4872.0,7,Segunda,Tarde,Línea 1,1062.0,12.5,1741.86,64.1
2023-06-07,2023,La Esperanza,LE-04,Génova,27735.0,19308.0,4885.0,3542.0,6,Segunda,Mañana,Línea 3,1073.0,9.2,1965.37,69.6
2023-06-14,2023,La Esperanza,LE-04,Génova,31572.0,21706.0,4829.0,5037.0,4,Primera,Mañana,Línea 2,1206.0,12.0,2041.08,68.7
2023-06-21,2023,La Esperanza,LE-04,Génova,32371.0,20443.0,5399.0,6529.0,4,Primera,Noche,Línea 3,1136.0,14.3,2206.41,63.2
2023-06-28,2023,La Esperanza,LE-04,Génova,27696.0,19465.0,4906.0,3325.0,3,Extra,Mañana,Línea 3,1081.0,9.5,2044.44,70.3
2023-07-05,2023,La Esperanza,LE-04,Génova,33306.0,22343.0,6049.0,4914.0,3,Extra,Tarde,Línea 2,1241.0,13.9,2573.33,67.1
2023-07-12,2023,La Esperanza,LE-04,Génova,29967.0,20386.0,5544.0,4037.0,5,Primera,Mañana,Línea 3,1133.0,11.0,2438.15,68.0
2023-07-19,2023,La Esperanza,LE-04,Génova,32418.0,21734.0,5023.0,5661.0,3,Primera,Mañana,Línea 3,1207.0,10.3,2515.88,67.0
2023-07-26,2023,La Esperanza,LE-04,Génova,32429.0,21497.0,5126.0,5806.0,5,Primera,Mañana,Línea 1,1194.0,12.8,1936.17,66.3
2023-08-02,2023,La Esperanza,LE-04,Génova,27110.0,16747.0,4694.0,5669.0,5,Segunda,Mañana,Línea 2,930.0,11.0,1668.2,61.8
2023-08-09,2023,La Esperanza,LE-04,Génova,23560.0,15437.0,4614.0,3509.0,7,Segunda,Noche,Línea 2,858.0,9.0,1523.88,65.5
2023-08-16,2023,La Esperanza,LE-04,Génova,29497.0,18749.0,4973.0,5775.0,4,Extra,Tarde,Línea 1,1042.0,11.8,1962.37,63.6
2023-08-23,2023,La Esperanza,LE-04,Génova,25397.0,16304.0,4312.0,4781.0,3,Primera,Mañana,Línea 3,906.0,8.2,1562.58,64.2
2023-08-30,2023,La Esperanza,LE-04,Génova,24327.0,14914.0,4699.0,4714.0,6,Segunda,Mañana,Línea 3,829.0,7.5,1491.04,61.3
2023-09-06,2023,La Esperanza,LE-04,Génova,15644.0,9938.0,2648.0,3058.0,3,Extra,Noche,Línea 2,552.0,5.4,1010.09,63.5
2023-09-13,2023,La Esperanza,LE-04,Génova,18603.0,11010.0,3912.0,3681.0,5,Segunda,Tarde,Línea 2,612.0,7.6,1265.87,59.2
2023-09-20,2023,La Esperanza,LE-04,Génova,19070.0,11998.0,3594.0,3478.0,4,Primera,Noche,Línea 1,667.0,6.4,1461.7,62.9
2023-09-27,2023,La Esperanza,LE-04,Génova,15513.0,10387.0,2980.0,2146.0,6,Primera,Noche,Línea 2,577.0,5.1,1038.06,67.0
2023-10-04,2023,La Esperanza,LE-04,Génova,8278.0,5070.0,1660.0,1548.0,3,Segunda,Mañana,Línea 3,282.0,4.5,576.12,61.2
2023-10-11,2023,La Esperanza,LE-04,Génova,7579.0,4564.0,1419.0,1596.0,5,Extra,Noche,Línea 3,254.0,4.5,578.27,60.2
2023-10-18,2023,La Esperanza,LE-04,Génova,8604.0,5467.0,1734.0,1403.0,4,Primera,Mañana,Línea 3,304.0,4.5,616.27,63.5
2023-10-25,2023,La Esperanza,LE-04,Génova,7451.0,4308.0,1519.0,1624.0,6,Primera,Mañana,Línea 2,239.0,4.5,550.48,57.8
2023-11-01,2023,La Esperanza,LE-04,Génova,3021.0,1832.0,544.0,645.0,4,Segunda,Tarde,Línea 1,102.0,4.5,191.08,60.7
2023-11-08,2023,La Esperanza,LE-04,Génova,2763.0,1656.0,591.0,516.0,4,Primera,Mañana,Línea 3,92.0,4.5,169.74,60.0
2023-11-15,2023,La Esperanza,LE-04,Génova,3230.0,1890.0,627.0,713.0,4,Segunda,Mañana,Línea 3,105.0,4.5,230.5,58.5
2023-11-22,2023,La Esperanza,LE-04,Génova,2552.0,1539.0,466.0,547.0,5,Segunda,Noche,Línea 2,86.0,4.5,201.55,60.3
2023-11-29,2023,La Esperanza,LE-04,Génova,2724.0,1541.0,506.0,677.0,6,Segunda,Tarde,Línea 3,86.0,4.5,209.81,56.6
2023-03-01,2023,Los Álamos,LA-01,Eureka,10846.0,7283.0,1800.0,1763.0,4,Segunda,Mañana,Línea 2,405.0,5.0,755.61,67.1
2023-03-08,2023,Los Álamos,LA-01,Eureka,10469.0,6757.0,1800.0,1912.0,2,Primera,Mañana,Línea 2,375.0,4.5,667.04,64.5
2023-03-15,2023,Los Álamos,LA-01,Eureka,10864.0,7765.0,1567.0,1532.0,5,Primera,Mañana,Línea 2,431.0,4.5,742.22,71.5
2023-03-22,2023,Los Álamos,LA-01,Eureka,10158.0,6804.0,1861.0,1493.0,4,Extra,Noche,Línea 1,378.0,4.5,790.91,67.0
2023-03-29,2023,Los Álamos,LA-01,Eureka,12779.0,8434.0,2249.0,2096.0,5,Segunda,Mañana,Línea 3,469.0,4.6,1020.46,66.0
2023-04-05,2023,Los Álamos,LA-01,Eureka,31220.0,21456.0,4648.0,5116.0,4,Primera,Tarde,Línea 3,1192.0,15.0,2223.73,68.7
2023-04-12,2023,Los Álamos,LA-01,Eureka,31991.0,21631.0,4876.0,5484.0,6,Primera,Noche,Línea 3,1202.0,11.2,1941.16,67.6
2023-04-19,2023,Los Álamos,LA-01,Eureka,32984.0,23335.0,4860.0,4789.0,3,Primera,Tarde,Línea 1,1296.0,13.9,2547.51,70.7
2023-04-26,2023,Los Álamos,LA-01,Eureka,30361.0,21955.0,4399.0,4007.0,4,Segunda,Noche,Línea 3,1220.0,11.6,2173.2,72.3
2023-05-03,2023,Los Álamos,LA-01,Eureka,36321.0,26363.0,4982.0,4976.0,3,Primera,Mañana,Línea 3,1465.0,18.6,2827.39,72.6
2023-05-10,2023,Los Álamos,LA-01,Eureka,41856.0,30113.0,5767.0,5976.0,4,Primera,Tarde,Línea 1,1673.0,14.4,3098.55,71.9
2023-05-17,2023,Los Álamos,LA-01,Eureka,42468.0,30020.0,7010.0,5438.0,4,Segunda,Tarde,Línea 2,1668.0,15.9,2786.8,70.7
2023-05-24,2023,Los Álamos,LA-01,Eureka,44419.0,33105.0,6192.0,5122.0,5,Extra,Tarde,Línea 2,1839.0,20.6,3603.3,74.5
2023-05-31,2023,Los Álamos,LA-01,Eureka,40559.0,30433.0,6284.0,3842.0,2,Extra,Tarde,Línea 2,1691.0,16.4,3316.21,75.0
2023-06-07,2023,Los Álamos,LA-01,Eureka,38593.0,28647.0,5392.0,4554.0,3,Segunda,Noche,Línea 3,1592.0,17.4,3011.4,74.2
2023-06-14,2023,Los Álamos,LA-01,Eureka,40606.0,29440.0,6079.0,5087.0,6,Primera,Tarde,Línea 1,1636.0,14.2,2415.38,72.5
2023-06-21,2023,Los Álamos,LA-01,Eureka,41629.0,29874.0,7322.0,4433.0,6,Primera,Tarde,Línea 3,1660.0,17.3,2915.55,71.8
2023-06-28,2023,Los Álamos,LA-01,Eureka,45273.0,34066.0,6904.0,4303.0,4,Primera,Noche,Línea 2,1893.0,17.5,3444.95,75.2
2023-07-05,2023,Los Álamos,LA-01,Eureka,41024.0,31143.0,5173.0,4708.0,4,Primera,Mañana,Línea 1,1730.0,22.1,2588.56,75.9
2023-07-12,2023,Los Álamos,LA-01,Eureka,38461.0,29326.0,5342.0,3793.0,5,Segunda,Tarde,Línea 3,1629.0,14.4,3057.4,76.2
2023-07-19,2023,Los Álamos,LA-01,Eureka,45985.0,32989.0,6661.0,6335.0,6,Extra,Tarde,Línea 3,1833.0,21.5,3044.69,71.7
2023-07-26,2023,Los Álamos,LA-01,Eureka,41441.0,31831.0,5213.0,4397.0,4,Primera,Mañana,Línea 1,1768.0,16.5,2932.15,76.8
2023-08-02,2023,Los Álamos,LA-01,Eureka,29946.0,22475.0,4312.0,3159.0,4,Primera,Mañana,Línea 1,1249.0,14.8,1820.66,75.1
2023-08-09,2023,Los Álamos,LA-01,Eureka,28638.0,19771.0,4572.0,4295.0,3,Primera,Noche,Línea 3,1098.0,10.2,2113.71,69.0
2023-08-16,2023,Los Álamos,LA-01,Eureka,29132.0,22686.0,4473.0,1973.0,5,Segunda,Noche,Línea 1,1260.0,13.4,1918.14,77.9
2023-08-23,2023,Los Álamos,LA-01,Eureka,30029.0,22559.0,4758.0,2712.0,5,Segunda,Tarde,Línea 3,1253.0,15.2,2157.42,75.1
2023-08-30,2023,Los Álamos,LA-01,Eureka,29207.0,21459.0,4709.0,3039.0,4,Extra,Noche,Línea 3,1192.0,15.0,2155.75,73.5
2023-09-06,2023,Los Álamos,LA-01,Eureka,20056.0,13879.0,3054.0,3123.0,6,Extra,Tarde,Línea 2,771.0,7.7,1305.9,69.2
2023-09-13,2023,Los Álamos,LA-01,Eureka,20702.0,14644.0,3195.0,2863.0,4,Primera,Noche,Línea 3,814.0,10.2,1226.93,70.7
2023-09-20,2023,Los Álamos,LA-01,Eureka,19969.0,14383.0,2903.0,2683.0,4,Primera,Tarde,Línea 3,799.0,7.8,1279.39,72.0
2023-09-27,2023,Los Álamos,LA-01,Eureka,24721.0,17793.0,3846.0,3082.0,3,Segunda,Noche,Línea 1,988.0,10.7,1648.93,72.0
2023-10-04,2023,Los Álamos,LA-01,Eureka,8848.0,6104.0,1366.0,1378.0,4,Segunda,Noche,Línea 2,339.0,4.5,612.29,69.0
2023-10-11,2023,Los Álamos,LA-01,Eureka,10183.0,6773.0,1897.0,1513.0,6,Primera,Tarde,Línea 2,376.0,4.5,684.61,66.5
2023-10-18,2023,Los Álamos,LA-01,Eureka,9840.0,6361.0,1941.0,1538.0,7,Segunda,Noche,Línea 1,353.0,4.5,791.23,64.6
2023-10-25,2023,Los Álamos,LA-01,Eureka,11557.0,7839.0,1919.0,1799.0,6,Extra,Tarde,Línea 2,436.0,5.2,852.37,67.8
2023-11-01,2023,Los Álamos,LA-01,Eureka,3306.0,2139.0,623.0,544.0,5,Primera,Noche,Línea 1,119.0,4.5,224.89,64.7
2023-11-08,2023,Los Álamos,LA-01,Eureka,3623.0,2407.0,570.0,646.0,4,Primera,Mañana,Línea 3,134.0,4.5,258.02,66.4
2023-11-15,2023,Los Álamos,LA-01,Eureka,4258.0,2862.0,785.0,611.0,3,Primera,Noche,Línea 1,159.0,4.5,285.13,67.2
2023-11-22,2023,Los Álamos,LA-01,Eureka,4142.0,2623.0,792.0,727.0,6,Segunda,Noche,Línea 2,146.0,4.5,247.21,63.3
2023-11-29,2023,Los Álamos,LA-01,Eureka,4089.0,2516.0,720.0,853.0,2,Primera,Mañana,Línea 1,140.0,4.5,241.28,61.5
2023-03-01,2023,Los Álamos,LA-02,Lisbon,7399.0,4727.0,1270.0,1402.0,4,Extra,Noche,Línea 3,263.0,4.5,559.04,63.9
2023-03-08,2023,Los Álamos,LA-02,Lisbon,6771.0,4472.0,1293.0,1006.0,5,Primera,Mañana,Línea 2,248.0,4.5,541.64,66.0
2023-03-15,2023,Los Álamos,LA-02,Lisbon,7824.0,5255.0,1355.0,1214.0,7,Primera,Noche,Línea 3,292.0,4.5,534.25,67.2
2023-03-22,2023,Los Álamos,LA-02,Lisbon,6571.0,4080.0,1143.0,1348.0,5,Segunda,Noche,Línea 1,227.0,4.5,466.32,62.1
2023-03-29,2023,Los Álamos,LA-02,Lisbon,6865.0,4485.0,1152.0,1228.0,4,Segunda,Tarde,Línea 3,249.0,4.5,477.92,65.3
2023-04-05,2023,Los Álamos,LA-02,Lisbon,18891.0,12651.0,3314.0,2926.0,5,Primera,Noche,Línea 1,703.0,7.7,1113.48,67.0
2023-04-12,2023,Los Álamos,LA-02,Lisbon,19363.0,13800.0,2954.0,2609.0,4,Extra,Tarde,Línea 3,767.0,7.3,1497.35,71.3
2023-04-19,2023,Los Álamos,LA-02,Lisbon,17840.0,11733.0,3348.0,2759.0,4,Primera,Noche,Línea 3,652.0,7.4,1458.74,65.8
2023-04-26,2023,Los Álamos,LA-02,Lisbon,17109.0,12097.0,2487.0,2525.0,5,Primera,Tarde,Línea 3,672.0,5.8,1066.72,70.7
2023-05-03,2023,Los Álamos,LA-02,Lisbon,28410.0,20574.0,4186.0,3650.0,3,Primera,Tarde,Línea 1,1143.0,11.4,1932.24,72.4
2023-05-10,2023,Los Álamos,LA-02,Lisbon,25779.0,18932.0,4323.0,2524.0,5,Extra,Tarde,Línea 3,1052.0,12.9,1738.39,73.4
2023-05-17,2023,Los Álamos,LA-02,Lisbon,28170.0,19299.0,4903.0,3968.0,7,Extra,Tarde,Línea 3,1072.0,10.5,1744.07,68.5
2023-05-24,2023,Los Álamos,LA-02,Lisbon,24683.0,16973.0,4480.0,3230.0,6,Primera,Mañana,Línea 2,943.0,8.2,1680.2,68.8
2023-05-31,2023,Los Álamos,LA-02,Lisbon,27352.0,18717.0,4671.0,3964.0,2,Primera,Mañana,Línea 3,1040.0,11.1,1605.22,68.4
2023-06-07,2023,Los Álamos,LA-02,Lisbon,31348.0,21570.0,4647.0,5131.0,2,Primera,Mañana,Línea 3,1198.0,11.8,2117.38,68.8
2023-06-14,2023,Los Álamos,LA-02,Lisbon,26915.0,19651.0,3880.0,3384.0,5,Extra,Tarde,Línea 2,1092.0,10.3,1736.44,73.0
2023-06-21,2023,Los Álamos,LA-02,Lisbon,29541.0,20361.0,4824.0,4356.0,3,Primera,Mañana,Línea 3,1131.0,10.2,2284.57,68.9
2023-06-28,2023,Los Álamos,LA-02,Lisbon,27677.0,19561.0,4797.0,3319.0,3,Primera,Tarde,Línea 3,1087.0,9.4,1668.61,70.7
2023-07-05,2023,Los Álamos,LA-02,Lisbon,26771.0,19327.0,3690.0,3754.0,5,Extra,Mañana,Línea 3,1074.0,11.0,1836.77,72.2
2023-07-12,2023,Los Álamos,LA-02,Lisbon,35237.0,24159.0,5941.0,5137.0,6,Primera,Mañana,Línea 1,1342.0,15.9,2527.48,68.6
2023-07-19,2023,Los Álamos,LA-02,Lisbon,29137.0,20416.0,4467.0,4254.0,6,Segunda,Mañana,Línea 2,1134.0,12.3,1975.57,70.1
2023-07-26,2023,Los Álamos,LA-02,Lisbon,33592.0,23540.0,4835.0,5217.0,5,Segunda,Tarde,Línea 2,1308.0,14.0,2510.39,70.1
2023-08-02,2023,Los Álamos,LA-02,Lisbon,22922.0,16139.0,4065.0,2718.0,2,Primera,Mañana,Línea 1,897.0,10.0,1456.0,70.4
2023-08-09,2023,Los Álamos,LA-02,Lisbon,26056.0,17793.0,4564.0,3699.0,6,Primera,Mañana,Línea 2,988.0,8.9,1932.16,68.3
2023-08-16,2023,Los Álamos,LA-02,Lisbon,26634.0,18725.0,4161.0,3748.0,4,Primera,Tarde,Línea 2,1040.0,9.9,1717.77,70.3
2023-08-23,2023,Los Álamos,LA-02,Lisbon,25426.0,17127.0,4004.0,4295.0,4,Extra,Tarde,Línea 2,952.0,8.1,2071.07,67.4
2023-08-30,2023,Los Álamos,LA-02,Lisbon,24515.0,17585.0,3649.0,3281.0,7,Primera,Noche,Línea 3,977.0,10.1,1786.29,71.7
2023-09-06,2023,Los Álamos,LA-02,Lisbon,16125.0,10878.0,2647.0,2600.0,4,Primera,Noche,Línea 1,604.0,6.0,1264.42,67.5
2023-09-13,2023,Los Álamos,LA-02,Lisbon,15816.0,10948.0,2650.0,2218.0,5,Primera,Mañana,Línea 3,608.0,5.6,923.48,69.2
2023-09-20,2023,Los Álamos,LA-02,Lisbon,18671.0,12744.0,3435.0,2492.0,4,Primera,Tarde,Línea 1,708.0,6.0,1214.69,68.3
2023-09-27,2023,Los Álamos,LA-02,Lisbon,18185.0,12432.0,2767.0,2986.0,5,Primera,Mañana,Línea 2,691.0,8.3,1482.07,68.4
2023-10-04,2023,Los Álamos,LA-02,Lisbon,8678.0,5459.0,1549.0,1670.0,5,Primera,Tarde,Línea 1,303.0,4.5,627.09,62.9
2023-10-11,2023,Los Álamos,LA-02,Lisbon,6773.0,4037.0,1267.0,1469.0,3,Segunda,Mañana,Línea 3,224.0,4.5,429.62,59.6
2023-10-18,2023,Los Álamos,LA-02,Lisbon,8147.0,5578.0,1407.0,1162.0,5,Segunda,Mañana,Línea 3,310.0,4.5,515.29,68.5
2023-10-25,2023,Los Álamos,LA-02,Lisbon,8616.0,5737.0,1340.0,1539.0,5,Primera,Mañana,Línea 1,319.0,4.5,570.31,66.6
2023-11-01,2023,Los Álamos,LA-02,Lisbon,2343.0,1472.0,420.0,451.0,6,Primera,Tarde,Línea 3,82.0,4.5,136.66,62.8
2023-11-08,2023,Los Álamos,LA-02,Lisbon,2254.0,1402.0,417.0,435.0,2,Primera,Tarde,Línea 2,78.0,4.5,140.18,62.2
2023-11-15,2023,Los Álamos,LA-02,Lisbon,2772.0,1700.0,580.0,492.0,4,Segunda,Tarde,Línea 3,94.0,4.5,220.01,61.3
2023-11-22,2023,Los Álamos,LA-02,Lisbon,2645.0,1589.0,471.0,585.0,4,Primera,Mañana,Línea 1,88.0,4.5,175.05,60.1
2023-11-29,2023,Los Álamos,LA-02,Lisbon,2850.0,1767.0,496.0,587.0,2,Primera,Tarde,Línea 3,98.0,4.5,185.37,62.0
2023-03-01,2023,Los Álamos,LA-03,Génova,5074.0,2881.0,1077.0,1116.0,3,Segunda,Tarde,Línea 1,160.0,4.5,409.48,56.8
2023-03-08,2023,Los Álamos,LA-03,Génova,4870.0,2770.0,953.0,1147.0,7,Primera,Noche,Línea 2,154.0,4.5,359.82,56.9
2023-03-15,2023,Los Álamos,LA-03,Génova,4634.0,2753.0,922.0,959.0,4,Primera,Mañana,Línea 1,153.0,4.5,283.74,59.4
2023-03-22,2023,Los Álamos,LA-03,Génova,5379.0,2872.0,1252.0,1255.0,7,Primera,Mañana,Línea 3,160.0,4.5,325.33,53.4
2023-03-29,2023,Los Álamos,LA-03,Génova,4682.0,2601.0,885.0,1196.0,7,Segunda,Tarde,Línea 3,144.0,4.5,311.63,55.6
2023-04-05,2023,Los Álamos,LA-03,Génova,14683.0,8985.0,2828.0,2870.0,3,Primera,Noche,Línea 1,499.0,4.5,1189.08,61.2
2023-04-12,2023,Los Álamos,LA-03,Génova,13178.0,8005.0,2472.0,2701.0,6,Segunda,Tarde,Línea 2,445.0,4.5,887.27,60.7
2023-04-19,2023,Los Álamos,LA-03,Génova,12931.0,7551.0,2490.0,2890.0,5,Primera,Mañana,Línea 1,420.0,5.1,804.9,58.4
2023-04-26,2023,Los Álamos,LA-03,Génova,13272.0,8384.0,2714.0,2174.0,4,Primera,Mañana,Línea 3,466.0,4.6,1028.57,63.2
2023-05-03,2023,Los Álamos,LA-03,Génova,18485.0,11632.0,3356.0,3497.0,5,Segunda,Tarde,Línea 3,646.0,6.2,1374.78,62.9
2023-05-10,2023,Los Álamos,LA-03,Génova,21088.0,12739.0,4147.0,4202.0,7,Extra,Tarde,Línea 3,708.0,6.7,1577.69,60.4
2023-05-17,2023,Los Álamos,LA-03,Génova,19659.0,12487.0,3608.0,3564.0,6,Primera,Noche,Línea 3,694.0,6.5,1432.36,63.5
2023-05-24,2023,Los Álamos,LA-03,Génova,18081.0,11129.0,3517.0,3435.0,3,Segunda,Tarde,Línea 2,618.0,5.5,1133.86,61.6
2023-05-31,2023,Los Álamos,LA-03,Génova,21975.0,12823.0,4052.0,5100.0,5,Primera,Mañana,Línea 3,712.0,7.3,1583.38,58.4
2023-06-07,2023,Los Álamos,LA-03,Génova,21877.0,14538.0,3577.0,3762.0,6,Extra,Noche,Línea 2,808.0,7.8,1699.44,66.5
2023-06-14,2023,Los Álamos,LA-03,Génova,22952.0,15882.0,3969.0,3101.0,5,Segunda,Noche,Línea 3,882.0,10.0,1500.75,69.2
2023-06-21,2023,Los Álamos,LA-03,Génova,25394.0,16344.0,4826.0,4224.0,4,Primera,Mañana,Línea 3,908.0,9.8,1863.49,64.4
2023-06-28,2023,Los Álamos,LA-03,Génova,23495.0,15675.0,4261.0,3559.0,4,Segunda,Tarde,Línea 2,871.0,8.7,1564.93,66.7
2023-07-05,2023,Los Álamos,LA-03,Génova,20853.0,13047.0,4113.0,3693.0,6,Primera,Tarde,Línea 3,725.0,6.8,1375.31,62.6
2023-07-12,2023,Los Álamos,LA-03,Génova,26605.0,16791.0,5190.0,4624.0,4,Segunda,Tarde,Línea 1,933.0,9.7,1806.34,63.1
2023-07-19,2023,Los Álamos,LA-03,Génova,24422.0,15641.0,4900.0,3881.0,5,Primera,Noche,Línea 1,869.0,9.3,1452.84,64.0
2023-07-26,2023,Los Álamos,LA-03,Génova,22377.0,13662.0,3981.0,4734.0,4,Segunda,Noche,Línea 2,759.0,7.3,1833.71,61.1
2023-08-02,2023,Los Álamos,LA-03,Génova,18068.0,10801.0,3809.0,3458.0,7,Segunda,Noche,Línea 1,600.0,6.3,1215.88,59.8
2023-08-09,2023,Los Álamos,LA-03,Génova,22003.0,13532.0,4311.0,4160.0,3,Segunda,Noche,Línea 2,752.0,9.3,1705.88,61.5
2023-08-16,2023,Los Álamos,LA-03,Génova,20958.0,14296.0,3600.0,3062.0,6,Primera,Tarde,Línea 3,794.0,8.4,1385.62,68.2
2023-08-23,2023,Los Álamos,LA-03,Génova,20437.0,12414.0,3657.0,4366.0,2,Segunda,Tarde,Línea 3,690.0,6.4,1287.78,60.7
2023-08-30,2023,Los Álamos,LA-03,Génova,22603.0,14599.0,4141.0,3863.0,7,Primera,Noche,Línea 3,811.0,8.8,1746.59,64.6
2023-09-06,2023,Los Álamos,LA-03,Génova,14837.0,8982.0,2904.0,2951.0,5,Primera,Tarde,Línea 1,499.0,4.5,1001.67,60.5
2023-09-13,2023,Los Álamos,LA-03,Génova,12251.0,7270.0,2459.0,2522.0,5,Primera,Mañana,Línea 3,404.0,5.0,986.81,59.3
2023-09-20,2023,Los Álamos,LA-03,Génova,12901.0,7357.0,2805.0,2739.0,4,Segunda,Mañana,Línea 2,409.0,5.0,895.9,57.0
2023-09-27,2023,Los Álamos,LA-03,Génova,12644.0,7350.0,2762.0,2532.0,7,Primera,Mañana,Línea 3,408.0,4.9,998.92,58.1
2023-10-04,2023,Los Álamos,LA-03,Génova,6673.0,3947.0,1377.0,1349.0,3,Primera,Mañana,Línea 2,219.0,4.5,451.96,59.1
2023-10-11,2023,Los Álamos,LA-03,Génova,5361.0,3075.0,1085.0,1201.0,4,Extra,Mañana,Línea 2,171.0,4.5,433.24,57.4
2023-10-18,2023,Los Álamos,LA-03,Génova,6351.0,3689.0,1171.0,1491.0,7,Primera,Noche,Línea 1,205.0,4.5,411.09,58.1
2023-10-25,2023,Los Álamos,LA-03,Génova,6708.0,3605.0,1322.0,1781.0,6,Segunda,Tarde,Línea 1,200.0,4.5,534.34,53.7
2023-11-01,2023,Los Álamos,LA-03,Génova,2398.0,1411.0,471.0,516.0,6,Primera,Tarde,Línea 2,78.0,4.5,186.3,58.8
2023-11-08,2023,Los Álamos,LA-03,Génova,2056.0,1189.0,419.0,448.0,7,Primera,Mañana,Línea 2,66.0,4.5,150.41,57.9
2023-11-15,2023,Los Álamos,LA-03,Génova,2363.0,1267.0,501.0,595.0,5,Segunda,Mañana,Línea 2,70.0,4.5,167.74,53.6
2023-11-22,2023,Los Álamos,LA-03,Génova,1907.0,1101.0,361.0,445.0,3,Primera,Tarde,Línea 3,61.0,4.5,138.27,57.8
2023-11-29,2023,Los Álamos,LA-03,Génova,2379.0,1424.0,439.0,516.0,6,Primera,Mañana,Línea 1,79.0,4.5,142.56,59.8
2023-03-01,2023,Río Ancho,RA-01,Eureka,19003.0,12391.0,3299.0,3313.0,4,Segunda,Tarde,Línea 2,688.0,8.6,1283.6,65.2
2023-03-08,2023,Río Ancho,RA-01,Eureka,16208.0,10556.0,2815.0,2837.0,4,Primera,Tarde,Línea 1,586.0,5.3,996.59,65.1
2023-03-15,2023,Río Ancho,RA-01,Eureka,20213.0,13506.0,3550.0,3157.0,4,Primera,Tarde,Línea 2,750.0,6.6,1442.99,66.8
2023-03-22,2023,Río Ancho,RA-01,Eureka,19740.0,12765.0,3233.0,3742.0,6,Primera,Noche,Línea 3,709.0,8.9,1232.7,64.7
2023-03-29,2023,Río Ancho,RA-01,Eureka,20421.0,13331.0,3288.0,3802.0,5,Primera,Mañana,Línea 2,741.0,8.7,1246.63,65.3
2023-04-05,2023,Río Ancho,RA-01,Eureka,7718.0,5600.0,1150.0,968.0,6,Primera,Noche,Línea 1,311.0,4.5,574.4,72.6
2023-04-05,2023,Río Ancho,RA-01,Eureka,43270.0,30144.0,7185.0,5941.0,3,Primera,Tarde,Línea 1,1675.0,20.7,2514.01,69.7
2023-04-12,2023,Río Ancho,RA-01,Eureka,25591.0,17394.0,4322.0,3875.0,2,Primera,Noche,Línea 3,966.0,10.2,1499.02,68.0
2023-04-12,2023,Río Ancho,RA-01,Eureka,23804.0,16848.0,4034.0,2922.0,4,Primera,Tarde,Línea 2,936.0,10.3,1605.24,70.8
2023-04-19,2023,Río Ancho,RA-01,Eureka,46624.0,33461.0,6728.0,6435.0,7,Primera,Tarde,Línea 3,1859.0,16.9,3462.35,71.8
2023-04-26,2023,Río Ancho,RA-01,Eureka,30103.0,21085.0,4716.0,4302.0,5,Primera,Mañana,Línea 3,1171.0,10.7,2463.04,70.0
2023-04-26,2023,Río Ancho,RA-01,Eureka,23823.0,16583.0,4265.0,2975.0,4,Primera,Mañana,Línea 1,921.0,8.3,1510.18,69.6
2023-05-03,2023,Río Ancho,RA-01,Eureka,36010.0,26630.0,5168.0,4212.0,4,Primera,Noche,Línea 3,1479.0,13.8,2451.57,74.0
2023-05-03,2023,Río Ancho,RA-01,Eureka,36201.0,25835.0,6217.0,4149.0,4,Segunda,Noche,Línea 3,1435.0,13.0,2852.43,71.4
2023-05-10,2023,Río Ancho,RA-01,Eureka,2764.0,2098.0,387.0,279.0,2,Primera,Noche,Línea 3,117.0,4.5,226.42,75.9
2023-05-10,2023,Río Ancho,RA-01,Eureka,53567.0,35975.0,9584.0,8008.0,5,Primera,Tarde,Línea 1,1999.0,21.3,3277.88,67.2
2023-05-17,2023,Río Ancho,RA-01,Eureka,3102.0,2210.0,514.0,378.0,4,Primera,Noche,Línea 2,123.0,4.5,211.06,71.2
2023-05-17,2023,Río Ancho,RA-01,Eureka,52864.0,36881.0,8844.0,7139.0,3,Primera,Mañana,Línea 3,2049.0,20.3,3270.96,69.8
2023-05-24,2023,Río Ancho,RA-01,Eureka,27777.0,20665.0,3604.0,3508.0,3,Extra,Mañana,Línea 1,1148.0,12.5,2131.19,74.4
2023-05-24,2023,Río Ancho,RA-01,Eureka,34962.0,24707.0,5283.0,4972.0,4,Extra,Tarde,Línea 3,1373.0,13.0,2503.89,70.7
2023-05-31,2023,Río Ancho,RA-01,Eureka,38897.0,27197.0,5971.0,5729.0,7,Segunda,Tarde,Línea 1,1511.0,15.9,2815.49,69.9
2023-05-31,2023,Río Ancho,RA-01,Eureka,32239.0,23409.0,4706.0,4124.0,5,Primera,Tarde,Línea 3,1300.0,16.6,2253.82,72.6
2023-06-07,2023,Río Ancho,RA-01,Eureka,15580.0,11701.0,2079.0,1800.0,4,Primera,Noche,Línea 2,650.0,6.7,937.82,75.1
2023-06-07,2023,Río Ancho,RA-01,Eureka,62564.0,46177.0,9550.0,6837.0,6,Primera,Mañana,Línea 3,2565.0,27.2,4411.58,73.8
2023-06-14,2023,Río Ancho,RA-01,Eureka,55002.0,40741.0,9097.0,5164.0,5,Segunda,Mañana,Línea 2,2263.0,22.2,4259.57,74.1
2023-06-14,2023,Río Ancho,RA-01,Eureka,6174.0,4704.0,945.0,525.0,3,Extra,Tarde,Línea 1,261.0,4.5,442.87,76.2
2023-06-21,2023,Río Ancho,RA-01,Eureka,27058.0,19336.0,4338.0,3384.0,7,Segunda,Noche,Línea 3,1074.0,10.6,1846.33,71.5
2023-06-21,2023,Río Ancho,RA-01,Eureka,43114.0,30540.0,6182.0,6392.0,3,Primera,Mañana,Línea 2,1697.0,20.8,2678.41,70.8
2023-06-28,2023,Río Ancho,RA-01,Eureka,49194.0,37682.0,6013.0,5499.0,4,Segunda,Tarde,Línea 2,2093.0,20.1,3642.97,76.6
2023-06-28,2023,Río Ancho,RA-01,Eureka,16655.0,12076.0,2866.0,1713.0,3,Primera,Mañana,Línea 2,671.0,8.5,1027.46,72.5
2023-07-05,2023,Río Ancho,RA-01,Eureka,56281.0,43138.0,8937.0,4206.0,6,Segunda,Noche,Línea 2,2397.0,20.3,4237.05,76.6
2023-07-05,2023,Río Ancho,RA-01,Eureka,15748.0,12026.0,2482.0,1240.0,2,Segunda,Mañana,Línea 2,668.0,8.4,1000.72,76.4
2023-07-12,2023,Río Ancho,RA-01,Eureka,61104.0,48043.0,7624.0,5437.0,5,Primera,Mañana,Línea 3,2669.0,24.6,4658.58,78.6
2023-07-12,2023,Río Ancho,RA-01,Eureka,8527.0,6267.0,1262.0,998.0,4,Primera,Mañana,Línea 1,348.0,4.5,694.42,73.5
2023-07-19,2023,Río Ancho,RA-01,Eureka,19058.0,14338.0,2930.0,1790.0,5,Primera,Mañana,Línea 3,797.0,6.8,1285.37,75.2
2023-07-19,2023,Río Ancho,RA-01,Eureka,50501.0,38046.0,7706.0,4749.0,6,Extra,Mañana,Línea 1,2114.0,19.7,3626.05,75.3
2023-07-26,2023,Río Ancho,RA-01,Eureka,15450.0,12089.0,2259.0,1102.0,4,Primera,Mañana,Línea 1,672.0,7.7,1046.39,78.2
2023-07-26,2023,Río Ancho,RA-01,Eureka,47169.0,33551.0,6940.0,6678.0,2,Primera,Noche,Línea 2,1864.0,17.0,3765.13,71.1
2023-08-02,2023,Río Ancho,RA-01,Eureka,12571.0,8957.0,2226.0,1388.0,5,Segunda,Tarde,Línea 3,498.0,5.4,831.47,71.3
2023-08-02,2023,Río Ancho,RA-01,Eureka,37233.0,27189.0,5681.0,4363.0,3,Segunda,Mañana,Línea 3,1510.0,18.3,2381.61,73.0
2023-08-09,2023,Río Ancho,RA-01,Eureka,47658.0,33912.0,8266.0,5480.0,2,Primera,Tarde,Línea 1,1884.0,16.8,3638.77,71.2
2023-08-16,2023,Río Ancho,RA-01,Eureka,44364.0,32782.0,7459.0,4123.0,4,Primera,Noche,Línea 1,1821.0,17.3,2926.2,73.9
2023-08-23,2023,Río Ancho,RA-01,Eureka,22709.0,16169.0,3885.0,2655.0,4,Segunda,Noche,Línea 1,898.0,8.0,1391.95,71.2
2023-08-23,2023,Río Ancho,RA-01,Eureka,33923.0,23841.0,5260.0,4822.0,7,Primera,Tarde,Línea 3,1324.0,12.7,2579.63,70.3
2023-08-30,2023,Río Ancho,RA-01,Eureka,20238.0,15112.0,3136.0,1990.0,7,Segunda,Noche,Línea 1,840.0,9.5,1597.85,74.7
2023-08-30,2023,Río Ancho,RA-01,Eureka,35608.0,26450.0,4673.0,4485.0,4,Primera,Noche,Línea 2,1469.0,13.8,2471.6,74.3
2023-09-06,2023,Río Ancho,RA-01,Eureka,39953.0,28266.0,6487.0,5200.0,4,Segunda,Tarde,Línea 2,1570.0,18.3,3008.03,70.7
2023-09-13,2023,Río Ancho,RA-01,Eureka,39921.0,27571.0,6556.0,5794.0,6,Extra,Tarde,Línea 2,1532.0,13.8,3110.23,69.1
2023-09-20,2023,Río Ancho,RA-01,Eureka,35362.0,25136.0,5913.0,4313.0,3,Extra,Mañana,Línea 2,1396.0,15.1,2797.23,71.1
2023-09-27,2023,Río Ancho,RA-01,Eureka,37569.0,27141.0,5708.0,4720.0,5,Primera,Mañana,Línea 2,1508.0,13.3,2221.56,72.2
2023-10-04,2023,Río Ancho,RA-01,Eureka,18004.0,11421.0,3128.0,3455.0,6,Segunda,Noche,Línea 1,634.0,5.5,1173.11,63.4
2023-10-11,2023,Río Ancho,RA-01,Eureka,17554.0,12092.0,2667.0,2795.0,5,Primera,Tarde,Línea 2,672.0,8.6,1247.43,68.9
2023-10-18,2023,Río Ancho,RA-01,Eureka,14710.0,9338.0,2714.0,2658.0,4,Extra,Tarde,Línea 1,519.0,5.4,1163.83,63.5
2023-10-25,2023,Río Ancho,RA-01,Eureka,15669.0,9992.0,2637.0,3040.0,7,Primera,Noche,Línea 1,555.0,4.7,1002.81,63.8
2023-11-01,2023,Río Ancho,RA-01,Eureka,5231.0,3197.0,984.0,1050.0,4,Primera,Noche,Línea 2,178.0,4.5,327.97,61.1
2023-11-08,2023,Río Ancho,RA-01,Eureka,6671.0,4627.0,1078.0,966.0,4,Primera,Mañana,Línea 3,257.0,4.5,428.01,69.4
2023-11-15,2023,Río Ancho,RA-01,Eureka,6063.0,4077.0,1161.0,825.0,4,Extra,Tarde,Línea 2,226.0,4.5,485.63,67.2
2023-11-22,2023,Río Ancho,RA-01,Eureka,5405.0,3287.0,975.0,1143.0,4,Primera,Tarde,Línea 3,183.0,4.5,341.98,60.8
2023-11-29,2023,Río Ancho,RA-01,Eureka,6178.0,4090.0,999.0,1089.0,6,Primera,Tarde,Línea 2,227.0,4.5,368.35,66.2
2023-03-01,2023,Río Ancho,RA-02,Lisbon,12529.0,7918.0,2278.0,2333.0,4,Primera,Noche,Línea 2,440.0,5.3,880.76,63.2
2023-03-08,2023,Río Ancho,RA-02,Lisbon,11661.0,7596.0,1898.0,2167.0,3,Segunda,Tarde,Línea 2,422.0,5.3,954.62,65.1
2023-03-15,2023,Río Ancho,RA-02,Lisbon,12804.0,8133.0,2191.0,2480.0,5,Segunda,Noche,Línea 3,452.0,5.7,863.03,63.5
2023-03-22,2023,Río Ancho,RA-02,Lisbon,11770.0,7799.0,2061.0,1910.0,6,Primera,Tarde,Línea 3,433.0,4.5,927.3,66.3
2023-03-29,2023,Río Ancho,RA-02,Lisbon,11801.0,7079.0,2281.0,2441.0,6,Extra,Tarde,Línea 3,393.0,4.5,821.32,60.0
2023-04-05,2023,Río Ancho,RA-02,Lisbon,34368.0,22724.0,6698.0,4946.0,4,Segunda,Mañana,Línea 3,1262.0,11.2,2073.66,66.1
2023-04-12,2023,Río Ancho,RA-02,Lisbon,30024.0,18446.0,5119.0,6459.0,7,Primera,Tarde,Línea 1,1025.0,10.9,1910.55,61.4
2023-04-19,2023,Río Ancho,RA-02,Lisbon,27551.0,17313.0,4823.0,5415.0,4,Primera,Mañana,Línea 1,962.0,11.9,1721.69,62.8
2023-04-26,2023,Río Ancho,RA-02,Lisbon,26584.0,16888.0,4791.0,4905.0,5,Primera,Noche,Línea 2,938.0,10.1,2100.71,63.5
2023-05-03,2023,Río Ancho,RA-02,Lisbon,47345.0,31198.0,9188.0,6959.0,6,Primera,Tarde,Línea 2,1733.0,21.6,3084.22,65.9
2023-05-10,2023,Río Ancho,RA-02,Lisbon,45583.0,30504.0,7258.0,7821.0,5,Primera,Tarde,Línea 2,1695.0,15.5,2777.83,66.9
2023-05-17,2023,Río Ancho,RA-02,Lisbon,46678.0,32167.0,7845.0,6666.0,6,Primera,Noche,Línea 3,1787.0,22.0,3777.69,68.9
2023-05-24,2023,Río Ancho,RA-02,Lisbon,40259.0,26784.0,6468.0,7007.0,4,Extra,Tarde,Línea 3,1488.0,13.3,2347.8,66.5
2023-05-31,2023,Río Ancho,RA-02,Lisbon,39256.0,25949.0,6549.0,6758.0,3,Segunda,Noche,Línea 1,1442.0,15.5,2647.41,66.1
2023-06-07,2023,Río Ancho,RA-02,Lisbon,42515.0,28176.0,7754.0,6585.0,7,Primera,Mañana,Línea 1,1565.0,18.5,2782.5,66.3
2023-06-14,2023,Río Ancho,RA-02,Lisbon,47472.0,33456.0,7002.0,7014.0,6,Primera,Noche,Línea 3,1859.0,18.6,2853.01,70.5
2023-06-21,2023,Río Ancho,RA-02,Lisbon,23657.0,16974.0,3505.0,3178.0,7,Primera,Noche,Línea 2,943.0,8.1,1913.55,71.8
2023-06-21,2023,Río Ancho,RA-02,Lisbon,27347.0,19114.0,4069.0,4164.0,6,Segunda,Mañana,Línea 3,1062.0,9.8,1657.46,69.9
2023-06-28,2023,Río Ancho,RA-02,Lisbon,43256.0,29485.0,7024.0,6747.0,7,Segunda,Mañana,Línea 2,1638.0,15.9,2708.19,68.2
2023-06-28,2023,Río Ancho,RA-02,Lisbon,4831.0,3343.0,858.0,630.0,3,Segunda,Tarde,Línea 1,186.0,4.5,319.01,69.2
2023-07-05,2023,Río Ancho,RA-02,Lisbon,13062.0,9229.0,1915.0,1918.0,6,Extra,Mañana,Línea 1,513.0,5.0,1012.9,70.7
2023-07-05,2023,Río Ancho,RA-02,Lisbon,35242.0,23896.0,5615.0,5731.0,7,Primera,Tarde,Línea 2,1328.0,14.8,2587.72,67.8
2023-07-12,2023,Río Ancho,RA-02,Lisbon,23905.0,16173.0,4381.0,3351.0,5,Segunda,Mañana,Línea 2,898.0,10.4,1655.59,67.7
2023-07-12,2023,Río Ancho,RA-02,Lisbon,31220.0,21130.0,5544.0,4546.0,3,Extra,Noche,Línea 1,1174.0,14.9,2327.8,67.7
2023-07-19,2023,Río Ancho,RA-02,Lisbon,46999.0,33136.0,7782.0,6081.0,2,Primera,Tarde,Línea 1,1841.0,21.0,3162.25,70.5
2023-07-26,2023,Río Ancho,RA-02,Lisbon,16969.0,11621.0,2589.0,2759.0,4,Extra,Tarde,Línea 2,646.0,7.2,1361.35,68.5
2023-07-26,2023,Río Ancho,RA-02,Lisbon,32453.0,22055.0,6100.0,4298.0,5,Primera,Mañana,Línea 3,1225.0,14.2,2459.86,68.0
2023-08-02,2023,Río Ancho,RA-02,Lisbon,42891.0,30437.0,6328.0,6126.0,2,Primera,Tarde,Línea 1,1691.0,20.0,3431.1,71.0
2023-08-09,2023,Río Ancho,RA-02,Lisbon,38342.0,28042.0,6256.0,4044.0,3,Segunda,Mañana,Línea 3,1558.0,17.0,3099.93,73.1
2023-08-16,2023,Río Ancho,RA-02,Lisbon,40992.0,27259.0,6685.0,7048.0,5,Primera,Noche,Línea 2,1514.0,14.1,3281.86,66.5
2023-08-23,2023,Río Ancho,RA-02,Lisbon,43816.0,27571.0,8934.0,7311.0,4,Segunda,Noche,Línea 3,1532.0,16.0,3055.6,62.9
2023-08-30,2023,Río Ancho,RA-02,Lisbon,44839.0,31783.0,7732.0,5324.0,4,Primera,Mañana,Línea 3,1766.0,19.3,3067.38,70.9
2023-09-06,2023,Río Ancho,RA-02,Lisbon,23718.0,15629.0,4452.0,3637.0,6,Segunda,Tarde,Línea 2,868.0,7.5,1730.4,65.9
2023-09-13,2023,Río Ancho,RA-02,Lisbon,29851.0,19125.0,4891.0,5835.0,5,Extra,Mañana,Línea 3,1062.0,11.3,2214.05,64.1
2023-09-20,2023,Río Ancho,RA-02,Lisbon,26433.0,17878.0,4352.0,4203.0,5,Primera,Mañana,Línea 2,993.0,9.6,1651.38,67.6
2023-09-27,2023,Río Ancho,RA-02,Lisbon,24592.0,15558.0,4778.0,4256.0,4,Primera,Mañana,Línea 3,864.0,8.9,1553.84,63.3
2023-10-04,2023,Río Ancho,RA-02,Lisbon,12050.0,7179.0,2584.0,2287.0,5,Segunda,Mañana,Línea 3,399.0,4.5,836.3,59.6
2023-10-11,2023,Río Ancho,RA-02,Lisbon,13938.0,8274.0,2714.0,2950.0,3,Primera,Mañana,Línea 2,460.0,5.5,877.31,59.4
2023-10-18,2023,Río Ancho,RA-02,Lisbon,12172.0,7792.0,2447.0,1933.0,7,Segunda,Mañana,Línea 1,433.0,4.9,899.75,64.0
2023-10-25,2023,Río Ancho,RA-02,Lisbon,11578.0,7304.0,2188.0,2086.0,4,Primera,Mañana,Línea 2,406.0,4.5,885.42,63.1
2023-11-01,2023,Río Ancho,RA-02,Lisbon,4304.0,2505.0,836.0,963.0,6,Extra,Tarde,Línea 1,139.0,4.5,256.7,58.2
2023-11-08,2023,Río Ancho,RA-02,Lisbon,3820.0,2388.0,728.0,704.0,3,Primera,Tarde,Línea 1,133.0,4.5,264.96,62.5
2023-11-15,2023,Río Ancho,RA-02,Lisbon,3618.0,2121.0,774.0,723.0,6,Primera,Noche,Línea 3,118.0,4.5,277.29,58.6
2023-11-22,2023,Río Ancho,RA-02,Lisbon,3684.0,2099.0,784.0,801.0,5,Primera,Mañana,Línea 2,117.0,4.5,269.84,57.0
2023-11-29,2023,Río Ancho,RA-02,Lisbon,3682.0,2186.0,657.0,839.0,4,Segunda,Mañana,Línea 1,121.0,4.5,263.02,59.4
2023-03-01,2023,Río Ancho,RA-03,Génova,6628.0,3577.0,1477.0,1574.0,7,Primera,Noche,Línea 2,199.0,4.5,468.35,54.0
2023-03-08,2023,Río Ancho,RA-03,Génova,7012.0,3667.0,1602.0,1743.0,7,Segunda,Tarde,Línea 2,204.0,4.5,457.65,52.3
2023-03-15,2023,Río Ancho,RA-03,Génova,6030.0,3015.0,1339.0,1676.0,7,Segunda,Noche,Línea 2,168.0,4.5,490.09,50.0
2023-03-22,2023,Río Ancho,RA-03,Génova,6069.0,3239.0,1375.0,1455.0,5,Segunda,Mañana,Línea 2,180.0,4.5,379.97,53.4
2023-03-29,2023,Río Ancho,RA-03,Génova,5769.0,2993.0,1280.0,1496.0,5,Primera,Mañana,Línea 3,166.0,4.5,406.5,51.9
2023-04-05,2023,Río Ancho,RA-03,Génova,16712.0,10487.0,2898.0,3327.0,5,Segunda,Noche,Línea 2,583.0,7.2,1144.27,62.8
2023-04-12,2023,Río Ancho,RA-03,Génova,17316.0,9976.0,3400.0,3940.0,4,Extra,Noche,Línea 3,554.0,4.8,1387.76,57.6
2023-04-19,2023,Río Ancho,RA-03,Génova,16757.0,8755.0,3839.0,4163.0,4,Primera,Noche,Línea 3,486.0,6.1,1162.84,52.2
2023-04-26,2023,Río Ancho,RA-03,Génova,16271.0,9205.0,3505.0,3561.0,6,Primera,Mañana,Línea 1,511.0,5.2,977.07,56.6
2023-05-03,2023,Río Ancho,RA-03,Génova,24071.0,13967.0,4951.0,5153.0,5,Segunda,Tarde,Línea 3,776.0,8.9,1675.44,58.0
2023-05-10,2023,Río Ancho,RA-03,Génova,26813.0,15260.0,5493.0,6060.0,7,Primera,Noche,Línea 2,848.0,7.8,1595.02,56.9
2023-05-17,2023,Río Ancho,RA-03,Génova,24762.0,14158.0,4588.0,6016.0,7,Segunda,Tarde,Línea 1,787.0,9.8,1931.93,57.2
2023-05-24,2023,Río Ancho,RA-03,Génova,26034.0,16048.0,4687.0,5299.0,6,Primera,Mañana,Línea 3,892.0,9.4,1534.92,61.6
2023-05-31,2023,Río Ancho,RA-03,Génova,27156.0,15796.0,5526.0,5834.0,5,Segunda,Tarde,Línea 3,878.0,9.6,1780.69,58.2
2023-06-07,2023,Río Ancho,RA-03,Génova,33063.0,19852.0,7053.0,6158.0,7,Primera,Noche,Línea 1,1103.0,9.4,2604.1,60.0
2023-06-14,2023,Río Ancho,RA-03,Génova,27010.0,15850.0,5143.0,6017.0,7,Segunda,Noche,Línea 2,881.0,8.5,1861.95,58.7
2023-06-21,2023,Río Ancho,RA-03,Génova,34076.0,19454.0,7534.0,7088.0,4,Segunda,Mañana,Línea 1,1081.0,13.5,2373.57,57.1
2023-06-28,2023,Río Ancho,RA-03,Génova,32482.0,18389.0,6740.0,7353.0,2,Primera,Mañana,Línea 3,1022.0,11.6,2151.56,56.6
2023-07-05,2023,Río Ancho,RA-03,Génova,28459.0,16264.0,5253.0,6942.0,6,Segunda,Noche,Línea 3,904.0,7.8,1908.11,57.1
2023-07-12,2023,Río Ancho,RA-03,Génova,36102.0,21512.0,7345.0,7245.0,5,Extra,Tarde,Línea 1,1195.0,10.4,2592.7,59.6
2023-07-19,2023,Río Ancho,RA-03,Génova,36559.0,21294.0,7882.0,7383.0,2,Segunda,Tarde,Línea 2,1183.0,11.4,2909.44,58.2
2023-07-26,2023,Río Ancho,RA-03,Génova,28260.0,17823.0,5013.0,5424.0,2,Segunda,Tarde,Línea 1,990.0,11.5,2255.48,63.1
2023-08-02,2023,Río Ancho,RA-03,Génova,26094.0,14564.0,5700.0,5830.0,3,Extra,Mañana,Línea 1,809.0,8.3,1654.85,55.8
2023-08-09,2023,Río Ancho,RA-03,Génova,30489.0,17275.0,6053.0,7161.0,6,Primera,Mañana,Línea 2,960.0,9.9,1876.63,56.7
2023-08-16,2023,Río Ancho,RA-03,Génova,30008.0,17217.0,6421.0,6370.0,3,Segunda,Tarde,Línea 1,956.0,10.1,2147.67,57.4
2023-08-23,2023,Río Ancho,RA-03,Génova,25328.0,14487.0,5106.0,5735.0,7,Primera,Tarde,Línea 1,805.0,7.3,2007.14,57.2
2023-08-30,2023,Río Ancho,RA-03,Génova,25534.0,14704.0,5508.0,5322.0,6,Segunda,Noche,Línea 1,817.0,9.8,2054.2,57.6
2023-09-06,2023,Río Ancho,RA-03,Génova,18146.0,10489.0,3791.0,3866.0,5,Primera,Tarde,Línea 3,583.0,6.3,1461.05,57.8
2023-09-13,2023,Río Ancho,RA-03,Génova,18785.0,10979.0,4075.0,3731.0,2,Primera,Tarde,Línea 2,610.0,7.1,1449.3,58.4
2023-09-20,2023,Río Ancho,RA-03,Génova,19535.0,11296.0,3853.0,4386.0,6,Primera,Noche,Línea 1,628.0,7.0,1275.79,57.8
2023-09-27,2023,Río Ancho,RA-03,Génova,18137.0,10688.0,3548.0,3901.0,7,Segunda,Mañana,Línea 3,594.0,5.3,1130.58,58.9
2023-10-04,2023,Río Ancho,RA-03,Génova,8498.0,4391.0,1823.0,2284.0,7,Primera,Mañana,Línea 1,244.0,4.5,573.19,51.7
2023-10-11,2023,Río Ancho,RA-03,Génova,9225.0,4686.0,1906.0,2633.0,6,Primera,Tarde,Línea 3,260.0,4.5,640.06,50.8
2023-10-18,2023,Río Ancho,RA-03,Génova,7411.0,4059.0,1538.0,1814.0,2,Segunda,Mañana,Línea 1,226.0,4.5,533.59,54.8
2023-10-25,2023,Río Ancho,RA-03,Génova,7961.0,4547.0,1599.0,1815.0,5,Segunda,Tarde,Línea 2,253.0,4.5,540.21,57.1
2023-11-01,2023,Río Ancho,RA-03,Génova,3168.0,1695.0,707.0,766.0,7,Primera,Tarde,Línea 3,94.0,4.5,186.66,53.5
2023-11-08,2023,Río Ancho,RA-03,Génova,3328.0,1703.0,797.0,828.0,6,Primera,Noche,Línea 2,95.0,4.5,239.52,51.2
2023-11-15,2023,Río Ancho,RA-03,Génova,2990.0,1495.0,673.0,822.0,5,Segunda,Noche,Línea 3,83.0,4.5,201.12,50.0
2023-11-22,2023,Río Ancho,RA-03,Génova,3007.0,1504.0,688.0,815.0,6,Primera,Noche,Línea 1,84.0,4.5,237.75,50.0
2023-11-29,2023,Río Ancho,RA-03,Génova,2631.0,1340.0,595.0,696.0,3,Primera,Mañana,Línea 3,74.0,4.5,213.96,50.9
2023-03-01,2023,San Cayetano,SC-01,Eureka,13041.0,9437.0,1923.0,1681.0,6,Segunda,Tarde,Línea 2,524.0,6.1,796.78,72.4
2023-03-08,2023,San Cayetano,SC-01,Eureka,12114.0,8390.0,1987.0,1737.0,2,Primera,Noche,Línea 2,466.0,5.4,750.93,69.3
2023-03-15,2023,San Cayetano,SC-01,Eureka,12024.0,7957.0,2293.0,1774.0,3,Primera,Mañana,Línea 1,442.0,4.6,902.19,66.2
2023-03-22,2023,San Cayetano,SC-01,Eureka,11004.0,7631.0,1637.0,1736.0,5,Primera,Mañana,Línea 3,424.0,4.5,712.66,69.3
2023-03-29,2023,San Cayetano,SC-01,Eureka,10478.0,7257.0,1775.0,1446.0,4,Extra,Mañana,Línea 2,403.0,4.5,614.54,69.3
2023-04-05,2023,San Cayetano,SC-01,Eureka,35346.0,25000.0,6042.0,4304.0,3,Primera,Tarde,Línea 3,1389.0,12.2,2417.25,70.7
2023-04-12,2023,San Cayetano,SC-01,Eureka,35375.0,26791.0,5667.0,2917.0,4,Primera,Mañana,Línea 2,1488.0,16.3,2573.94,75.7
2023-04-19,2023,San Cayetano,SC-01,Eureka,32866.0,23947.0,5061.0,3858.0,4,Primera,Mañana,Línea 1,1330.0,13.8,2126.06,72.9
2023-04-26,2023,San Cayetano,SC-01,Eureka,30103.0,20886.0,4694.0,4523.0,3,Primera,Tarde,Línea 2,1160.0,12.3,2467.57,69.4
2023-05-03,2023,San Cayetano,SC-01,Eureka,41161.0,31781.0,5064.0,4316.0,3,Extra,Tarde,Línea 3,1766.0,21.0,2821.57,77.2
2023-05-10,2023,San Cayetano,SC-01,Eureka,45983.0,34141.0,6499.0,5343.0,5,Primera,Tarde,Línea 2,1897.0,16.3,3709.59,74.2
2023-05-17,2023,San Cayetano,SC-01,Eureka,15861.0,11904.0,2012.0,1945.0,4,Primera,Tarde,Línea 3,661.0,6.0,1280.95,75.1
2023-05-17,2023,San Cayetano,SC-01,Eureka,32312.0,24201.0,4441.0,3670.0,6,Segunda,Tarde,Línea 1,1344.0,14.0,2411.44,74.9
2023-05-24,2023,San Cayetano,SC-01,Eureka,9403.0,7124.0,1372.0,907.0,5,Extra,Mañana,Línea 2,396.0,4.5,636.92,75.8
2023-05-24,2023,San Cayetano,SC-01,Eureka,38642.0,31678.0,4388.0,2576.0,4,Extra,Tarde,Línea 2,1760.0,17.6,2885.76,82.0
2023-05-31,2023,San Cayetano,SC-01,Eureka,46672.0,35283.0,6970.0,4419.0,4,Primera,Mañana,Línea 1,1960.0,21.1,3571.89,75.6
2023-06-07,2023,San Cayetano,SC-01,Eureka,47071.0,35008.0,7535.0,4528.0,5,Primera,Tarde,Línea 2,1945.0,20.0,3627.12,74.4
2023-06-14,2023,San Cayetano,SC-01,Eureka,39585.0,28392.0,6717.0,4476.0,3,Primera,Noche,Línea 2,1577.0,18.0,2509.1,71.7
2023-06-21,2023,San Cayetano,SC-01,Eureka,40626.0,28129.0,7472.0,5025.0,6,Primera,Noche,Línea 2,1563.0,15.5,3198.17,69.2
2023-06-28,2023,San Cayetano,SC-01,Eureka,7729.0,6027.0,1087.0,615.0,4,Segunda,Noche,Línea 3,335.0,4.5,517.29,78.0
2023-06-28,2023,San Cayetano,SC-01,Eureka,42782.0,30310.0,7477.0,4995.0,3,Primera,Noche,Línea 1,1684.0,19.2,3473.97,70.8
2023-07-05,2023,San Cayetano,SC-01,Eureka,43142.0,32031.0,6175.0,4936.0,4,Extra,Tarde,Línea 2,1780.0,15.6,3503.08,74.2
2023-07-12,2023,San Cayetano,SC-01,Eureka,35722.0,29070.0,4191.0,2461.0,4,Primera,Tarde,Línea 3,1615.0,15.0,2116.16,81.4
2023-07-19,2023,San Cayetano,SC-01,Eureka,36869.0,28455.0,4939.0,3475.0,5,Primera,Mañana,Línea 2,1581.0,17.4,2572.88,77.2
2023-07-26,2023,San Cayetano,SC-01,Eureka,43850.0,32097.0,6824.0,4929.0,4,Segunda,Mañana,Línea 3,1783.0,15.2,2797.56,73.2
2023-08-02,2023,San Cayetano,SC-01,Eureka,28837.0,20126.0,4838.0,3873.0,3,Primera,Mañana,Línea 3,1118.0,13.7,2141.0,69.8
2023-08-09,2023,San Cayetano,SC-01,Eureka,30401.0,22205.0,5069.0,3127.0,4,Primera,Tarde,Línea 2,1234.0,15.6,2378.92,73.0
2023-08-16,2023,San Cayetano,SC-01,Eureka,34296.0,26342.0,4334.0,3620.0,6,Extra,Noche,Línea 2,1463.0,12.6,2048.98,76.8
2023-08-23,2023,San Cayetano,SC-01,Eureka,35733.0,27563.0,4466.0,3704.0,5,Extra,Mañana,Línea 2,1531.0,17.1,2277.27,77.1
2023-08-30,2023,San Cayetano,SC-01,Eureka,35333.0,28466.0,4846.0,2021.0,5,Primera,Noche,Línea 1,1581.0,18.2,2360.25,80.6
2023-09-06,2023,San Cayetano,SC-01,Eureka,21132.0,14804.0,3441.0,2887.0,4,Primera,Tarde,Línea 3,822.0,7.5,1660.97,70.1
2023-09-13,2023,San Cayetano,SC-01,Eureka,24468.0,17291.0,4114.0,3063.0,4,Segunda,Tarde,Línea 3,961.0,10.6,1454.91,70.7
2023-09-20,2023,San Cayetano,SC-01,Eureka,21221.0,14557.0,3714.0,2950.0,2,Segunda,Tarde,Línea 3,809.0,7.4,1385.69,68.6
2023-09-27,2023,San Cayetano,SC-01,Eureka,21823.0,15409.0,3463.0,2951.0,5,Segunda,Mañana,Línea 1,856.0,8.0,1628.65,70.6
2023-10-04,2023,San Cayetano,SC-01,Eureka,11293.0,8200.0,1932.0,1161.0,5,Primera,Tarde,Línea 1,456.0,5.4,858.76,72.6
2023-10-11,2023,San Cayetano,SC-01,Eureka,10989.0,8122.0,1640.0,1227.0,5,Primera,Tarde,Línea 2,451.0,4.9,790.15,73.9
2023-10-18,2023,San Cayetano,SC-01,Eureka,11613.0,8212.0,1656.0,1745.0,7,Primera,Mañana,Línea 2,456.0,5.2,810.68,70.7
2023-10-25,2023,San Cayetano,SC-01,Eureka,11014.0,8326.0,1598.0,1090.0,3,Primera,Tarde,Línea 3,463.0,5.1,707.04,75.6
2023-11-01,2023,San Cayetano,SC-01,Eureka,3968.0,2638.0,734.0,596.0,5,Primera,Tarde,Línea 3,147.0,4.5,303.26,66.5
2023-11-08,2023,San Cayetano,SC-01,Eureka,3420.0,2353.0,616.0,451.0,5,Primera,Mañana,Línea 1,131.0,4.5,251.42,68.8
2023-11-15,2023,San Cayetano,SC-01,Eureka,3737.0,2550.0,567.0,620.0,4,Primera,Noche,Línea 1,142.0,4.5,242.99,68.2
2023-11-22,2023,San Cayetano,SC-01,Eureka,3618.0,2431.0,649.0,538.0,3,Segunda,Mañana,Línea 2,135.0,4.5,224.03,67.2
2023-11-29,2023,San Cayetano,SC-01,Eureka,3593.0,2450.0,601.0,542.0,4,Primera,Tarde,Línea 2,136.0,4.5,264.41,68.2
2023-03-01,2023,San Cayetano,SC-02,Lisbon,8776.0,5716.0,1610.0,1450.0,5,Primera,Tarde,Línea 2,318.0,4.5,532.68,65.1
2023-03-08,2023,San Cayetano,SC-02,Lisbon,8969.0,5515.0,1663.0,1791.0,3,Extra,Tarde,Línea 1,306.0,4.5,651.59,61.5
2023-03-15,2023,San Cayetano,SC-02,Lisbon,8749.0,5333.0,1542.0,1874.0,6,Segunda,Tarde,Línea 1,296.0,4.5,565.21,61.0
2023-03-22,2023,San Cayetano,SC-02,Lisbon,7975.0,5048.0,1318.0,1609.0,7,Segunda,Tarde,Línea 3,280.0,4.5,601.38,63.3
2023-03-29,2023,San Cayetano,SC-02,Lisbon,9348.0,5804.0,1936.0,1608.0,3,Segunda,Noche,Línea 1,322.0,4.5,726.57,62.1
2023-04-05,2023,San Cayetano,SC-02,Lisbon,21861.0,14730.0,4164.0,2967.0,6,Primera,Mañana,Línea 3,818.0,7.1,1498.33,67.4
2023-04-12,2023,San Cayetano,SC-02,Lisbon,20080.0,12916.0,3896.0,3268.0,4,Extra,Tarde,Línea 1,718.0,6.8,1386.01,64.3
2023-04-19,2023,San Cayetano,SC-02,Lisbon,24393.0,16695.0,4230.0,3468.0,4,Primera,Mañana,Línea 1,928.0,10.3,1722.33,68.4
2023-04-26,2023,San Cayetano,SC-02,Lisbon,21141.0,14029.0,3570.0,3542.0,4,Primera,Noche,Línea 1,779.0,8.0,1406.44,66.4
2023-05-03,2023,San Cayetano,SC-02,Lisbon,37650.0,24932.0,6307.0,6411.0,5,Primera,Tarde,Línea 2,1385.0,16.7,2776.02,66.2
2023-05-10,2023,San Cayetano,SC-02,Lisbon,37782.0,26826.0,6589.0,4367.0,4,Primera,Mañana,Línea 2,1490.0,13.1,2598.53,71.0
2023-05-17,2023,San Cayetano,SC-02,Lisbon,37396.0,26622.0,5564.0,5210.0,5,Primera,Tarde,Línea 3,1479.0,15.6,2921.83,71.2
2023-05-24,2023,San Cayetano,SC-02,Lisbon,32010.0,22414.0,5274.0,4322.0,4,Extra,Mañana,Línea 2,1245.0,14.5,1934.85,70.0
2023-05-31,2023,San Cayetano,SC-02,Lisbon,28502.0,19429.0,4627.0,4446.0,5,Segunda,Tarde,Línea 2,1079.0,10.8,1715.61,68.2
2023-06-07,2023,San Cayetano,SC-02,Lisbon,42361.0,30689.0,6034.0,5638.0,7,Primera,Tarde,Línea 2,1705.0,19.9,2644.26,72.4
2023-06-14,2023,San Cayetano,SC-02,Lisbon,36779.0,25649.0,6488.0,4642.0,3,Primera,Mañana,Línea 3,1425.0,15.6,2441.79,69.7
2023-06-21,2023,San Cayetano,SC-02,Lisbon,42790.0,29104.0,6428.0,7258.0,3,Primera,Tarde,Línea 3,1617.0,15.1,3124.34,68.0
2023-06-28,2023,San Cayetano,SC-02,Lisbon,42756.0,28585.0,7138.0,7033.0,4,Extra,Tarde,Línea 3,1588.0,19.1,2613.1,66.9
2023-07-05,2023,San Cayetano,SC-02,Lisbon,41136.0,29237.0,7317.0,4582.0,7,Segunda,Mañana,Línea 1,1624.0,15.7,2567.64,71.1
2023-07-12,2023,San Cayetano,SC-02,Lisbon,34959.0,25928.0,5619.0,3412.0,4,Extra,Mañana,Línea 2,1440.0,13.6,2727.75,74.2
2023-07-19,2023,San Cayetano,SC-02,Lisbon,35962.0,26111.0,6059.0,3792.0,5,Segunda,Noche,Línea 2,1451.0,16.2,2638.56,72.6
2023-07-26,2023,San Cayetano,SC-02,Lisbon,41116.0,28657.0,6185.0,6274.0,3,Segunda,Noche,Línea 3,1592.0,14.9,2558.29,69.7
2023-08-02,2023,San Cayetano,SC-02,Lisbon,28298.0,18945.0,5353.0,4000.0,5,Primera,Tarde,Línea 3,1052.0,12.2,1739.24,66.9
2023-08-09,2023,San Cayetano,SC-02,Lisbon,26987.0,17544.0,4454.0,4989.0,6,Primera,Mañana,Línea 1,975.0,9.3,1949.77,65.0
2023-08-16,2023,San Cayetano,SC-02,Lisbon,30431.0,21237.0,4911.0,4283.0,6,Extra,Mañana,Línea 1,1180.0,12.5,2483.72,69.8
2023-08-23,2023,San Cayetano,SC-02,Lisbon,33802.0,23753.0,5139.0,4910.0,5,Extra,Tarde,Línea 3,1320.0,11.5,2176.05,70.3
2023-08-30,2023,San Cayetano,SC-02,Lisbon,31667.0,20017.0,6042.0,5608.0,6,Primera,Tarde,Línea 3,1112.0,9.7,1964.94,63.2
2023-09-06,2023,San Cayetano,SC-02,Lisbon,20460.0,13560.0,3412.0,3488.0,3,Primera,Noche,Línea 2,753.0,8.8,1335.83,66.3
2023-09-13,2023,San Cayetano,SC-02,Lisbon,17645.0,11796.0,2771.0,3078.0,5,Primera,Noche,Línea 2,655.0,6.9,1360.32,66.9
2023-09-20,2023,San Cayetano,SC-02,Lisbon,20728.0,13067.0,3502.0,4159.0,5,Segunda,Mañana,Línea 3,726.0,8.6,1661.75,63.0
2023-09-27,2023,San Cayetano,SC-02,Lisbon,22960.0,15442.0,4083.0,3435.0,6,Primera,Noche,Línea 2,858.0,8.6,1704.8,67.3
2023-10-04,2023,San Cayetano,SC-02,Lisbon,8242.0,5385.0,1488.0,1369.0,4,Segunda,Mañana,Línea 1,299.0,4.5,674.19,65.3
2023-10-11,2023,San Cayetano,SC-02,Lisbon,9278.0,5810.0,1794.0,1674.0,6,Primera,Noche,Línea 3,323.0,4.5,757.59,62.6
2023-10-18,2023,San Cayetano,SC-02,Lisbon,10263.0,6409.0,2034.0,1820.0,5,Segunda,Tarde,Línea 2,356.0,4.5,689.55,62.4
2023-10-25,2023,San Cayetano,SC-02,Lisbon,9888.0,6254.0,1799.0,1835.0,3,Primera,Mañana,Línea 1,347.0,4.5,754.37,63.2
2023-11-01,2023,San Cayetano,SC-02,Lisbon,3315.0,2033.0,663.0,619.0,6,Segunda,Tarde,Línea 3,113.0,4.5,197.62,61.3
2023-11-08,2023,San Cayetano,SC-02,Lisbon,3320.0,2016.0,657.0,647.0,5,Primera,Tarde,Línea 2,112.0,4.5,213.05,60.7
2023-11-15,2023,San Cayetano,SC-02,Lisbon,3001.0,1939.0,498.0,564.0,5,Segunda,Tarde,Línea 3,108.0,4.5,190.99,64.6
2023-11-22,2023,San Cayetano,SC-02,Lisbon,2940.0,1689.0,608.0,643.0,6,Primera,Noche,Línea 2,94.0,4.5,171.71,57.4
2023-11-29,2023,San Cayetano,SC-02,Lisbon,3419.0,2027.0,696.0,696.0,7,Segunda,Noche,Línea 1,113.0,4.5,273.45,59.3
2023-03-01,2023,San Cayetano,SC-03,Génova,7309.0,3902.0,1472.0,1935.0,6,Primera,Mañana,Línea 2,217.0,4.5,593.08,53.4
2023-03-08,2023,San Cayetano,SC-03,Génova,7013.0,3842.0,1572.0,1599.0,6,Segunda,Tarde,Línea 2,213.0,4.5,421.63,54.8
2023-03-15,2023,San Cayetano,SC-03,Génova,7117.0,3861.0,1554.0,1702.0,4,Segunda,Tarde,Línea 2,214.0,4.5,441.23,54.3
2023-03-22,2023,San Cayetano,SC-03,Génova,7304.0,3992.0,1418.0,1894.0,5,Segunda,Noche,Línea 1,222.0,4.5,525.44,54.7
2023-03-29,2023,San Cayetano,SC-03,Génova,7493.0,4126.0,1681.0,1686.0,5,Segunda,Tarde,Línea 2,229.0,4.5,562.02,55.1
2023-04-05,2023,San Cayetano,SC-03,Génova,17733.0,11156.0,2985.0,3592.0,5,Primera,Tarde,Línea 3,620.0,6.7,1256.12,62.9
2023-04-12,2023,San Cayetano,SC-03,Génova,17942.0,10057.0,3949.0,3936.0,3,Segunda,Tarde,Línea 3,559.0,5.9,1383.57,56.1
2023-04-19,2023,San Cayetano,SC-03,Génova,16384.0,10457.0,3076.0,2851.0,4,Extra,Tarde,Línea 1,581.0,6.1,1007.02,63.8
2023-04-26,2023,San Cayetano,SC-03,Génova,19064.0,10639.0,4254.0,4171.0,7,Segunda,Tarde,Línea 2,591.0,6.8,1202.48,55.8
2023-05-03,2023,San Cayetano,SC-03,Génova,23509.0,13768.0,5120.0,4621.0,6,Primera,Tarde,Línea 3,765.0,6.8,1850.89,58.6
2023-05-10,2023,San Cayetano,SC-03,Génova,26990.0,16668.0,4722.0,5600.0,7,Segunda,Noche,Línea 1,926.0,11.8,1578.36,61.8
2023-05-17,2023,San Cayetano,SC-03,Génova,27613.0,16872.0,5196.0,5545.0,3,Segunda,Noche,Línea 1,937.0,8.8,1894.93,61.1
2023-05-24,2023,San Cayetano,SC-03,Génova,25539.0,15763.0,5154.0,4622.0,3,Segunda,Tarde,Línea 1,876.0,8.6,1610.45,61.7
2023-05-31,2023,San Cayetano,SC-03,Génova,28004.0,17063.0,5101.0,5840.0,7,Primera,Noche,Línea 1,948.0,8.4,2074.04,60.9
2023-06-07,2023,San Cayetano,SC-03,Génova,27068.0,17730.0,4476.0,4862.0,7,Primera,Noche,Línea 2,985.0,9.6,1802.99,65.5
2023-06-14,2023,San Cayetano,SC-03,Génova,27131.0,18835.0,4919.0,3377.0,3,Primera,Mañana,Línea 3,1046.0,9.5,1867.35,69.4
2023-06-21,2023,San Cayetano,SC-03,Génova,34468.0,21031.0,6592.0,6845.0,7,Primera,Tarde,Línea 2,1168.0,13.6,2382.93,61.0
2023-06-28,2023,San Cayetano,SC-03,Génova,30148.0,19119.0,5583.0,5446.0,6,Segunda,Tarde,Línea 1,1062.0,10.3,2141.43,63.4
2023-07-05,2023,San Cayetano,SC-03,Génova,29045.0,18056.0,4991.0,5998.0,6,Extra,Tarde,Línea 1,1003.0,9.7,1996.12,62.2
2023-07-12,2023,San Cayetano,SC-03,Génova,32880.0,20284.0,6788.0,5808.0,5,Primera,Tarde,Línea 1,1127.0,10.6,2237.62,61.7
2023-07-19,2023,San Cayetano,SC-03,Génova,35283.0,21030.0,7602.0,6651.0,6,Segunda,Noche,Línea 2,1168.0,11.2,2288.09,59.6
2023-07-26,2023,San Cayetano,SC-03,Génova,29907.0,17751.0,6148.0,6008.0,6,Primera,Mañana,Línea 1,986.0,9.0,2217.97,59.4
2023-08-02,2023,San Cayetano,SC-03,Génova,29116.0,18322.0,4908.0,5886.0,6,Primera,Mañana,Línea 2,1018.0,11.2,1862.23,62.9
2023-08-09,2023,San Cayetano,SC-03,Génova,24631.0,15602.0,4251.0,4778.0,3,Segunda,Noche,Línea 1,867.0,9.9,1594.88,63.3
2023-08-16,2023,San Cayetano,SC-03,Génova,24350.0,15566.0,3970.0,4814.0,6,Segunda,Mañana,Línea 3,865.0,7.6,1976.6,63.9
2023-08-23,2023,San Cayetano,SC-03,Génova,28352.0,17115.0,5104.0,6133.0,2,Segunda,Tarde,Línea 3,951.0,8.7,2063.77,60.4
2023-08-30,2023,San Cayetano,SC-03,Génova,28430.0,17563.0,5159.0,5708.0,4,Segunda,Noche,Línea 3,976.0,10.5,2174.14,61.8
2023-09-06,2023,San Cayetano,SC-03,Génova,19744.0,11568.0,4150.0,4026.0,6,Segunda,Mañana,Línea 1,643.0,6.6,1570.45,58.6
2023-09-13,2023,San Cayetano,SC-03,Génova,20243.0,12221.0,4273.0,3749.0,4,Primera,Tarde,Línea 2,679.0,6.1,1558.54,60.4
2023-09-20,2023,San Cayetano,SC-03,Génova,21650.0,12501.0,4766.0,4383.0,7,Primera,Mañana,Línea 2,694.0,8.7,1333.59,57.7
2023-09-27,2023,San Cayetano,SC-03,Génova,19061.0,11593.0,3774.0,3694.0,6,Primera,Tarde,Línea 3,644.0,8.2,1544.87,60.8
2023-10-04,2023,San Cayetano,SC-03,Génova,8184.0,4583.0,1841.0,1760.0,5,Segunda,Tarde,Línea 3,255.0,4.5,636.26,56.0
2023-10-11,2023,San Cayetano,SC-03,Génova,9395.0,5188.0,1959.0,2248.0,7,Primera,Tarde,Línea 1,288.0,4.5,561.19,55.2
2023-10-18,2023,San Cayetano,SC-03,Génova,8049.0,4482.0,1566.0,2001.0,6,Primera,Mañana,Línea 1,249.0,4.5,500.14,55.7
2023-10-25,2023,San Cayetano,SC-03,Génova,8482.0,5078.0,1539.0,1865.0,5,Primera,Tarde,Línea 3,282.0,4.5,597.48,59.9
2023-11-01,2023,San Cayetano,SC-03,Génova,2619.0,1465.0,578.0,576.0,3,Segunda,Mañana,Línea 2,81.0,4.5,183.45,55.9
2023-11-08,2023,San Cayetano,SC-03,Génova,2572.0,1349.0,525.0,698.0,7,Primera,Noche,Línea 3,75.0,4.5,182.89,52.4
2023-11-15,2023,San Cayetano,SC-03,Génova,3406.0,1889.0,662.0,855.0,5,Primera,Mañana,Línea 2,105.0,4.5,205.82,55.5
2023-11-22,2023,San Cayetano,SC-03,Génova,3293.0,1748.0,753.0,792.0,7,Segunda,Mañana,Línea 1,97.0,4.5,241.51,53.1
2023-11-29,2023,San Cayetano,SC-03,Génova,3168.0,1731.0,624.0,813.0,2,Primera,Noche,Línea 2,96.0,4.5,195.97,54.7
2024-03-01,2024,El Paraíso,EP-01,Eureka,10025.0,7625.0,1280.0,1120.0,4,Primera,Tarde,Línea 2,424.0,4.5,777.45,76.1
2024-03-08,2024,El Paraíso,EP-01,Eureka,11972.0,8814.0,1759.0,1399.0,4,Primera,Tarde,Línea 3,490.0,4.5,836.02,73.6
2024-03-15,2024,El Paraíso,EP-01,Eureka,10563.0,7932.0,1694.0,937.0,5,Primera,Mañana,Línea 3,441.0,4.5,714.95,75.1
2024-03-22,2024,El Paraíso,EP-01,Eureka,9602.0,6696.0,1684.0,1222.0,7,Segunda,Mañana,Línea 2,372.0,4.5,633.9,69.7
2024-03-29,2024,El Paraíso,EP-01,Eureka,12595.0,9389.0,2094.0,1112.0,4,Primera,Noche,Línea 3,522.0,5.8,781.55,74.5
2024-04-05,2024,El Paraíso,EP-01,Eureka,32666.0,25274.0,4605.0,2787.0,5,Primera,Tarde,Línea 1,1404.0,14.0,2174.16,77.4
2024-04-12,2024,El Paraíso,EP-01,Eureka,33049.0,25500.0,4461.0,3088.0,2,Extra,Tarde,Línea 2,1417.0,16.0,2109.95,77.2
2024-04-19,2024,El Paraíso,EP-01,Eureka,33634.0,26623.0,3846.0,3165.0,5,Extra,Tarde,Línea 3,1479.0,15.6,2577.06,79.2
2024-04-26,2024,El Paraíso,EP-01,Eureka,26483.0,19908.0,3560.0,3015.0,5,Extra,Tarde,Línea 3,1106.0,10.3,1569.24,75.2
2024-05-03,2024,El Paraíso,EP-01,Eureka,38735.0,30541.0,5555.0,2639.0,2,Primera,Mañana,Línea 3,1697.0,18.7,3088.8,78.8
2024-05-10,2024,El Paraíso,EP-01,Eureka,43032.0,35229.0,5359.0,2444.0,5,Primera,Mañana,Línea 1,1957.0,24.1,2698.26,81.9
2024-05-17,2024,El Paraíso,EP-01,Eureka,42294.0,34428.0,5418.0,2448.0,5,Primera,Tarde,Línea 1,1913.0,21.5,3166.03,81.4
2024-05-24,2024,El Paraíso,EP-01,Eureka,35858.0,28401.0,4445.0,3012.0,5,Extra,Noche,Línea 2,1578.0,15.0,2124.54,79.2
2024-05-31,2024,El Paraíso,EP-01,Eureka,43716.0,34897.0,5393.0,3426.0,4,Primera,Noche,Línea 3,1939.0,23.1,2834.2,79.8
2024-06-07,2024,El Paraíso,EP-01,Eureka,38461.0,31538.0,4846.0,2077.0,2,Extra,Mañana,Línea 2,1752.0,21.6,2247.38,82.0
2024-06-14,2024,El Paraíso,EP-01,Eureka,38454.0,31135.0,5375.0,1944.0,6,Extra,Mañana,Línea 1,1730.0,17.9,2564.11,81.0
2024-06-21,2024,El Paraíso,EP-01,Eureka,42351.0,34716.0,5752.0,1883.0,6,Primera,Mañana,Línea 3,1929.0,22.8,2977.03,82.0
2024-06-28,2024,El Paraíso,EP-01,Eureka,43047.0,34772.0,5593.0,2682.0,4,Extra,Noche,Línea 1,1932.0,24.1,2561.72,80.8
2024-07-05,2024,El Paraíso,EP-01,Eureka,39710.0,32562.0,5326.0,1822.0,2,Extra,Noche,Línea 1,1809.0,16.9,2432.85,82.0
2024-07-12,2024,El Paraíso,EP-01,Eureka,34081.0,26544.0,4515.0,3022.0,6,Segunda,Tarde,Línea 3,1475.0,16.7,2376.63,77.9
2024-07-19,2024,El Paraíso,EP-01,Eureka,43136.0,33831.0,5093.0,4212.0,5,Primera,Mañana,Línea 2,1880.0,22.5,2556.58,78.4
2024-07-26,2024,El Paraíso,EP-01,Eureka,36087.0,29090.0,4689.0,2308.0,6,Primera,Noche,Línea 3,1616.0,16.1,2240.99,80.6
2024-08-02,2024,El Paraíso,EP-01,Eureka,27905.0,22882.0,3576.0,1447.0,4,Extra,Noche,Línea 1,1271.0,14.7,1696.4,82.0
2024-08-09,2024,El Paraíso,EP-01,Eureka,34977.0,28178.0,4229.0,2570.0,3,Primera,Mañana,Línea 2,1565.0,18.8,2150.91,80.6
2024-08-16,2024,El Paraíso,EP-01,Eureka,35599.0,28705.0,4987.0,1907.0,2,Extra,Mañana,Línea 2,1595.0,13.8,2655.91,80.6
2024-08-23,2024,El Paraíso,EP-01,Eureka,34729.0,27102.0,4167.0,3460.0,4,Primera,Mañana,Línea 1,1506.0,14.2,2349.79,78.0
2024-08-30,2024,El Paraíso,EP-01,Eureka,34238.0,27510.0,3879.0,2849.0,4,Primera,Tarde,Línea 1,1528.0,13.2,2198.26,80.3
2024-09-06,2024,El Paraíso,EP-01,Eureka,22333.0,17171.0,2807.0,2355.0,4,Primera,Tarde,Línea 1,954.0,10.1,1483.29,76.9
2024-09-13,2024,El Paraíso,EP-01,Eureka,21671.0,16309.0,2863.0,2499.0,5,Primera,Noche,Línea 1,906.0,9.8,1451.1,75.3
2024-09-20,2024,El Paraíso,EP-01,Eureka,18730.0,13981.0,2671.0,2078.0,2,Primera,Mañana,Línea 2,777.0,9.4,1368.73,74.6
2024-09-27,2024,El Paraíso,EP-01,Eureka,20768.0,16284.0,3055.0,1429.0,5,Primera,Mañana,Línea 2,905.0,9.7,1492.92,78.4
2024-10-04,2024,El Paraíso,EP-01,Eureka,9390.0,6840.0,1572.0,978.0,2,Primera,Noche,Línea 3,380.0,4.5,691.27,72.8
2024-10-11,2024,El Paraíso,EP-01,Eureka,9063.0,6441.0,1597.0,1025.0,4,Extra,Noche,Línea 2,358.0,4.5,644.01,71.1
2024-10-18,2024,El Paraíso,EP-01,Eureka,10406.0,7394.0,1783.0,1229.0,4,Extra,Noche,Línea 3,411.0,4.5,625.06,71.1
2024-10-25,2024,El Paraíso,EP-01,Eureka,9747.0,7292.0,1373.0,1082.0,3,Extra,Mañana,Línea 3,405.0,5.1,658.97,74.8
2024-11-01,2024,El Paraíso,EP-01,Eureka,3158.0,2350.0,433.0,375.0,4,Segunda,Tarde,Línea 3,131.0,4.5,247.7,74.4
2024-11-08,2024,El Paraíso,EP-01,Eureka,3308.0,2421.0,550.0,337.0,3,Extra,Mañana,Línea 2,134.0,4.5,269.78,73.2
2024-11-15,2024,El Paraíso,EP-01,Eureka,3803.0,2606.0,702.0,495.0,2,Primera,Tarde,Línea 1,145.0,4.5,270.72,68.5
2024-11-22,2024,El Paraíso,EP-01,Eureka,3153.0,2371.0,430.0,352.0,3,Primera,Mañana,Línea 2,132.0,4.5,246.72,75.2
2024-11-29,2024,El Paraíso,EP-01,Eureka,3984.0,3021.0,608.0,355.0,5,Primera,Mañana,Línea 2,168.0,4.5,285.46,75.8
2024-03-01,2024,El Paraíso,EP-02,Eureka,12889.0,9204.0,2281.0,1404.0,3,Segunda,Mañana,Línea 3,511.0,5.3,791.73,71.4
2024-03-08,2024,El Paraíso,EP-02,Eureka,11767.0,8531.0,2001.0,1235.0,3,Extra,Tarde,Línea 2,474.0,5.2,706.0,72.5
2024-03-15,2024,El Paraíso,EP-02,Eureka,14065.0,9778.0,2471.0,1816.0,4,Primera,Noche,Línea 1,543.0,5.7,979.58,69.5
2024-03-22,2024,El Paraíso,EP-02,Eureka,13759.0,8987.0,2373.0,2399.0,4,Primera,Noche,Línea 1,499.0,5.0,1065.1,65.3
2024-03-29,2024,El Paraíso,EP-02,Eureka,13237.0,9017.0,2325.0,1895.0,3,Primera,Noche,Línea 3,501.0,5.6,855.91,68.1
2024-04-05,2024,El Paraíso,EP-02,Eureka,37027.0,29305.0,4247.0,3475.0,5,Extra,Noche,Línea 1,1628.0,15.8,2600.34,79.1
2024-04-12,2024,El Paraíso,EP-02,Eureka,37194.0,28612.0,4608.0,3974.0,2,Extra,Mañana,Línea 3,1590.0,18.5,3005.94,76.9
2024-04-19,2024,El Paraíso,EP-02,Eureka,35611.0,26809.0,5208.0,3594.0,2,Primera,Noche,Línea 1,1489.0,17.0,2701.95,75.3
2024-04-26,2024,El Paraíso,EP-02,Eureka,36892.0,29128.0,4891.0,2873.0,2,Primera,Tarde,Línea 3,1618.0,18.1,2358.84,79.0
2024-05-03,2024,El Paraíso,EP-02,Eureka,24239.0,18146.0,3349.0,2744.0,4,Extra,Mañana,Línea 1,1008.0,8.6,1752.73,74.9
2024-05-03,2024,El Paraíso,EP-02,Eureka,24149.0,18437.0,2965.0,2747.0,3,Extra,Noche,Línea 1,1024.0,10.4,1422.39,76.3
2024-05-10,2024,El Paraíso,EP-02,Eureka,12175.0,8698.0,2143.0,1334.0,3,Segunda,Mañana,Línea 3,483.0,4.6,725.11,71.4
2024-05-10,2024,El Paraíso,EP-02,Eureka,35978.0,29432.0,4124.0,2422.0,7,Extra,Tarde,Línea 1,1635.0,16.9,2480.01,81.8
2024-05-17,2024,El Paraíso,EP-02,Eureka,47318.0,36309.0,7309.0,3700.0,2,Extra,Noche,Línea 2,2017.0,19.3,3128.71,76.7
2024-05-24,2024,El Paraíso,EP-02,Eureka,25808.0,18980.0,3433.0,3395.0,6,Extra,Noche,Línea 2,1054.0,9.8,2009.48,73.5
2024-05-24,2024,El Paraíso,EP-02,Eureka,23330.0,18030.0,3283.0,2017.0,3,Segunda,Mañana,Línea 3,1002.0,12.7,1491.25,77.3
2024-05-31,2024,El Paraíso,EP-02,Eureka,41072.0,32428.0,5604.0,3040.0,4,Primera,Tarde,Línea 2,1802.0,16.7,2657.95,79.0
2024-06-07,2024,El Paraíso,EP-02,Eureka,47882.0,38100.0,7269.0,2513.0,5,Extra,Mañana,Línea 1,2117.0,23.8,3349.66,79.6
2024-06-07,2024,El Paraíso,EP-02,Eureka,5446.0,4366.0,696.0,384.0,3,Primera,Mañana,Línea 3,243.0,4.5,405.3,80.2
2024-06-14,2024,El Paraíso,EP-02,Eureka,48626.0,36206.0,7246.0,5174.0,5,Extra,Mañana,Línea 2,2011.0,17.4,2876.07,74.5
2024-06-14,2024,El Paraíso,EP-02,Eureka,4573.0,3416.0,741.0,416.0,6,Primera,Mañana,Línea 2,190.0,4.5,287.09,74.7
2024-06-21,2024,El Paraíso,EP-02,Eureka,41208.0,32083.0,5681.0,3444.0,3,Extra,Noche,Línea 3,1782.0,15.2,2850.22,77.9
2024-06-28,2024,El Paraíso,EP-02,Eureka,8640.0,6745.0,1065.0,830.0,3,Segunda,Tarde,Línea 1,375.0,4.5,660.13,78.1
2024-06-28,2024,El Paraíso,EP-02,Eureka,43904.0,35769.0,6311.0,1824.0,7,Primera,Mañana,Línea 3,1987.0,17.5,3089.29,81.5
2024-07-05,2024,El Paraíso,EP-02,Eureka,39469.0,31231.0,5356.0,2882.0,5,Primera,Tarde,Línea 2,1735.0,21.0,2408.69,79.1
2024-07-12,2024,El Paraíso,EP-02,Eureka,42186.0,32785.0,5892.0,3509.0,4,Extra,Mañana,Línea 1,1821.0,15.6,2937.04,77.7
2024-07-19,2024,El Paraíso,EP-02,Eureka,47567.0,36360.0,7413.0,3794.0,2,Segunda,Mañana,Línea 2,2020.0,17.1,3250.17,76.4
2024-07-26,2024,El Paraíso,EP-02,Eureka,39889.0,31365.0,5242.0,3282.0,4,Primera,Noche,Línea 1,1742.0,21.9,2646.03,78.6
2024-08-02,2024,El Paraíso,EP-02,Eureka,39247.0,28681.0,6708.0,3858.0,3,Primera,Mañana,Línea 3,1593.0,18.0,3040.67,73.1
2024-08-09,2024,El Paraíso,EP-02,Eureka,39397.0,30677.0,5933.0,2787.0,2,Segunda,Mañana,Línea 2,1704.0,16.4,3201.19,77.9
2024-08-16,2024,El Paraíso,EP-02,Eureka,35939.0,28419.0,4832.0,2688.0,4,Segunda,Noche,Línea 1,1579.0,19.1,2540.03,79.1
2024-08-23,2024,El Paraíso,EP-02,Eureka,30602.0,25078.0,3212.0,2312.0,3,Primera,Tarde,Línea 2,1393.0,16.2,2135.77,81.9
2024-08-30,2024,El Paraíso,EP-02,Eureka,33592.0,25283.0,4801.0,3508.0,6,Extra,Tarde,Línea 3,1405.0,13.2,2435.12,75.3
2024-09-06,2024,El Paraíso,EP-02,Eureka,25263.0,18464.0,3384.0,3415.0,5,Primera,Mañana,Línea 2,1026.0,11.8,1938.46,73.1
2024-09-13,2024,El Paraíso,EP-02,Eureka,27904.0,19967.0,4375.0,3562.0,5,Extra,Mañana,Línea 1,1109.0,14.1,1675.2,71.6
2024-09-20,2024,El Paraíso,EP-02,Eureka,25371.0,18535.0,4169.0,2667.0,3,Extra,Tarde,Línea 1,1030.0,9.2,1958.08,73.1
2024-09-27,2024,El Paraíso,EP-02,Eureka,22673.0,16834.0,3696.0,2143.0,4,Primera,Noche,Línea 2,935.0,8.7,1848.72,74.2
2024-10-04,2024,El Paraíso,EP-02,Eureka,11605.0,8411.0,1652.0,1542.0,5,Segunda,Noche,Línea 2,467.0,5.8,951.21,72.5
2024-10-11,2024,El Paraíso,EP-02,Eureka,11294.0,7832.0,1802.0,1660.0,2,Extra,Tarde,Línea 1,435.0,4.5,805.39,69.3
2024-10-18,2024,El Paraíso,EP-02,Eureka,12088.0,8812.0,2044.0,1232.0,6,Segunda,Noche,Línea 1,490.0,5.1,877.19,72.9
2024-10-25,2024,El Paraíso,EP-02,Eureka,9858.0,6699.0,1854.0,1305.0,4,Segunda,Tarde,Línea 1,372.0,4.5,688.84,68.0
2024-11-01,2024,El Paraíso,EP-02,Eureka,4445.0,2937.0,769.0,739.0,4,Primera,Noche,Línea 3,163.0,4.5,313.48,66.1
2024-11-08,2024,El Paraíso,EP-02,Eureka,4176.0,2882.0,737.0,557.0,7,Primera,Noche,Línea 3,160.0,4.5,278.92,69.0
2024-11-15,2024,El Paraíso,EP-02,Eureka,4693.0,3122.0,831.0,740.0,4,Primera,Tarde,Línea 3,173.0,4.5,312.31,66.5
2024-11-22,2024,El Paraíso,EP-02,Eureka,3931.0,2658.0,652.0,621.0,6,Extra,Tarde,Línea 1,148.0,4.5,281.03,67.6
2024-11-29,2024,El Paraíso,EP-02,Eureka,4288.0,3008.0,657.0,623.0,4,Primera,Mañana,Línea 1,167.0,4.5,307.25,70.2
2024-03-01,2024,El Paraíso,EP-03,Lisbon,7837.0,5178.0,1450.0,1209.0,6,Segunda,Noche,Línea 2,288.0,4.5,580.41,66.1
2024-03-08,2024,El Paraíso,EP-03,Lisbon,6432.0,4176.0,1100.0,1156.0,6,Segunda,Tarde,Línea 1,232.0,4.5,504.95,64.9
2024-03-15,2024,El Paraíso,EP-03,Lisbon,7561.0,5224.0,1137.0,1200.0,5,Segunda,Noche,Línea 1,290.0,4.5,605.62,69.1
2024-03-22,2024,El Paraíso,EP-03,Lisbon,7042.0,4312.0,1431.0,1299.0,5,Primera,Tarde,Línea 2,240.0,4.5,428.17,61.2
2024-03-29,2024,El Paraíso,EP-03,Lisbon,7646.0,5243.0,1413.0,990.0,6,Extra,Noche,Línea 1,291.0,4.5,603.03,68.6
2024-04-05,2024,El Paraíso,EP-03,Lisbon,17026.0,11474.0,2826.0,2726.0,5,Segunda,Noche,Línea 3,637.0,6.5,1283.95,67.4
2024-04-12,2024,El Paraíso,EP-03,Lisbon,21853.0,15539.0,3467.0,2847.0,5,Segunda,Tarde,Línea 2,863.0,8.7,1696.68,71.1
2024-04-19,2024,El Paraíso,EP-03,Lisbon,22450.0,15901.0,3775.0,2774.0,4,Primera,Mañana,Línea 1,883.0,9.3,1376.67,70.8
2024-04-26,2024,El Paraíso,EP-03,Lisbon,22422.0,16612.0,3482.0,2328.0,5,Extra,Tarde,Línea 2,923.0,10.1,1788.49,74.1
2024-05-03,2024,El Paraíso,EP-03,Lisbon,30101.0,22773.0,4710.0,2618.0,7,Segunda,Tarde,Línea 2,1265.0,12.9,2392.25,75.7
2024-05-10,2024,El Paraíso,EP-03,Lisbon,24944.0,17692.0,4385.0,2867.0,4,Primera,Noche,Línea 3,983.0,8.6,1857.26,70.9
2024-05-17,2024,El Paraíso,EP-03,Lisbon,30172.0,21331.0,4456.0,4385.0,5,Primera,Mañana,Línea 1,1185.0,13.5,2052.64,70.7
2024-05-24,2024,El Paraíso,EP-03,Lisbon,24065.0,17745.0,3278.0,3042.0,6,Extra,Mañana,Línea 2,986.0,11.0,1726.3,73.7
2024-05-31,2024,El Paraíso,EP-03,Lisbon,24045.0,17518.0,3942.0,2585.0,7,Extra,Mañana,Línea 2,973.0,10.7,1824.21,72.9
2024-06-07,2024,El Paraíso,EP-03,Lisbon,29974.0,21948.0,4386.0,3640.0,3,Extra,Noche,Línea 1,1219.0,11.1,1915.71,73.2
2024-06-14,2024,El Paraíso,EP-03,Lisbon,31524.0,23139.0,4478.0,3907.0,4,Segunda,Noche,Línea 3,1286.0,12.8,2227.55,73.4
2024-06-21,2024,El Paraíso,EP-03,Lisbon,34172.0,25602.0,5523.0,3047.0,2,Segunda,Mañana,Línea 2,1422.0,15.7,2551.25,74.9
2024-06-28,2024,El Paraíso,EP-03,Lisbon,33353.0,24689.0,4430.0,4234.0,3,Extra,Mañana,Línea 1,1372.0,12.5,2108.8,74.0
2024-07-05,2024,El Paraíso,EP-03,Lisbon,30834.0,20752.0,5362.0,4720.0,4,Primera,Noche,Línea 3,1153.0,10.7,2278.16,67.3
2024-07-12,2024,El Paraíso,EP-03,Lisbon,29231.0,21630.0,4672.0,2929.0,4,Primera,Mañana,Línea 1,1202.0,12.9,1907.8,74.0
2024-07-19,2024,El Paraíso,EP-03,Lisbon,35966.0,24524.0,6682.0,4760.0,4,Primera,Tarde,Línea 1,1362.0,13.6,2657.0,68.2
2024-07-26,2024,El Paraíso,EP-03,Lisbon,30650.0,22807.0,4954.0,2889.0,4,Primera,Mañana,Línea 3,1267.0,11.3,2083.05,74.4
2024-08-02,2024,El Paraíso,EP-03,Lisbon,24824.0,17041.0,3881.0,3902.0,5,Primera,Mañana,Línea 1,947.0,10.6,1899.89,68.6
2024-08-09,2024,El Paraíso,EP-03,Lisbon,22671.0,17200.0,2893.0,2578.0,3,Primera,Mañana,Línea 1,956.0,10.4,1363.72,75.9
2024-08-16,2024,El Paraíso,EP-03,Lisbon,27393.0,18493.0,4634.0,4266.0,4,Primera,Tarde,Línea 3,1027.0,11.8,2202.48,67.5
2024-08-23,2024,El Paraíso,EP-03,Lisbon,26637.0,19375.0,3575.0,3687.0,4,Primera,Tarde,Línea 2,1076.0,12.3,2144.88,72.7
2024-08-30,2024,El Paraíso,EP-03,Lisbon,23099.0,16477.0,3727.0,2895.0,6,Primera,Tarde,Línea 2,915.0,8.1,1604.24,71.3
2024-09-06,2024,El Paraíso,EP-03,Lisbon,14777.0,9587.0,2682.0,2508.0,4,Primera,Noche,Línea 3,533.0,5.9,887.73,64.9
2024-09-13,2024,El Paraíso,EP-03,Lisbon,17774.0,11936.0,3295.0,2543.0,3,Primera,Tarde,Línea 1,663.0,6.6,1457.13,67.2
2024-09-20,2024,El Paraíso,EP-03,Lisbon,17644.0,12026.0,2825.0,2793.0,5,Segunda,Tarde,Línea 3,668.0,6.1,1406.9,68.2
2024-09-27,2024,El Paraíso,EP-03,Lisbon,15734.0,10722.0,2895.0,2117.0,4,Extra,Tarde,Línea 3,596.0,6.5,955.18,68.1
2024-10-04,2024,El Paraíso,EP-03,Lisbon,8807.0,5748.0,1492.0,1567.0,4,Primera,Noche,Línea 2,319.0,4.5,606.64,65.3
2024-10-11,2024,El Paraíso,EP-03,Lisbon,6962.0,4378.0,1251.0,1333.0,5,Primera,Mañana,Línea 2,243.0,4.5,487.86,62.9
2024-10-18,2024,El Paraíso,EP-03,Lisbon,7611.0,5093.0,1329.0,1189.0,7,Primera,Tarde,Línea 3,283.0,4.5,496.88,66.9
2024-10-25,2024,El Paraíso,EP-03,Lisbon,8791.0,5871.0,1510.0,1410.0,6,Primera,Tarde,Línea 1,326.0,4.5,712.76,66.8
2024-11-01,2024,El Paraíso,EP-03,Lisbon,2573.0,1602.0,442.0,529.0,7,Primera,Noche,Línea 1,89.0,4.5,177.91,62.3
2024-11-08,2024,El Paraíso,EP-03,Lisbon,2744.0,1759.0,525.0,460.0,7,Segunda,Mañana,Línea 2,98.0,4.5,181.13,64.1
2024-11-15,2024,El Paraíso,EP-03,Lisbon,2556.0,1629.0,430.0,497.0,3,Segunda,Mañana,Línea 3,90.0,4.5,205.45,63.7
2024-11-22,2024,El Paraíso,EP-03,Lisbon,2459.0,1662.0,417.0,380.0,3,Primera,Mañana,Línea 3,92.0,4.5,200.18,67.6
2024-11-29,2024,El Paraíso,EP-03,Lisbon,3015.0,1890.0,527.0,598.0,7,Extra,Tarde,Línea 2,105.0,4.5,204.18,62.7
2024-03-01,2024,El Paraíso,EP-04,Génova,4394.0,2630.0,860.0,904.0,5,Segunda,Tarde,Línea 1,146.0,4.5,350.2,59.8
2024-03-08,2024,El Paraíso,EP-04,Génova,5068.0,2828.0,1150.0,1090.0,6,Segunda,Tarde,Línea 2,157.0,4.5,314.25,55.8
2024-03-15,2024,El Paraíso,EP-04,Génova,4536.0,2696.0,966.0,874.0,3,Primera,Tarde,Línea 3,150.0,4.5,308.41,59.4
2024-03-22,2024,El Paraíso,EP-04,Génova,5209.0,3189.0,947.0,1073.0,6,Segunda,Noche,Línea 3,177.0,4.5,381.37,61.2
2024-03-29,2024,El Paraíso,EP-04,Génova,4146.0,2272.0,952.0,922.0,6,Segunda,Noche,Línea 2,126.0,4.5,293.44,54.8
2024-04-05,2024,El Paraíso,EP-04,Génova,14078.0,8906.0,2853.0,2319.0,7,Primera,Tarde,Línea 3,495.0,5.0,844.54,63.3
2024-04-12,2024,El Paraíso,EP-04,Génova,13731.0,8151.0,2898.0,2682.0,5,Extra,Mañana,Línea 1,453.0,4.7,859.95,59.4
2024-04-19,2024,El Paraíso,EP-04,Génova,13710.0,8870.0,2303.0,2537.0,5,Segunda,Tarde,Línea 2,493.0,5.4,948.34,64.7
2024-04-26,2024,El Paraíso,EP-04,Génova,13988.0,8473.0,2535.0,2980.0,7,Primera,Mañana,Línea 3,471.0,5.1,861.46,60.6
2024-05-03,2024,El Paraíso,EP-04,Génova,20011.0,12862.0,3942.0,3207.0,5,Primera,Mañana,Línea 2,715.0,6.5,1162.39,64.3
2024-05-10,2024,El Paraíso,EP-04,Génova,19268.0,11307.0,3626.0,4335.0,6,Primera,Mañana,Línea 2,628.0,7.3,1135.02,58.7
2024-05-17,2024,El Paraíso,EP-04,Génova,16537.0,10872.0,2906.0,2759.0,7,Segunda,Noche,Línea 1,604.0,6.4,1347.24,65.7
2024-05-24,2024,El Paraíso,EP-04,Génova,15993.0,10491.0,2696.0,2806.0,3,Segunda,Tarde,Línea 2,583.0,6.9,1073.21,65.6
2024-05-31,2024,El Paraíso,EP-04,Génova,20893.0,13873.0,3265.0,3755.0,4,Primera,Tarde,Línea 1,771.0,8.9,1495.55,66.4
2024-06-07,2024,El Paraíso,EP-04,Génova,22165.0,14442.0,3866.0,3857.0,5,Segunda,Tarde,Línea 2,802.0,7.7,1656.92,65.2
2024-06-14,2024,El Paraíso,EP-04,Génova,23309.0,15177.0,3813.0,4319.0,6,Segunda,Noche,Línea 3,843.0,7.3,1617.74,65.1
2024-06-21,2024,El Paraíso,EP-04,Génova,21305.0,13496.0,3920.0,3889.0,6,Extra,Tarde,Línea 2,750.0,8.3,1650.87,63.3
2024-06-28,2024,El Paraíso,EP-04,Génova,18987.0,12477.0,3551.0,2959.0,3,Segunda,Noche,Línea 1,693.0,8.3,1205.45,65.7
2024-07-05,2024,El Paraíso,EP-04,Génova,19770.0,12659.0,3796.0,3315.0,4,Segunda,Mañana,Línea 1,703.0,7.3,1358.64,64.0
2024-07-12,2024,El Paraíso,EP-04,Génova,23472.0,15738.0,4209.0,3525.0,4,Primera,Noche,Línea 3,874.0,8.2,1899.91,67.0
2024-07-19,2024,El Paraíso,EP-04,Génova,21786.0,13109.0,4627.0,4050.0,4,Primera,Tarde,Línea 2,728.0,7.0,1419.48,60.2
2024-07-26,2024,El Paraíso,EP-04,Génova,20267.0,13988.0,3339.0,2940.0,6,Extra,Mañana,Línea 2,777.0,9.0,1468.15,69.0
2024-08-02,2024,El Paraíso,EP-04,Génova,19085.0,11657.0,3687.0,3741.0,5,Primera,Noche,Línea 2,648.0,6.8,1449.85,61.1
2024-08-09,2024,El Paraíso,EP-04,Génova,16655.0,10982.0,3151.0,2522.0,5,Primera,Mañana,Línea 2,610.0,5.5,1087.19,65.9
2024-08-16,2024,El Paraíso,EP-04,Génova,19597.0,12592.0,3282.0,3723.0,6,Segunda,Mañana,Línea 2,700.0,8.8,1581.98,64.3
2024-08-23,2024,El Paraíso,EP-04,Génova,17820.0,12224.0,3274.0,2322.0,3,Segunda,Noche,Línea 1,679.0,7.4,1299.37,68.6
2024-08-30,2024,El Paraíso,EP-04,Génova,20822.0,13794.0,3916.0,3112.0,7,Primera,Tarde,Línea 2,766.0,7.0,1382.9,66.2
2024-09-06,2024,El Paraíso,EP-04,Génova,12192.0,7343.0,2515.0,2334.0,6,Primera,Noche,Línea 3,408.0,4.6,763.18,60.2
2024-09-13,2024,El Paraíso,EP-04,Génova,12747.0,7641.0,2353.0,2753.0,2,Segunda,Tarde,Línea 3,424.0,5.2,848.36,59.9
2024-09-20,2024,El Paraíso,EP-04,Génova,11046.0,6965.0,2041.0,2040.0,6,Primera,Tarde,Línea 2,387.0,4.9,901.62,63.1
2024-09-27,2024,El Paraíso,EP-04,Génova,11278.0,7348.0,2086.0,1844.0,6,Segunda,Mañana,Línea 2,408.0,4.6,812.68,65.2
2024-10-04,2024,El Paraíso,EP-04,Génova,5695.0,3282.0,1141.0,1272.0,7,Primera,Mañana,Línea 2,182.0,4.5,421.01,57.6
2024-10-11,2024,El Paraíso,EP-04,Génova,5848.0,3551.0,1160.0,1137.0,6,Segunda,Tarde,Línea 1,197.0,4.5,470.08,60.7
2024-10-18,2024,El Paraíso,EP-04,Génova,6058.0,3728.0,1157.0,1173.0,2,Segunda,Noche,Línea 2,207.0,4.5,421.7,61.5
2024-10-25,2024,El Paraíso,EP-04,Génova,5519.0,3246.0,1163.0,1110.0,5,Segunda,Mañana,Línea 3,180.0,4.5,439.26,58.8
2024-11-01,2024,El Paraíso,EP-04,Génova,2157.0,1338.0,430.0,389.0,3,Extra,Noche,Línea 3,74.0,4.5,156.22,62.0
2024-11-08,2024,El Paraíso,EP-04,Génova,2257.0,1299.0,426.0,532.0,4,Primera,Tarde,Línea 3,72.0,4.5,150.68,57.6
2024-11-15,2024,El Paraíso,EP-04,Génova,2209.0,1260.0,423.0,526.0,4,Primera,Noche,Línea 1,70.0,4.5,161.91,57.0
2024-11-22,2024,El Paraíso,EP-04,Génova,1761.0,968.0,360.0,433.0,6,Segunda,Tarde,Línea 3,54.0,4.5,120.43,55.0
2024-11-29,2024,El Paraíso,EP-04,Génova,2027.0,1078.0,405.0,544.0,4,Primera,Mañana,Línea 2,60.0,4.5,162.48,53.2
2024-03-01,2024,La Esperanza,LE-01,Eureka,12627.0,9328.0,1827.0,1472.0,7,Primera,Tarde,Línea 2,518.0,5.1,985.58,73.9
2024-03-08,2024,La Esperanza,LE-01,Eureka,12350.0,8385.0,1880.0,2085.0,5,Primera,Noche,Línea 1,466.0,5.9,788.84,67.9
2024-03-15,2024,La Esperanza,LE-01,Eureka,12536.0,9179.0,2022.0,1335.0,4,Primera,Tarde,Línea 3,510.0,4.5,849.85,73.2
2024-03-22,2024,La Esperanza,LE-01,Eureka,12003.0,8637.0,1913.0,1453.0,6,Segunda,Tarde,Línea 3,480.0,4.5,731.46,72.0
2024-03-29,2024,La Esperanza,LE-01,Eureka,10979.0,7736.0,1732.0,1511.0,4,Extra,Tarde,Línea 3,430.0,4.5,655.35,70.5
2024-04-05,2024,La Esperanza,LE-01,Eureka,30000.0,22586.0,4329.0,3085.0,3,Extra,Mañana,Línea 2,1255.0,12.0,1856.77,75.3
2024-04-12,2024,La Esperanza,LE-01,Eureka,28467.0,21616.0,4512.0,2339.0,5,Primera,Noche,Línea 3,1201.0,11.7,2108.19,75.9
2024-04-19,2024,La Esperanza,LE-01,Eureka,35255.0,26927.0,4688.0,3640.0,6,Primera,Mañana,Línea 1,1496.0,13.0,2653.96,76.4
2024-04-26,2024,La Esperanza,LE-01,Eureka,32220.0,23947.0,4726.0,3547.0,5,Primera,Noche,Línea 2,1330.0,12.9,2464.17,74.3
2024-05-03,2024,La Esperanza,LE-01,Eureka,41591.0,31984.0,6389.0,3218.0,4,Primera,Tarde,Línea 1,1777.0,18.0,2873.25,76.9
2024-05-10,2024,La Esperanza,LE-01,Eureka,42369.0,33496.0,6059.0,2814.0,4,Segunda,Tarde,Línea 3,1861.0,19.7,3097.23,79.1
2024-05-17,2024,La Esperanza,LE-01,Eureka,23554.0,18224.0,3055.0,2275.0,2,Segunda,Tarde,Línea 3,1012.0,11.5,1639.18,77.4
2024-05-17,2024,La Esperanza,LE-01,Eureka,24992.0,20124.0,3106.0,1762.0,4,Primera,Mañana,Línea 1,1118.0,10.4,1507.61,80.5
2024-05-24,2024,La Esperanza,LE-01,Eureka,38441.0,29191.0,5530.0,3720.0,3,Extra,Tarde,Línea 3,1622.0,18.6,2607.43,75.9
2024-05-31,2024,La Esperanza,LE-01,Eureka,43950.0,34873.0,5362.0,3715.0,6,Segunda,Mañana,Línea 3,1937.0,16.9,3174.14,79.3
2024-06-07,2024,La Esperanza,LE-01,Eureka,44994.0,36648.0,5652.0,2694.0,3,Extra,Mañana,Línea 1,2036.0,20.7,2800.15,81.4
2024-06-14,2024,La Esperanza,LE-01,Eureka,46403.0,38050.0,5088.0,3265.0,4,Extra,Tarde,Línea 1,2114.0,19.5,3729.81,82.0
2024-06-21,2024,La Esperanza,LE-01,Eureka,38486.0,30266.0,4605.0,3615.0,5,Extra,Noche,Línea 2,1681.0,14.6,2401.75,78.6
2024-06-28,2024,La Esperanza,LE-01,Eureka,17807.0,13480.0,2784.0,1543.0,5,Primera,Mañana,Línea 2,749.0,7.8,1105.79,75.7
2024-06-28,2024,La Esperanza,LE-01,Eureka,32073.0,24230.0,4795.0,3048.0,5,Primera,Noche,Línea 2,1346.0,13.4,2410.38,75.5
2024-07-05,2024,La Esperanza,LE-01,Eureka,46927.0,36874.0,7189.0,2864.0,2,Primera,Tarde,Línea 1,2049.0,23.3,2869.94,78.6
2024-07-12,2024,La Esperanza,LE-01,Eureka,42393.0,33107.0,5706.0,3580.0,6,Primera,Tarde,Línea 1,1839.0,23.0,3012.15,78.1
2024-07-19,2024,La Esperanza,LE-01,Eureka,44018.0,34526.0,6177.0,3315.0,5,Primera,Mañana,Línea 3,1918.0,17.0,3252.3,78.4
2024-07-26,2024,La Esperanza,LE-01,Eureka,46807.0,34633.0,6174.0,6000.0,6,Primera,Mañana,Línea 3,1924.0,18.4,3684.02,74.0
2024-08-02,2024,La Esperanza,LE-01,Eureka,35690.0,27755.0,5428.0,2507.0,5,Extra,Noche,Línea 2,1542.0,13.5,2297.25,77.8
2024-08-09,2024,La Esperanza,LE-01,Eureka,30150.0,22773.0,3825.0,3552.0,7,Primera,Tarde,Línea 3,1265.0,11.8,2070.33,75.5
2024-08-16,2024,La Esperanza,LE-01,Eureka,34382.0,26571.0,5030.0,2781.0,4,Segunda,Noche,Línea 2,1476.0,18.9,2659.15,77.3
2024-08-23,2024,La Esperanza,LE-01,Eureka,34686.0,26465.0,4746.0,3475.0,7,Primera,Noche,Línea 1,1470.0,16.2,2814.21,76.3
2024-08-30,2024,La Esperanza,LE-01,Eureka,32863.0,23361.0,5144.0,4358.0,7,Segunda,Tarde,Línea 1,1298.0,11.5,2143.82,71.1
2024-09-06,2024,La Esperanza,LE-01,Eureka,24498.0,19141.0,2913.0,2444.0,3,Segunda,Mañana,Línea 1,1063.0,12.7,1786.91,78.1
2024-09-13,2024,La Esperanza,LE-01,Eureka,25843.0,20616.0,3445.0,1782.0,5,Extra,Mañana,Línea 3,1145.0,12.8,2087.14,79.8
2024-09-20,2024,La Esperanza,LE-01,Eureka,25784.0,18510.0,4543.0,2731.0,6,Primera,Tarde,Línea 3,1028.0,12.2,1797.12,71.8
2024-09-27,2024,La Esperanza,LE-01,Eureka,22556.0,16880.0,2989.0,2687.0,5,Primera,Mañana,Línea 1,938.0,9.9,1456.96,74.8
2024-10-04,2024,La Esperanza,LE-01,Eureka,9262.0,6883.0,1206.0,1173.0,5,Extra,Tarde,Línea 2,382.0,4.5,654.25,74.3
2024-10-11,2024,La Esperanza,LE-01,Eureka,11970.0,8404.0,1733.0,1833.0,4,Extra,Mañana,Línea 3,467.0,4.5,705.55,70.2
2024-10-18,2024,La Esperanza,LE-01,Eureka,11517.0,7832.0,2042.0,1643.0,3,Primera,Tarde,Línea 2,435.0,5.4,721.55,68.0
2024-10-25,2024,La Esperanza,LE-01,Eureka,9297.0,7343.0,1131.0,823.0,4,Extra,Tarde,Línea 3,408.0,4.5,587.25,79.0
2024-11-01,2024,La Esperanza,LE-01,Eureka,4352.0,2809.0,738.0,805.0,5,Primera,Noche,Línea 1,156.0,4.5,280.46,64.5
2024-11-08,2024,La Esperanza,LE-01,Eureka,4292.0,3034.0,766.0,492.0,4,Primera,Mañana,Línea 1,169.0,4.5,320.41,70.7
2024-11-15,2024,La Esperanza,LE-01,Eureka,3890.0,2691.0,639.0,560.0,4,Primera,Noche,Línea 3,150.0,4.5,313.44,69.2
2024-11-22,2024,La Esperanza,LE-01,Eureka,3972.0,2612.0,700.0,660.0,7,Primera,Tarde,Línea 1,145.0,4.5,246.43,65.8
2024-11-29,2024,La Esperanza,LE-01,Eureka,3752.0,2662.0,593.0,497.0,2,Primera,Mañana,Línea 2,148.0,4.5,294.12,70.9
2024-03-01,2024,La Esperanza,LE-02,Eureka,14223.0,9990.0,2301.0,1932.0,4,Extra,Tarde,Línea 1,555.0,5.5,889.48,70.2
2024-03-08,2024,La Esperanza,LE-02,Eureka,15822.0,10529.0,2817.0,2476.0,6,Primera,Mañana,Línea 1,585.0,7.1,947.56,66.5
2024-03-15,2024,La Esperanza,LE-02,Eureka,13425.0,9283.0,2270.0,1872.0,6,Extra,Tarde,Línea 2,516.0,6.3,917.51,69.1
2024-03-22,2024,La Esperanza,LE-02,Eureka,13427.0,9813.0,1960.0,1654.0,5,Primera,Noche,Línea 2,545.0,6.7,1093.24,73.1
2024-03-29,2024,La Esperanza,LE-02,Eureka,15060.0,10541.0,2542.0,1977.0,4,Extra,Mañana,Línea 1,586.0,7.4,1166.34,70.0
2024-04-05,2024,La Esperanza,LE-02,Eureka,36785.0,26958.0,5234.0,4593.0,6,Primera,Tarde,Línea 2,1498.0,18.6,2743.23,73.3
2024-04-12,2024,La Esperanza,LE-02,Eureka,34262.0,25410.0,4934.0,3918.0,5,Extra,Noche,Línea 1,1412.0,16.3,2537.81,74.2
2024-04-19,2024,La Esperanza,LE-02,Eureka,36788.0,25332.0,6045.0,5411.0,2,Extra,Tarde,Línea 2,1407.0,16.0,2862.23,68.9
2024-04-26,2024,La Esperanza,LE-02,Eureka,33334.0,25722.0,4402.0,3210.0,4,Primera,Tarde,Línea 3,1429.0,16.8,2002.1,77.2
2024-05-03,2024,La Esperanza,LE-02,Eureka,45970.0,33297.0,6971.0,5702.0,3,Segunda,Mañana,Línea 2,1850.0,19.1,3071.95,72.4
2024-05-10,2024,La Esperanza,LE-02,Eureka,11367.0,8938.0,1612.0,817.0,4,Primera,Noche,Línea 3,497.0,5.6,784.81,78.6
2024-05-10,2024,La Esperanza,LE-02,Eureka,39467.0,29325.0,5452.0,4690.0,6,Primera,Tarde,Línea 1,1629.0,18.3,2409.77,74.3
2024-05-17,2024,La Esperanza,LE-02,Eureka,45595.0,34307.0,6922.0,4366.0,3,Primera,Mañana,Línea 1,1906.0,20.8,3419.2,75.2
2024-05-17,2024,La Esperanza,LE-02,Eureka,4038.0,3096.0,509.0,433.0,3,Segunda,Tarde,Línea 3,172.0,4.5,276.57,76.7
2024-05-24,2024,La Esperanza,LE-02,Eureka,14546.0,10405.0,2587.0,1554.0,5,Extra,Mañana,Línea 2,578.0,5.6,984.95,71.5
2024-05-24,2024,La Esperanza,LE-02,Eureka,42580.0,31655.0,6114.0,4811.0,5,Segunda,Noche,Línea 3,1759.0,15.4,2846.01,74.3
2024-05-31,2024,La Esperanza,LE-02,Eureka,24216.0,17067.0,4051.0,3098.0,7,Extra,Noche,Línea 1,948.0,9.2,1598.73,70.5
2024-05-31,2024,La Esperanza,LE-02,Eureka,24564.0,16815.0,4118.0,3631.0,6,Primera,Mañana,Línea 3,934.0,8.9,1432.24,68.5
2024-06-07,2024,La Esperanza,LE-02,Eureka,42164.0,32164.0,5407.0,4593.0,4,Primera,Tarde,Línea 3,1787.0,18.7,2947.76,76.3
2024-06-07,2024,La Esperanza,LE-02,Eureka,12418.0,9132.0,2110.0,1176.0,5,Primera,Noche,Línea 3,507.0,5.0,960.9,73.5
2024-06-14,2024,La Esperanza,LE-02,Eureka,10262.0,8203.0,1373.0,686.0,6,Primera,Tarde,Línea 3,456.0,4.5,614.49,79.9
2024-06-14,2024,La Esperanza,LE-02,Eureka,45139.0,33630.0,7003.0,4506.0,3,Primera,Mañana,Línea 2,1868.0,18.7,3520.37,74.5
2024-06-21,2024,La Esperanza,LE-02,Eureka,45597.0,34980.0,6547.0,4070.0,5,Primera,Mañana,Línea 3,1943.0,16.8,3098.77,76.7
2024-06-28,2024,La Esperanza,LE-02,Eureka,16866.0,13232.0,2145.0,1489.0,6,Primera,Mañana,Línea 1,735.0,8.4,1296.78,78.5
2024-06-28,2024,La Esperanza,LE-02,Eureka,39031.0,29862.0,5337.0,3832.0,4,Primera,Tarde,Línea 1,1659.0,16.9,2788.7,76.5
2024-07-05,2024,La Esperanza,LE-02,Eureka,44637.0,35216.0,6082.0,3339.0,2,Primera,Mañana,Línea 2,1956.0,18.9,2866.89,78.9
2024-07-12,2024,La Esperanza,LE-02,Eureka,22847.0,18273.0,2990.0,1584.0,2,Extra,Tarde,Línea 2,1015.0,9.1,1709.66,80.0
2024-07-12,2024,La Esperanza,LE-02,Eureka,33271.0,24206.0,4982.0,4083.0,6,Extra,Tarde,Línea 3,1345.0,15.7,1978.6,72.8
2024-07-19,2024,La Esperanza,LE-02,Eureka,44207.0,31479.0,6437.0,6291.0,4,Segunda,Tarde,Línea 1,1749.0,21.9,3391.06,71.2
2024-07-26,2024,La Esperanza,LE-02,Eureka,6837.0,5141.0,1044.0,652.0,7,Primera,Mañana,Línea 2,286.0,4.5,500.02,75.2
2024-07-26,2024,La Esperanza,LE-02,Eureka,41270.0,31781.0,5279.0,4210.0,4,Primera,Mañana,Línea 1,1766.0,18.0,2917.21,77.0
2024-08-02,2024,La Esperanza,LE-02,Eureka,34986.0,25252.0,5761.0,3973.0,6,Segunda,Tarde,Línea 3,1403.0,14.3,2779.93,72.2
2024-08-09,2024,La Esperanza,LE-02,Eureka,45790.0,34304.0,7322.0,4164.0,4,Primera,Tarde,Línea 2,1906.0,24.0,3059.32,74.9
2024-08-16,2024,La Esperanza,LE-02,Eureka,39927.0,29878.0,6225.0,3824.0,4,Extra,Mañana,Línea 2,1660.0,14.5,2991.81,74.8
2024-08-23,2024,La Esperanza,LE-02,Eureka,41032.0,29172.0,5718.0,6142.0,4,Primera,Tarde,Línea 3,1621.0,19.6,2906.27,71.1
2024-08-30,2024,La Esperanza,LE-02,Eureka,34770.0,25908.0,4566.0,4296.0,5,Primera,Mañana,Línea 3,1439.0,16.8,2717.62,74.5
2024-09-06,2024,La Esperanza,LE-02,Eureka,29184.0,22257.0,3720.0,3207.0,3,Primera,Noche,Línea 2,1236.0,10.5,1839.34,76.3
2024-09-13,2024,La Esperanza,LE-02,Eureka,24825.0,18432.0,3383.0,3010.0,4,Primera,Mañana,Línea 1,1024.0,10.1,1978.47,74.2
2024-09-20,2024,La Esperanza,LE-02,Eureka,30379.0,20914.0,4679.0,4786.0,4,Segunda,Tarde,Línea 2,1162.0,11.3,2007.29,68.8
2024-09-27,2024,La Esperanza,LE-02,Eureka,24788.0,16933.0,4118.0,3737.0,3,Primera,Mañana,Línea 2,941.0,10.4,1880.57,68.3
2024-10-04,2024,La Esperanza,LE-02,Eureka,11277.0,7607.0,2091.0,1579.0,3,Segunda,Mañana,Línea 2,423.0,4.5,696.62,67.5
2024-10-11,2024,La Esperanza,LE-02,Eureka,10709.0,7590.0,1688.0,1431.0,3,Primera,Noche,Línea 3,422.0,4.5,814.06,70.9
2024-10-18,2024,La Esperanza,LE-02,Eureka,12316.0,8580.0,1932.0,1804.0,5,Primera,Tarde,Línea 3,477.0,4.5,911.59,69.7
2024-10-25,2024,La Esperanza,LE-02,Eureka,12657.0,8546.0,1920.0,2191.0,5,Primera,Noche,Línea 1,475.0,4.9,835.17,67.5
2024-11-01,2024,La Esperanza,LE-02,Eureka,3998.0,2694.0,631.0,673.0,4,Extra,Noche,Línea 3,150.0,4.5,281.26,67.4
2024-11-08,2024,La Esperanza,LE-02,Eureka,4966.0,3239.0,814.0,913.0,4,Primera,Noche,Línea 1,180.0,4.5,384.84,65.2
2024-11-15,2024,La Esperanza,LE-02,Eureka,4527.0,3050.0,814.0,663.0,5,Extra,Noche,Línea 1,169.0,4.5,314.39,67.4
2024-11-22,2024,La Esperanza,LE-02,Eureka,4623.0,3247.0,749.0,627.0,4,Primera,Noche,Línea 3,180.0,4.5,298.92,70.2
2024-11-29,2024,La Esperanza,LE-02,Eureka,4510.0,3086.0,824.0,600.0,6,Primera,Tarde,Línea 3,171.0,4.5,344.9,68.4
2024-03-01,2024,La Esperanza,LE-03,Lisbon,10529.0,7256.0,1783.0,1490.0,6,Primera,Noche,Línea 2,403.0,4.5,854.46,68.9
2024-03-08,2024,La Esperanza,LE-03,Lisbon,8947.0,6394.0,1571.0,982.0,4,Extra,Tarde,Línea 3,355.0,4.5,650.96,71.5
2024-03-15,2024,La Esperanza,LE-03,Lisbon,8664.0,5753.0,1445.0,1466.0,6,Primera,Noche,Línea 3,320.0,4.5,676.73,66.4
2024-03-22,2024,La Esperanza,LE-03,Lisbon,9695.0,6453.0,1591.0,1651.0,6,Primera,Noche,Línea 3,358.0,4.5,780.1,66.6
2024-03-29,2024,La Esperanza,LE-03,Lisbon,9045.0,5592.0,1629.0,1824.0,4,Primera,Tarde,Línea 3,311.0,4.5,687.59,61.8
2024-04-05,2024,La Esperanza,LE-03,Lisbon,21297.0,15282.0,2963.0,3052.0,4,Primera,Noche,Línea 3,849.0,10.7,1518.48,71.8
2024-04-12,2024,La Esperanza,LE-03,Lisbon,22260.0,14526.0,3915.0,3819.0,7,Primera,Tarde,Línea 3,807.0,10.0,1800.82,65.3
2024-04-19,2024,La Esperanza,LE-03,Lisbon,26383.0,17639.0,4482.0,4262.0,4,Extra,Mañana,Línea 2,980.0,8.3,1881.04,66.9
2024-04-26,2024,La Esperanza,LE-03,Lisbon,25962.0,18043.0,3894.0,4025.0,5,Segunda,Tarde,Línea 3,1002.0,12.2,1770.34,69.5
2024-05-03,2024,La Esperanza,LE-03,Lisbon,30341.0,21637.0,4845.0,3859.0,6,Segunda,Mañana,Línea 2,1202.0,14.4,1760.35,71.3
2024-05-10,2024,La Esperanza,LE-03,Lisbon,32384.0,23467.0,4639.0,4278.0,6,Primera,Mañana,Línea 1,1304.0,12.5,1939.44,72.5
2024-05-17,2024,La Esperanza,LE-03,Lisbon,32480.0,23148.0,5462.0,3870.0,3,Extra,Mañana,Línea 1,1286.0,14.3,2245.06,71.3
2024-05-24,2024,La Esperanza,LE-03,Lisbon,37101.0,25425.0,6456.0,5220.0,7,Primera,Mañana,Línea 1,1412.0,16.7,2764.57,68.5
2024-05-31,2024,La Esperanza,LE-03,Lisbon,30264.0,22201.0,4296.0,3767.0,5,Primera,Noche,Línea 1,1233.0,11.4,1945.64,73.4
2024-06-07,2024,La Esperanza,LE-03,Lisbon,35159.0,25545.0,4845.0,4769.0,4,Primera,Tarde,Línea 3,1419.0,15.2,2641.13,72.7
2024-06-14,2024,La Esperanza,LE-03,Lisbon,43394.0,29690.0,6907.0,6797.0,6,Segunda,Tarde,Línea 3,1649.0,17.7,2624.07,68.4
2024-06-21,2024,La Esperanza,LE-03,Lisbon,36040.0,24864.0,5731.0,5445.0,4,Primera,Noche,Línea 3,1381.0,15.1,2112.59,69.0
2024-06-28,2024,La Esperanza,LE-03,Lisbon,41652.0,30650.0,6965.0,4037.0,4,Primera,Noche,Línea 2,1703.0,17.2,2871.16,73.6
2024-07-05,2024,La Esperanza,LE-03,Lisbon,36406.0,24083.0,6993.0,5330.0,4,Primera,Tarde,Línea 3,1338.0,16.9,2619.56,66.2
2024-07-12,2024,La Esperanza,LE-03,Lisbon,34779.0,24740.0,5437.0,4602.0,3,Primera,Mañana,Línea 2,1374.0,13.2,2624.12,71.1
2024-07-19,2024,La Esperanza,LE-03,Lisbon,36464.0,25626.0,5559.0,5279.0,6,Segunda,Tarde,Línea 3,1424.0,17.9,2222.6,70.3
2024-07-26,2024,La Esperanza,LE-03,Lisbon,42082.0,29441.0,6209.0,6432.0,4,Primera,Tarde,Línea 1,1636.0,19.9,3167.39,70.0
2024-08-02,2024,La Esperanza,LE-03,Lisbon,35080.0,23291.0,6138.0,5651.0,6,Segunda,Mañana,Línea 1,1294.0,14.7,2826.5,66.4
2024-08-09,2024,La Esperanza,LE-03,Lisbon,34840.0,24095.0,5563.0,5182.0,7,Extra,Noche,Línea 3,1339.0,14.4,2365.09,69.2
2024-08-16,2024,La Esperanza,LE-03,Lisbon,30759.0,22109.0,4324.0,4326.0,5,Primera,Tarde,Línea 3,1228.0,14.3,2089.25,71.9
2024-08-23,2024,La Esperanza,LE-03,Lisbon,33312.0,21751.0,5469.0,6092.0,4,Primera,Noche,Línea 1,1208.0,12.6,2416.35,65.3
2024-08-30,2024,La Esperanza,LE-03,Lisbon,28948.0,20434.0,4588.0,3926.0,4,Primera,Mañana,Línea 1,1135.0,14.1,2001.83,70.6
2024-09-06,2024,La Esperanza,LE-03,Lisbon,19945.0,14068.0,3478.0,2399.0,7,Primera,Noche,Línea 3,782.0,8.0,1213.52,70.5
2024-09-13,2024,La Esperanza,LE-03,Lisbon,23752.0,16710.0,3646.0,3396.0,5,Primera,Tarde,Línea 3,928.0,9.5,1617.67,70.4
2024-09-20,2024,La Esperanza,LE-03,Lisbon,18177.0,12646.0,2720.0,2811.0,5,Extra,Tarde,Línea 3,703.0,8.2,1078.4,69.6
2024-09-27,2024,La Esperanza,LE-03,Lisbon,18634.0,11965.0,3731.0,2938.0,4,Primera,Mañana,Línea 3,665.0,7.8,1235.43,64.2
2024-10-04,2024,La Esperanza,LE-03,Lisbon,8935.0,6027.0,1649.0,1259.0,3,Primera,Tarde,Línea 2,335.0,4.5,719.84,67.5
2024-10-11,2024,La Esperanza,LE-03,Lisbon,8408.0,5889.0,1330.0,1189.0,4,Extra,Mañana,Línea 2,327.0,4.5,496.7,70.0
2024-10-18,2024,La Esperanza,LE-03,Lisbon,8858.0,5878.0,1563.0,1417.0,4,Segunda,Tarde,Línea 2,327.0,4.5,536.01,66.4
2024-10-25,2024,La Esperanza,LE-03,Lisbon,10026.0,6105.0,1885.0,2036.0,7,Segunda,Noche,Línea 1,339.0,4.5,702.68,60.9
2024-11-01,2024,La Esperanza,LE-03,Lisbon,3242.0,1967.0,623.0,652.0,3,Primera,Mañana,Línea 3,109.0,4.5,242.97,60.7
2024-11-08,2024,La Esperanza,LE-03,Lisbon,3708.0,2354.0,640.0,714.0,5,Segunda,Noche,Línea 3,131.0,4.5,286.54,63.5
2024-11-15,2024,La Esperanza,LE-03,Lisbon,3634.0,2377.0,591.0,666.0,6,Primera,Noche,Línea 1,132.0,4.5,245.2,65.4
2024-11-22,2024,La Esperanza,LE-03,Lisbon,3164.0,2074.0,503.0,587.0,4,Primera,Mañana,Línea 3,115.0,4.5,202.1,65.5
2024-11-29,2024,La Esperanza,LE-03,Lisbon,3083.0,1760.0,582.0,741.0,6,Primera,Noche,Línea 2,98.0,4.5,226.75,57.1
2024-03-01,2024,La Esperanza,LE-04,Génova,6555.0,4074.0,1327.0,1154.0,5,Primera,Tarde,Línea 2,226.0,4.5,406.75,62.1
2024-03-08,2024,La Esperanza,LE-04,Génova,6273.0,3725.0,1259.0,1289.0,5,Segunda,Mañana,Línea 3,207.0,4.5,403.36,59.4
2024-03-15,2024,La Esperanza,LE-04,Génova,7571.0,4239.0,1564.0,1768.0,5,Segunda,Mañana,Línea 3,236.0,4.5,555.59,56.0
2024-03-22,2024,La Esperanza,LE-04,Génova,7205.0,4556.0,1295.0,1354.0,6,Segunda,Tarde,Línea 1,253.0,4.5,525.96,63.2
2024-03-29,2024,La Esperanza,LE-04,Génova,5967.0,3633.0,1040.0,1294.0,4,Segunda,Noche,Línea 3,202.0,4.5,421.96,60.9
2024-04-05,2024,La Esperanza,LE-04,Génova,20568.0,12937.0,3528.0,4103.0,6,Segunda,Noche,Línea 3,719.0,9.0,1626.79,62.9
2024-04-12,2024,La Esperanza,LE-04,Génova,18470.0,13018.0,2632.0,2820.0,6,Extra,Tarde,Línea 1,723.0,8.1,1085.8,70.5
2024-04-19,2024,La Esperanza,LE-04,Génova,20711.0,12961.0,4263.0,3487.0,3,Extra,Noche,Línea 3,720.0,7.0,1281.58,62.6
2024-04-26,2024,La Esperanza,LE-04,Génova,20191.0,13432.0,3680.0,3079.0,3,Segunda,Noche,Línea 2,746.0,8.7,1273.33,66.5
2024-05-03,2024,La Esperanza,LE-04,Génova,26531.0,18294.0,4343.0,3894.0,5,Primera,Tarde,Línea 1,1016.0,9.3,2037.98,69.0
2024-05-10,2024,La Esperanza,LE-04,Génova,23286.0,15795.0,3700.0,3791.0,5,Extra,Mañana,Línea 3,878.0,9.9,1526.54,67.8
2024-05-17,2024,La Esperanza,LE-04,Génova,25270.0,17479.0,3888.0,3903.0,5,Primera,Tarde,Línea 3,971.0,10.1,2016.61,69.2
2024-05-24,2024,La Esperanza,LE-04,Génova,27470.0,17899.0,5362.0,4209.0,6,Primera,Tarde,Línea 2,994.0,9.9,1833.06,65.2
2024-05-31,2024,La Esperanza,LE-04,Génova,28210.0,19017.0,5044.0,4149.0,6,Primera,Mañana,Línea 2,1056.0,13.3,2204.49,67.4
2024-06-07,2024,La Esperanza,LE-04,Génova,29049.0,20110.0,5117.0,3822.0,5,Segunda,Mañana,Línea 1,1117.0,11.5,2115.51,69.2
2024-06-14,2024,La Esperanza,LE-04,Génova,27947.0,18105.0,5014.0,4828.0,5,Primera,Tarde,Línea 3,1006.0,9.0,2158.42,64.8
2024-06-21,2024,La Esperanza,LE-04,Génova,34413.0,24258.0,5174.0,4981.0,4,Primera,Mañana,Línea 3,1348.0,13.6,2661.72,70.5
2024-06-28,2024,La Esperanza,LE-04,Génova,35803.0,23859.0,5849.0,6095.0,6,Segunda,Mañana,Línea 3,1326.0,16.1,2759.17,66.6
2024-07-05,2024,La Esperanza,LE-04,Génova,32752.0,21778.0,6319.0,4655.0,4,Extra,Tarde,Línea 2,1210.0,10.3,2110.49,66.5
2024-07-12,2024,La Esperanza,LE-04,Génova,29334.0,20482.0,4735.0,4117.0,5,Segunda,Mañana,Línea 3,1138.0,13.9,2199.48,69.8
2024-07-19,2024,La Esperanza,LE-04,Génova,30305.0,21193.0,4816.0,4296.0,6,Primera,Mañana,Línea 3,1177.0,12.9,1928.23,69.9
2024-07-26,2024,La Esperanza,LE-04,Génova,27854.0,19236.0,4765.0,3853.0,7,Extra,Mañana,Línea 3,1069.0,12.1,2249.7,69.1
2024-08-02,2024,La Esperanza,LE-04,Génova,31393.0,20740.0,5297.0,5356.0,6,Extra,Mañana,Línea 3,1152.0,12.0,2250.75,66.1
2024-08-09,2024,La Esperanza,LE-04,Génova,24779.0,16167.0,4642.0,3970.0,7,Segunda,Noche,Línea 3,898.0,8.5,1932.73,65.2
2024-08-16,2024,La Esperanza,LE-04,Génova,28588.0,17604.0,5408.0,5576.0,5,Primera,Mañana,Línea 1,978.0,10.8,1755.43,61.6
2024-08-23,2024,La Esperanza,LE-04,Génova,26078.0,18009.0,4515.0,3554.0,4,Extra,Tarde,Línea 2,1000.0,9.6,2107.48,69.1
2024-08-30,2024,La Esperanza,LE-04,Génova,28402.0,20264.0,5042.0,3096.0,4,Primera,Mañana,Línea 2,1126.0,11.3,2264.43,71.3
2024-09-06,2024,La Esperanza,LE-04,Génova,19726.0,11922.0,3768.0,4036.0,5,Segunda,Mañana,Línea 2,662.0,6.5,1530.53,60.4
2024-09-13,2024,La Esperanza,LE-04,Génova,20724.0,12586.0,3984.0,4154.0,4,Segunda,Tarde,Línea 1,699.0,6.5,1585.18,60.7
2024-09-20,2024,La Esperanza,LE-04,Génova,17231.0,11200.0,3408.0,2623.0,5,Primera,Mañana,Línea 2,622.0,6.0,1168.22,65.0
2024-09-27,2024,La Esperanza,LE-04,Génova,16134.0,10040.0,3047.0,3047.0,4,Primera,Noche,Línea 3,558.0,6.2,1179.29,62.2
2024-10-04,2024,La Esperanza,LE-04,Génova,7668.0,4569.0,1437.0,1662.0,6,Primera,Noche,Línea 1,254.0,4.5,468.1,59.6
2024-10-11,2024,La Esperanza,LE-04,Génova,9617.0,6034.0,1831.0,1752.0,6,Primera,Tarde,Línea 2,335.0,4.5,644.02,62.7
2024-10-18,2024,La Esperanza,LE-04,Génova,9550.0,5647.0,1847.0,2056.0,5,Primera,Tarde,Línea 1,314.0,4.5,677.43,59.1
2024-10-25,2024,La Esperanza,LE-04,Génova,8844.0,5600.0,1584.0,1660.0,6,Extra,Mañana,Línea 1,311.0,4.5,517.66,63.3
2024-11-01,2024,La Esperanza,LE-04,Génova,3068.0,1914.0,552.0,602.0,7,Primera,Tarde,Línea 3,106.0,4.5,217.28,62.4
2024-11-08,2024,La Esperanza,LE-04,Génova,3126.0,1889.0,590.0,647.0,3,Extra,Mañana,Línea 3,105.0,4.5,240.07,60.4
2024-11-15,2024,La Esperanza,LE-04,Génova,2692.0,1530.0,543.0,619.0,6,Segunda,Tarde,Línea 3,85.0,4.5,180.45,56.8
2024-11-22,2024,La Esperanza,LE-04,Génova,3346.0,1922.0,638.0,786.0,4,Extra,Mañana,Línea 3,107.0,4.5,258.52,57.4
2024-11-29,2024,La Esperanza,LE-04,Génova,2908.0,1849.0,549.0,510.0,5,Segunda,Mañana,Línea 1,103.0,4.5,185.14,63.6
2024-03-01,2024,Los Álamos,LA-01,Eureka,12683.0,8422.0,2432.0,1829.0,6,Primera,Noche,Línea 1,468.0,4.7,846.66,66.4
2024-03-08,2024,Los Álamos,LA-01,Eureka,10621.0,7011.0,1795.0,1815.0,4,Primera,Tarde,Línea 3,390.0,4.5,712.32,66.0
2024-03-15,2024,Los Álamos,LA-01,Eureka,11259.0,7774.0,1672.0,1813.0,2,Extra,Noche,Línea 3,432.0,5.0,763.11,69.0
2024-03-22,2024,Los Álamos,LA-01,Eureka,9706.0,6143.0,1852.0,1711.0,5,Segunda,Mañana,Línea 1,341.0,4.5,592.54,63.3
2024-03-29,2024,Los Álamos,LA-01,Eureka,10061.0,6709.0,1850.0,1502.0,3,Segunda,Tarde,Línea 1,373.0,4.7,718.23,66.7
2024-04-05,2024,Los Álamos,LA-01,Eureka,34110.0,24096.0,5569.0,4445.0,5,Primera,Mañana,Línea 1,1339.0,14.8,2219.97,70.6
2024-04-12,2024,Los Álamos,LA-01,Eureka,33920.0,24012.0,5506.0,4402.0,6,Extra,Mañana,Línea 1,1334.0,14.4,2069.77,70.8
2024-04-19,2024,Los Álamos,LA-01,Eureka,25420.0,18654.0,3561.0,3205.0,2,Extra,Noche,Línea 2,1036.0,10.8,1960.56,73.4
2024-04-26,2024,Los Álamos,LA-01,Eureka,33801.0,25706.0,5244.0,2851.0,4,Segunda,Noche,Línea 1,1428.0,13.8,2084.3,76.1
2024-05-03,2024,Los Álamos,LA-01,Eureka,42298.0,31630.0,5435.0,5233.0,7,Primera,Tarde,Línea 3,1757.0,18.6,2791.28,74.8
2024-05-10,2024,Los Álamos,LA-01,Eureka,45059.0,34108.0,7051.0,3900.0,5,Primera,Tarde,Línea 3,1895.0,16.5,3671.59,75.7
2024-05-17,2024,Los Álamos,LA-01,Eureka,40073.0,29710.0,5853.0,4510.0,4,Extra,Tarde,Línea 2,1651.0,14.7,2566.42,74.1
2024-05-24,2024,Los Álamos,LA-01,Eureka,40807.0,30654.0,5194.0,4959.0,5,Segunda,Mañana,Línea 2,1703.0,15.4,2380.47,75.1
2024-05-31,2024,Los Álamos,LA-01,Eureka,40485.0,29133.0,6518.0,4834.0,4,Segunda,Tarde,Línea 2,1618.0,15.3,2680.89,72.0
2024-06-07,2024,Los Álamos,LA-01,Eureka,44685.0,33949.0,6853.0,3883.0,6,Primera,Noche,Línea 3,1886.0,19.2,3044.78,76.0
2024-06-14,2024,Los Álamos,LA-01,Eureka,38018.0,30738.0,4619.0,2661.0,2,Segunda,Tarde,Línea 1,1708.0,14.6,3002.1,80.9
2024-06-21,2024,Los Álamos,LA-01,Eureka,36630.0,27109.0,4787.0,4734.0,2,Primera,Mañana,Línea 1,1506.0,18.6,2573.24,74.0
2024-06-28,2024,Los Álamos,LA-01,Eureka,40146.0,31080.0,4894.0,4172.0,3,Primera,Noche,Línea 3,1727.0,20.2,3071.64,77.4
2024-07-05,2024,Los Álamos,LA-01,Eureka,41818.0,30922.0,6830.0,4066.0,3,Segunda,Tarde,Línea 2,1718.0,15.7,2685.42,73.9
2024-07-12,2024,Los Álamos,LA-01,Eureka,35930.0,26829.0,4652.0,4449.0,5,Primera,Tarde,Línea 3,1490.0,17.3,2237.98,74.7
2024-07-19,2024,Los Álamos,LA-01,Eureka,41451.0,27508.0,6850.0,7093.0,6,Extra,Mañana,Línea 3,1528.0,19.3,3006.13,66.4
2024-07-26,2024,Los Álamos,LA-01,Eureka,44924.0,34811.0,6896.0,3217.0,5,Extra,Tarde,Línea 3,1934.0,17.9,3530.41,77.5
2024-08-02,2024,Los Álamos,LA-01,Eureka,28024.0,19799.0,4438.0,3787.0,3,Extra,Noche,Línea 3,1100.0,13.6,2180.47,70.7
2024-08-09,2024,Los Álamos,LA-01,Eureka,33501.0,25037.0,5434.0,3030.0,7,Primera,Tarde,Línea 1,1391.0,14.4,2541.55,74.7
2024-08-16,2024,Los Álamos,LA-01,Eureka,31336.0,24018.0,4388.0,2930.0,6,Primera,Noche,Línea 1,1334.0,11.5,2183.27,76.6
2024-08-23,2024,Los Álamos,LA-01,Eureka,35352.0,25543.0,5955.0,3854.0,3,Primera,Tarde,Línea 2,1419.0,14.2,2202.97,72.3
2024-08-30,2024,Los Álamos,LA-01,Eureka,28812.0,21587.0,3698.0,3527.0,3,Segunda,Tarde,Línea 3,1199.0,12.4,2118.23,74.9
2024-09-06,2024,Los Álamos,LA-01,Eureka,22939.0,16604.0,3883.0,2452.0,6,Extra,Tarde,Línea 2,922.0,9.2,1439.09,72.4
2024-09-13,2024,Los Álamos,LA-01,Eureka,23876.0,16539.0,3617.0,3720.0,3,Primera,Noche,Línea 3,919.0,8.3,1460.79,69.3
2024-09-20,2024,Los Álamos,LA-01,Eureka,24563.0,17443.0,3936.0,3184.0,5,Extra,Tarde,Línea 1,969.0,8.9,1688.36,71.0
2024-09-27,2024,Los Álamos,LA-01,Eureka,22878.0,15057.0,4254.0,3567.0,2,Primera,Noche,Línea 3,836.0,8.3,1540.04,65.8
2024-10-04,2024,Los Álamos,LA-01,Eureka,9910.0,6421.0,1808.0,1681.0,4,Primera,Mañana,Línea 2,357.0,4.5,697.25,64.8
2024-10-11,2024,Los Álamos,LA-01,Eureka,10266.0,6856.0,1774.0,1636.0,6,Primera,Noche,Línea 3,381.0,4.5,677.53,66.8
2024-10-18,2024,Los Álamos,LA-01,Eureka,11005.0,7652.0,1855.0,1498.0,4,Extra,Tarde,Línea 1,425.0,5.2,891.64,69.5
2024-10-25,2024,Los Álamos,LA-01,Eureka,10126.0,7059.0,1638.0,1429.0,6,Primera,Mañana,Línea 3,392.0,4.5,819.84,69.7
2024-11-01,2024,Los Álamos,LA-01,Eureka,3155.0,2212.0,523.0,420.0,5,Primera,Mañana,Línea 1,123.0,4.5,217.4,70.1
2024-11-08,2024,Los Álamos,LA-01,Eureka,4136.0,2736.0,704.0,696.0,5,Primera,Noche,Línea 2,152.0,4.5,337.23,66.2
2024-11-15,2024,Los Álamos,LA-01,Eureka,3872.0,2398.0,673.0,801.0,6,Primera,Tarde,Línea 3,133.0,4.5,296.63,61.9
2024-11-22,2024,Los Álamos,LA-01,Eureka,3858.0,2569.0,632.0,657.0,6,Segunda,Tarde,Línea 2,143.0,4.5,224.83,66.6
2024-11-29,2024,Los Álamos,LA-01,Eureka,3357.0,2120.0,569.0,668.0,3,Primera,Mañana,Línea 1,118.0,4.5,219.57,63.2
2024-03-01,2024,Los Álamos,LA-02,Lisbon,9307.0,5754.0,1894.0,1659.0,4,Segunda,Tarde,Línea 1,320.0,4.5,594.92,61.8
2024-03-08,2024,Los Álamos,LA-02,Lisbon,7017.0,4479.0,1320.0,1218.0,2,Segunda,Mañana,Línea 3,249.0,4.5,452.47,63.8
2024-03-15,2024,Los Álamos,LA-02,Lisbon,9254.0,5589.0,1861.0,1804.0,3,Extra,Tarde,Línea 3,310.0,4.5,727.44,60.4
2024-03-22,2024,Los Álamos,LA-02,Lisbon,7881.0,4940.0,1522.0,1419.0,6,Primera,Mañana,Línea 2,274.0,4.5,588.52,62.7
2024-03-29,2024,Los Álamos,LA-02,Lisbon,8997.0,5798.0,1582.0,1617.0,5,Primera,Noche,Línea 2,322.0,4.5,593.08,64.4
2024-04-05,2024,Los Álamos,LA-02,Lisbon,23426.0,15259.0,3963.0,4204.0,5,Segunda,Noche,Línea 2,848.0,7.7,1918.46,65.1
2024-04-12,2024,Los Álamos,LA-02,Lisbon,22043.0,13846.0,3668.0,4529.0,6,Primera,Noche,Línea 2,769.0,8.9,1427.65,62.8
2024-04-19,2024,Los Álamos,LA-02,Lisbon,23144.0,15729.0,4264.0,3151.0,3,Primera,Tarde,Línea 2,874.0,8.2,1389.68,68.0
2024-04-26,2024,Los Álamos,LA-02,Lisbon,24043.0,16315.0,4494.0,3234.0,5,Primera,Tarde,Línea 1,906.0,8.5,1836.36,67.9
2024-05-03,2024,Los Álamos,LA-02,Lisbon,29897.0,20775.0,4595.0,4527.0,6,Primera,Tarde,Línea 2,1154.0,13.5,2315.44,69.5
2024-05-10,2024,Los Álamos,LA-02,Lisbon,29191.0,19434.0,4858.0,4899.0,6,Segunda,Mañana,Línea 3,1080.0,11.4,1909.79,66.6
2024-05-17,2024,Los Álamos,LA-02,Lisbon,32305.0,22687.0,4788.0,4830.0,4,Primera,Tarde,Línea 3,1260.0,11.7,1874.01,70.2
2024-05-24,2024,Los Álamos,LA-02,Lisbon,33587.0,22678.0,5938.0,4971.0,5,Extra,Tarde,Línea 3,1260.0,11.8,2502.66,67.5
2024-05-31,2024,Los Álamos,LA-02,Lisbon,33170.0,22632.0,6193.0,4345.0,2,Extra,Mañana,Línea 3,1257.0,10.9,2287.92,68.2
2024-06-07,2024,Los Álamos,LA-02,Lisbon,37808.0,25559.0,6334.0,5915.0,4,Extra,Mañana,Línea 1,1420.0,14.3,2213.28,67.6
2024-06-14,2024,Los Álamos,LA-02,Lisbon,34070.0,23802.0,5807.0,4461.0,5,Primera,Noche,Línea 2,1322.0,12.8,2719.79,69.9
2024-06-21,2024,Los Álamos,LA-02,Lisbon,38015.0,27000.0,5796.0,5219.0,5,Primera,Tarde,Línea 3,1500.0,18.0,3014.65,71.0
2024-06-28,2024,Los Álamos,LA-02,Lisbon,30817.0,22851.0,4714.0,3252.0,2,Primera,Mañana,Línea 2,1270.0,12.1,2382.22,74.1
2024-07-05,2024,Los Álamos,LA-02,Lisbon,34868.0,25813.0,5051.0,4004.0,4,Extra,Tarde,Línea 3,1434.0,15.3,2102.42,74.0
2024-07-12,2024,Los Álamos,LA-02,Lisbon,29361.0,20746.0,4892.0,3723.0,4,Extra,Tarde,Línea 3,1153.0,12.2,1988.76,70.7
2024-07-19,2024,Los Álamos,LA-02,Lisbon,32621.0,24144.0,5320.0,3157.0,5,Primera,Tarde,Línea 2,1341.0,15.8,2594.61,74.0
2024-07-26,2024,Los Álamos,LA-02,Lisbon,33049.0,23700.0,5180.0,4169.0,4,Extra,Mañana,Línea 2,1317.0,13.2,2645.8,71.7
2024-08-02,2024,Los Álamos,LA-02,Lisbon,26806.0,18045.0,4474.0,4287.0,6,Primera,Tarde,Línea 3,1002.0,11.2,1727.54,67.3
2024-08-09,2024,Los Álamos,LA-02,Lisbon,29265.0,19120.0,5409.0,4736.0,4,Extra,Tarde,Línea 1,1062.0,12.5,1939.34,65.3
2024-08-16,2024,Los Álamos,LA-02,Lisbon,26744.0,18756.0,4045.0,3943.0,5,Primera,Tarde,Línea 3,1042.0,10.8,1853.03,70.1
2024-08-23,2024,Los Álamos,LA-02,Lisbon,27238.0,19017.0,4464.0,3757.0,4,Segunda,Mañana,Línea 3,1056.0,10.1,2133.73,69.8
2024-08-30,2024,Los Álamos,LA-02,Lisbon,25504.0,17776.0,4220.0,3508.0,7,Primera,Tarde,Línea 1,988.0,10.0,1692.1,69.7
2024-09-06,2024,Los Álamos,LA-02,Lisbon,17828.0,12108.0,2963.0,2757.0,4,Primera,Mañana,Línea 1,673.0,6.3,1402.52,67.9
2024-09-13,2024,Los Álamos,LA-02,Lisbon,17024.0,12103.0,2542.0,2379.0,5,Primera,Mañana,Línea 3,672.0,6.5,1345.91,71.1
2024-09-20,2024,Los Álamos,LA-02,Lisbon,16177.0,10489.0,3220.0,2468.0,7,Segunda,Noche,Línea 3,583.0,7.1,1028.75,64.8
2024-09-27,2024,Los Álamos,LA-02,Lisbon,19095.0,12780.0,3563.0,2752.0,4,Primera,Mañana,Línea 2,710.0,9.0,1384.54,66.9
2024-10-04,2024,Los Álamos,LA-02,Lisbon,8956.0,5424.0,1651.0,1881.0,6,Segunda,Noche,Línea 2,301.0,4.5,664.37,60.6
2024-10-11,2024,Los Álamos,LA-02,Lisbon,8832.0,5286.0,1834.0,1712.0,5,Segunda,Noche,Línea 2,294.0,4.5,609.13,59.8
2024-10-18,2024,Los Álamos,LA-02,Lisbon,8437.0,5244.0,1696.0,1497.0,3,Extra,Tarde,Línea 1,291.0,4.5,545.12,62.2
2024-10-25,2024,Los Álamos,LA-02,Lisbon,8224.0,4829.0,1501.0,1894.0,5,Primera,Mañana,Línea 2,268.0,4.5,519.18,58.7
2024-11-01,2024,Los Álamos,LA-02,Lisbon,3207.0,1847.0,614.0,746.0,5,Extra,Noche,Línea 1,103.0,4.5,214.6,57.6
2024-11-08,2024,Los Álamos,LA-02,Lisbon,2911.0,1771.0,604.0,536.0,4,Primera,Tarde,Línea 2,98.0,4.5,197.63,60.8
2024-11-15,2024,Los Álamos,LA-02,Lisbon,2877.0,1755.0,558.0,564.0,3,Segunda,Tarde,Línea 2,98.0,4.5,215.69,61.0
2024-11-22,2024,Los Álamos,LA-02,Lisbon,2487.0,1541.0,440.0,506.0,4,Segunda,Mañana,Línea 3,86.0,4.5,163.67,62.0
2024-11-29,2024,Los Álamos,LA-02,Lisbon,2758.0,1632.0,548.0,578.0,5,Segunda,Tarde,Línea 1,91.0,4.5,160.58,59.2
2024-03-01,2024,Los Álamos,LA-03,Génova,5602.0,2937.0,1246.0,1419.0,4,Primera,Mañana,Línea 1,163.0,4.5,336.6,52.4
2024-03-08,2024,Los Álamos,LA-03,Génova,5676.0,3357.0,1105.0,1214.0,4,Primera,Tarde,Línea 1,186.0,4.5,365.14,59.2
2024-03-15,2024,Los Álamos,LA-03,Génova,5529.0,3185.0,1139.0,1205.0,6,Primera,Mañana,Línea 3,177.0,4.5,396.77,57.6
2024-03-22,2024,Los Álamos,LA-03,Génova,5896.0,3346.0,1168.0,1382.0,5,Extra,Noche,Línea 1,186.0,4.5,379.13,56.8
2024-03-29,2024,Los Álamos,LA-03,Génova,4450.0,2429.0,984.0,1037.0,7,Primera,Mañana,Línea 3,135.0,4.5,289.02,54.6
2024-04-05,2024,Los Álamos,LA-03,Génova,13108.0,7932.0,2736.0,2440.0,7,Primera,Noche,Línea 3,441.0,4.5,925.56,60.5
2024-04-12,2024,Los Álamos,LA-03,Génova,12302.0,6833.0,2697.0,2772.0,4,Primera,Tarde,Línea 1,380.0,4.5,828.23,55.5
2024-04-19,2024,Los Álamos,LA-03,Génova,15041.0,9083.0,2854.0,3104.0,5,Primera,Noche,Línea 1,505.0,5.8,1000.88,60.4
2024-04-26,2024,Los Álamos,LA-03,Génova,16114.0,9402.0,3195.0,3517.0,5,Primera,Tarde,Línea 1,522.0,5.6,1314.42,58.3
2024-05-03,2024,Los Álamos,LA-03,Génova,19484.0,12628.0,3176.0,3680.0,5,Primera,Tarde,Línea 2,702.0,6.9,1410.34,64.8
2024-05-10,2024,Los Álamos,LA-03,Génova,23766.0,14916.0,4424.0,4426.0,6,Extra,Mañana,Línea 3,829.0,9.9,1437.66,62.8
2024-05-17,2024,Los Álamos,LA-03,Génova,18336.0,11188.0,3593.0,3555.0,3,Primera,Noche,Línea 1,622.0,7.2,1174.13,61.0
2024-05-24,2024,Los Álamos,LA-03,Génova,23812.0,14685.0,4347.0,4780.0,5,Primera,Tarde,Línea 3,816.0,9.4,1662.2,61.7
2024-05-31,2024,Los Álamos,LA-03,Génova,20162.0,12914.0,3685.0,3563.0,4,Primera,Tarde,Línea 2,717.0,6.3,1248.94,64.1
2024-06-07,2024,Los Álamos,LA-03,Génova,21448.0,13477.0,3701.0,4270.0,6,Primera,Noche,Línea 2,749.0,8.5,1379.49,62.8
2024-06-14,2024,Los Álamos,LA-03,Génova,24226.0,14790.0,5072.0,4364.0,5,Segunda,Noche,Línea 3,822.0,9.9,1971.24,61.1
2024-06-21,2024,Los Álamos,LA-03,Génova,22571.0,13824.0,4630.0,4117.0,4,Extra,Mañana,Línea 1,768.0,8.5,1666.02,61.2
2024-06-28,2024,Los Álamos,LA-03,Génova,22774.0,14230.0,4252.0,4292.0,5,Segunda,Mañana,Línea 3,791.0,7.4,1368.87,62.5
2024-07-05,2024,Los Álamos,LA-03,Génova,23818.0,14829.0,4376.0,4613.0,4,Segunda,Mañana,Línea 2,824.0,9.9,1671.13,62.3
2024-07-12,2024,Los Álamos,LA-03,Génova,27538.0,18667.0,4969.0,3902.0,3,Segunda,Tarde,Línea 3,1037.0,11.7,1914.96,67.8
2024-07-19,2024,Los Álamos,LA-03,Génova,25558.0,16046.0,5025.0,4487.0,6,Segunda,Mañana,Línea 3,891.0,11.2,1557.76,62.8
2024-07-26,2024,Los Álamos,LA-03,Génova,23848.0,15829.0,4489.0,3530.0,7,Extra,Mañana,Línea 1,879.0,9.6,1757.86,66.4
2024-08-02,2024,Los Álamos,LA-03,Génova,22439.0,14500.0,3898.0,4041.0,3,Segunda,Tarde,Línea 3,806.0,9.9,1836.12,64.6
2024-08-09,2024,Los Álamos,LA-03,Génova,23122.0,13279.0,5044.0,4799.0,3,Segunda,Mañana,Línea 2,738.0,8.2,1701.94,57.4
2024-08-16,2024,Los Álamos,LA-03,Génova,20260.0,12163.0,3872.0,4225.0,5,Segunda,Mañana,Línea 1,676.0,6.3,1423.81,60.0
2024-08-23,2024,Los Álamos,LA-03,Génova,21169.0,12484.0,4196.0,4489.0,5,Primera,Tarde,Línea 3,694.0,6.8,1695.31,59.0
2024-08-30,2024,Los Álamos,LA-03,Génova,19287.0,11770.0,3984.0,3533.0,4,Segunda,Tarde,Línea 1,654.0,8.3,1457.69,61.0
2024-09-06,2024,Los Álamos,LA-03,Génova,13282.0,8151.0,2497.0,2634.0,7,Primera,Mañana,Línea 3,453.0,5.7,1063.66,61.4
2024-09-13,2024,Los Álamos,LA-03,Génova,15461.0,9189.0,2808.0,3464.0,5,Segunda,Noche,Línea 2,510.0,5.9,920.67,59.4
2024-09-20,2024,Los Álamos,LA-03,Génova,13284.0,8606.0,2387.0,2291.0,5,Primera,Noche,Línea 1,478.0,4.5,1044.98,64.8
2024-09-27,2024,Los Álamos,LA-03,Génova,14782.0,8589.0,3008.0,3185.0,6,Segunda,Tarde,Línea 3,477.0,4.6,981.61,58.1
2024-10-04,2024,Los Álamos,LA-03,Génova,7095.0,4340.0,1404.0,1351.0,5,Segunda,Mañana,Línea 1,241.0,4.5,568.96,61.2
2024-10-11,2024,Los Álamos,LA-03,Génova,5901.0,3192.0,1194.0,1515.0,5,Primera,Tarde,Línea 3,177.0,4.5,404.99,54.1
2024-10-18,2024,Los Álamos,LA-03,Génova,6815.0,3624.0,1561.0,1630.0,4,Segunda,Mañana,Línea 2,201.0,4.5,513.83,53.2
2024-10-25,2024,Los Álamos,LA-03,Génova,6198.0,3483.0,1365.0,1350.0,6,Segunda,Tarde,Línea 3,194.0,4.5,432.94,56.2
2024-11-01,2024,Los Álamos,LA-03,Génova,2634.0,1416.0,547.0,671.0,7,Primera,Mañana,Línea 1,79.0,4.5,157.52,53.8
2024-11-08,2024,Los Álamos,LA-03,Génova,2304.0,1270.0,508.0,526.0,4,Primera,Mañana,Línea 3,71.0,4.5,168.29,55.1
2024-11-15,2024,Los Álamos,LA-03,Génova,2527.0,1395.0,537.0,595.0,6,Extra,Mañana,Línea 1,78.0,4.5,190.98,55.2
2024-11-22,2024,Los Álamos,LA-03,Génova,2350.0,1424.0,484.0,442.0,3,Segunda,Tarde,Línea 1,79.0,4.5,168.5,60.6
2024-11-29,2024,Los Álamos,LA-03,Génova,2002.0,1001.0,463.0,538.0,2,Primera,Noche,Línea 1,56.0,4.5,123.68,50.0
2024-03-01,2024,Río Ancho,RA-01,Eureka,16970.0,11261.0,2775.0,2934.0,3,Primera,Mañana,Línea 2,626.0,7.4,1256.16,66.4
2024-03-08,2024,Río Ancho,RA-01,Eureka,16291.0,10937.0,2533.0,2821.0,4,Extra,Mañana,Línea 3,608.0,5.3,1097.07,67.1
2024-03-15,2024,Río Ancho,RA-01,Eureka,13676.0,9438.0,2505.0,1733.0,3,Primera,Mañana,Línea 1,524.0,5.8,1076.77,69.0
2024-03-22,2024,Río Ancho,RA-01,Eureka,15183.0,9982.0,2524.0,2677.0,5,Segunda,Mañana,Línea 2,555.0,5.5,980.66,65.7
2024-03-29,2024,Río Ancho,RA-01,Eureka,16091.0,9933.0,2931.0,3227.0,4,Segunda,Noche,Línea 3,552.0,5.3,1262.11,61.7
2024-04-05,2024,Río Ancho,RA-01,Eureka,37264.0,26988.0,5427.0,4849.0,4,Segunda,Tarde,Línea 1,1499.0,15.2,2564.24,72.4
2024-04-12,2024,Río Ancho,RA-01,Eureka,40577.0,29605.0,6605.0,4367.0,5,Primera,Tarde,Línea 3,1645.0,16.3,2418.47,73.0
2024-04-19,2024,Río Ancho,RA-01,Eureka,36575.0,27367.0,5061.0,4147.0,4,Primera,Tarde,Línea 2,1520.0,18.7,2498.46,74.8
2024-04-26,2024,Río Ancho,RA-01,Eureka,37146.0,27001.0,5479.0,4666.0,4,Extra,Mañana,Línea 2,1500.0,13.9,2732.78,72.7
2024-05-03,2024,Río Ancho,RA-01,Eureka,30804.0,23428.0,4660.0,2716.0,4,Primera,Mañana,Línea 1,1302.0,14.0,2483.5,76.1
2024-05-03,2024,Río Ancho,RA-01,Eureka,25298.0,17436.0,3906.0,3956.0,4,Primera,Mañana,Línea 2,969.0,10.6,1756.63,68.9
2024-05-10,2024,Río Ancho,RA-01,Eureka,16677.0,12347.0,2818.0,1512.0,4,Extra,Noche,Línea 2,686.0,8.3,1340.27,74.0
2024-05-10,2024,Río Ancho,RA-01,Eureka,34883.0,26903.0,4795.0,3185.0,4,Primera,Noche,Línea 3,1495.0,14.5,2308.34,77.1
2024-05-17,2024,Río Ancho,RA-01,Eureka,17315.0,12674.0,2697.0,1944.0,3,Extra,Mañana,Línea 2,704.0,7.9,1156.76,73.2
2024-05-17,2024,Río Ancho,RA-01,Eureka,41719.0,29018.0,7471.0,5230.0,6,Primera,Mañana,Línea 3,1612.0,16.6,2725.66,69.6
2024-05-24,2024,Río Ancho,RA-01,Eureka,36896.0,27634.0,4860.0,4402.0,5,Primera,Mañana,Línea 2,1535.0,13.0,2516.8,74.9
2024-05-24,2024,Río Ancho,RA-01,Eureka,24235.0,17071.0,4234.0,2930.0,2,Primera,Tarde,Línea 3,948.0,9.9,1824.15,70.4
2024-05-31,2024,Río Ancho,RA-01,Eureka,3635.0,2770.0,478.0,387.0,6,Primera,Mañana,Línea 3,154.0,4.5,238.42,76.2
2024-05-31,2024,Río Ancho,RA-01,Eureka,59405.0,42745.0,8183.0,8477.0,4,Primera,Mañana,Línea 1,2375.0,25.3,4260.03,72.0
2024-06-07,2024,Río Ancho,RA-01,Eureka,45075.0,31268.0,7514.0,6293.0,3,Primera,Tarde,Línea 3,1737.0,21.8,2955.13,69.4
2024-06-07,2024,Río Ancho,RA-01,Eureka,10182.0,7302.0,1480.0,1400.0,4,Primera,Tarde,Línea 2,406.0,4.5,798.92,71.7
2024-06-14,2024,Río Ancho,RA-01,Eureka,40970.0,29402.0,6380.0,5188.0,2,Extra,Tarde,Línea 1,1633.0,18.5,2872.84,71.8
2024-06-14,2024,Río Ancho,RA-01,Eureka,13698.0,9907.0,2137.0,1654.0,7,Primera,Mañana,Línea 2,550.0,5.9,1038.02,72.3
2024-06-21,2024,Río Ancho,RA-01,Eureka,27784.0,21485.0,3543.0,2756.0,5,Extra,Mañana,Línea 2,1194.0,13.0,1924.77,77.3
2024-06-21,2024,Río Ancho,RA-01,Eureka,25751.0,18426.0,3691.0,3634.0,3,Primera,Noche,Línea 2,1024.0,10.9,2099.17,71.6
2024-06-28,2024,Río Ancho,RA-01,Eureka,13404.0,10241.0,1677.0,1486.0,7,Primera,Noche,Línea 2,569.0,5.8,1003.32,76.4
2024-06-28,2024,Río Ancho,RA-01,Eureka,49714.0,36055.0,6869.0,6790.0,3,Primera,Mañana,Línea 2,2003.0,17.3,3334.65,72.5
2024-07-05,2024,Río Ancho,RA-01,Eureka,20967.0,15771.0,3245.0,1951.0,5,Extra,Tarde,Línea 1,876.0,10.5,1362.67,75.2
2024-07-05,2024,Río Ancho,RA-01,Eureka,38643.0,27854.0,6370.0,4419.0,6,Primera,Tarde,Línea 1,1547.0,13.4,2730.77,72.1
2024-07-12,2024,Río Ancho,RA-01,Eureka,26783.0,20112.0,3898.0,2773.0,3,Primera,Mañana,Línea 2,1117.0,10.9,2187.2,75.1
2024-07-12,2024,Río Ancho,RA-01,Eureka,21569.0,16979.0,3250.0,1340.0,3,Segunda,Mañana,Línea 3,943.0,10.1,1748.86,78.7
2024-07-19,2024,Río Ancho,RA-01,Eureka,23560.0,17065.0,4077.0,2418.0,6,Primera,Noche,Línea 2,948.0,10.8,1788.37,72.4
2024-07-19,2024,Río Ancho,RA-01,Eureka,39883.0,30188.0,5850.0,3845.0,4,Segunda,Noche,Línea 1,1677.0,16.1,2622.29,75.7
2024-07-26,2024,Río Ancho,RA-01,Eureka,19709.0,14125.0,2866.0,2718.0,5,Extra,Noche,Línea 3,785.0,6.7,1385.05,71.7
2024-07-26,2024,Río Ancho,RA-01,Eureka,28983.0,20020.0,4697.0,4266.0,3,Primera,Mañana,Línea 2,1112.0,11.8,2059.54,69.1
2024-08-02,2024,Río Ancho,RA-01,Eureka,45962.0,31890.0,6902.0,7170.0,6,Segunda,Mañana,Línea 1,1772.0,18.1,2852.33,69.4
2024-08-09,2024,Río Ancho,RA-01,Eureka,2303.0,1601.0,416.0,286.0,3,Primera,Mañana,Línea 2,89.0,4.5,176.09,69.5
2024-08-09,2024,Río Ancho,RA-01,Eureka,45921.0,35046.0,7392.0,3483.0,5,Primera,Mañana,Línea 1,1947.0,17.6,3604.56,76.3
2024-08-16,2024,Río Ancho,RA-01,Eureka,18742.0,13835.0,2471.0,2436.0,5,Primera,Tarde,Línea 1,769.0,9.5,1210.25,73.8
2024-08-16,2024,Río Ancho,RA-01,Eureka,31666.0,22480.0,4715.0,4471.0,4,Extra,Mañana,Línea 1,1249.0,11.4,2264.6,71.0
2024-08-23,2024,Río Ancho,RA-01,Eureka,492.0,359.0,79.0,54.0,5,Primera,Noche,Línea 3,20.0,4.5,37.14,72.9
2024-08-23,2024,Río Ancho,RA-01,Eureka,47800.0,33583.0,8610.0,5607.0,2,Primera,Mañana,Línea 3,1866.0,16.9,3809.45,70.3
2024-08-30,2024,Río Ancho,RA-01,Eureka,288.0,213.0,48.0,27.0,6,Extra,Mañana,Línea 3,12.0,4.5,20.85,73.9
2024-08-30,2024,Río Ancho,RA-01,Eureka,49186.0,37701.0,7812.0,3673.0,5,Primera,Noche,Línea 2,2094.0,25.8,3444.34,76.6
2024-09-06,2024,Río Ancho,RA-01,Eureka,29439.0,21191.0,5126.0,3122.0,5,Extra,Mañana,Línea 3,1177.0,14.6,1991.75,72.0
2024-09-13,2024,Río Ancho,RA-01,Eureka,33805.0,23773.0,5518.0,4514.0,3,Segunda,Tarde,Línea 2,1321.0,11.5,2647.52,70.3
2024-09-20,2024,Río Ancho,RA-01,Eureka,27058.0,19504.0,3972.0,3582.0,5,Primera,Tarde,Línea 3,1084.0,9.5,2171.59,72.1
2024-09-27,2024,Río Ancho,RA-01,Eureka,34539.0,26238.0,4803.0,3498.0,3,Primera,Tarde,Línea 2,1458.0,13.6,2397.79,76.0
2024-10-04,2024,Río Ancho,RA-01,Eureka,14332.0,10192.0,2206.0,1934.0,6,Primera,Noche,Línea 1,566.0,7.2,865.84,71.1
2024-10-11,2024,Río Ancho,RA-01,Eureka,15463.0,10217.0,2609.0,2637.0,2,Extra,Mañana,Línea 2,568.0,5.4,1156.13,66.1
2024-10-18,2024,Río Ancho,RA-01,Eureka,13931.0,9312.0,2381.0,2238.0,5,Primera,Noche,Línea 3,517.0,6.0,910.86,66.8
2024-10-25,2024,Río Ancho,RA-01,Eureka,14734.0,10175.0,2295.0,2264.0,4,Extra,Mañana,Línea 2,565.0,6.3,1127.14,69.1
2024-11-01,2024,Río Ancho,RA-01,Eureka,5264.0,3487.0,842.0,935.0,6,Extra,Tarde,Línea 3,194.0,4.5,369.36,66.2
2024-11-08,2024,Río Ancho,RA-01,Eureka,5583.0,3546.0,1094.0,943.0,7,Segunda,Mañana,Línea 3,197.0,4.5,363.53,63.5
2024-11-15,2024,Río Ancho,RA-01,Eureka,4575.0,2858.0,859.0,858.0,4,Segunda,Tarde,Línea 2,159.0,4.5,307.19,62.5
2024-11-22,2024,Río Ancho,RA-01,Eureka,4541.0,2825.0,814.0,902.0,4,Primera,Mañana,Línea 3,157.0,4.5,265.96,62.2
2024-11-29,2024,Río Ancho,RA-01,Eureka,4831.0,3151.0,781.0,899.0,2,Segunda,Mañana,Línea 1,175.0,4.5,365.1,65.2
2024-03-01,2024,Río Ancho,RA-02,Lisbon,13621.0,8437.0,2517.0,2667.0,4,Primera,Mañana,Línea 3,469.0,5.4,957.4,61.9
2024-03-08,2024,Río Ancho,RA-02,Lisbon,13133.0,8280.0,2642.0,2211.0,5,Primera,Tarde,Línea 3,460.0,4.5,1014.31,63.0
2024-03-15,2024,Río Ancho,RA-02,Lisbon,12535.0,7737.0,2255.0,2543.0,5,Primera,Mañana,Línea 3,430.0,4.5,981.7,61.7
2024-03-22,2024,Río Ancho,RA-02,Lisbon,12749.0,7709.0,2583.0,2457.0,5,Extra,Noche,Línea 3,428.0,5.1,846.95,60.5
2024-03-29,2024,Río Ancho,RA-02,Lisbon,13358.0,8014.0,2714.0,2630.0,5,Segunda,Mañana,Línea 3,445.0,4.8,952.78,60.0
2024-04-05,2024,Río Ancho,RA-02,Lisbon,30748.0,21255.0,5369.0,4124.0,3,Primera,Noche,Línea 2,1181.0,13.7,2436.23,69.1
2024-04-12,2024,Río Ancho,RA-02,Lisbon,38376.0,23918.0,6703.0,7755.0,6,Segunda,Mañana,Línea 3,1329.0,11.5,2921.24,62.3
2024-04-19,2024,Río Ancho,RA-02,Lisbon,38161.0,25564.0,6986.0,5611.0,4,Extra,Mañana,Línea 2,1420.0,14.8,2869.53,67.0
2024-04-26,2024,Río Ancho,RA-02,Lisbon,34939.0,23709.0,6113.0,5117.0,3,Extra,Tarde,Línea 1,1317.0,11.3,2286.91,67.9
2024-05-03,2024,Río Ancho,RA-02,Lisbon,43369.0,30667.0,7416.0,5286.0,6,Primera,Mañana,Línea 3,1704.0,21.2,3554.61,70.7
2024-05-10,2024,Río Ancho,RA-02,Lisbon,20750.0,14123.0,3802.0,2825.0,5,Primera,Noche,Línea 3,785.0,9.5,1376.67,68.1
2024-05-10,2024,Río Ancho,RA-02,Lisbon,29419.0,20308.0,4484.0,4627.0,6,Primera,Mañana,Línea 3,1128.0,10.1,2191.2,69.0
2024-05-17,2024,Río Ancho,RA-02,Lisbon,41569.0,28617.0,6787.0,6165.0,5,Primera,Tarde,Línea 2,1590.0,18.5,2695.19,68.8
2024-05-24,2024,Río Ancho,RA-02,Lisbon,40980.0,28325.0,6920.0,5735.0,6,Extra,Mañana,Línea 2,1574.0,14.4,2565.45,69.1
2024-05-31,2024,Río Ancho,RA-02,Lisbon,44193.0,30576.0,6559.0,7058.0,5,Primera,Tarde,Línea 3,1699.0,19.3,3300.67,69.2
2024-06-07,2024,Río Ancho,RA-02,Lisbon,10634.0,6786.0,1957.0,1891.0,4,Primera,Mañana,Línea 2,377.0,4.5,849.65,63.8
2024-06-07,2024,Río Ancho,RA-02,Lisbon,42520.0,30381.0,6661.0,5478.0,6,Primera,Tarde,Línea 3,1688.0,16.9,3434.71,71.4
2024-06-14,2024,Río Ancho,RA-02,Lisbon,57685.0,39486.0,9650.0,8549.0,4,Extra,Tarde,Línea 2,2194.0,27.8,4296.74,68.5
2024-06-14,2024,Río Ancho,RA-02,Lisbon,1946.0,1321.0,335.0,290.0,6,Segunda,Mañana,Línea 2,73.0,4.5,120.67,67.9
2024-06-21,2024,Río Ancho,RA-02,Lisbon,38151.0,26171.0,5859.0,6121.0,4,Primera,Tarde,Línea 2,1454.0,13.9,2903.08,68.6
2024-06-21,2024,Río Ancho,RA-02,Lisbon,19227.0,12487.0,3417.0,3323.0,5,Primera,Noche,Línea 2,694.0,8.6,1391.2,64.9
2024-06-28,2024,Río Ancho,RA-02,Lisbon,16749.0,11511.0,2851.0,2387.0,2,Segunda,Mañana,Línea 2,640.0,6.8,1352.95,68.7
2024-06-28,2024,Río Ancho,RA-02,Lisbon,40877.0,28806.0,6242.0,5829.0,2,Segunda,Tarde,Línea 2,1600.0,14.3,2795.07,70.5
2024-07-05,2024,Río Ancho,RA-02,Lisbon,26039.0,17144.0,4375.0,4520.0,7,Primera,Tarde,Línea 3,952.0,10.6,1963.7,65.8
2024-07-05,2024,Río Ancho,RA-02,Lisbon,26036.0,18500.0,3631.0,3905.0,3,Extra,Mañana,Línea 1,1028.0,9.6,1617.06,71.1
2024-07-12,2024,Río Ancho,RA-02,Lisbon,14645.0,9810.0,2801.0,2034.0,4,Segunda,Mañana,Línea 2,545.0,5.1,963.01,67.0
2024-07-12,2024,Río Ancho,RA-02,Lisbon,36171.0,24748.0,5997.0,5426.0,6,Extra,Tarde,Línea 1,1375.0,13.3,2224.99,68.4
2024-07-19,2024,Río Ancho,RA-02,Lisbon,4902.0,3474.0,816.0,612.0,6,Primera,Noche,Línea 1,193.0,4.5,364.75,70.9
2024-07-19,2024,Río Ancho,RA-02,Lisbon,46311.0,31369.0,8312.0,6630.0,5,Segunda,Tarde,Línea 1,1743.0,17.9,3589.86,67.7
2024-07-26,2024,Río Ancho,RA-02,Lisbon,33525.0,21083.0,6174.0,6268.0,5,Primera,Tarde,Línea 3,1171.0,11.1,2655.71,62.9
2024-07-26,2024,Río Ancho,RA-02,Lisbon,27442.0,18932.0,5015.0,3495.0,4,Primera,Noche,Línea 2,1052.0,9.5,2236.32,69.0
2024-08-02,2024,Río Ancho,RA-02,Lisbon,36955.0,25561.0,6565.0,4829.0,4,Segunda,Tarde,Línea 1,1420.0,12.5,2696.61,69.2
2024-08-09,2024,Río Ancho,RA-02,Lisbon,47468.0,30057.0,7982.0,9429.0,6,Primera,Tarde,Línea 3,1670.0,18.0,3324.3,63.3
2024-08-16,2024,Río Ancho,RA-02,Lisbon,43802.0,29930.0,7302.0,6570.0,7,Primera,Tarde,Línea 1,1663.0,17.0,2990.13,68.3
2024-08-23,2024,Río Ancho,RA-02,Lisbon,42022.0,27069.0,7620.0,7333.0,4,Extra,Tarde,Línea 1,1504.0,14.0,2998.87,64.4
2024-08-30,2024,Río Ancho,RA-02,Lisbon,45665.0,29647.0,8375.0,7643.0,4,Segunda,Mañana,Línea 3,1647.0,18.4,2824.26,64.9
2024-09-06,2024,Río Ancho,RA-02,Lisbon,28554.0,18477.0,4648.0,5429.0,6,Primera,Tarde,Línea 3,1026.0,9.7,2083.6,64.7
2024-09-13,2024,Río Ancho,RA-02,Lisbon,31847.0,20859.0,5511.0,5477.0,5,Extra,Tarde,Línea 2,1159.0,12.8,2313.67,65.5
2024-09-20,2024,Río Ancho,RA-02,Lisbon,32079.0,22251.0,4742.0,5086.0,3,Primera,Tarde,Línea 3,1236.0,12.8,2546.42,69.4
2024-09-27,2024,Río Ancho,RA-02,Lisbon,28001.0,18042.0,5443.0,4516.0,2,Primera,Mañana,Línea 3,1002.0,10.6,1920.32,64.4
2024-10-04,2024,Río Ancho,RA-02,Lisbon,12324.0,7810.0,2038.0,2476.0,4,Segunda,Noche,Línea 2,434.0,4.5,770.02,63.4
2024-10-11,2024,Río Ancho,RA-02,Lisbon,13561.0,7700.0,2569.0,3292.0,5,Primera,Tarde,Línea 1,428.0,5.1,797.42,56.8
2024-10-18,2024,Río Ancho,RA-02,Lisbon,14815.0,9029.0,2613.0,3173.0,5,Segunda,Tarde,Línea 1,502.0,4.5,1120.02,60.9
2024-10-25,2024,Río Ancho,RA-02,Lisbon,12065.0,8050.0,2133.0,1882.0,3,Primera,Mañana,Línea 3,447.0,4.5,720.7,66.7
2024-11-01,2024,Río Ancho,RA-02,Lisbon,4643.0,2791.0,880.0,972.0,3,Segunda,Tarde,Línea 2,155.0,4.5,338.47,60.1
2024-11-08,2024,Río Ancho,RA-02,Lisbon,4654.0,2751.0,846.0,1057.0,4,Primera,Tarde,Línea 2,153.0,4.5,275.67,59.1
2024-11-15,2024,Río Ancho,RA-02,Lisbon,4790.0,3017.0,929.0,844.0,3,Primera,Noche,Línea 2,168.0,4.5,283.67,63.0
2024-11-22,2024,Río Ancho,RA-02,Lisbon,3989.0,2279.0,755.0,955.0,5,Primera,Noche,Línea 1,127.0,4.5,308.35,57.1
2024-11-29,2024,Río Ancho,RA-02,Lisbon,4766.0,2878.0,895.0,993.0,4,Primera,Noche,Línea 1,160.0,4.5,334.79,60.4
2024-03-01,2024,Río Ancho,RA-03,Génova,8152.0,4076.0,1808.0,2268.0,3,Extra,Noche,Línea 1,226.0,4.5,539.95,50.0
2024-03-08,2024,Río Ancho,RA-03,Génova,7557.0,3845.0,1547.0,2165.0,7,Segunda,Mañana,Línea 3,214.0,4.5,469.31,50.9
2024-03-15,2024,Río Ancho,RA-03,Génova,9071.0,4908.0,1936.0,2227.0,6,Primera,Tarde,Línea 2,273.0,4.5,686.62,54.1
2024-03-22,2024,Río Ancho,RA-03,Génova,8038.0,4333.0,1852.0,1853.0,4,Primera,Mañana,Línea 3,241.0,4.5,655.78,53.9
2024-03-29,2024,Río Ancho,RA-03,Génova,8207.0,4332.0,1686.0,2189.0,6,Primera,Tarde,Línea 1,241.0,4.5,490.09,52.8
2024-04-05,2024,Río Ancho,RA-03,Génova,21724.0,12398.0,4337.0,4989.0,6,Segunda,Mañana,Línea 3,689.0,7.6,1570.4,57.1
2024-04-12,2024,Río Ancho,RA-03,Génova,23298.0,12531.0,5184.0,5583.0,5,Primera,Mañana,Línea 1,696.0,8.5,1723.01,53.8
2024-04-19,2024,Río Ancho,RA-03,Génova,20406.0,11344.0,4619.0,4443.0,6,Segunda,Mañana,Línea 3,630.0,8.0,1397.95,55.6
2024-04-26,2024,Río Ancho,RA-03,Génova,21938.0,11281.0,4553.0,6104.0,7,Extra,Tarde,Línea 3,627.0,6.7,1626.36,51.4
2024-05-03,2024,Río Ancho,RA-03,Génova,37810.0,22206.0,7655.0,7949.0,7,Segunda,Noche,Línea 1,1234.0,14.3,2453.72,58.7
2024-05-10,2024,Río Ancho,RA-03,Génova,30800.0,18163.0,6178.0,6459.0,4,Segunda,Tarde,Línea 2,1009.0,8.7,1930.97,59.0
2024-05-17,2024,Río Ancho,RA-03,Génova,34728.0,19049.0,7421.0,8258.0,5,Segunda,Noche,Línea 2,1058.0,12.0,2233.05,54.9
2024-05-24,2024,Río Ancho,RA-03,Génova,31461.0,19028.0,6436.0,5997.0,7,Primera,Mañana,Línea 3,1057.0,11.0,2351.83,60.5
2024-05-31,2024,Río Ancho,RA-03,Génova,35879.0,20192.0,7270.0,8417.0,7,Segunda,Tarde,Línea 1,1122.0,11.1,2897.35,56.3
2024-06-07,2024,Río Ancho,RA-03,Génova,34080.0,20363.0,6017.0,7700.0,4,Primera,Mañana,Línea 2,1131.0,12.5,2647.23,59.8
2024-06-14,2024,Río Ancho,RA-03,Génova,43620.0,23699.0,8914.0,11007.0,6,Extra,Tarde,Línea 2,1317.0,14.6,2931.02,54.3
2024-06-21,2024,Río Ancho,RA-03,Génova,37751.0,20524.0,8558.0,8669.0,6,Primera,Noche,Línea 3,1140.0,12.0,2689.7,54.4
2024-06-28,2024,Río Ancho,RA-03,Génova,35277.0,19948.0,7307.0,8022.0,4,Extra,Mañana,Línea 2,1108.0,10.0,2707.07,56.5
2024-07-05,2024,Río Ancho,RA-03,Génova,34714.0,20158.0,6522.0,8034.0,7,Segunda,Mañana,Línea 3,1120.0,14.3,2389.08,58.1
2024-07-12,2024,Río Ancho,RA-03,Génova,35850.0,22332.0,6273.0,7245.0,7,Primera,Mañana,Línea 2,1241.0,11.0,2301.07,62.3
2024-07-19,2024,Río Ancho,RA-03,Génova,39983.0,22291.0,7968.0,9724.0,6,Extra,Tarde,Línea 3,1238.0,14.6,3008.44,55.8
2024-07-26,2024,Río Ancho,RA-03,Génova,37825.0,22500.0,7755.0,7570.0,6,Segunda,Mañana,Línea 1,1250.0,11.6,2319.38,59.5
2024-08-02,2024,Río Ancho,RA-03,Génova,37525.0,21276.0,7144.0,9105.0,5,Primera,Mañana,Línea 3,1182.0,14.1,2850.24,56.7
2024-08-09,2024,Río Ancho,RA-03,Génova,33482.0,19011.0,7197.0,7274.0,4,Primera,Mañana,Línea 1,1056.0,10.3,2493.5,56.8
2024-08-16,2024,Río Ancho,RA-03,Génova,31634.0,17485.0,6879.0,7270.0,5,Segunda,Mañana,Línea 1,971.0,8.9,2067.7,55.3
2024-08-23,2024,Río Ancho,RA-03,Génova,35374.0,21337.0,6636.0,7401.0,4,Segunda,Tarde,Línea 1,1185.0,14.4,2469.27,60.3
2024-08-30,2024,Río Ancho,RA-03,Génova,36284.0,20259.0,8265.0,7760.0,5,Segunda,Noche,Línea 3,1126.0,13.1,2605.64,55.8
2024-09-06,2024,Río Ancho,RA-03,Génova,20801.0,11206.0,4852.0,4743.0,7,Segunda,Mañana,Línea 3,623.0,5.4,1648.06,53.9
2024-09-13,2024,Río Ancho,RA-03,Génova,20805.0,11916.0,4100.0,4789.0,5,Segunda,Mañana,Línea 1,662.0,7.8,1417.09,57.3
2024-09-20,2024,Río Ancho,RA-03,Génova,19908.0,10800.0,4274.0,4834.0,6,Segunda,Noche,Línea 2,600.0,5.1,1345.36,54.2
2024-09-27,2024,Río Ancho,RA-03,Génova,24705.0,14783.0,5258.0,4664.0,7,Primera,Tarde,Línea 3,821.0,8.2,1888.49,59.8
2024-10-04,2024,Río Ancho,RA-03,Génova,11023.0,5593.0,2475.0,2955.0,7,Primera,Noche,Línea 1,311.0,4.5,706.23,50.7
2024-10-11,2024,Río Ancho,RA-03,Génova,10432.0,5545.0,2291.0,2596.0,4,Extra,Noche,Línea 3,308.0,4.5,766.63,53.2
2024-10-18,2024,Río Ancho,RA-03,Génova,11586.0,5793.0,2760.0,3033.0,4,Segunda,Mañana,Línea 1,322.0,4.5,708.37,50.0
2024-10-25,2024,Río Ancho,RA-03,Génova,11466.0,6261.0,2489.0,2716.0,4,Extra,Mañana,Línea 2,348.0,4.5,811.86,54.6
2024-11-01,2024,Río Ancho,RA-03,Génova,3736.0,1983.0,774.0,979.0,4,Segunda,Tarde,Línea 3,110.0,4.5,302.51,53.1
2024-11-08,2024,Río Ancho,RA-03,Génova,4042.0,2021.0,893.0,1128.0,5,Segunda,Tarde,Línea 1,112.0,4.5,307.32,50.0
2024-11-15,2024,Río Ancho,RA-03,Génova,3326.0,1663.0,754.0,909.0,4,Primera,Tarde,Línea 1,92.0,4.5,230.88,50.0
2024-11-22,2024,Río Ancho,RA-03,Génova,3223.0,1612.0,782.0,829.0,7,Segunda,Mañana,Línea 3,90.0,4.5,263.94,50.0
2024-11-29,2024,Río Ancho,RA-03,Génova,3395.0,1879.0,765.0,751.0,7,Segunda,Mañana,Línea 2,104.0,4.5,256.37,55.3
2024-03-01,2024,San Cayetano,SC-01,Eureka,11165.0,7582.0,1851.0,1732.0,6,Primera,Mañana,Línea 2,421.0,4.5,746.09,67.9
2024-03-08,2024,San Cayetano,SC-01,Eureka,13135.0,9243.0,2199.0,1693.0,6,Primera,Noche,Línea 3,514.0,4.5,779.4,70.4
2024-03-15,2024,San Cayetano,SC-01,Eureka,11781.0,7945.0,2043.0,1793.0,5,Primera,Mañana,Línea 3,441.0,4.8,727.11,67.4
2024-03-22,2024,San Cayetano,SC-01,Eureka,12325.0,8555.0,2243.0,1527.0,7,Primera,Tarde,Línea 3,475.0,4.5,919.83,69.4
2024-03-29,2024,San Cayetano,SC-01,Eureka,11945.0,8138.0,2024.0,1783.0,6,Primera,Tarde,Línea 2,452.0,5.1,752.97,68.1
2024-04-05,2024,San Cayetano,SC-01,Eureka,32357.0,23107.0,4550.0,4700.0,4,Segunda,Noche,Línea 1,1284.0,13.8,2436.35,71.4
2024-04-12,2024,San Cayetano,SC-01,Eureka,36007.0,24689.0,6655.0,4663.0,4,Primera,Tarde,Línea 3,1372.0,17.1,2670.33,68.6
2024-04-19,2024,San Cayetano,SC-01,Eureka,31769.0,24116.0,4170.0,3483.0,4,Primera,Noche,Línea 1,1340.0,14.9,2389.32,75.9
2024-04-26,2024,San Cayetano,SC-01,Eureka,34473.0,26179.0,4406.0,3888.0,4,Primera,Mañana,Línea 2,1454.0,13.6,2561.88,75.9
2024-05-03,2024,San Cayetano,SC-01,Eureka,45750.0,35697.0,5400.0,4653.0,4,Primera,Tarde,Línea 1,1983.0,21.3,2816.87,78.0
2024-05-10,2024,San Cayetano,SC-01,Eureka,11890.0,9192.0,1466.0,1232.0,5,Segunda,Tarde,Línea 3,511.0,5.0,818.46,77.3
2024-05-10,2024,San Cayetano,SC-01,Eureka,36427.0,27329.0,4795.0,4303.0,4,Primera,Mañana,Línea 3,1518.0,17.6,2138.59,75.0
2024-05-17,2024,San Cayetano,SC-01,Eureka,33482.0,26679.0,4456.0,2347.0,7,Primera,Mañana,Línea 2,1482.0,18.1,2299.56,79.7
2024-05-17,2024,San Cayetano,SC-01,Eureka,18574.0,14741.0,2716.0,1117.0,4,Extra,Tarde,Línea 3,819.0,7.2,1444.27,79.4
2024-05-24,2024,San Cayetano,SC-01,Eureka,14386.0,10656.0,2139.0,1591.0,6,Segunda,Mañana,Línea 2,592.0,5.6,1136.32,74.1
2024-05-24,2024,San Cayetano,SC-01,Eureka,34874.0,26115.0,5744.0,3015.0,5,Segunda,Noche,Línea 3,1451.0,18.1,2032.89,74.9
2024-05-31,2024,San Cayetano,SC-01,Eureka,42176.0,31072.0,5982.0,5122.0,5,Extra,Tarde,Línea 3,1726.0,17.5,2891.74,73.7
2024-06-07,2024,San Cayetano,SC-01,Eureka,41570.0,30572.0,6109.0,4889.0,4,Primera,Tarde,Línea 3,1698.0,19.3,2576.87,73.5
2024-06-14,2024,San Cayetano,SC-01,Eureka,44884.0,35193.0,5622.0,4069.0,5,Extra,Tarde,Línea 1,1955.0,19.3,3218.03,78.4
2024-06-21,2024,San Cayetano,SC-01,Eureka,22507.0,17879.0,3044.0,1584.0,5,Segunda,Tarde,Línea 3,993.0,9.3,1364.62,79.4
2024-06-21,2024,San Cayetano,SC-01,Eureka,27153.0,20712.0,3534.0,2907.0,6,Extra,Mañana,Línea 3,1151.0,11.8,2115.88,76.3
2024-06-28,2024,San Cayetano,SC-01,Eureka,41860.0,31302.0,5930.0,4628.0,2,Primera,Tarde,Línea 2,1739.0,17.0,2741.33,74.8
2024-07-05,2024,San Cayetano,SC-01,Eureka,44669.0,32056.0,6651.0,5962.0,4,Extra,Noche,Línea 1,1781.0,22.4,3465.41,71.8
2024-07-12,2024,San Cayetano,SC-01,Eureka,46004.0,35917.0,6248.0,3839.0,2,Primera,Mañana,Línea 2,1995.0,18.0,2805.82,78.1
2024-07-19,2024,San Cayetano,SC-01,Eureka,42517.0,32385.0,5601.0,4531.0,6,Primera,Mañana,Línea 2,1799.0,19.4,2805.69,76.2
2024-07-26,2024,San Cayetano,SC-01,Eureka,8291.0,6462.0,1260.0,569.0,3,Primera,Tarde,Línea 2,359.0,4.5,609.0,77.9
2024-07-26,2024,San Cayetano,SC-01,Eureka,40025.0,31065.0,5907.0,3053.0,4,Primera,Mañana,Línea 3,1726.0,15.0,2641.0,77.6
2024-08-02,2024,San Cayetano,SC-01,Eureka,31925.0,24215.0,3970.0,3740.0,3,Primera,Noche,Línea 1,1345.0,15.4,1928.89,75.8
2024-08-09,2024,San Cayetano,SC-01,Eureka,31588.0,23960.0,4769.0,2859.0,2,Extra,Tarde,Línea 1,1331.0,17.0,2578.75,75.9
2024-08-16,2024,San Cayetano,SC-01,Eureka,38600.0,29729.0,5663.0,3208.0,3,Extra,Tarde,Línea 3,1652.0,18.0,3066.68,77.0
2024-08-23,2024,San Cayetano,SC-01,Eureka,36102.0,26766.0,5483.0,3853.0,4,Segunda,Mañana,Línea 2,1487.0,13.7,2630.55,74.1
2024-08-30,2024,San Cayetano,SC-01,Eureka,38172.0,28188.0,6137.0,3847.0,7,Extra,Mañana,Línea 3,1566.0,13.3,2955.96,73.8
2024-09-06,2024,San Cayetano,SC-01,Eureka,24137.0,18012.0,3550.0,2575.0,5,Primera,Noche,Línea 1,1001.0,10.4,1849.0,74.6
2024-09-13,2024,San Cayetano,SC-01,Eureka,22758.0,15171.0,3728.0,3859.0,7,Primera,Mañana,Línea 1,843.0,10.6,1638.5,66.7
2024-09-20,2024,San Cayetano,SC-01,Eureka,26946.0,20529.0,4125.0,2292.0,3,Primera,Mañana,Línea 2,1140.0,11.6,2141.06,76.2
2024-09-27,2024,San Cayetano,SC-01,Eureka,26801.0,20286.0,4021.0,2494.0,6,Primera,Noche,Línea 1,1127.0,12.5,2186.71,75.7
2024-10-04,2024,San Cayetano,SC-01,Eureka,11902.0,8122.0,2233.0,1547.0,4,Extra,Tarde,Línea 2,451.0,4.5,849.41,68.2
2024-10-11,2024,San Cayetano,SC-01,Eureka,10490.0,7310.0,1522.0,1658.0,4,Primera,Mañana,Línea 1,406.0,4.5,788.72,69.7
2024-10-18,2024,San Cayetano,SC-01,Eureka,11552.0,7869.0,1794.0,1889.0,5,Extra,Tarde,Línea 3,437.0,4.7,904.85,68.1
2024-10-25,2024,San Cayetano,SC-01,Eureka,10786.0,7351.0,1858.0,1577.0,4,Extra,Tarde,Línea 3,408.0,4.5,688.03,68.2
2024-11-01,2024,San Cayetano,SC-01,Eureka,3655.0,2502.0,589.0,564.0,7,Segunda,Mañana,Línea 3,139.0,4.5,231.52,68.5
2024-11-08,2024,San Cayetano,SC-01,Eureka,4674.0,3184.0,755.0,735.0,6,Primera,Tarde,Línea 3,177.0,4.5,300.58,68.1
2024-11-15,2024,San Cayetano,SC-01,Eureka,3710.0,2438.0,606.0,666.0,4,Primera,Tarde,Línea 3,135.0,4.5,269.73,65.7
2024-11-22,2024,San Cayetano,SC-01,Eureka,4715.0,3204.0,708.0,803.0,5,Primera,Noche,Línea 3,178.0,4.5,374.26,68.0
2024-11-29,2024,San Cayetano,SC-01,Eureka,4092.0,2780.0,750.0,562.0,3,Primera,Mañana,Línea 1,154.0,4.5,304.3,67.9
2024-03-01,2024,San Cayetano,SC-02,Lisbon,9101.0,5991.0,1648.0,1462.0,2,Segunda,Mañana,Línea 1,333.0,4.5,536.48,65.8
2024-03-08,2024,San Cayetano,SC-02,Lisbon,9188.0,5942.0,1672.0,1574.0,6,Segunda,Tarde,Línea 2,330.0,4.5,636.39,64.7
2024-03-15,2024,San Cayetano,SC-02,Lisbon,9593.0,6458.0,1692.0,1443.0,4,Segunda,Mañana,Línea 3,359.0,4.5,736.88,67.3
2024-03-22,2024,San Cayetano,SC-02,Lisbon,8045.0,5207.0,1362.0,1476.0,4,Primera,Noche,Línea 2,289.0,4.5,476.87,64.7
2024-03-29,2024,San Cayetano,SC-02,Lisbon,8664.0,5361.0,1542.0,1761.0,4,Primera,Noche,Línea 1,298.0,4.5,689.95,61.9
2024-04-05,2024,San Cayetano,SC-02,Lisbon,21258.0,13862.0,3695.0,3701.0,5,Primera,Tarde,Línea 3,770.0,6.7,1297.05,65.2
2024-04-12,2024,San Cayetano,SC-02,Lisbon,26534.0,19198.0,4118.0,3218.0,7,Segunda,Mañana,Línea 2,1067.0,11.1,1869.41,72.4
2024-04-19,2024,San Cayetano,SC-02,Lisbon,26234.0,16986.0,4255.0,4993.0,7,Primera,Tarde,Línea 1,944.0,8.7,1790.7,64.7
2024-04-26,2024,San Cayetano,SC-02,Lisbon,20006.0,13018.0,3716.0,3272.0,5,Primera,Tarde,Línea 3,723.0,7.5,1346.6,65.1
2024-05-03,2024,San Cayetano,SC-02,Lisbon,35015.0,25104.0,6035.0,3876.0,6,Primera,Noche,Línea 3,1395.0,16.4,2145.36,71.7
2024-05-10,2024,San Cayetano,SC-02,Lisbon,37167.0,25517.0,5495.0,6155.0,3,Primera,Tarde,Línea 3,1418.0,12.5,2358.08,68.7
2024-05-17,2024,San Cayetano,SC-02,Lisbon,29869.0,19983.0,4841.0,5045.0,4,Primera,Mañana,Línea 3,1110.0,11.2,1855.77,66.9
2024-05-24,2024,San Cayetano,SC-02,Lisbon,33666.0,23661.0,4992.0,5013.0,4,Segunda,Noche,Línea 1,1314.0,15.2,2589.77,70.3
2024-05-31,2024,San Cayetano,SC-02,Lisbon,37072.0,25677.0,5873.0,5522.0,7,Primera,Mañana,Línea 2,1426.0,17.2,2657.67,69.3
2024-06-07,2024,San Cayetano,SC-02,Lisbon,32092.0,22353.0,5417.0,4322.0,5,Segunda,Tarde,Línea 2,1242.0,13.7,2278.7,69.7
2024-06-14,2024,San Cayetano,SC-02,Lisbon,39433.0,29191.0,6370.0,3872.0,3,Extra,Noche,Línea 2,1622.0,18.9,2534.83,74.0
2024-06-21,2024,San Cayetano,SC-02,Lisbon,35006.0,24679.0,6148.0,4179.0,5,Primera,Mañana,Línea 2,1371.0,14.1,2702.11,70.5
2024-06-28,2024,San Cayetano,SC-02,Lisbon,41945.0,30173.0,6191.0,5581.0,3,Segunda,Mañana,Línea 2,1676.0,16.8,2648.25,71.9
2024-07-05,2024,San Cayetano,SC-02,Lisbon,42067.0,28719.0,6689.0,6659.0,4,Primera,Mañana,Línea 1,1596.0,13.7,2601.5,68.3
2024-07-12,2024,San Cayetano,SC-02,Lisbon,41773.0,29722.0,5831.0,6220.0,6,Segunda,Tarde,Línea 1,1651.0,16.3,2925.51,71.2
2024-07-19,2024,San Cayetano,SC-02,Lisbon,36622.0,25317.0,6330.0,4975.0,6,Segunda,Mañana,Línea 2,1406.0,13.4,2712.15,69.1
2024-07-26,2024,San Cayetano,SC-02,Lisbon,40872.0,28368.0,6565.0,5939.0,7,Primera,Tarde,Línea 2,1576.0,17.4,2813.3,69.4
2024-08-02,2024,San Cayetano,SC-02,Lisbon,32696.0,21788.0,6301.0,4607.0,3,Segunda,Noche,Línea 3,1210.0,14.8,2620.05,66.6
2024-08-09,2024,San Cayetano,SC-02,Lisbon,28068.0,18799.0,4763.0,4506.0,5,Extra,Tarde,Línea 2,1044.0,11.1,1880.37,67.0
2024-08-16,2024,San Cayetano,SC-02,Lisbon,32558.0,23037.0,4712.0,4809.0,4,Segunda,Mañana,Línea 2,1280.0,15.5,2222.7,70.8
2024-08-23,2024,San Cayetano,SC-02,Lisbon,25582.0,17468.0,3801.0,4313.0,7,Primera,Tarde,Línea 1,970.0,10.7,1899.53,68.3
2024-08-30,2024,San Cayetano,SC-02,Lisbon,30509.0,19893.0,5892.0,4724.0,4,Segunda,Mañana,Línea 3,1105.0,12.0,1802.83,65.2
2024-09-06,2024,San Cayetano,SC-02,Lisbon,18273.0,11949.0,3608.0,2716.0,6,Extra,Noche,Línea 3,664.0,7.5,1377.44,65.4
2024-09-13,2024,San Cayetano,SC-02,Lisbon,17627.0,11693.0,3364.0,2570.0,6,Primera,Mañana,Línea 2,650.0,7.2,1435.44,66.3
2024-09-20,2024,San Cayetano,SC-02,Lisbon,17370.0,11490.0,3064.0,2816.0,5,Primera,Tarde,Línea 2,638.0,6.6,1100.63,66.2
2024-09-27,2024,San Cayetano,SC-02,Lisbon,21024.0,13742.0,3779.0,3503.0,3,Primera,Mañana,Línea 3,763.0,8.7,1701.58,65.4
2024-10-04,2024,San Cayetano,SC-02,Lisbon,8712.0,5372.0,1558.0,1782.0,5,Primera,Tarde,Línea 3,298.0,4.5,687.72,61.7
2024-10-11,2024,San Cayetano,SC-02,Lisbon,9757.0,5776.0,1765.0,2216.0,4,Primera,Tarde,Línea 2,321.0,4.5,604.87,59.2
2024-10-18,2024,San Cayetano,SC-02,Lisbon,7966.0,4650.0,1708.0,1608.0,5,Primera,Mañana,Línea 2,258.0,4.5,570.17,58.4
2024-10-25,2024,San Cayetano,SC-02,Lisbon,8644.0,5220.0,1813.0,1611.0,5,Extra,Mañana,Línea 3,290.0,4.5,602.61,60.4
2024-11-01,2024,San Cayetano,SC-02,Lisbon,3141.0,2126.0,558.0,457.0,3,Primera,Mañana,Línea 2,118.0,4.5,244.08,67.7
2024-11-08,2024,San Cayetano,SC-02,Lisbon,3372.0,2021.0,696.0,655.0,4,Segunda,Tarde,Línea 3,112.0,4.5,203.7,59.9
2024-11-15,2024,San Cayetano,SC-02,Lisbon,2937.0,1877.0,520.0,540.0,5,Segunda,Mañana,Línea 1,104.0,4.5,213.08,63.9
2024-11-22,2024,San Cayetano,SC-02,Lisbon,3220.0,1929.0,629.0,662.0,6,Segunda,Tarde,Línea 2,107.0,4.5,263.85,59.9
2024-11-29,2024,San Cayetano,SC-02,Lisbon,3460.0,2228.0,664.0,568.0,5,Extra,Noche,Línea 3,124.0,4.5,259.47,64.4
2024-03-01,2024,San Cayetano,SC-03,Génova,6661.0,3706.0,1495.0,1460.0,5,Primera,Tarde,Línea 3,206.0,4.5,407.19,55.6
2024-03-08,2024,San Cayetano,SC-03,Génova,7465.0,4535.0,1450.0,1480.0,6,Primera,Noche,Línea 1,252.0,4.5,566.53,60.7
2024-03-15,2024,San Cayetano,SC-03,Génova,7190.0,4098.0,1471.0,1621.0,7,Segunda,Noche,Línea 2,228.0,4.5,446.66,57.0
2024-03-22,2024,San Cayetano,SC-03,Génova,7581.0,4118.0,1642.0,1821.0,4,Segunda,Mañana,Línea 2,229.0,4.5,467.71,54.3
2024-03-29,2024,San Cayetano,SC-03,Génova,6311.0,3390.0,1290.0,1631.0,5,Extra,Tarde,Línea 2,188.0,4.5,508.11,53.7
2024-04-05,2024,San Cayetano,SC-03,Génova,19779.0,11692.0,3956.0,4131.0,5,Segunda,Mañana,Línea 2,650.0,7.6,1359.95,59.1
2024-04-12,2024,San Cayetano,SC-03,Génova,17791.0,10235.0,3806.0,3750.0,5,Primera,Mañana,Línea 3,569.0,5.1,1170.05,57.5
2024-04-19,2024,San Cayetano,SC-03,Génova,18215.0,10722.0,3311.0,4182.0,6,Primera,Tarde,Línea 2,596.0,5.7,1262.78,58.9
2024-04-26,2024,San Cayetano,SC-03,Génova,19019.0,11434.0,3536.0,4049.0,5,Primera,Tarde,Línea 3,635.0,6.5,1311.22,60.1
2024-05-03,2024,San Cayetano,SC-03,Génova,29798.0,18822.0,6067.0,4909.0,4,Primera,Tarde,Línea 1,1046.0,11.8,2240.4,63.2
2024-05-10,2024,San Cayetano,SC-03,Génova,30677.0,19258.0,5674.0,5745.0,4,Segunda,Tarde,Línea 2,1070.0,9.1,2315.92,62.8
2024-05-17,2024,San Cayetano,SC-03,Génova,28958.0,16683.0,5712.0,6563.0,5,Primera,Tarde,Línea 1,927.0,11.8,2043.74,57.6
2024-05-24,2024,San Cayetano,SC-03,Génova,26166.0,15968.0,5507.0,4691.0,6,Extra,Noche,Línea 3,887.0,7.7,1619.18,61.0
2024-05-31,2024,San Cayetano,SC-03,Génova,26194.0,16928.0,4740.0,4526.0,6,Primera,Tarde,Línea 2,940.0,9.3,2055.5,64.6
2024-06-07,2024,San Cayetano,SC-03,Génova,33121.0,20248.0,6615.0,6258.0,5,Segunda,Mañana,Línea 2,1125.0,11.8,2155.24,61.1
2024-06-14,2024,San Cayetano,SC-03,Génova,28537.0,16918.0,5847.0,5772.0,3,Primera,Noche,Línea 2,940.0,8.6,1822.8,59.3
2024-06-21,2024,San Cayetano,SC-03,Génova,27359.0,16588.0,4738.0,6033.0,4,Segunda,Mañana,Línea 1,922.0,8.0,1998.93,60.6
2024-06-28,2024,San Cayetano,SC-03,Génova,29602.0,18731.0,5061.0,5810.0,6,Segunda,Noche,Línea 3,1041.0,10.5,2136.16,63.3
2024-07-05,2024,San Cayetano,SC-03,Génova,30097.0,18055.0,5307.0,6735.0,6,Segunda,Tarde,Línea 2,1003.0,12.7,2279.52,60.0
2024-07-12,2024,San Cayetano,SC-03,Génova,30184.0,17718.0,6021.0,6445.0,5,Primera,Tarde,Línea 1,984.0,9.2,1948.8,58.7
2024-07-19,2024,San Cayetano,SC-03,Génova,29586.0,16858.0,5845.0,6883.0,4,Segunda,Mañana,Línea 3,937.0,9.8,2175.36,57.0
2024-07-26,2024,San Cayetano,SC-03,Génova,27758.0,18505.0,5044.0,4209.0,4,Segunda,Tarde,Línea 2,1028.0,10.3,2062.24,66.7
2024-08-02,2024,San Cayetano,SC-03,Génova,23673.0,14646.0,4387.0,4640.0,7,Segunda,Tarde,Línea 3,814.0,7.5,1704.01,61.9
2024-08-09,2024,San Cayetano,SC-03,Génova,31632.0,19429.0,5927.0,6276.0,5,Primera,Mañana,Línea 2,1079.0,11.8,1903.22,61.4
2024-08-16,2024,San Cayetano,SC-03,Génova,27038.0,16121.0,4872.0,6045.0,7,Segunda,Mañana,Línea 3,896.0,8.7,2047.07,59.6
2024-08-23,2024,San Cayetano,SC-03,Génova,26680.0,16669.0,5376.0,4635.0,6,Primera,Noche,Línea 1,926.0,10.3,1649.43,62.5
2024-08-30,2024,San Cayetano,SC-03,Génova,29104.0,17702.0,5681.0,5721.0,4,Segunda,Tarde,Línea 2,983.0,9.7,2211.89,60.8
2024-09-06,2024,San Cayetano,SC-03,Génova,17097.0,9887.0,3772.0,3438.0,6,Primera,Tarde,Línea 1,549.0,6.6,1384.82,57.8
2024-09-13,2024,San Cayetano,SC-03,Génova,21151.0,12885.0,3674.0,4592.0,6,Primera,Mañana,Línea 2,716.0,6.7,1658.39,60.9
2024-09-20,2024,San Cayetano,SC-03,Génova,20245.0,12816.0,4009.0,3420.0,6,Primera,Tarde,Línea 2,712.0,7.9,1346.34,63.3
2024-09-27,2024,San Cayetano,SC-03,Génova,16383.0,10151.0,3401.0,2831.0,7,Segunda,Mañana,Línea 1,564.0,4.9,1000.3,62.0
2024-10-04,2024,San Cayetano,SC-03,Génova,8288.0,4630.0,1742.0,1916.0,6,Primera,Noche,Línea 3,257.0,4.5,544.7,55.9
2024-10-11,2024,San Cayetano,SC-03,Génova,9453.0,5346.0,2060.0,2047.0,5,Segunda,Mañana,Línea 3,297.0,4.5,724.5,56.6
2024-10-18,2024,San Cayetano,SC-03,Génova,9618.0,5524.0,2030.0,2064.0,6,Segunda,Noche,Línea 3,307.0,4.5,698.55,57.4
2024-10-25,2024,San Cayetano,SC-03,Génova,8414.0,4615.0,1675.0,2124.0,5,Primera,Mañana,Línea 3,256.0,4.5,621.55,54.9
2024-11-01,2024,San Cayetano,SC-03,Génova,3044.0,1689.0,682.0,673.0,5,Segunda,Tarde,Línea 1,94.0,4.5,240.02,55.5
2024-11-08,2024,San Cayetano,SC-03,Génova,2654.0,1356.0,554.0,744.0,4,Segunda,Tarde,Línea 3,75.0,4.5,178.74,51.1
2024-11-15,2024,San Cayetano,SC-03,Génova,3374.0,1783.0,706.0,885.0,4,Primera,Tarde,Línea 3,99.0,4.5,268.8,52.8
2024-11-22,2024,San Cayetano,SC-03,Génova,2711.0,1392.0,640.0,679.0,5,Extra,Mañana,Línea 2,77.0,4.5,170.79,51.3
2024-11-29,2024,San Cayetano,SC-03,Génova,3332.0,1730.0,718.0,884.0,6,Primera,Tarde,Línea 3,96.0,4.5,269.98,51.9
