fecha,campaña,tipo,concepto,cliente_proveedor,importe,moneda,vencimiento,estado,banco_caja,categoria_flujo
2023-03-01,2023,Egreso,Certificaciones,Certificaciones Global GAP,18883.28,ARS,2023-03-12,Pagado,Banco BBVA,Operaciones
2023-03-01,2023,Egreso,Comisiones,Certificaciones Global GAP,136638.54,ARS,2023-03-16,Pagado,Caja Operativa,Operaciones
2023-03-01,2023,Egreso,Control de calidad,Energía Tucumán SA,617174.45,ARS,2023-03-07,Pagado,Banco Nación,Operaciones
2023-03-01,2023,Egreso,Despacho aduana,FríoAndes Logística,693766.5,ARS,2023-03-06,Pagado,Caja Operativa,Operaciones
2023-03-01,2023,Egreso,Energía,Envases del Tucumán,453754.86,ARS,2023-03-11,Pagado,Caja Operativa,Operaciones
2023-03-01,2023,Egreso,Envases y embalajes,Energía Tucumán SA,727811.18,ARS,2023-03-16,Pagado,Banco BBVA,Operaciones
2023-03-01,2023,Egreso,Fitosanitarios,Servicios Rurales del NOA,1059522.36,ARS,2023-03-13,Pagado,Caja Operativa,Operaciones
2023-03-01,2023,Egreso,Flete exportación,FríoAndes Logística,865798.58,ARS,2023-03-16,Pagado,Banco Nación,Operaciones
2023-03-01,2023,Egreso,Flete interno,Despachos del NOA,1160445.68,ARS,2023-03-06,Pagado,Banco Galicia,Operaciones
2023-03-01,2023,Egreso,Frigorífico,Despachos del NOA,963246.36,ARS,2023-03-13,Pagado,Banco Nación,Operaciones
2023-03-01,2023,Egreso,Gastos generales,DGR Tucumán,1412015.36,ARS,2023-03-22,Pagado,Banco Nación,Operaciones
2023-03-01,2023,Egreso,Honorarios,Contaduría Castillo,303670.31,ARS,2023-03-12,Pagado,Banco Nación,Impuestos
2023-03-01,2023,Egreso,Impuestos,Contaduría Castillo,496557.84,ARS,2023-03-12,Pagado,Caja Operativa,Operaciones
2023-03-01,2023,Egreso,Insumos agrícolas,Agroinsumos SA,634849.08,ARS,2023-03-16,Pagado,Banco Galicia,Operaciones
2023-03-01,2023,Egreso,Mano de obra cosecha,Cooperativa Citrícola,953278.95,ARS,2023-03-11,Pagado,Banco Galicia,Operaciones
2023-03-01,2023,Egreso,Mano de obra empaque,Energía Tucumán SA,469327.49,ARS,2023-03-11,Pagado,Banco Galicia,Operaciones
2023-03-01,2023,Egreso,Mantenimiento líneas,Envases del Tucumán,547612.75,ARS,2023-03-07,Pendiente,Banco Galicia,Operaciones
2023-03-01,2023,Egreso,Maquinaria,Servicios Rurales del NOA,844819.32,ARS,2023-03-08,Pagado,Banco Galicia,Operaciones
2023-03-01,2023,Egreso,Promoción comercial,Broker Comercial Citrus,99116.03,ARS,2023-03-10,Pendiente,Banco BBVA,Operaciones
2023-03-01,2023,Egreso,Riego,Agroinsumos SA,790305.16,ARS,2023-03-18,Pagado,Banco BBVA,Operaciones
2023-03-01,2023,Egreso,Seguros,Contaduría Castillo,632167.34,ARS,2023-03-21,Pagado,Banco Nación,Operaciones
2023-03-01,2023,Egreso,Sueldos administración,AFIP,584406.69,ARS,2023-03-12,Pagado,Banco BBVA,Impuestos
2023-03-01,2023,Egreso,Viajes comerciales,Broker Comercial Citrus,37783.77,ARS,2023-03-13,Pagado,Banco BBVA,Operaciones
2023-03-01,2023,Ingreso,Venta Exportación,Al Salam Trading,387100.77,ARS,2023-03-22,Cobrado,Banco Galicia,Operaciones
2023-03-01,2023,Ingreso,Venta Exportación,Al Salam Trading,183391.95,ARS,2023-04-10,Cobrado,Banco Galicia,Operaciones
2023-03-01,2023,Ingreso,Venta Exportación,Al Salam Trading,320436.39,ARS,2023-04-03,Cobrado,Banco Galicia,Operaciones
2023-03-01,2023,Ingreso,Venta Exportación,Citrus World Ltd,400261.83,ARS,2023-03-20,Cobrado,Banco Galicia,Operaciones
2023-03-01,2023,Ingreso,Venta Exportación,Citrus World Ltd,243939.54,ARS,2023-04-02,Cobrado,Banco BBVA,Operaciones
2023-03-01,2023,Ingreso,Venta Exportación,Citrus World Ltd,716843.47,ARS,2023-03-31,Cobrado,Banco Galicia,Operaciones
2023-03-01,2023,Ingreso,Venta Exportación,Citrus World Ltd,509181.17,ARS,2023-03-20,Cobrado,Banco Galicia,Operaciones
2023-03-01,2023,Ingreso,Venta Exportación,Citrus World Ltd,270568.65,ARS,2023-03-19,Cobrado,Banco Nación,Operaciones
2023-03-01,2023,Ingreso,Venta Exportación,Fischer Import GmbH,599566.71,ARS,2023-04-10,Cobrado,Caja Operativa,Operaciones
2023-03-01,2023,Ingreso,Venta Exportación,Fischer Import GmbH,541593.87,ARS,2023-03-23,Cobrado,Banco Nación,Operaciones
2023-03-01,2023,Ingreso,Venta Exportación,Fischer Import GmbH,723046.46,ARS,2023-03-23,Cobrado,Caja Operativa,Operaciones
2023-03-01,2023,Ingreso,Venta Exportación,Fischer Import GmbH,374442.39,ARS,2023-03-24,Cobrado,Caja Operativa,Operaciones
2023-03-01,2023,Ingreso,Venta Exportación,Fischer Import GmbH,568335.04,ARS,2023-03-22,Cobrado,Caja Operativa,Operaciones
2023-03-01,2023,Ingreso,Venta Exportación,Medifresh SA,246626.77,ARS,2023-03-29,Cobrado,Banco BBVA,Operaciones
2023-03-01,2023,Ingreso,Venta Exportación,Medifresh SA,504325.25,ARS,2023-03-24,Cobrado,Banco Galicia,Operaciones
2023-03-01,2023,Ingreso,Venta Exportación,Medifresh SA,163420.78,ARS,2023-03-23,Cobrado,Banco Galicia,Operaciones
2023-03-01,2023,Ingreso,Venta Industria,Citromax SA,28915.56,ARS,2023-03-26,Cobrado,Banco Galicia,Operaciones
2023-03-01,2023,Ingreso,Venta Industria,Citromax SA,36658.93,ARS,2023-04-08,Cobrado,Banco Galicia,Operaciones
2023-03-01,2023,Ingreso,Venta Industria,Citromax SA,51748.09,ARS,2023-03-27,Cobrado,Banco BBVA,Operaciones
2023-03-01,2023,Ingreso,Venta Industria,Citromax SA,27355.48,ARS,2023-03-31,Cobrado,Banco Nación,Operaciones
2023-03-01,2023,Ingreso,Venta Industria,Citromax SA,29894.98,ARS,2023-03-31,Cobrado,Banco Galicia,Operaciones
2023-03-01,2023,Ingreso,Venta Industria,Citromax SA,27068.81,ARS,2023-04-04,Cobrado,Caja Operativa,Operaciones
2023-03-01,2023,Ingreso,Venta Industria,Frutales Tucumán SRL,24990.0,ARS,2023-04-03,Cobrado,Banco Nación,Operaciones
2023-03-01,2023,Ingreso,Venta Industria,Frutales Tucumán SRL,27243.09,ARS,2023-04-03,Cobrado,Caja Operativa,Operaciones
2023-03-01,2023,Ingreso,Venta Industria,Frutales Tucumán SRL,51826.09,ARS,2023-03-21,Pendiente,Banco Nación,Operaciones
2023-03-01,2023,Ingreso,Venta Industria,Frutales Tucumán SRL,37547.99,ARS,2023-04-03,Cobrado,Banco BBVA,Operaciones
2023-03-01,2023,Ingreso,Venta Mercado Interno,Central de Frutas SA,118172.84,ARS,2023-03-16,Cobrado,Banco BBVA,Operaciones
2023-03-01,2023,Ingreso,Venta Mercado Interno,Central de Frutas SA,156733.75,ARS,2023-03-13,Cobrado,Banco Nación,Operaciones
2023-03-01,2023,Ingreso,Venta Mercado Interno,Central de Frutas SA,81112.87,ARS,2023-03-22,Pendiente,Caja Operativa,Operaciones
2023-03-01,2023,Ingreso,Venta Mercado Interno,Central de Frutas SA,132355.74,ARS,2023-03-22,Cobrado,Banco Galicia,Operaciones
2023-03-01,2023,Ingreso,Venta Mercado Interno,Central de Frutas SA,190158.87,ARS,2023-03-17,Cobrado,Banco Nación,Operaciones
2023-03-01,2023,Ingreso,Venta Mercado Interno,Frutales del Norte SRL,134151.18,ARS,2023-03-23,Cobrado,Caja Operativa,Operaciones
2023-03-01,2023,Ingreso,Venta Mercado Interno,Supermercados Norte SA,136808.78,ARS,2023-03-19,Cobrado,Caja Operativa,Operaciones
2023-03-01,2023,Ingreso,Venta Mercado Interno,Supermercados Norte SA,116890.23,ARS,2023-03-18,Cobrado,Banco Galicia,Operaciones
2023-03-01,2023,Ingreso,Venta Mercado Interno,Supermercados Norte SA,105994.3,ARS,2023-03-17,Cobrado,Banco Galicia,Operaciones
2023-03-08,2023,Egreso,Certificaciones,Broker Comercial Citrus,26820.6,ARS,2023-03-25,Pagado,Banco Galicia,Operaciones
2023-03-08,2023,Egreso,Comisiones,Promoción de Mercados SA,32053.06,ARS,2023-03-15,Pagado,Banco Nación,Operaciones
2023-03-08,2023,Egreso,Control de calidad,Envases del Tucumán,520168.53,ARS,2023-03-25,Pagado,Banco Galicia,Operaciones
2023-03-08,2023,Egreso,Despacho aduana,Transportes del Norte SA,833672.93,ARS,2023-03-16,Pagado,Banco Galicia,Operaciones
2023-03-08,2023,Egreso,Energía,Envases del Tucumán,544766.87,ARS,2023-03-22,Pendiente,Banco BBVA,Operaciones
2023-03-08,2023,Egreso,Envases y embalajes,Envases del Tucumán,550336.92,ARS,2023-03-16,Pagado,Banco Nación,Operaciones
2023-03-08,2023,Egreso,Fitosanitarios,Agroinsumos SA,659056.1,ARS,2023-03-24,Pagado,Banco BBVA,Operaciones
2023-03-08,2023,Egreso,Flete exportación,FríoAndes Logística,1098698.58,ARS,2023-03-23,Vencido,Banco Nación,Operaciones
2023-03-08,2023,Egreso,Flete interno,Despachos del NOA,495275.13,ARS,2023-03-26,Pagado,Banco Nación,Operaciones
2023-03-08,2023,Egreso,Frigorífico,Transportes del Norte SA,1272404.24,ARS,2023-03-16,Pagado,Banco BBVA,Operaciones
2023-03-08,2023,Egreso,Gastos generales,AFIP,924094.76,ARS,2023-04-01,Pendiente,Banco BBVA,Operaciones
2023-03-08,2023,Egreso,Honorarios,Contaduría Castillo,289774.03,ARS,2023-04-02,Pendiente,Banco Nación,Operaciones
2023-03-08,2023,Egreso,Impuestos,Contaduría Castillo,878374.9,ARS,2023-03-29,Pagado,Banco Nación,Impuestos
2023-03-08,2023,Egreso,Insumos agrícolas,Agroinsumos SA,1043221.24,ARS,2023-03-16,Pagado,Banco Galicia,Operaciones
2023-03-08,2023,Egreso,Mano de obra cosecha,Cooperativa Citrícola,630627.69,ARS,2023-03-24,Pagado,Banco Nación,Operaciones
2023-03-08,2023,Egreso,Mano de obra empaque,Envases del Tucumán,467622.24,ARS,2023-03-18,Pagado,Caja Operativa,Operaciones
2023-03-08,2023,Egreso,Mantenimiento líneas,TecnoPacking SRL,678052.67,ARS,2023-03-13,Pagado,Banco Nación,Operaciones
2023-03-08,2023,Egreso,Maquinaria,Cooperativa Citrícola,999857.74,ARS,2023-03-21,Pagado,Caja Operativa,Operaciones
2023-03-08,2023,Egreso,Promoción comercial,Promoción de Mercados SA,64680.26,ARS,2023-03-25,Pagado,Banco Galicia,Operaciones
2023-03-08,2023,Egreso,Riego,Agroinsumos SA,819044.76,ARS,2023-03-25,Pagado,Caja Operativa,Operaciones
2023-03-08,2023,Egreso,Seguros,AFIP,893430.42,ARS,2023-03-23,Pagado,Caja Operativa,Operaciones
2023-03-08,2023,Egreso,Sueldos administración,Contaduría Castillo,448728.79,ARS,2023-03-25,Pagado,Banco Galicia,Operaciones
2023-03-08,2023,Egreso,Viajes comerciales,Broker Comercial Citrus,157806.25,ARS,2023-03-26,Pagado,Banco BBVA,Operaciones
2023-03-08,2023,Ingreso,Venta Exportación,Al Salam Trading,409369.78,ARS,2023-04-12,Cobrado,Banco Nación,Operaciones
2023-03-08,2023,Ingreso,Venta Exportación,Al Salam Trading,157079.36,ARS,2023-04-10,Cobrado,Caja Operativa,Operaciones
2023-03-08,2023,Ingreso,Venta Exportación,Al Salam Trading,149533.47,ARS,2023-04-04,Cobrado,Banco BBVA,Operaciones
2023-03-08,2023,Ingreso,Venta Exportación,Citrus World Ltd,580883.45,ARS,2023-03-29,Cobrado,Banco Nación,Operaciones
2023-03-08,2023,Ingreso,Venta Exportación,Citrus World Ltd,323682.34,ARS,2023-04-16,Cobrado,Banco BBVA,Operaciones
2023-03-08,2023,Ingreso,Venta Exportación,Citrus World Ltd,153494.18,ARS,2023-04-12,Vencido,Banco Galicia,Operaciones
2023-03-08,2023,Ingreso,Venta Exportación,Citrus World Ltd,418815.73,ARS,2023-04-07,Cobrado,Banco BBVA,Operaciones
2023-03-08,2023,Ingreso,Venta Exportación,Fischer Import GmbH,610598.46,ARS,2023-04-11,Cobrado,Banco Galicia,Operaciones
2023-03-08,2023,Ingreso,Venta Exportación,Fischer Import GmbH,228998.18,ARS,2023-04-01,Cobrado,Banco Nación,Operaciones
2023-03-08,2023,Ingreso,Venta Exportación,Fischer Import GmbH,735868.86,ARS,2023-04-15,Pendiente,Banco BBVA,Operaciones
2023-03-08,2023,Ingreso,Venta Exportación,Fischer Import GmbH,573155.09,ARS,2023-04-14,Cobrado,Caja Operativa,Operaciones
2023-03-08,2023,Ingreso,Venta Exportación,Fischer Import GmbH,660291.08,ARS,2023-04-01,Vencido,Banco BBVA,Operaciones
2023-03-08,2023,Ingreso,Venta Exportación,Fischer Import GmbH,223454.37,ARS,2023-04-05,Cobrado,Caja Operativa,Operaciones
2023-03-08,2023,Ingreso,Venta Exportación,Medifresh SA,328330.57,ARS,2023-04-01,Cobrado,Caja Operativa,Operaciones
2023-03-08,2023,Ingreso,Venta Exportación,Medifresh SA,653180.58,ARS,2023-03-31,Vencido,Banco BBVA,Operaciones
2023-03-08,2023,Ingreso,Venta Exportación,Medifresh SA,408798.17,ARS,2023-04-15,Vencido,Banco Nación,Operaciones
2023-03-08,2023,Ingreso,Venta Industria,Citromax SA,31315.36,ARS,2023-04-15,Cobrado,Banco BBVA,Operaciones
2023-03-08,2023,Ingreso,Venta Industria,Citromax SA,43283.7,ARS,2023-04-20,Cobrado,Banco BBVA,Operaciones
2023-03-08,2023,Ingreso,Venta Industria,Citromax SA,43977.33,ARS,2023-04-03,Cobrado,Banco Galicia,Operaciones
2023-03-08,2023,Ingreso,Venta Industria,Citromax SA,30308.71,ARS,2023-03-28,Cobrado,Banco Galicia,Operaciones
2023-03-08,2023,Ingreso,Venta Industria,Citromax SA,33873.09,ARS,2023-04-05,Cobrado,Banco Nación,Operaciones
2023-03-08,2023,Ingreso,Venta Industria,Citromax SA,51029.66,ARS,2023-04-02,Cobrado,Banco BBVA,Operaciones
2023-03-08,2023,Ingreso,Venta Industria,Citromax SA,31795.95,ARS,2023-04-20,Cobrado,Caja Operativa,Operaciones
2023-03-08,2023,Ingreso,Venta Industria,Citromax SA,25040.99,ARS,2023-04-17,Cobrado,Banco Galicia,Operaciones
2023-03-08,2023,Ingreso,Venta Industria,Citromax SA,38152.62,ARS,2023-04-05,Cobrado,Banco Nación,Operaciones
2023-03-08,2023,Ingreso,Venta Industria,Citromax SA,33527.39,ARS,2023-04-01,Pendiente,Banco Galicia,Operaciones
2023-03-08,2023,Ingreso,Venta Industria,Frutales Tucumán SRL,22925.12,ARS,2023-04-19,Pendiente,Banco BBVA,Operaciones
2023-03-08,2023,Ingreso,Venta Industria,Frutales Tucumán SRL,22188.8,ARS,2023-04-08,Cobrado,Banco Nación,Operaciones
2023-03-08,2023,Ingreso,Venta Mercado Interno,Central de Frutas SA,144352.1,ARS,2023-03-29,Pendiente,Banco Nación,Operaciones
2023-03-08,2023,Ingreso,Venta Mercado Interno,Central de Frutas SA,76432.08,ARS,2023-03-21,Cobrado,Banco BBVA,Operaciones
2023-03-08,2023,Ingreso,Venta Mercado Interno,Central de Frutas SA,75079.32,ARS,2023-03-26,Cobrado,Banco Nación,Operaciones
2023-03-08,2023,Ingreso,Venta Mercado Interno,Frutales del Norte SRL,145491.22,ARS,2023-03-22,Pendiente,Banco Galicia,Operaciones
2023-03-08,2023,Ingreso,Venta Mercado Interno,Frutales del Norte SRL,102425.96,ARS,2023-03-19,Pendiente,Banco BBVA,Operaciones
2023-03-08,2023,Ingreso,Venta Mercado Interno,La Morenita SA,150628.24,ARS,2023-03-28,Cobrado,Banco BBVA,Operaciones
2023-03-08,2023,Ingreso,Venta Mercado Interno,Supermercados Norte SA,129166.57,ARS,2023-03-23,Pendiente,Banco BBVA,Operaciones
2023-03-08,2023,Ingreso,Venta Mercado Interno,Supermercados Norte SA,79305.03,ARS,2023-03-21,Cobrado,Caja Operativa,Operaciones
2023-03-08,2023,Ingreso,Venta Mercado Interno,Supermercados Norte SA,126021.9,ARS,2023-03-19,Cobrado,Caja Operativa,Operaciones
2023-03-15,2023,Egreso,Certificaciones,Certificaciones Global GAP,32380.35,ARS,2023-03-29,Pagado,Caja Operativa,Operaciones
2023-03-15,2023,Egreso,Comisiones,Broker Comercial Citrus,34544.29,ARS,2023-03-27,Pagado,Banco BBVA,Operaciones
2023-03-15,2023,Egreso,Control de calidad,Envases del Tucumán,521941.42,ARS,2023-04-01,Pagado,Banco Galicia,Operaciones
2023-03-15,2023,Egreso,Despacho aduana,Transportes del Norte SA,1124189.13,ARS,2023-03-23,Pagado,Banco Galicia,Operaciones
2023-03-15,2023,Egreso,Energía,Energía Tucumán SA,760104.9,ARS,2023-03-23,Pagado,Banco Galicia,Operaciones
2023-03-15,2023,Egreso,Envases y embalajes,TecnoPacking SRL,592220.15,ARS,2023-03-24,Pagado,Banco Galicia,Operaciones
2023-03-15,2023,Egreso,Fitosanitarios,Cooperativa Citrícola,1077449.94,ARS,2023-03-23,Pagado,Banco Nación,Operaciones
2023-03-15,2023,Egreso,Flete exportación,Transportes del Norte SA,129406.27,ARS,2023-03-31,Pagado,Banco Galicia,Operaciones
2023-03-15,2023,Egreso,Flete interno,FríoAndes Logística,1040213.3,ARS,2023-03-23,Pagado,Banco Nación,Operaciones
2023-03-15,2023,Egreso,Frigorífico,FríoAndes Logística,1289477.6,ARS,2023-03-25,Pagado,Caja Operativa,Operaciones
2023-03-15,2023,Egreso,Gastos generales,Contaduría Castillo,494919.61,ARS,2023-03-31,Pagado,Caja Operativa,Operaciones
2023-03-15,2023,Egreso,Honorarios,Contaduría Castillo,640110.28,ARS,2023-04-04,Pagado,Caja Operativa,Operaciones
2023-03-15,2023,Egreso,Impuestos,Contaduría Castillo,574884.13,ARS,2023-04-03,Pagado,Caja Operativa,Impuestos
2023-03-15,2023,Egreso,Insumos agrícolas,Agroinsumos SA,1123436.57,ARS,2023-03-26,Pagado,Caja Operativa,Operaciones
2023-03-15,2023,Egreso,Mano de obra cosecha,Servicios Rurales del NOA,522779.57,ARS,2023-04-01,Pagado,Caja Operativa,Operaciones
2023-03-15,2023,Egreso,Mano de obra empaque,Energía Tucumán SA,595982.42,ARS,2023-03-31,Pagado,Banco BBVA,Operaciones
2023-03-15,2023,Egreso,Mantenimiento líneas,Energía Tucumán SA,291413.25,ARS,2023-03-20,Pagado,Banco BBVA,Operaciones
2023-03-15,2023,Egreso,Maquinaria,Cooperativa Citrícola,821208.13,ARS,2023-04-02,Pagado,Banco Galicia,Operaciones
2023-03-15,2023,Egreso,Promoción comercial,Promoción de Mercados SA,146607.5,ARS,2023-03-27,Pagado,Banco Nación,Operaciones
2023-03-15,2023,Egreso,Riego,Servicios Rurales del NOA,620211.21,ARS,2023-03-24,Pagado,Banco Galicia,Operaciones
2023-03-15,2023,Egreso,Seguros,DGR Tucumán,931135.17,ARS,2023-03-27,Pagado,Banco BBVA,Impuestos
2023-03-15,2023,Egreso,Sueldos administración,DGR Tucumán,880256.37,ARS,2023-04-06,Pagado,Banco Nación,Impuestos
2023-03-15,2023,Egreso,Viajes comerciales,Certificaciones Global GAP,82273.0,ARS,2023-03-28,Pendiente,Banco BBVA,Operaciones
2023-03-15,2023,Ingreso,Venta Exportación,Al Salam Trading,259613.27,ARS,2023-04-05,Cobrado,Banco BBVA,Operaciones
2023-03-15,2023,Ingreso,Venta Exportación,Al Salam Trading,526599.61,ARS,2023-04-04,Cobrado,Banco Nación,Operaciones
2023-03-15,2023,Ingreso,Venta Exportación,Al Salam Trading,452453.74,ARS,2023-04-04,Cobrado,Banco Nación,Operaciones
2023-03-15,2023,Ingreso,Venta Exportación,Al Salam Trading,276971.84,ARS,2023-04-06,Cobrado,Banco BBVA,Operaciones
2023-03-15,2023,Ingreso,Venta Exportación,Al Salam Trading,426693.67,ARS,2023-04-20,Vencido,Caja Operativa,Operaciones
2023-03-15,2023,Ingreso,Venta Exportación,Citrus World Ltd,527964.99,ARS,2023-04-17,Pendiente,Banco BBVA,Operaciones
2023-03-15,2023,Ingreso,Venta Exportación,Citrus World Ltd,308835.51,ARS,2023-04-05,Cobrado,Banco Galicia,Operaciones
2023-03-15,2023,Ingreso,Venta Exportación,Citrus World Ltd,131273.01,ARS,2023-04-09,Cobrado,Banco Nación,Operaciones
2023-03-15,2023,Ingreso,Venta Exportación,Citrus World Ltd,228250.58,ARS,2023-04-24,Cobrado,Caja Operativa,Operaciones
2023-03-15,2023,Ingreso,Venta Exportación,Fischer Import GmbH,703387.33,ARS,2023-04-14,Cobrado,Caja Operativa,Operaciones
2023-03-15,2023,Ingreso,Venta Exportación,Fischer Import GmbH,228256.67,ARS,2023-04-05,Pendiente,Banco Nación,Operaciones
2023-03-15,2023,Ingreso,Venta Exportación,Medifresh SA,434476.64,ARS,2023-04-17,Cobrado,Banco Galicia,Operaciones
2023-03-15,2023,Ingreso,Venta Exportación,Medifresh SA,162445.41,ARS,2023-04-14,Cobrado,Banco BBVA,Operaciones
2023-03-15,2023,Ingreso,Venta Exportación,Medifresh SA,248758.06,ARS,2023-04-12,Cobrado,Banco Nación,Operaciones
2023-03-15,2023,Ingreso,Venta Exportación,Medifresh SA,824925.22,ARS,2023-04-07,Cobrado,Banco Galicia,Operaciones
2023-03-15,2023,Ingreso,Venta Exportación,Medifresh SA,534159.72,ARS,2023-04-23,Pendiente,Caja Operativa,Operaciones
2023-03-15,2023,Ingreso,Venta Exportación,Medifresh SA,286271.98,ARS,2023-04-03,Pendiente,Banco Nación,Operaciones
2023-03-15,2023,Ingreso,Venta Industria,Citromax SA,27926.82,ARS,2023-04-08,Cobrado,Banco Nación,Operaciones
2023-03-15,2023,Ingreso,Venta Industria,Citromax SA,39429.95,ARS,2023-04-05,Cobrado,Banco Nación,Operaciones
2023-03-15,2023,Ingreso,Venta Industria,Citromax SA,48120.99,ARS,2023-04-06,Cobrado,Banco Nación,Operaciones
2023-03-15,2023,Ingreso,Venta Industria,Citromax SA,62378.09,ARS,2023-04-18,Cobrado,Caja Operativa,Operaciones
2023-03-15,2023,Ingreso,Venta Industria,Citromax SA,24288.85,ARS,2023-04-29,Cobrado,Banco Nación,Operaciones
2023-03-15,2023,Ingreso,Venta Industria,Citromax SA,26106.88,ARS,2023-04-24,Vencido,Banco BBVA,Operaciones
2023-03-15,2023,Ingreso,Venta Industria,Frutales Tucumán SRL,26424.63,ARS,2023-04-04,Cobrado,Caja Operativa,Operaciones
2023-03-15,2023,Ingreso,Venta Industria,Frutales Tucumán SRL,33310.17,ARS,2023-04-10,Cobrado,Banco Nación,Operaciones
2023-03-15,2023,Ingreso,Venta Industria,Frutales Tucumán SRL,36177.55,ARS,2023-04-20,Cobrado,Caja Operativa,Operaciones
2023-03-15,2023,Ingreso,Venta Mercado Interno,Central de Frutas SA,122978.73,ARS,2023-03-30,Cobrado,Caja Operativa,Operaciones
2023-03-15,2023,Ingreso,Venta Mercado Interno,Central de Frutas SA,163732.59,ARS,2023-04-07,Cobrado,Banco BBVA,Operaciones
2023-03-15,2023,Ingreso,Venta Mercado Interno,Central de Frutas SA,181948.2,ARS,2023-04-04,Cobrado,Banco Nación,Operaciones
2023-03-15,2023,Ingreso,Venta Mercado Interno,Central de Frutas SA,94103.24,ARS,2023-04-02,Cobrado,Caja Operativa,Operaciones
2023-03-15,2023,Ingreso,Venta Mercado Interno,Frutales del Norte SRL,75671.18,ARS,2023-04-02,Cobrado,Banco Nación,Operaciones
2023-03-15,2023,Ingreso,Venta Mercado Interno,Frutales del Norte SRL,77493.47,ARS,2023-03-26,Cobrado,Banco Galicia,Operaciones
2023-03-15,2023,Ingreso,Venta Mercado Interno,La Morenita SA,89540.38,ARS,2023-04-04,Pendiente,Banco BBVA,Operaciones
2023-03-15,2023,Ingreso,Venta Mercado Interno,La Morenita SA,86869.16,ARS,2023-04-02,Cobrado,Caja Operativa,Operaciones
2023-03-15,2023,Ingreso,Venta Mercado Interno,La Morenita SA,125738.48,ARS,2023-04-02,Pendiente,Banco BBVA,Operaciones
2023-03-15,2023,Ingreso,Venta Mercado Interno,La Morenita SA,110473.18,ARS,2023-04-06,Pendiente,Banco BBVA,Operaciones
2023-03-15,2023,Ingreso,Venta Mercado Interno,Supermercados Norte SA,139927.22,ARS,2023-04-08,Cobrado,Banco Nación,Operaciones
2023-03-22,2023,Egreso,Certificaciones,Certificaciones Global GAP,39376.64,ARS,2023-04-01,Pagado,Caja Operativa,Operaciones
2023-03-22,2023,Egreso,Comisiones,Certificaciones Global GAP,57912.13,ARS,2023-04-05,Pendiente,Banco Nación,Operaciones
2023-03-22,2023,Egreso,Control de calidad,Energía Tucumán SA,452620.28,ARS,2023-03-31,Pagado,Banco Galicia,Operaciones
2023-03-22,2023,Egreso,Despacho aduana,FríoAndes Logística,1662051.11,ARS,2023-03-29,Pagado,Banco Galicia,Operaciones
2023-03-22,2023,Egreso,Energía,Envases del Tucumán,364152.7,ARS,2023-04-09,Pagado,Banco Galicia,Operaciones
2023-03-22,2023,Egreso,Envases y embalajes,Energía Tucumán SA,592109.34,ARS,2023-04-09,Vencido,Banco Nación,Operaciones
2023-03-22,2023,Egreso,Fitosanitarios,Servicios Rurales del NOA,850791.71,ARS,2023-04-07,Vencido,Caja Operativa,Operaciones
2023-03-22,2023,Egreso,Flete exportación,Despachos del NOA,829944.87,ARS,2023-04-03,Pendiente,Banco Nación,Operaciones
2023-03-22,2023,Egreso,Flete interno,Transportes del Norte SA,694185.37,ARS,2023-04-03,Pagado,Banco Nación,Operaciones
2023-03-22,2023,Egreso,Frigorífico,Transportes del Norte SA,482850.67,ARS,2023-04-03,Pagado,Banco Nación,Operaciones
2023-03-22,2023,Egreso,Gastos generales,Contaduría Castillo,464745.19,ARS,2023-04-03,Pagado,Banco Nación,Operaciones
2023-03-22,2023,Egreso,Honorarios,AFIP,1028939.94,ARS,2023-04-05,Pagado,Banco BBVA,Operaciones
2023-03-22,2023,Egreso,Impuestos,DGR Tucumán,1043064.99,ARS,2023-04-13,Pendiente,Banco BBVA,Operaciones
2023-03-22,2023,Egreso,Insumos agrícolas,Servicios Rurales del NOA,898015.02,ARS,2023-04-01,Pendiente,Banco BBVA,Operaciones
2023-03-22,2023,Egreso,Mano de obra cosecha,Servicios Rurales del NOA,940198.38,ARS,2023-04-05,Vencido,Banco Galicia,Operaciones
2023-03-22,2023,Egreso,Mano de obra empaque,Energía Tucumán SA,860670.17,ARS,2023-04-02,Pendiente,Caja Operativa,Operaciones
2023-03-22,2023,Egreso,Mantenimiento líneas,Envases del Tucumán,514647.26,ARS,2023-04-09,Pagado,Banco BBVA,Operaciones
2023-03-22,2023,Egreso,Maquinaria,Cooperativa Citrícola,434411.15,ARS,2023-04-06,Vencido,Caja Operativa,Operaciones
2023-03-22,2023,Egreso,Promoción comercial,Promoción de Mercados SA,126694.89,ARS,2023-03-27,Pagado,Banco Galicia,Operaciones
2023-03-22,2023,Egreso,Riego,Servicios Rurales del NOA,995500.08,ARS,2023-03-30,Pendiente,Banco Galicia,Operaciones
2023-03-22,2023,Egreso,Seguros,AFIP,418619.16,ARS,2023-04-10,Pagado,Caja Operativa,Impuestos
2023-03-22,2023,Egreso,Sueldos administración,DGR Tucumán,512510.45,ARS,2023-04-06,Pagado,Banco BBVA,Impuestos
2023-03-22,2023,Egreso,Viajes comerciales,Promoción de Mercados SA,82165.45,ARS,2023-04-03,Pagado,Banco Nación,Operaciones
2023-03-22,2023,Ingreso,Venta Exportación,Al Salam Trading,110360.17,ARS,2023-04-25,Pendiente,Banco BBVA,Operaciones
2023-03-22,2023,Ingreso,Venta Exportación,Al Salam Trading,192739.27,ARS,2023-04-28,Pendiente,Caja Operativa,Operaciones
2023-03-22,2023,Ingreso,Venta Exportación,Al Salam Trading,154840.19,ARS,2023-04-19,Cobrado,Banco Nación,Operaciones
2023-03-22,2023,Ingreso,Venta Exportación,Al Salam Trading,722286.31,ARS,2023-04-12,Cobrado,Caja Operativa,Operaciones
2023-03-22,2023,Ingreso,Venta Exportación,Citrus World Ltd,529031.26,ARS,2023-04-15,Cobrado,Banco Galicia,Operaciones
2023-03-22,2023,Ingreso,Venta Exportación,Fischer Import GmbH,597202.86,ARS,2023-04-19,Cobrado,Banco BBVA,Operaciones
2023-03-22,2023,Ingreso,Venta Exportación,Fischer Import GmbH,753001.33,ARS,2023-04-24,Cobrado,Caja Operativa,Operaciones
2023-03-22,2023,Ingreso,Venta Exportación,Fischer Import GmbH,350065.93,ARS,2023-04-28,Cobrado,Banco Galicia,Operaciones
2023-03-22,2023,Ingreso,Venta Exportación,Fischer Import GmbH,255216.87,ARS,2023-04-15,Cobrado,Banco Galicia,Operaciones
2023-03-22,2023,Ingreso,Venta Exportación,Fischer Import GmbH,527647.06,ARS,2023-04-13,Cobrado,Banco Galicia,Operaciones
2023-03-22,2023,Ingreso,Venta Exportación,Fischer Import GmbH,490155.53,ARS,2023-04-09,Cobrado,Banco Nación,Operaciones
2023-03-22,2023,Ingreso,Venta Exportación,Fischer Import GmbH,215785.47,ARS,2023-04-26,Cobrado,Caja Operativa,Operaciones
2023-03-22,2023,Ingreso,Venta Exportación,Medifresh SA,570631.32,ARS,2023-04-29,Cobrado,Banco BBVA,Operaciones
2023-03-22,2023,Ingreso,Venta Exportación,Medifresh SA,214709.42,ARS,2023-04-28,Cobrado,Caja Operativa,Operaciones
2023-03-22,2023,Ingreso,Venta Exportación,Medifresh SA,664772.39,ARS,2023-04-18,Vencido,Banco Galicia,Operaciones
2023-03-22,2023,Ingreso,Venta Exportación,Medifresh SA,235857.19,ARS,2023-04-25,Cobrado,Caja Operativa,Operaciones
2023-03-22,2023,Ingreso,Venta Exportación,Medifresh SA,224472.47,ARS,2023-04-26,Cobrado,Caja Operativa,Operaciones
2023-03-22,2023,Ingreso,Venta Industria,Citromax SA,34171.64,ARS,2023-04-30,Cobrado,Banco Galicia,Operaciones
2023-03-22,2023,Ingreso,Venta Industria,Citromax SA,32874.04,ARS,2023-04-23,Cobrado,Caja Operativa,Operaciones
2023-03-22,2023,Ingreso,Venta Industria,Citromax SA,44804.26,ARS,2023-04-18,Cobrado,Banco BBVA,Operaciones
2023-03-22,2023,Ingreso,Venta Industria,Citromax SA,33981.21,ARS,2023-04-27,Cobrado,Caja Operativa,Operaciones
2023-03-22,2023,Ingreso,Venta Industria,Citromax SA,36203.42,ARS,2023-04-30,Cobrado,Caja Operativa,Operaciones
2023-03-22,2023,Ingreso,Venta Industria,Citromax SA,59179.24,ARS,2023-05-05,Cobrado,Banco Galicia,Operaciones
2023-03-22,2023,Ingreso,Venta Industria,Citromax SA,34379.29,ARS,2023-04-23,Cobrado,Banco BBVA,Operaciones
2023-03-22,2023,Ingreso,Venta Industria,Citromax SA,28548.74,ARS,2023-04-29,Cobrado,Banco Galicia,Operaciones
2023-03-22,2023,Ingreso,Venta Industria,Frutales Tucumán SRL,36838.9,ARS,2023-04-29,Cobrado,Caja Operativa,Operaciones
2023-03-22,2023,Ingreso,Venta Mercado Interno,Central de Frutas SA,154962.57,ARS,2023-04-01,Cobrado,Banco Nación,Operaciones
2023-03-22,2023,Ingreso,Venta Mercado Interno,Central de Frutas SA,115103.12,ARS,2023-04-02,Vencido,Banco Galicia,Operaciones
2023-03-22,2023,Ingreso,Venta Mercado Interno,Central de Frutas SA,174870.26,ARS,2023-04-03,Pendiente,Banco BBVA,Operaciones
2023-03-22,2023,Ingreso,Venta Mercado Interno,Frutales del Norte SRL,103070.22,ARS,2023-04-08,Cobrado,Banco Galicia,Operaciones
2023-03-22,2023,Ingreso,Venta Mercado Interno,La Morenita SA,106223.21,ARS,2023-04-09,Vencido,Banco Galicia,Operaciones
2023-03-22,2023,Ingreso,Venta Mercado Interno,La Morenita SA,105911.17,ARS,2023-04-06,Cobrado,Banco Nación,Operaciones
2023-03-22,2023,Ingreso,Venta Mercado Interno,La Morenita SA,91666.76,ARS,2023-04-10,Cobrado,Banco Nación,Operaciones
2023-03-22,2023,Ingreso,Venta Mercado Interno,Supermercados Norte SA,130646.72,ARS,2023-04-07,Cobrado,Banco BBVA,Operaciones
2023-03-22,2023,Ingreso,Venta Mercado Interno,Supermercados Norte SA,83546.84,ARS,2023-04-08,Cobrado,Banco Nación,Operaciones
2023-03-29,2023,Egreso,Certificaciones,Promoción de Mercados SA,65468.32,ARS,2023-04-12,Pagado,Banco Galicia,Operaciones
2023-03-29,2023,Egreso,Comisiones,Certificaciones Global GAP,93134.52,ARS,2023-04-08,Pagado,Banco Galicia,Operaciones
2023-03-29,2023,Egreso,Control de calidad,Energía Tucumán SA,512193.03,ARS,2023-04-09,Pagado,Banco Nación,Operaciones
2023-03-29,2023,Egreso,Despacho aduana,FríoAndes Logística,545136.31,ARS,2023-04-13,Pagado,Caja Operativa,Operaciones
2023-03-29,2023,Egreso,Energía,Envases del Tucumán,603589.75,ARS,2023-04-03,Pagado,Banco Galicia,Operaciones
2023-03-29,2023,Egreso,Envases y embalajes,Energía Tucumán SA,464965.11,ARS,2023-04-03,Pagado,Banco BBVA,Operaciones
2023-03-29,2023,Egreso,Fitosanitarios,Cooperativa Citrícola,749780.78,ARS,2023-04-07,Pagado,Banco Galicia,Operaciones
2023-03-29,2023,Egreso,Flete exportación,Transportes del Norte SA,753725.17,ARS,2023-04-10,Pagado,Caja Operativa,Operaciones
2023-03-29,2023,Egreso,Flete interno,FríoAndes Logística,986281.59,ARS,2023-04-11,Pagado,Banco Galicia,Operaciones
2023-03-29,2023,Egreso,Frigorífico,FríoAndes Logística,1301967.12,ARS,2023-04-06,Pagado,Caja Operativa,Operaciones
2023-03-29,2023,Egreso,Gastos generales,DGR Tucumán,673479.07,ARS,2023-04-12,Pagado,Banco BBVA,Operaciones
2023-03-29,2023,Egreso,Honorarios,AFIP,559829.97,ARS,2023-04-22,Pagado,Banco Galicia,Operaciones
2023-03-29,2023,Egreso,Impuestos,DGR Tucumán,437694.6,ARS,2023-04-14,Pagado,Banco BBVA,Operaciones
2023-03-29,2023,Egreso,Insumos agrícolas,Cooperativa Citrícola,687502.33,ARS,2023-04-14,Pendiente,Caja Operativa,Operaciones
2023-03-29,2023,Egreso,Mano de obra cosecha,Servicios Rurales del NOA,729869.88,ARS,2023-04-10,Pendiente,Banco Galicia,Operaciones
2023-03-29,2023,Egreso,Mano de obra empaque,Energía Tucumán SA,516156.69,ARS,2023-04-15,Pagado,Banco Nación,Operaciones
2023-03-29,2023,Egreso,Mantenimiento líneas,Envases del Tucumán,638224.92,ARS,2023-04-05,Pagado,Banco Galicia,Operaciones
2023-03-29,2023,Egreso,Maquinaria,Agroinsumos SA,1200964.5,ARS,2023-04-07,Pagado,Banco Galicia,Operaciones
2023-03-29,2023,Egreso,Promoción comercial,Certificaciones Global GAP,51031.79,ARS,2023-04-04,Pagado,Caja Operativa,Operaciones
2023-03-29,2023,Egreso,Riego,Agroinsumos SA,762416.03,ARS,2023-04-08,Pagado,Banco BBVA,Operaciones
2023-03-29,2023,Egreso,Seguros,DGR Tucumán,900433.9,ARS,2023-04-08,Pagado,Caja Operativa,Operaciones
2023-03-29,2023,Egreso,Sueldos administración,DGR Tucumán,897045.14,ARS,2023-04-14,Pagado,Banco Nación,Impuestos
2023-03-29,2023,Egreso,Viajes comerciales,Broker Comercial Citrus,78853.34,ARS,2023-04-09,Pagado,Banco Galicia,Operaciones
2023-03-29,2023,Ingreso,Venta Exportación,Al Salam Trading,599707.12,ARS,2023-05-04,Cobrado,Banco Nación,Operaciones
2023-03-29,2023,Ingreso,Venta Exportación,Al Salam Trading,836373.05,ARS,2023-04-27,Cobrado,Caja Operativa,Operaciones
2023-03-29,2023,Ingreso,Venta Exportación,Al Salam Trading,458055.5,ARS,2023-04-19,Cobrado,Banco Nación,Operaciones
2023-03-29,2023,Ingreso,Venta Exportación,Al Salam Trading,460911.84,ARS,2023-05-08,Cobrado,Banco Galicia,Operaciones
2023-03-29,2023,Ingreso,Venta Exportación,Al Salam Trading,364875.04,ARS,2023-04-23,Cobrado,Banco Nación,Operaciones
2023-03-29,2023,Ingreso,Venta Exportación,Al Salam Trading,249478.89,ARS,2023-04-23,Cobrado,Caja Operativa,Operaciones
2023-03-29,2023,Ingreso,Venta Exportación,Citrus World Ltd,658745.96,ARS,2023-05-02,Cobrado,Caja Operativa,Operaciones
2023-03-29,2023,Ingreso,Venta Exportación,Citrus World Ltd,202698.08,ARS,2023-05-06,Cobrado,Banco Galicia,Operaciones
2023-03-29,2023,Ingreso,Venta Exportación,Citrus World Ltd,274635.53,ARS,2023-04-25,Cobrado,Banco BBVA,Operaciones
2023-03-29,2023,Ingreso,Venta Exportación,Citrus World Ltd,259699.08,ARS,2023-04-21,Cobrado,Banco Nación,Operaciones
2023-03-29,2023,Ingreso,Venta Exportación,Fischer Import GmbH,219281.92,ARS,2023-04-20,Cobrado,Banco Galicia,Operaciones
2023-03-29,2023,Ingreso,Venta Exportación,Fischer Import GmbH,496562.41,ARS,2023-04-18,Cobrado,Caja Operativa,Operaciones
2023-03-29,2023,Ingreso,Venta Exportación,Fischer Import GmbH,137987.26,ARS,2023-04-25,Cobrado,Caja Operativa,Operaciones
2023-03-29,2023,Ingreso,Venta Exportación,Medifresh SA,508818.27,ARS,2023-05-06,Pendiente,Caja Operativa,Operaciones
2023-03-29,2023,Ingreso,Venta Exportación,Medifresh SA,253841.86,ARS,2023-04-16,Cobrado,Caja Operativa,Operaciones
2023-03-29,2023,Ingreso,Venta Exportación,Medifresh SA,599248.54,ARS,2023-04-29,Cobrado,Banco Galicia,Operaciones
2023-03-29,2023,Ingreso,Venta Exportación,Medifresh SA,201511.21,ARS,2023-05-07,Cobrado,Banco BBVA,Operaciones
2023-03-29,2023,Ingreso,Venta Industria,Citromax SA,36478.87,ARS,2023-05-05,Cobrado,Banco Galicia,Operaciones
2023-03-29,2023,Ingreso,Venta Industria,Citromax SA,36194.8,ARS,2023-05-03,Cobrado,Banco BBVA,Operaciones
2023-03-29,2023,Ingreso,Venta Industria,Citromax SA,64265.32,ARS,2023-05-03,Cobrado,Banco BBVA,Operaciones
2023-03-29,2023,Ingreso,Venta Industria,Citromax SA,43038.75,ARS,2023-04-25,Cobrado,Caja Operativa,Operaciones
2023-03-29,2023,Ingreso,Venta Industria,Citromax SA,33072.76,ARS,2023-04-21,Cobrado,Banco BBVA,Operaciones
2023-03-29,2023,Ingreso,Venta Industria,Citromax SA,35073.91,ARS,2023-04-18,Cobrado,Banco BBVA,Operaciones
2023-03-29,2023,Ingreso,Venta Industria,Frutales Tucumán SRL,36660.91,ARS,2023-04-23,Cobrado,Banco Galicia,Operaciones
2023-03-29,2023,Ingreso,Venta Industria,Frutales Tucumán SRL,26965.09,ARS,2023-04-25,Cobrado,Caja Operativa,Operaciones
2023-03-29,2023,Ingreso,Venta Mercado Interno,Central de Frutas SA,139619.14,ARS,2023-04-08,Cobrado,Banco Galicia,Operaciones
2023-03-29,2023,Ingreso,Venta Mercado Interno,Central de Frutas SA,157367.44,ARS,2023-04-09,Cobrado,Banco BBVA,Operaciones
2023-03-29,2023,Ingreso,Venta Mercado Interno,Central de Frutas SA,91628.74,ARS,2023-04-16,Cobrado,Banco BBVA,Operaciones
2023-03-29,2023,Ingreso,Venta Mercado Interno,Central de Frutas SA,132903.79,ARS,2023-04-19,Vencido,Banco Nación,Operaciones
2023-03-29,2023,Ingreso,Venta Mercado Interno,Central de Frutas SA,229117.14,ARS,2023-04-22,Cobrado,Caja Operativa,Operaciones
2023-03-29,2023,Ingreso,Venta Mercado Interno,Central de Frutas SA,119577.86,ARS,2023-04-11,Cobrado,Caja Operativa,Operaciones
2023-03-29,2023,Ingreso,Venta Mercado Interno,Central de Frutas SA,92113.54,ARS,2023-04-13,Cobrado,Banco Galicia,Operaciones
2023-03-29,2023,Ingreso,Venta Mercado Interno,Frutales del Norte SRL,83519.73,ARS,2023-04-09,Cobrado,Banco Galicia,Operaciones
2023-03-29,2023,Ingreso,Venta Mercado Interno,Frutales del Norte SRL,106331.28,ARS,2023-04-12,Cobrado,Banco Nación,Operaciones
2023-03-29,2023,Ingreso,Venta Mercado Interno,La Morenita SA,90667.69,ARS,2023-04-16,Vencido,Banco BBVA,Operaciones
2023-03-29,2023,Ingreso,Venta Mercado Interno,Supermercados Norte SA,81756.67,ARS,2023-04-14,Cobrado,Caja Operativa,Operaciones
2023-04-05,2023,Egreso,Certificaciones,Promoción de Mercados SA,314905.3,ARS,2023-04-14,Pagado,Caja Operativa,Operaciones
2023-04-05,2023,Egreso,Comisiones,Certificaciones Global GAP,135345.68,ARS,2023-04-18,Pagado,Banco Nación,Operaciones
2023-04-05,2023,Egreso,Control de calidad,Energía Tucumán SA,1365222.8,ARS,2023-04-17,Pagado,Caja Operativa,Operaciones
2023-04-05,2023,Egreso,Despacho aduana,Transportes del Norte SA,5430359.5,ARS,2023-04-18,Pagado,Banco Galicia,Operaciones
2023-04-05,2023,Egreso,Energía,Envases del Tucumán,1720762.65,ARS,2023-04-10,Pagado,Banco BBVA,Operaciones
2023-04-05,2023,Egreso,Envases y embalajes,TecnoPacking SRL,1284774.73,ARS,2023-04-20,Pendiente,Banco Galicia,Operaciones
2023-04-05,2023,Egreso,Fitosanitarios,Servicios Rurales del NOA,2473595.54,ARS,2023-04-10,Pagado,Caja Operativa,Operaciones
2023-04-05,2023,Egreso,Flete exportación,Transportes del Norte SA,1789455.61,ARS,2023-04-10,Pagado,Banco Galicia,Operaciones
2023-04-05,2023,Egreso,Flete interno,Despachos del NOA,1583119.82,ARS,2023-04-21,Pagado,Banco Galicia,Operaciones
2023-04-05,2023,Egreso,Frigorífico,FríoAndes Logística,1926066.49,ARS,2023-04-20,Pagado,Caja Operativa,Operaciones
2023-04-05,2023,Egreso,Gastos generales,AFIP,157715.26,ARS,2023-04-25,Pagado,Banco Nación,Operaciones
2023-04-05,2023,Egreso,Honorarios,AFIP,898010.47,ARS,2023-04-16,Pagado,Banco BBVA,Impuestos
2023-04-05,2023,Egreso,Impuestos,AFIP,877823.6,ARS,2023-04-19,Pendiente,Banco Nación,Operaciones
2023-04-05,2023,Egreso,Insumos agrícolas,Cooperativa Citrícola,2419140.37,ARS,2023-04-18,Pagado,Banco BBVA,Operaciones
2023-04-05,2023,Egreso,Mano de obra cosecha,Servicios Rurales del NOA,2737476.95,ARS,2023-04-11,Pagado,Banco BBVA,Operaciones
2023-04-05,2023,Egreso,Mano de obra empaque,Energía Tucumán SA,1478253.01,ARS,2023-04-15,Pagado,Banco BBVA,Operaciones
2023-04-05,2023,Egreso,Mantenimiento líneas,TecnoPacking SRL,1703470.32,ARS,2023-04-14,Pagado,Banco BBVA,Operaciones
2023-04-05,2023,Egreso,Maquinaria,Agroinsumos SA,1724277.86,ARS,2023-04-18,Pagado,Banco Nación,Operaciones
2023-04-05,2023,Egreso,Promoción comercial,Promoción de Mercados SA,78310.83,ARS,2023-04-16,Pagado,Banco Galicia,Operaciones
2023-04-05,2023,Egreso,Riego,Servicios Rurales del NOA,1979007.89,ARS,2023-04-17,Pagado,Banco Nación,Operaciones
2023-04-05,2023,Egreso,Seguros,Contaduría Castillo,1088301.54,ARS,2023-04-27,Pagado,Banco BBVA,Impuestos
2023-04-05,2023,Egreso,Sueldos administración,AFIP,455420.77,ARS,2023-04-22,Pagado,Banco Galicia,Operaciones
2023-04-05,2023,Egreso,Viajes comerciales,Broker Comercial Citrus,394975.55,ARS,2023-04-17,Pagado,Banco BBVA,Operaciones
2023-04-05,2023,Ingreso,Venta Exportación,Al Salam Trading,1206273.33,ARS,2023-05-05,Cobrado,Banco Nación,Operaciones
2023-04-05,2023,Ingreso,Venta Exportación,Al Salam Trading,1685462.78,ARS,2023-05-05,Cobrado,Banco Nación,Operaciones
2023-04-05,2023,Ingreso,Venta Exportación,Al Salam Trading,651570.78,ARS,2023-04-24,Cobrado,Banco Galicia,Operaciones
2023-04-05,2023,Ingreso,Venta Exportación,Citrus World Ltd,1561540.44,ARS,2023-05-06,Cobrado,Caja Operativa,Operaciones
2023-04-05,2023,Ingreso,Venta Exportación,Citrus World Ltd,2084791.84,ARS,2023-04-29,Cobrado,Banco Galicia,Operaciones
2023-04-05,2023,Ingreso,Venta Exportación,Citrus World Ltd,1391919.66,ARS,2023-05-15,Cobrado,Banco Galicia,Operaciones
2023-04-05,2023,Ingreso,Venta Exportación,Citrus World Ltd,718691.78,ARS,2023-04-25,Cobrado,Banco BBVA,Operaciones
2023-04-05,2023,Ingreso,Venta Exportación,Citrus World Ltd,712075.87,ARS,2023-04-26,Pendiente,Banco BBVA,Operaciones
2023-04-05,2023,Ingreso,Venta Exportación,Fischer Import GmbH,1492683.38,ARS,2023-04-24,Cobrado,Banco Nación,Operaciones
2023-04-05,2023,Ingreso,Venta Exportación,Fischer Import GmbH,387234.73,ARS,2023-05-08,Cobrado,Banco Nación,Operaciones
2023-04-05,2023,Ingreso,Venta Exportación,Fischer Import GmbH,1676613.03,ARS,2023-05-12,Cobrado,Banco BBVA,Operaciones
2023-04-05,2023,Ingreso,Venta Exportación,Fischer Import GmbH,910334.49,ARS,2023-05-07,Cobrado,Banco Nación,Operaciones
2023-04-05,2023,Ingreso,Venta Exportación,Fischer Import GmbH,1315542.84,ARS,2023-04-25,Cobrado,Banco BBVA,Operaciones
2023-04-05,2023,Ingreso,Venta Exportación,Fischer Import GmbH,958313.49,ARS,2023-05-01,Cobrado,Banco Galicia,Operaciones
2023-04-05,2023,Ingreso,Venta Exportación,Medifresh SA,747353.9,ARS,2023-05-09,Pendiente,Banco Nación,Operaciones
2023-04-05,2023,Ingreso,Venta Exportación,Medifresh SA,1261416.67,ARS,2023-04-30,Cobrado,Caja Operativa,Operaciones
2023-04-05,2023,Ingreso,Venta Exportación,Medifresh SA,1348766.49,ARS,2023-05-13,Cobrado,Banco BBVA,Operaciones
2023-04-05,2023,Ingreso,Venta Exportación,Medifresh SA,671596.88,ARS,2023-05-11,Cobrado,Caja Operativa,Operaciones
2023-04-05,2023,Ingreso,Venta Industria,Citromax SA,47238.56,ARS,2023-05-17,Cobrado,Banco BBVA,Operaciones
2023-04-05,2023,Ingreso,Venta Industria,Citromax SA,113010.96,ARS,2023-05-01,Pendiente,Banco Nación,Operaciones
2023-04-05,2023,Ingreso,Venta Industria,Citromax SA,100876.93,ARS,2023-05-10,Cobrado,Banco Nación,Operaciones
2023-04-05,2023,Ingreso,Venta Industria,Citromax SA,89573.96,ARS,2023-05-14,Cobrado,Banco Galicia,Operaciones
2023-04-05,2023,Ingreso,Venta Industria,Citromax SA,64882.27,ARS,2023-05-02,Cobrado,Caja Operativa,Operaciones
2023-04-05,2023,Ingreso,Venta Industria,Citromax SA,95056.98,ARS,2023-04-25,Pendiente,Banco Galicia,Operaciones
2023-04-05,2023,Ingreso,Venta Industria,Citromax SA,126147.18,ARS,2023-05-11,Cobrado,Caja Operativa,Operaciones
2023-04-05,2023,Ingreso,Venta Industria,Citromax SA,128118.2,ARS,2023-05-07,Cobrado,Banco BBVA,Operaciones
2023-04-05,2023,Ingreso,Venta Industria,Frutales Tucumán SRL,69365.02,ARS,2023-05-13,Pendiente,Banco Nación,Operaciones
2023-04-05,2023,Ingreso,Venta Industria,Frutales Tucumán SRL,73740.9,ARS,2023-05-09,Cobrado,Caja Operativa,Operaciones
2023-04-05,2023,Ingreso,Venta Industria,Frutales Tucumán SRL,33502.19,ARS,2023-04-25,Pendiente,Banco BBVA,Operaciones
2023-04-05,2023,Ingreso,Venta Industria,Frutales Tucumán SRL,58818.46,ARS,2023-05-14,Cobrado,Banco Nación,Operaciones
2023-04-05,2023,Ingreso,Venta Industria,Frutales Tucumán SRL,52862.47,ARS,2023-05-07,Cobrado,Banco BBVA,Operaciones
2023-04-05,2023,Ingreso,Venta Industria,Frutales Tucumán SRL,156001.87,ARS,2023-05-18,Cobrado,Banco Nación,Operaciones
2023-04-05,2023,Ingreso,Venta Industria,Frutales Tucumán SRL,47725.61,ARS,2023-05-03,Vencido,Banco Galicia,Operaciones
2023-04-05,2023,Ingreso,Venta Industria,Frutales Tucumán SRL,66305.78,ARS,2023-04-29,Cobrado,Banco Galicia,Operaciones
2023-04-05,2023,Ingreso,Venta Industria,Frutales Tucumán SRL,53279.16,ARS,2023-04-30,Cobrado,Banco BBVA,Operaciones
2023-04-05,2023,Ingreso,Venta Mercado Interno,Central de Frutas SA,412112.46,ARS,2023-04-17,Cobrado,Banco BBVA,Operaciones
2023-04-05,2023,Ingreso,Venta Mercado Interno,Central de Frutas SA,147771.86,ARS,2023-04-19,Cobrado,Banco Galicia,Operaciones
2023-04-05,2023,Ingreso,Venta Mercado Interno,Central de Frutas SA,248782.46,ARS,2023-04-19,Cobrado,Banco Galicia,Operaciones
2023-04-05,2023,Ingreso,Venta Mercado Interno,Central de Frutas SA,193857.51,ARS,2023-04-19,Cobrado,Banco Galicia,Operaciones
2023-04-05,2023,Ingreso,Venta Mercado Interno,Frutales del Norte SRL,196829.01,ARS,2023-04-19,Cobrado,Banco BBVA,Operaciones
2023-04-05,2023,Ingreso,Venta Mercado Interno,La Morenita SA,343267.93,ARS,2023-04-20,Cobrado,Banco BBVA,Operaciones
2023-04-05,2023,Ingreso,Venta Mercado Interno,La Morenita SA,165793.64,ARS,2023-04-16,Pendiente,Banco Galicia,Operaciones
2023-04-05,2023,Ingreso,Venta Mercado Interno,La Morenita SA,345429.17,ARS,2023-04-19,Cobrado,Banco Nación,Operaciones
2023-04-05,2023,Ingreso,Venta Mercado Interno,La Morenita SA,171761.42,ARS,2023-04-15,Pendiente,Banco Galicia,Operaciones
2023-04-05,2023,Ingreso,Venta Mercado Interno,La Morenita SA,395606.0,ARS,2023-04-22,Cobrado,Banco BBVA,Operaciones
2023-04-05,2023,Ingreso,Venta Mercado Interno,La Morenita SA,142856.85,ARS,2023-04-29,Cobrado,Banco BBVA,Operaciones
2023-04-05,2023,Ingreso,Venta Mercado Interno,La Morenita SA,630798.85,ARS,2023-04-26,Cobrado,Caja Operativa,Operaciones
2023-04-05,2023,Ingreso,Venta Mercado Interno,La Morenita SA,272063.44,ARS,2023-04-27,Cobrado,Banco Galicia,Operaciones
2023-04-05,2023,Ingreso,Venta Mercado Interno,Supermercados Norte SA,451557.58,ARS,2023-04-28,Cobrado,Banco BBVA,Operaciones
2023-04-05,2023,Ingreso,Venta Mercado Interno,Supermercados Norte SA,418024.45,ARS,2023-04-27,Cobrado,Banco BBVA,Operaciones
2023-04-05,2023,Ingreso,Venta Mercado Interno,Supermercados Norte SA,145367.91,ARS,2023-04-19,Cobrado,Banco BBVA,Operaciones
2023-04-05,2023,Ingreso,Venta Mercado Interno,Supermercados Norte SA,365097.83,ARS,2023-04-27,Cobrado,Banco Nación,Operaciones
2023-04-12,2023,Egreso,Certificaciones,Certificaciones Global GAP,152015.59,ARS,2023-04-19,Pagado,Caja Operativa,Operaciones
2023-04-12,2023,Egreso,Comisiones,Broker Comercial Citrus,240777.68,ARS,2023-04-29,Pagado,Banco Nación,Operaciones
2023-04-12,2023,Egreso,Control de calidad,TecnoPacking SRL,1796432.82,ARS,2023-04-29,Pagado,Banco Galicia,Operaciones
2023-04-12,2023,Egreso,Despacho aduana,Transportes del Norte SA,1385537.96,ARS,2023-04-28,Pagado,Banco Nación,Operaciones
2023-04-12,2023,Egreso,Energía,Energía Tucumán SA,1453206.84,ARS,2023-04-23,Pagado,Caja Operativa,Operaciones
2023-04-12,2023,Egreso,Envases y embalajes,Envases del Tucumán,1344071.22,ARS,2023-04-18,Pendiente,Banco Galicia,Operaciones
2023-04-12,2023,Egreso,Fitosanitarios,Servicios Rurales del NOA,2403384.03,ARS,2023-04-17,Pagado,Caja Operativa,Operaciones
2023-04-12,2023,Egreso,Flete exportación,Transportes del Norte SA,4242798.17,ARS,2023-04-19,Pagado,Banco Nación,Operaciones
2023-04-12,2023,Egreso,Flete interno,Despachos del NOA,4241899.18,ARS,2023-04-27,Pagado,Banco Galicia,Operaciones
2023-04-12,2023,Egreso,Frigorífico,Transportes del Norte SA,1305173.98,ARS,2023-04-27,Pagado,Banco Nación,Operaciones
2023-04-12,2023,Egreso,Gastos generales,DGR Tucumán,683954.36,ARS,2023-05-02,Pendiente,Caja Operativa,Operaciones
2023-04-12,2023,Egreso,Honorarios,AFIP,982976.25,ARS,2023-05-02,Pagado,Banco BBVA,Operaciones
2023-04-12,2023,Egreso,Impuestos,Contaduría Castillo,226690.79,ARS,2023-04-24,Pagado,Caja Operativa,Operaciones
2023-04-12,2023,Egreso,Insumos agrícolas,Cooperativa Citrícola,2735383.8,ARS,2023-04-20,Pagado,Caja Operativa,Operaciones
2023-04-12,2023,Egreso,Mano de obra cosecha,Agroinsumos SA,921280.33,ARS,2023-04-29,Pagado,Caja Operativa,Operaciones
2023-04-12,2023,Egreso,Mano de obra empaque,TecnoPacking SRL,1660515.99,ARS,2023-04-24,Pendiente,Caja Operativa,Operaciones
2023-04-12,2023,Egreso,Mantenimiento líneas,Envases del Tucumán,1578608.42,ARS,2023-04-20,Pagado,Banco Nación,Operaciones
2023-04-12,2023,Egreso,Maquinaria,Servicios Rurales del NOA,3439896.85,ARS,2023-04-20,Pendiente,Banco BBVA,Operaciones
2023-04-12,2023,Egreso,Promoción comercial,Certificaciones Global GAP,399466.87,ARS,2023-04-28,Pendiente,Caja Operativa,Operaciones
2023-04-12,2023,Egreso,Riego,Servicios Rurales del NOA,1704592.45,ARS,2023-04-23,Pagado,Caja Operativa,Operaciones
2023-04-12,2023,Egreso,Seguros,Contaduría Castillo,992343.2,ARS,2023-04-22,Pagado,Banco Nación,Impuestos
2023-04-12,2023,Egreso,Sueldos administración,Contaduría Castillo,571429.47,ARS,2023-04-22,Pagado,Banco BBVA,Operaciones
2023-04-12,2023,Egreso,Viajes comerciales,Broker Comercial Citrus,159590.74,ARS,2023-04-22,Pagado,Banco Nación,Operaciones
2023-04-12,2023,Ingreso,Venta Exportación,Al Salam Trading,1443495.23,ARS,2023-05-15,Cobrado,Banco BBVA,Operaciones
2023-04-12,2023,Ingreso,Venta Exportación,Al Salam Trading,799459.59,ARS,2023-05-05,Cobrado,Banco Nación,Operaciones
2023-04-12,2023,Ingreso,Venta Exportación,Al Salam Trading,567666.25,ARS,2023-05-08,Cobrado,Caja Operativa,Operaciones
2023-04-12,2023,Ingreso,Venta Exportación,Al Salam Trading,1814648.86,ARS,2023-05-22,Cobrado,Banco BBVA,Operaciones
2023-04-12,2023,Ingreso,Venta Exportación,Al Salam Trading,1552893.05,ARS,2023-05-20,Cobrado,Banco Galicia,Operaciones
2023-04-12,2023,Ingreso,Venta Exportación,Al Salam Trading,257133.8,ARS,2023-05-04,Cobrado,Banco Nación,Operaciones
2023-04-12,2023,Ingreso,Venta Exportación,Al Salam Trading,999346.87,ARS,2023-05-13,Vencido,Banco Nación,Operaciones
2023-04-12,2023,Ingreso,Venta Exportación,Citrus World Ltd,2111837.96,ARS,2023-05-08,Pendiente,Banco BBVA,Operaciones
2023-04-12,2023,Ingreso,Venta Exportación,Citrus World Ltd,1117135.88,ARS,2023-05-14,Cobrado,Caja Operativa,Operaciones
2023-04-12,2023,Ingreso,Venta Exportación,Citrus World Ltd,797789.19,ARS,2023-05-21,Vencido,Banco Galicia,Operaciones
2023-04-12,2023,Ingreso,Venta Exportación,Fischer Import GmbH,1203160.43,ARS,2023-05-18,Cobrado,Banco Galicia,Operaciones
2023-04-12,2023,Ingreso,Venta Exportación,Fischer Import GmbH,850755.89,ARS,2023-05-13,Cobrado,Banco Galicia,Operaciones
2023-04-12,2023,Ingreso,Venta Exportación,Fischer Import GmbH,522061.08,ARS,2023-05-05,Pendiente,Caja Operativa,Operaciones
2023-04-12,2023,Ingreso,Venta Exportación,Fischer Import GmbH,641206.46,ARS,2023-05-12,Vencido,Banco Galicia,Operaciones
2023-04-12,2023,Ingreso,Venta Exportación,Medifresh SA,1258237.1,ARS,2023-05-09,Pendiente,Banco BBVA,Operaciones
2023-04-12,2023,Ingreso,Venta Exportación,Medifresh SA,963447.96,ARS,2023-05-15,Pendiente,Banco Nación,Operaciones
2023-04-12,2023,Ingreso,Venta Exportación,Medifresh SA,2550792.47,ARS,2023-05-04,Cobrado,Banco BBVA,Operaciones
2023-04-12,2023,Ingreso,Venta Exportación,Medifresh SA,1648947.35,ARS,2023-05-16,Vencido,Banco Galicia,Operaciones
2023-04-12,2023,Ingreso,Venta Industria,Citromax SA,82624.38,ARS,2023-05-02,Cobrado,Banco Nación,Operaciones
2023-04-12,2023,Ingreso,Venta Industria,Citromax SA,60893.31,ARS,2023-05-10,Cobrado,Banco BBVA,Operaciones
2023-04-12,2023,Ingreso,Venta Industria,Citromax SA,109592.76,ARS,2023-05-13,Pendiente,Banco Nación,Operaciones
2023-04-12,2023,Ingreso,Venta Industria,Citromax SA,89053.3,ARS,2023-05-22,Pendiente,Banco BBVA,Operaciones
2023-04-12,2023,Ingreso,Venta Industria,Citromax SA,77740.58,ARS,2023-05-12,Cobrado,Banco Nación,Operaciones
2023-04-12,2023,Ingreso,Venta Industria,Citromax SA,92279.65,ARS,2023-05-02,Cobrado,Banco Galicia,Operaciones
2023-04-12,2023,Ingreso,Venta Industria,Citromax SA,42435.65,ARS,2023-05-13,Cobrado,Banco Galicia,Operaciones
2023-04-12,2023,Ingreso,Venta Industria,Citromax SA,69853.04,ARS,2023-05-25,Cobrado,Banco BBVA,Operaciones
2023-04-12,2023,Ingreso,Venta Industria,Citromax SA,106667.16,ARS,2023-05-26,Cobrado,Banco BBVA,Operaciones
2023-04-12,2023,Ingreso,Venta Industria,Frutales Tucumán SRL,85587.67,ARS,2023-05-02,Cobrado,Banco BBVA,Operaciones
2023-04-12,2023,Ingreso,Venta Industria,Frutales Tucumán SRL,37481.59,ARS,2023-05-06,Pendiente,Banco Nación,Operaciones
2023-04-12,2023,Ingreso,Venta Industria,Frutales Tucumán SRL,51049.21,ARS,2023-05-23,Cobrado,Banco BBVA,Operaciones
2023-04-12,2023,Ingreso,Venta Industria,Frutales Tucumán SRL,53906.39,ARS,2023-05-06,Cobrado,Banco Galicia,Operaciones
2023-04-12,2023,Ingreso,Venta Industria,Frutales Tucumán SRL,169443.35,ARS,2023-05-14,Cobrado,Banco Nación,Operaciones
2023-04-12,2023,Ingreso,Venta Industria,Frutales Tucumán SRL,78283.15,ARS,2023-05-23,Cobrado,Banco Nación,Operaciones
2023-04-12,2023,Ingreso,Venta Industria,Frutales Tucumán SRL,75892.34,ARS,2023-05-27,Cobrado,Caja Operativa,Operaciones
2023-04-12,2023,Ingreso,Venta Industria,Frutales Tucumán SRL,67804.92,ARS,2023-05-14,Cobrado,Banco Nación,Operaciones
2023-04-12,2023,Ingreso,Venta Mercado Interno,Central de Frutas SA,435963.53,ARS,2023-04-27,Cobrado,Banco Nación,Operaciones
2023-04-12,2023,Ingreso,Venta Mercado Interno,Central de Frutas SA,122211.81,ARS,2023-04-27,Cobrado,Banco Galicia,Operaciones
2023-04-12,2023,Ingreso,Venta Mercado Interno,Central de Frutas SA,306410.06,ARS,2023-04-24,Cobrado,Banco Galicia,Operaciones
2023-04-12,2023,Ingreso,Venta Mercado Interno,Central de Frutas SA,270793.44,ARS,2023-04-26,Cobrado,Banco BBVA,Operaciones
2023-04-12,2023,Ingreso,Venta Mercado Interno,Central de Frutas SA,184243.73,ARS,2023-04-25,Cobrado,Caja Operativa,Operaciones
2023-04-12,2023,Ingreso,Venta Mercado Interno,Central de Frutas SA,428132.77,ARS,2023-05-05,Cobrado,Caja Operativa,Operaciones
2023-04-12,2023,Ingreso,Venta Mercado Interno,Central de Frutas SA,252800.6,ARS,2023-04-24,Cobrado,Banco Galicia,Operaciones
2023-04-12,2023,Ingreso,Venta Mercado Interno,Central de Frutas SA,154551.5,ARS,2023-04-27,Pendiente,Banco Galicia,Operaciones
2023-04-12,2023,Ingreso,Venta Mercado Interno,Central de Frutas SA,439207.74,ARS,2023-04-26,Pendiente,Banco Galicia,Operaciones
2023-04-12,2023,Ingreso,Venta Mercado Interno,Central de Frutas SA,125725.18,ARS,2023-05-03,Cobrado,Banco Galicia,Operaciones
2023-04-12,2023,Ingreso,Venta Mercado Interno,Frutales del Norte SRL,338094.14,ARS,2023-05-03,Cobrado,Banco BBVA,Operaciones
2023-04-12,2023,Ingreso,Venta Mercado Interno,Frutales del Norte SRL,428104.65,ARS,2023-05-04,Cobrado,Caja Operativa,Operaciones
2023-04-12,2023,Ingreso,Venta Mercado Interno,La Morenita SA,184027.27,ARS,2023-04-30,Cobrado,Caja Operativa,Operaciones
2023-04-12,2023,Ingreso,Venta Mercado Interno,La Morenita SA,161612.5,ARS,2023-05-01,Cobrado,Caja Operativa,Operaciones
2023-04-12,2023,Ingreso,Venta Mercado Interno,La Morenita SA,195610.21,ARS,2023-04-25,Cobrado,Banco Galicia,Operaciones
2023-04-12,2023,Ingreso,Venta Mercado Interno,Supermercados Norte SA,516900.07,ARS,2023-04-27,Vencido,Banco Nación,Operaciones
2023-04-12,2023,Ingreso,Venta Mercado Interno,Supermercados Norte SA,268708.73,ARS,2023-04-24,Cobrado,Caja Operativa,Operaciones
2023-04-19,2023,Egreso,Certificaciones,Promoción de Mercados SA,239737.2,ARS,2023-05-07,Pagado,Banco Nación,Operaciones
2023-04-19,2023,Egreso,Comisiones,Promoción de Mercados SA,128969.39,ARS,2023-04-30,Pagado,Caja Operativa,Operaciones
2023-04-19,2023,Egreso,Control de calidad,Envases del Tucumán,1471214.13,ARS,2023-05-03,Pagado,Banco Galicia,Operaciones
2023-04-19,2023,Egreso,Despacho aduana,FríoAndes Logística,2030900.73,ARS,2023-04-27,Pagado,Banco BBVA,Operaciones
2023-04-19,2023,Egreso,Energía,Energía Tucumán SA,1302131.67,ARS,2023-05-01,Pagado,Banco Nación,Operaciones
2023-04-19,2023,Egreso,Envases y embalajes,Energía Tucumán SA,2090328.81,ARS,2023-05-05,Pagado,Banco Nación,Operaciones
2023-04-19,2023,Egreso,Fitosanitarios,Agroinsumos SA,1467946.35,ARS,2023-05-02,Pagado,Banco BBVA,Operaciones
2023-04-19,2023,Egreso,Flete exportación,Transportes del Norte SA,1660788.35,ARS,2023-04-28,Pagado,Banco Nación,Operaciones
2023-04-19,2023,Egreso,Flete interno,FríoAndes Logística,4138456.22,ARS,2023-05-01,Pagado,Banco Nación,Operaciones
2023-04-19,2023,Egreso,Frigorífico,Despachos del NOA,2620404.03,ARS,2023-05-02,Pagado,Banco Galicia,Operaciones
2023-04-19,2023,Egreso,Gastos generales,AFIP,667763.58,ARS,2023-05-14,Pagado,Banco BBVA,Operaciones
2023-04-19,2023,Egreso,Honorarios,Contaduría Castillo,540565.09,ARS,2023-04-30,Pagado,Banco Galicia,Impuestos
2023-04-19,2023,Egreso,Impuestos,AFIP,438180.54,ARS,2023-05-02,Pagado,Caja Operativa,Operaciones
2023-04-19,2023,Egreso,Insumos agrícolas,Cooperativa Citrícola,2792646.72,ARS,2023-05-01,Pendiente,Caja Operativa,Operaciones
2023-04-19,2023,Egreso,Mano de obra cosecha,Cooperativa Citrícola,1766326.21,ARS,2023-04-26,Pagado,Caja Operativa,Operaciones
2023-04-19,2023,Egreso,Mano de obra empaque,Envases del Tucumán,904650.78,ARS,2023-05-01,Pendiente,Caja Operativa,Operaciones
2023-04-19,2023,Egreso,Mantenimiento líneas,Envases del Tucumán,1999483.7,ARS,2023-04-25,Pagado,Banco Nación,Operaciones
2023-04-19,2023,Egreso,Maquinaria,Servicios Rurales del NOA,2861530.69,ARS,2023-05-05,Pagado,Banco Nación,Operaciones
2023-04-19,2023,Egreso,Promoción comercial,Certificaciones Global GAP,304377.02,ARS,2023-05-07,Pagado,Banco Galicia,Operaciones
2023-04-19,2023,Egreso,Riego,Servicios Rurales del NOA,1778851.38,ARS,2023-05-02,Pagado,Banco Galicia,Operaciones
2023-04-19,2023,Egreso,Seguros,DGR Tucumán,1340969.51,ARS,2023-04-29,Pagado,Banco BBVA,Impuestos
2023-04-19,2023,Egreso,Sueldos administración,DGR Tucumán,676837.52,ARS,2023-05-13,Pagado,Banco Nación,Operaciones
2023-04-19,2023,Egreso,Viajes comerciales,Promoción de Mercados SA,317497.61,ARS,2023-05-06,Pagado,Banco Galicia,Operaciones
2023-04-19,2023,Ingreso,Venta Exportación,Al Salam Trading,1495537.61,ARS,2023-05-22,Cobrado,Banco Galicia,Operaciones
2023-04-19,2023,Ingreso,Venta Exportación,Al Salam Trading,800715.98,ARS,2023-05-10,Cobrado,Banco BBVA,Operaciones
2023-04-19,2023,Ingreso,Venta Exportación,Al Salam Trading,840968.05,ARS,2023-05-19,Vencido,Banco Galicia,Operaciones
2023-04-19,2023,Ingreso,Venta Exportación,Al Salam Trading,496980.76,ARS,2023-05-12,Pendiente,Banco Nación,Operaciones
2023-04-19,2023,Ingreso,Venta Exportación,Citrus World Ltd,519299.03,ARS,2023-05-23,Pendiente,Banco Galicia,Operaciones
2023-04-19,2023,Ingreso,Venta Exportación,Citrus World Ltd,1133079.1,ARS,2023-05-15,Cobrado,Banco BBVA,Operaciones
2023-04-19,2023,Ingreso,Venta Exportación,Citrus World Ltd,2032429.32,ARS,2023-05-18,Pendiente,Banco Galicia,Operaciones
2023-04-19,2023,Ingreso,Venta Exportación,Citrus World Ltd,657448.44,ARS,2023-05-29,Cobrado,Banco Galicia,Operaciones
2023-04-19,2023,Ingreso,Venta Exportación,Citrus World Ltd,1685209.03,ARS,2023-05-18,Vencido,Banco Nación,Operaciones
2023-04-19,2023,Ingreso,Venta Exportación,Citrus World Ltd,913909.76,ARS,2023-05-19,Pendiente,Banco Galicia,Operaciones
2023-04-19,2023,Ingreso,Venta Exportación,Fischer Import GmbH,1373830.5,ARS,2023-05-17,Cobrado,Banco Nación,Operaciones
2023-04-19,2023,Ingreso,Venta Exportación,Fischer Import GmbH,2111233.07,ARS,2023-05-14,Pendiente,Banco BBVA,Operaciones
2023-04-19,2023,Ingreso,Venta Exportación,Medifresh SA,1127710.63,ARS,2023-05-27,Pendiente,Caja Operativa,Operaciones
2023-04-19,2023,Ingreso,Venta Exportación,Medifresh SA,1766689.66,ARS,2023-05-16,Cobrado,Caja Operativa,Operaciones
2023-04-19,2023,Ingreso,Venta Exportación,Medifresh SA,1648699.7,ARS,2023-05-21,Cobrado,Banco Nación,Operaciones
2023-04-19,2023,Ingreso,Venta Exportación,Medifresh SA,1259612.37,ARS,2023-05-08,Cobrado,Banco Nación,Operaciones
2023-04-19,2023,Ingreso,Venta Exportación,Medifresh SA,1240187.94,ARS,2023-05-20,Pendiente,Banco BBVA,Operaciones
2023-04-19,2023,Ingreso,Venta Industria,Citromax SA,71801.62,ARS,2023-05-26,Cobrado,Caja Operativa,Operaciones
2023-04-19,2023,Ingreso,Venta Industria,Citromax SA,59323.7,ARS,2023-06-03,Cobrado,Banco BBVA,Operaciones
2023-04-19,2023,Ingreso,Venta Industria,Citromax SA,57348.16,ARS,2023-05-22,Cobrado,Banco Galicia,Operaciones
2023-04-19,2023,Ingreso,Venta Industria,Citromax SA,103227.71,ARS,2023-05-12,Cobrado,Caja Operativa,Operaciones
2023-04-19,2023,Ingreso,Venta Industria,Citromax SA,69313.72,ARS,2023-05-21,Cobrado,Banco Galicia,Operaciones
2023-04-19,2023,Ingreso,Venta Industria,Citromax SA,46296.04,ARS,2023-05-22,Pendiente,Banco BBVA,Operaciones
2023-04-19,2023,Ingreso,Venta Industria,Citromax SA,123399.89,ARS,2023-05-18,Cobrado,Caja Operativa,Operaciones
2023-04-19,2023,Ingreso,Venta Industria,Citromax SA,92508.7,ARS,2023-05-23,Cobrado,Banco BBVA,Operaciones
2023-04-19,2023,Ingreso,Venta Industria,Frutales Tucumán SRL,58598.3,ARS,2023-05-22,Cobrado,Banco Galicia,Operaciones
2023-04-19,2023,Ingreso,Venta Industria,Frutales Tucumán SRL,42050.55,ARS,2023-05-24,Pendiente,Banco Nación,Operaciones
2023-04-19,2023,Ingreso,Venta Industria,Frutales Tucumán SRL,77824.22,ARS,2023-05-30,Vencido,Banco BBVA,Operaciones
2023-04-19,2023,Ingreso,Venta Industria,Frutales Tucumán SRL,83500.4,ARS,2023-05-12,Pendiente,Caja Operativa,Operaciones
2023-04-19,2023,Ingreso,Venta Industria,Frutales Tucumán SRL,70011.32,ARS,2023-06-01,Cobrado,Banco Nación,Operaciones
2023-04-19,2023,Ingreso,Venta Industria,Frutales Tucumán SRL,85428.11,ARS,2023-05-09,Cobrado,Banco Galicia,Operaciones
2023-04-19,2023,Ingreso,Venta Industria,Frutales Tucumán SRL,69805.45,ARS,2023-05-13,Cobrado,Banco BBVA,Operaciones
2023-04-19,2023,Ingreso,Venta Industria,Frutales Tucumán SRL,89636.86,ARS,2023-06-01,Cobrado,Banco Nación,Operaciones
2023-04-19,2023,Ingreso,Venta Industria,Frutales Tucumán SRL,57324.79,ARS,2023-05-24,Cobrado,Banco Galicia,Operaciones
2023-04-19,2023,Ingreso,Venta Mercado Interno,Central de Frutas SA,135738.33,ARS,2023-05-12,Cobrado,Banco BBVA,Operaciones
2023-04-19,2023,Ingreso,Venta Mercado Interno,Central de Frutas SA,439120.47,ARS,2023-05-08,Cobrado,Caja Operativa,Operaciones
2023-04-19,2023,Ingreso,Venta Mercado Interno,Central de Frutas SA,123228.44,ARS,2023-05-05,Pendiente,Banco Nación,Operaciones
2023-04-19,2023,Ingreso,Venta Mercado Interno,Frutales del Norte SRL,472518.31,ARS,2023-04-30,Cobrado,Caja Operativa,Operaciones
2023-04-19,2023,Ingreso,Venta Mercado Interno,Frutales del Norte SRL,114838.1,ARS,2023-05-09,Cobrado,Caja Operativa,Operaciones
2023-04-19,2023,Ingreso,Venta Mercado Interno,La Morenita SA,299241.78,ARS,2023-05-02,Pendiente,Banco BBVA,Operaciones
2023-04-19,2023,Ingreso,Venta Mercado Interno,La Morenita SA,189935.11,ARS,2023-05-07,Cobrado,Caja Operativa,Operaciones
2023-04-19,2023,Ingreso,Venta Mercado Interno,La Morenita SA,269233.3,ARS,2023-05-12,Cobrado,Banco Galicia,Operaciones
2023-04-19,2023,Ingreso,Venta Mercado Interno,La Morenita SA,159214.58,ARS,2023-05-09,Cobrado,Caja Operativa,Operaciones
2023-04-19,2023,Ingreso,Venta Mercado Interno,La Morenita SA,239769.63,ARS,2023-04-30,Pendiente,Caja Operativa,Operaciones
2023-04-19,2023,Ingreso,Venta Mercado Interno,La Morenita SA,135155.13,ARS,2023-05-06,Pendiente,Caja Operativa,Operaciones
2023-04-19,2023,Ingreso,Venta Mercado Interno,Supermercados Norte SA,331254.0,ARS,2023-05-04,Pendiente,Banco BBVA,Operaciones
2023-04-19,2023,Ingreso,Venta Mercado Interno,Supermercados Norte SA,331672.07,ARS,2023-05-02,Cobrado,Banco Galicia,Operaciones
2023-04-19,2023,Ingreso,Venta Mercado Interno,Supermercados Norte SA,243685.4,ARS,2023-05-04,Cobrado,Banco BBVA,Operaciones
2023-04-19,2023,Ingreso,Venta Mercado Interno,Supermercados Norte SA,429842.63,ARS,2023-05-08,Pendiente,Banco BBVA,Operaciones
2023-04-19,2023,Ingreso,Venta Mercado Interno,Supermercados Norte SA,283814.3,ARS,2023-05-09,Cobrado,Banco Galicia,Operaciones
2023-04-26,2023,Egreso,Certificaciones,Broker Comercial Citrus,262580.98,ARS,2023-05-13,Pagado,Banco Nación,Operaciones
2023-04-26,2023,Egreso,Comisiones,Promoción de Mercados SA,214535.53,ARS,2023-05-03,Pagado,Banco Nación,Operaciones
2023-04-26,2023,Egreso,Control de calidad,Envases del Tucumán,1372824.24,ARS,2023-05-07,Pendiente,Banco Galicia,Operaciones
2023-04-26,2023,Egreso,Despacho aduana,FríoAndes Logística,1589891.56,ARS,2023-05-03,Pagado,Caja Operativa,Operaciones
2023-04-26,2023,Egreso,Energía,Energía Tucumán SA,1663942.5,ARS,2023-05-12,Pagado,Banco BBVA,Operaciones
2023-04-26,2023,Egreso,Envases y embalajes,TecnoPacking SRL,1522346.27,ARS,2023-05-14,Pagado,Caja Operativa,Operaciones
2023-04-26,2023,Egreso,Fitosanitarios,Agroinsumos SA,1938055.79,ARS,2023-05-01,Pagado,Caja Operativa,Operaciones
2023-04-26,2023,Egreso,Flete exportación,Transportes del Norte SA,2846383.95,ARS,2023-05-07,Pagado,Banco BBVA,Operaciones
2023-04-26,2023,Egreso,Flete interno,Transportes del Norte SA,2924338.37,ARS,2023-05-05,Pagado,Banco Nación,Operaciones
2023-04-26,2023,Egreso,Frigorífico,FríoAndes Logística,3104328.92,ARS,2023-05-12,Pagado,Banco Nación,Operaciones
2023-04-26,2023,Egreso,Gastos generales,Contaduría Castillo,972157.98,ARS,2023-05-13,Pagado,Banco BBVA,Impuestos
2023-04-26,2023,Egreso,Honorarios,AFIP,890596.23,ARS,2023-05-06,Pagado,Caja Operativa,Impuestos
2023-04-26,2023,Egreso,Impuestos,DGR Tucumán,800256.66,ARS,2023-05-08,Pagado,Banco BBVA,Operaciones
2023-04-26,2023,Egreso,Insumos agrícolas,Servicios Rurales del NOA,1917893.25,ARS,2023-05-05,Pagado,Banco Galicia,Operaciones
2023-04-26,2023,Egreso,Mano de obra cosecha,Servicios Rurales del NOA,2084659.65,ARS,2023-05-04,Pagado,Banco BBVA,Operaciones
2023-04-26,2023,Egreso,Mano de obra empaque,TecnoPacking SRL,1323702.82,ARS,2023-05-13,Pagado,Banco Nación,Operaciones
2023-04-26,2023,Egreso,Mantenimiento líneas,TecnoPacking SRL,2058643.54,ARS,2023-05-12,Pagado,Banco BBVA,Operaciones
2023-04-26,2023,Egreso,Maquinaria,Agroinsumos SA,2048747.71,ARS,2023-05-02,Pendiente,Banco BBVA,Operaciones
2023-04-26,2023,Egreso,Promoción comercial,Certificaciones Global GAP,253199.22,ARS,2023-05-08,Pagado,Banco Nación,Operaciones
2023-04-26,2023,Egreso,Riego,Servicios Rurales del NOA,2829466.62,ARS,2023-05-05,Pendiente,Banco Galicia,Operaciones
2023-04-26,2023,Egreso,Seguros,AFIP,632938.64,ARS,2023-05-13,Pagado,Banco Galicia,Operaciones
2023-04-26,2023,Egreso,Sueldos administración,Contaduría Castillo,240901.37,ARS,2023-05-08,Pagado,Caja Operativa,Impuestos
2023-04-26,2023,Egreso,Viajes comerciales,Promoción de Mercados SA,183197.04,ARS,2023-05-01,Pagado,Banco BBVA,Operaciones
2023-04-26,2023,Ingreso,Venta Exportación,Al Salam Trading,1731343.04,ARS,2023-05-25,Pendiente,Banco Galicia,Operaciones
2023-04-26,2023,Ingreso,Venta Exportación,Al Salam Trading,761989.38,ARS,2023-05-20,Cobrado,Banco Nación,Operaciones
2023-04-26,2023,Ingreso,Venta Exportación,Al Salam Trading,806173.69,ARS,2023-06-03,Cobrado,Banco Nación,Operaciones
2023-04-26,2023,Ingreso,Venta Exportación,Al Salam Trading,789419.79,ARS,2023-05-29,Pendiente,Banco BBVA,Operaciones
2023-04-26,2023,Ingreso,Venta Exportación,Al Salam Trading,1032144.15,ARS,2023-05-20,Cobrado,Banco Galicia,Operaciones
2023-04-26,2023,Ingreso,Venta Exportación,Al Salam Trading,464944.3,ARS,2023-05-26,Cobrado,Caja Operativa,Operaciones
2023-04-26,2023,Ingreso,Venta Exportación,Citrus World Ltd,822737.31,ARS,2023-06-02,Cobrado,Banco BBVA,Operaciones
2023-04-26,2023,Ingreso,Venta Exportación,Citrus World Ltd,412291.88,ARS,2023-05-26,Cobrado,Banco BBVA,Operaciones
2023-04-26,2023,Ingreso,Venta Exportación,Citrus World Ltd,1623704.9,ARS,2023-05-25,Cobrado,Banco BBVA,Operaciones
2023-04-26,2023,Ingreso,Venta Exportación,Fischer Import GmbH,1269015.34,ARS,2023-05-23,Vencido,Banco BBVA,Operaciones
2023-04-26,2023,Ingreso,Venta Exportación,Fischer Import GmbH,1848695.92,ARS,2023-05-17,Cobrado,Banco Galicia,Operaciones
2023-04-26,2023,Ingreso,Venta Exportación,Fischer Import GmbH,2172331.54,ARS,2023-06-04,Pendiente,Caja Operativa,Operaciones
2023-04-26,2023,Ingreso,Venta Exportación,Fischer Import GmbH,1357855.84,ARS,2023-05-21,Cobrado,Banco BBVA,Operaciones
2023-04-26,2023,Ingreso,Venta Exportación,Fischer Import GmbH,654462.62,ARS,2023-05-17,Vencido,Banco BBVA,Operaciones
2023-04-26,2023,Ingreso,Venta Exportación,Fischer Import GmbH,2011605.88,ARS,2023-06-03,Pendiente,Banco Galicia,Operaciones
2023-04-26,2023,Ingreso,Venta Exportación,Medifresh SA,1801031.11,ARS,2023-05-16,Pendiente,Caja Operativa,Operaciones
2023-04-26,2023,Ingreso,Venta Exportación,Medifresh SA,1405490.3,ARS,2023-05-27,Vencido,Caja Operativa,Operaciones
2023-04-26,2023,Ingreso,Venta Exportación,Medifresh SA,551392.41,ARS,2023-05-22,Cobrado,Banco Galicia,Operaciones
2023-04-26,2023,Ingreso,Venta Industria,Citromax SA,89829.62,ARS,2023-05-20,Cobrado,Banco Galicia,Operaciones
2023-04-26,2023,Ingreso,Venta Industria,Citromax SA,94773.37,ARS,2023-05-28,Pendiente,Banco Nación,Operaciones
2023-04-26,2023,Ingreso,Venta Industria,Citromax SA,49149.67,ARS,2023-05-29,Cobrado,Banco BBVA,Operaciones
2023-04-26,2023,Ingreso,Venta Industria,Citromax SA,189735.47,ARS,2023-05-31,Cobrado,Banco BBVA,Operaciones
2023-04-26,2023,Ingreso,Venta Industria,Frutales Tucumán SRL,56514.68,ARS,2023-06-10,Vencido,Banco Nación,Operaciones
2023-04-26,2023,Ingreso,Venta Industria,Frutales Tucumán SRL,77706.89,ARS,2023-05-22,Cobrado,Banco Nación,Operaciones
2023-04-26,2023,Ingreso,Venta Industria,Frutales Tucumán SRL,61919.35,ARS,2023-05-28,Pendiente,Banco BBVA,Operaciones
2023-04-26,2023,Ingreso,Venta Industria,Frutales Tucumán SRL,36080.94,ARS,2023-05-22,Cobrado,Banco BBVA,Operaciones
2023-04-26,2023,Ingreso,Venta Industria,Frutales Tucumán SRL,82848.42,ARS,2023-06-10,Cobrado,Caja Operativa,Operaciones
2023-04-26,2023,Ingreso,Venta Industria,Frutales Tucumán SRL,59701.57,ARS,2023-05-22,Cobrado,Banco Galicia,Operaciones
2023-04-26,2023,Ingreso,Venta Industria,Frutales Tucumán SRL,78982.48,ARS,2023-06-09,Cobrado,Banco Galicia,Operaciones
2023-04-26,2023,Ingreso,Venta Industria,Frutales Tucumán SRL,48687.69,ARS,2023-05-17,Cobrado,Banco BBVA,Operaciones
2023-04-26,2023,Ingreso,Venta Industria,Frutales Tucumán SRL,87273.36,ARS,2023-05-21,Cobrado,Banco Galicia,Operaciones
2023-04-26,2023,Ingreso,Venta Industria,Frutales Tucumán SRL,59677.43,ARS,2023-05-27,Vencido,Banco Galicia,Operaciones
2023-04-26,2023,Ingreso,Venta Industria,Frutales Tucumán SRL,88773.54,ARS,2023-06-05,Cobrado,Banco BBVA,Operaciones
2023-04-26,2023,Ingreso,Venta Industria,Frutales Tucumán SRL,68547.77,ARS,2023-06-10,Vencido,Banco Galicia,Operaciones
2023-04-26,2023,Ingreso,Venta Industria,Frutales Tucumán SRL,64264.66,ARS,2023-05-21,Cobrado,Banco Nación,Operaciones
2023-04-26,2023,Ingreso,Venta Mercado Interno,Central de Frutas SA,374861.01,ARS,2023-05-16,Cobrado,Caja Operativa,Operaciones
2023-04-26,2023,Ingreso,Venta Mercado Interno,Central de Frutas SA,388289.16,ARS,2023-05-16,Cobrado,Banco Galicia,Operaciones
2023-04-26,2023,Ingreso,Venta Mercado Interno,Central de Frutas SA,595327.24,ARS,2023-05-20,Cobrado,Caja Operativa,Operaciones
2023-04-26,2023,Ingreso,Venta Mercado Interno,Frutales del Norte SRL,210486.64,ARS,2023-05-12,Cobrado,Banco Galicia,Operaciones
2023-04-26,2023,Ingreso,Venta Mercado Interno,Frutales del Norte SRL,380798.42,ARS,2023-05-11,Cobrado,Banco BBVA,Operaciones
2023-04-26,2023,Ingreso,Venta Mercado Interno,Frutales del Norte SRL,244906.75,ARS,2023-05-16,Cobrado,Banco BBVA,Operaciones
2023-04-26,2023,Ingreso,Venta Mercado Interno,Frutales del Norte SRL,205640.61,ARS,2023-05-11,Pendiente,Caja Operativa,Operaciones
2023-04-26,2023,Ingreso,Venta Mercado Interno,La Morenita SA,391412.95,ARS,2023-05-20,Cobrado,Banco Galicia,Operaciones
2023-04-26,2023,Ingreso,Venta Mercado Interno,La Morenita SA,285850.03,ARS,2023-05-10,Cobrado,Banco BBVA,Operaciones
2023-04-26,2023,Ingreso,Venta Mercado Interno,La Morenita SA,154384.58,ARS,2023-05-17,Cobrado,Banco BBVA,Operaciones
2023-04-26,2023,Ingreso,Venta Mercado Interno,La Morenita SA,157485.78,ARS,2023-05-14,Pendiente,Caja Operativa,Operaciones
2023-04-26,2023,Ingreso,Venta Mercado Interno,La Morenita SA,139633.52,ARS,2023-05-15,Cobrado,Banco Nación,Operaciones
2023-04-26,2023,Ingreso,Venta Mercado Interno,Supermercados Norte SA,310651.31,ARS,2023-05-19,Cobrado,Banco Galicia,Operaciones
2023-04-26,2023,Ingreso,Venta Mercado Interno,Supermercados Norte SA,98216.38,ARS,2023-05-06,Cobrado,Caja Operativa,Operaciones
2023-04-26,2023,Ingreso,Venta Mercado Interno,Supermercados Norte SA,200381.47,ARS,2023-05-17,Cobrado,Banco BBVA,Operaciones
2023-04-26,2023,Ingreso,Venta Mercado Interno,Supermercados Norte SA,310729.49,ARS,2023-05-16,Cobrado,Banco Galicia,Operaciones
2023-04-26,2023,Ingreso,Venta Mercado Interno,Supermercados Norte SA,206059.7,ARS,2023-05-10,Cobrado,Banco Galicia,Operaciones
2023-05-03,2023,Egreso,Certificaciones,Promoción de Mercados SA,302263.18,ARS,2023-05-15,Pagado,Caja Operativa,Operaciones
2023-05-03,2023,Egreso,Comisiones,Certificaciones Global GAP,487568.8,ARS,2023-05-13,Pagado,Caja Operativa,Operaciones
2023-05-03,2023,Egreso,Control de calidad,Envases del Tucumán,2716423.46,ARS,2023-05-08,Pagado,Banco BBVA,Operaciones
2023-05-03,2023,Egreso,Despacho aduana,Despachos del NOA,3882857.6,ARS,2023-05-21,Pagado,Banco Nación,Operaciones
2023-05-03,2023,Egreso,Energía,Energía Tucumán SA,3106433.82,ARS,2023-05-14,Vencido,Banco BBVA,Operaciones
2023-05-03,2023,Egreso,Envases y embalajes,Energía Tucumán SA,1730373.17,ARS,2023-05-14,Pagado,Banco Galicia,Operaciones
2023-05-03,2023,Egreso,Fitosanitarios,Cooperativa Citrícola,3421170.5,ARS,2023-05-20,Pagado,Banco BBVA,Operaciones
2023-05-03,2023,Egreso,Flete exportación,FríoAndes Logística,3102499.45,ARS,2023-05-11,Pagado,Banco BBVA,Operaciones
2023-05-03,2023,Egreso,Flete interno,Despachos del NOA,5710717.52,ARS,2023-05-14,Pagado,Banco BBVA,Operaciones
2023-05-03,2023,Egreso,Frigorífico,Transportes del Norte SA,2991571.89,ARS,2023-05-09,Vencido,Banco Galicia,Operaciones
2023-05-03,2023,Egreso,Gastos generales,AFIP,923887.57,ARS,2023-05-21,Pagado,Banco Nación,Impuestos
2023-05-03,2023,Egreso,Honorarios,DGR Tucumán,803731.78,ARS,2023-05-20,Pagado,Banco Nación,Operaciones
2023-05-03,2023,Egreso,Impuestos,AFIP,416816.6,ARS,2023-05-21,Pendiente,Caja Operativa,Impuestos
2023-05-03,2023,Egreso,Insumos agrícolas,Servicios Rurales del NOA,2804168.81,ARS,2023-05-13,Pagado,Banco BBVA,Operaciones
2023-05-03,2023,Egreso,Mano de obra cosecha,Servicios Rurales del NOA,4109933.9,ARS,2023-05-19,Vencido,Banco BBVA,Operaciones
2023-05-03,2023,Egreso,Mano de obra empaque,Envases del Tucumán,1818394.65,ARS,2023-05-19,Pagado,Caja Operativa,Operaciones
2023-05-03,2023,Egreso,Mantenimiento líneas,Energía Tucumán SA,2656903.07,ARS,2023-05-19,Pagado,Banco BBVA,Operaciones
2023-05-03,2023,Egreso,Maquinaria,Agroinsumos SA,2519000.14,ARS,2023-05-11,Pagado,Banco BBVA,Operaciones
2023-05-03,2023,Egreso,Promoción comercial,Certificaciones Global GAP,355441.6,ARS,2023-05-15,Pagado,Banco Galicia,Operaciones
2023-05-03,2023,Egreso,Riego,Cooperativa Citrícola,2765680.43,ARS,2023-05-21,Pagado,Banco Galicia,Operaciones
2023-05-03,2023,Egreso,Seguros,Contaduría Castillo,1130268.07,ARS,2023-05-23,Pendiente,Banco BBVA,Operaciones
2023-05-03,2023,Egreso,Sueldos administración,Contaduría Castillo,358332.75,ARS,2023-05-15,Pagado,Banco BBVA,Impuestos
2023-05-03,2023,Egreso,Viajes comerciales,Broker Comercial Citrus,181552.43,ARS,2023-05-12,Pagado,Banco Nación,Operaciones
2023-05-03,2023,Ingreso,Venta Exportación,Al Salam Trading,544963.87,ARS,2023-05-23,Cobrado,Banco Galicia,Operaciones
2023-05-03,2023,Ingreso,Venta Exportación,Al Salam Trading,2085013.22,ARS,2023-05-27,Pendiente,Banco Nación,Operaciones
2023-05-03,2023,Ingreso,Venta Exportación,Al Salam Trading,1641823.69,ARS,2023-05-21,Cobrado,Banco BBVA,Operaciones
2023-05-03,2023,Ingreso,Venta Exportación,Al Salam Trading,1041055.77,ARS,2023-05-26,Cobrado,Banco BBVA,Operaciones
2023-05-03,2023,Ingreso,Venta Exportación,Al Salam Trading,2036160.62,ARS,2023-05-21,Cobrado,Banco BBVA,Operaciones
2023-05-03,2023,Ingreso,Venta Exportación,Citrus World Ltd,468440.35,ARS,2023-06-03,Cobrado,Banco BBVA,Operaciones
2023-05-03,2023,Ingreso,Venta Exportación,Citrus World Ltd,2351357.05,ARS,2023-06-10,Cobrado,Banco Galicia,Operaciones
2023-05-03,2023,Ingreso,Venta Exportación,Citrus World Ltd,1216384.54,ARS,2023-06-05,Cobrado,Banco Nación,Operaciones
2023-05-03,2023,Ingreso,Venta Exportación,Citrus World Ltd,2036987.64,ARS,2023-05-24,Cobrado,Banco BBVA,Operaciones
2023-05-03,2023,Ingreso,Venta Exportación,Citrus World Ltd,1745644.08,ARS,2023-06-05,Cobrado,Banco Nación,Operaciones
2023-05-03,2023,Ingreso,Venta Exportación,Citrus World Ltd,860782.56,ARS,2023-05-22,Cobrado,Caja Operativa,Operaciones
2023-05-03,2023,Ingreso,Venta Exportación,Citrus World Ltd,1020894.46,ARS,2023-06-06,Cobrado,Banco BBVA,Operaciones
2023-05-03,2023,Ingreso,Venta Exportación,Fischer Import GmbH,796942.55,ARS,2023-06-01,Cobrado,Banco Galicia,Operaciones
2023-05-03,2023,Ingreso,Venta Exportación,Fischer Import GmbH,2457357.36,ARS,2023-06-11,Cobrado,Banco Galicia,Operaciones
2023-05-03,2023,Ingreso,Venta Exportación,Fischer Import GmbH,774628.67,ARS,2023-06-03,Cobrado,Caja Operativa,Operaciones
2023-05-03,2023,Ingreso,Venta Exportación,Fischer Import GmbH,466650.07,ARS,2023-06-07,Pendiente,Banco Galicia,Operaciones
2023-05-03,2023,Ingreso,Venta Exportación,Fischer Import GmbH,2751005.25,ARS,2023-05-28,Cobrado,Banco BBVA,Operaciones
2023-05-03,2023,Ingreso,Venta Exportación,Medifresh SA,1719032.9,ARS,2023-06-12,Cobrado,Banco Nación,Operaciones
2023-05-03,2023,Ingreso,Venta Exportación,Medifresh SA,666546.63,ARS,2023-05-22,Cobrado,Banco Galicia,Operaciones
2023-05-03,2023,Ingreso,Venta Exportación,Medifresh SA,3708984.42,ARS,2023-06-11,Cobrado,Banco Galicia,Operaciones
2023-05-03,2023,Ingreso,Venta Exportación,Medifresh SA,1738119.89,ARS,2023-05-28,Pendiente,Caja Operativa,Operaciones
2023-05-03,2023,Ingreso,Venta Industria,Citromax SA,88533.56,ARS,2023-05-23,Pendiente,Banco BBVA,Operaciones
2023-05-03,2023,Ingreso,Venta Industria,Citromax SA,80191.19,ARS,2023-05-30,Cobrado,Caja Operativa,Operaciones
2023-05-03,2023,Ingreso,Venta Industria,Citromax SA,97045.1,ARS,2023-06-07,Cobrado,Caja Operativa,Operaciones
2023-05-03,2023,Ingreso,Venta Industria,Citromax SA,103776.05,ARS,2023-06-08,Cobrado,Caja Operativa,Operaciones
2023-05-03,2023,Ingreso,Venta Industria,Citromax SA,61191.7,ARS,2023-06-04,Cobrado,Banco Nación,Operaciones
2023-05-03,2023,Ingreso,Venta Industria,Citromax SA,248436.63,ARS,2023-05-31,Cobrado,Caja Operativa,Operaciones
2023-05-03,2023,Ingreso,Venta Industria,Citromax SA,110208.33,ARS,2023-05-23,Vencido,Banco BBVA,Operaciones
2023-05-03,2023,Ingreso,Venta Industria,Citromax SA,135687.05,ARS,2023-06-10,Cobrado,Caja Operativa,Operaciones
2023-05-03,2023,Ingreso,Venta Industria,Frutales Tucumán SRL,135244.5,ARS,2023-05-29,Cobrado,Caja Operativa,Operaciones
2023-05-03,2023,Ingreso,Venta Industria,Frutales Tucumán SRL,50408.4,ARS,2023-06-17,Cobrado,Banco BBVA,Operaciones
2023-05-03,2023,Ingreso,Venta Industria,Frutales Tucumán SRL,116660.98,ARS,2023-06-03,Cobrado,Banco BBVA,Operaciones
2023-05-03,2023,Ingreso,Venta Industria,Frutales Tucumán SRL,138210.96,ARS,2023-05-25,Pendiente,Banco BBVA,Operaciones
2023-05-03,2023,Ingreso,Venta Industria,Frutales Tucumán SRL,101200.15,ARS,2023-05-28,Cobrado,Banco Nación,Operaciones
2023-05-03,2023,Ingreso,Venta Industria,Frutales Tucumán SRL,81100.19,ARS,2023-05-30,Cobrado,Banco Nación,Operaciones
2023-05-03,2023,Ingreso,Venta Industria,Frutales Tucumán SRL,164160.13,ARS,2023-06-11,Cobrado,Banco Galicia,Operaciones
2023-05-03,2023,Ingreso,Venta Industria,Frutales Tucumán SRL,88272.05,ARS,2023-06-13,Vencido,Banco BBVA,Operaciones
2023-05-03,2023,Ingreso,Venta Industria,Frutales Tucumán SRL,92566.16,ARS,2023-06-17,Cobrado,Banco Galicia,Operaciones
2023-05-03,2023,Ingreso,Venta Mercado Interno,Central de Frutas SA,697742.08,ARS,2023-05-25,Cobrado,Banco Galicia,Operaciones
2023-05-03,2023,Ingreso,Venta Mercado Interno,Central de Frutas SA,336381.46,ARS,2023-05-19,Cobrado,Banco Galicia,Operaciones
2023-05-03,2023,Ingreso,Venta Mercado Interno,Central de Frutas SA,327206.17,ARS,2023-05-21,Cobrado,Banco BBVA,Operaciones
2023-05-03,2023,Ingreso,Venta Mercado Interno,Central de Frutas SA,635550.88,ARS,2023-05-23,Cobrado,Banco Galicia,Operaciones
2023-05-03,2023,Ingreso,Venta Mercado Interno,Central de Frutas SA,438857.07,ARS,2023-05-26,Cobrado,Banco Galicia,Operaciones
2023-05-03,2023,Ingreso,Venta Mercado Interno,Frutales del Norte SRL,591022.16,ARS,2023-05-24,Cobrado,Banco Nación,Operaciones
2023-05-03,2023,Ingreso,Venta Mercado Interno,Frutales del Norte SRL,367613.61,ARS,2023-05-26,Cobrado,Banco Nación,Operaciones
2023-05-03,2023,Ingreso,Venta Mercado Interno,Frutales del Norte SRL,533974.09,ARS,2023-05-27,Cobrado,Banco Galicia,Operaciones
2023-05-03,2023,Ingreso,Venta Mercado Interno,La Morenita SA,882355.01,ARS,2023-05-17,Cobrado,Banco Galicia,Operaciones
2023-05-03,2023,Ingreso,Venta Mercado Interno,Supermercados Norte SA,499834.14,ARS,2023-05-19,Cobrado,Banco BBVA,Operaciones
2023-05-03,2023,Ingreso,Venta Mercado Interno,Supermercados Norte SA,389087.31,ARS,2023-05-26,Cobrado,Banco Galicia,Operaciones
2023-05-03,2023,Ingreso,Venta Mercado Interno,Supermercados Norte SA,260902.86,ARS,2023-05-22,Pendiente,Banco Galicia,Operaciones
2023-05-03,2023,Ingreso,Venta Mercado Interno,Supermercados Norte SA,484858.04,ARS,2023-05-17,Cobrado,Banco Galicia,Operaciones
2023-05-03,2023,Ingreso,Venta Mercado Interno,Supermercados Norte SA,419860.41,ARS,2023-05-14,Vencido,Caja Operativa,Operaciones
2023-05-03,2023,Ingreso,Venta Mercado Interno,Supermercados Norte SA,211654.53,ARS,2023-05-22,Cobrado,Caja Operativa,Operaciones
2023-05-03,2023,Ingreso,Venta Mercado Interno,Supermercados Norte SA,273272.05,ARS,2023-05-15,Cobrado,Banco Galicia,Operaciones
2023-05-03,2023,Ingreso,Venta Mercado Interno,Supermercados Norte SA,208915.44,ARS,2023-05-14,Cobrado,Banco BBVA,Operaciones
2023-05-10,2023,Egreso,Certificaciones,Promoción de Mercados SA,412212.9,ARS,2023-05-27,Pagado,Banco BBVA,Operaciones
2023-05-10,2023,Egreso,Comisiones,Broker Comercial Citrus,354080.95,ARS,2023-05-23,Vencido,Banco Nación,Operaciones
2023-05-10,2023,Egreso,Control de calidad,TecnoPacking SRL,2461618.93,ARS,2023-05-18,Pendiente,Banco BBVA,Operaciones
2023-05-10,2023,Egreso,Despacho aduana,Despachos del NOA,3810600.8,ARS,2023-05-17,Pagado,Caja Operativa,Operaciones
2023-05-10,2023,Egreso,Energía,Energía Tucumán SA,2340302.58,ARS,2023-05-23,Pagado,Banco Galicia,Operaciones
2023-05-10,2023,Egreso,Envases y embalajes,Envases del Tucumán,1749263.13,ARS,2023-05-17,Pendiente,Banco Galicia,Operaciones
2023-05-10,2023,Egreso,Fitosanitarios,Cooperativa Citrícola,3182910.18,ARS,2023-05-24,Pagado,Banco Galicia,Operaciones
2023-05-10,2023,Egreso,Flete exportación,FríoAndes Logística,5340363.81,ARS,2023-05-22,Pagado,Caja Operativa,Operaciones
2023-05-10,2023,Egreso,Flete interno,Despachos del NOA,2617998.24,ARS,2023-05-20,Pagado,Banco BBVA,Operaciones
2023-05-10,2023,Egreso,Frigorífico,Transportes del Norte SA,3022668.54,ARS,2023-05-27,Pagado,Caja Operativa,Operaciones
2023-05-10,2023,Egreso,Gastos generales,DGR Tucumán,898702.26,ARS,2023-05-28,Vencido,Banco BBVA,Impuestos
2023-05-10,2023,Egreso,Honorarios,DGR Tucumán,461312.61,ARS,2023-06-02,Pendiente,Caja Operativa,Operaciones
2023-05-10,2023,Egreso,Impuestos,Contaduría Castillo,1057237.98,ARS,2023-05-28,Pagado,Banco Galicia,Impuestos
2023-05-10,2023,Egreso,Insumos agrícolas,Cooperativa Citrícola,2822777.84,ARS,2023-05-25,Pagado,Caja Operativa,Operaciones
2023-05-10,2023,Egreso,Mano de obra cosecha,Servicios Rurales del NOA,1934276.98,ARS,2023-05-25,Pagado,Caja Operativa,Operaciones
2023-05-10,2023,Egreso,Mano de obra empaque,TecnoPacking SRL,2349007.11,ARS,2023-05-16,Pagado,Banco BBVA,Operaciones
2023-05-10,2023,Egreso,Mantenimiento líneas,Envases del Tucumán,2118784.0,ARS,2023-05-22,Pendiente,Caja Operativa,Operaciones
2023-05-10,2023,Egreso,Maquinaria,Agroinsumos SA,3710850.28,ARS,2023-05-21,Pagado,Banco Nación,Operaciones
2023-05-10,2023,Egreso,Promoción comercial,Broker Comercial Citrus,146359.31,ARS,2023-05-25,Pagado,Banco Galicia,Operaciones
2023-05-10,2023,Egreso,Riego,Servicios Rurales del NOA,3756423.32,ARS,2023-05-18,Pagado,Caja Operativa,Operaciones
2023-05-10,2023,Egreso,Seguros,DGR Tucumán,532703.86,ARS,2023-05-25,Pendiente,Banco Galicia,Operaciones
2023-05-10,2023,Egreso,Sueldos administración,Contaduría Castillo,678568.79,ARS,2023-05-31,Pagado,Caja Operativa,Operaciones
2023-05-10,2023,Egreso,Viajes comerciales,Certificaciones Global GAP,486315.66,ARS,2023-05-19,Pagado,Banco Galicia,Operaciones
2023-05-10,2023,Ingreso,Venta Exportación,Al Salam Trading,2172232.18,ARS,2023-06-09,Cobrado,Banco BBVA,Operaciones
2023-05-10,2023,Ingreso,Venta Exportación,Al Salam Trading,2236551.55,ARS,2023-06-12,Pendiente,Banco Nación,Operaciones
2023-05-10,2023,Ingreso,Venta Exportación,Al Salam Trading,667614.16,ARS,2023-06-05,Cobrado,Banco BBVA,Operaciones
2023-05-10,2023,Ingreso,Venta Exportación,Al Salam Trading,2002811.51,ARS,2023-06-07,Cobrado,Banco Nación,Operaciones
2023-05-10,2023,Ingreso,Venta Exportación,Al Salam Trading,765028.28,ARS,2023-06-13,Cobrado,Banco Galicia,Operaciones
2023-05-10,2023,Ingreso,Venta Exportación,Citrus World Ltd,1901093.93,ARS,2023-05-31,Pendiente,Caja Operativa,Operaciones
2023-05-10,2023,Ingreso,Venta Exportación,Citrus World Ltd,644221.82,ARS,2023-06-15,Vencido,Banco Nación,Operaciones
2023-05-10,2023,Ingreso,Venta Exportación,Citrus World Ltd,1618467.51,ARS,2023-06-02,Cobrado,Banco Nación,Operaciones
2023-05-10,2023,Ingreso,Venta Exportación,Citrus World Ltd,1492185.59,ARS,2023-06-19,Pendiente,Caja Operativa,Operaciones
2023-05-10,2023,Ingreso,Venta Exportación,Citrus World Ltd,1996434.88,ARS,2023-06-05,Cobrado,Banco BBVA,Operaciones
2023-05-10,2023,Ingreso,Venta Exportación,Fischer Import GmbH,900741.99,ARS,2023-06-10,Pendiente,Banco Galicia,Operaciones
2023-05-10,2023,Ingreso,Venta Exportación,Fischer Import GmbH,2498536.6,ARS,2023-06-08,Cobrado,Banco Nación,Operaciones
2023-05-10,2023,Ingreso,Venta Exportación,Fischer Import GmbH,2663510.22,ARS,2023-06-19,Cobrado,Banco Galicia,Operaciones
2023-05-10,2023,Ingreso,Venta Exportación,Fischer Import GmbH,1067401.27,ARS,2023-06-15,Cobrado,Banco BBVA,Operaciones
2023-05-10,2023,Ingreso,Venta Exportación,Medifresh SA,1777407.36,ARS,2023-06-19,Cobrado,Banco BBVA,Operaciones
2023-05-10,2023,Ingreso,Venta Exportación,Medifresh SA,1018015.69,ARS,2023-05-30,Cobrado,Banco Nación,Operaciones
2023-05-10,2023,Ingreso,Venta Exportación,Medifresh SA,434249.07,ARS,2023-06-08,Pendiente,Caja Operativa,Operaciones
2023-05-10,2023,Ingreso,Venta Exportación,Medifresh SA,1129146.99,ARS,2023-06-19,Cobrado,Caja Operativa,Operaciones
2023-05-10,2023,Ingreso,Venta Exportación,Medifresh SA,2141270.05,ARS,2023-06-04,Cobrado,Banco Galicia,Operaciones
2023-05-10,2023,Ingreso,Venta Exportación,Medifresh SA,948418.05,ARS,2023-05-31,Cobrado,Banco Nación,Operaciones
2023-05-10,2023,Ingreso,Venta Industria,Citromax SA,113237.06,ARS,2023-06-07,Cobrado,Banco Galicia,Operaciones
2023-05-10,2023,Ingreso,Venta Industria,Citromax SA,55602.94,ARS,2023-06-23,Cobrado,Banco Nación,Operaciones
2023-05-10,2023,Ingreso,Venta Industria,Citromax SA,148736.66,ARS,2023-05-31,Cobrado,Banco Galicia,Operaciones
2023-05-10,2023,Ingreso,Venta Industria,Citromax SA,111025.01,ARS,2023-06-16,Cobrado,Banco BBVA,Operaciones
2023-05-10,2023,Ingreso,Venta Industria,Citromax SA,79708.0,ARS,2023-06-15,Cobrado,Banco BBVA,Operaciones
2023-05-10,2023,Ingreso,Venta Industria,Citromax SA,219400.06,ARS,2023-06-02,Cobrado,Banco Nación,Operaciones
2023-05-10,2023,Ingreso,Venta Industria,Citromax SA,99970.88,ARS,2023-06-15,Cobrado,Banco BBVA,Operaciones
2023-05-10,2023,Ingreso,Venta Industria,Citromax SA,134130.68,ARS,2023-06-05,Cobrado,Caja Operativa,Operaciones
2023-05-10,2023,Ingreso,Venta Industria,Citromax SA,144881.4,ARS,2023-06-03,Pendiente,Caja Operativa,Operaciones
2023-05-10,2023,Ingreso,Venta Industria,Citromax SA,88206.05,ARS,2023-06-13,Cobrado,Banco Nación,Operaciones
2023-05-10,2023,Ingreso,Venta Industria,Frutales Tucumán SRL,100516.85,ARS,2023-06-12,Cobrado,Caja Operativa,Operaciones
2023-05-10,2023,Ingreso,Venta Industria,Frutales Tucumán SRL,62387.65,ARS,2023-06-17,Cobrado,Banco BBVA,Operaciones
2023-05-10,2023,Ingreso,Venta Industria,Frutales Tucumán SRL,115350.69,ARS,2023-05-30,Cobrado,Banco Nación,Operaciones
2023-05-10,2023,Ingreso,Venta Industria,Frutales Tucumán SRL,84143.01,ARS,2023-06-24,Pendiente,Banco Nación,Operaciones
2023-05-10,2023,Ingreso,Venta Industria,Frutales Tucumán SRL,113653.94,ARS,2023-06-18,Cobrado,Caja Operativa,Operaciones
2023-05-10,2023,Ingreso,Venta Industria,Frutales Tucumán SRL,82451.69,ARS,2023-06-21,Cobrado,Banco Galicia,Operaciones
2023-05-10,2023,Ingreso,Venta Industria,Frutales Tucumán SRL,133932.73,ARS,2023-06-01,Cobrado,Banco Nación,Operaciones
2023-05-10,2023,Ingreso,Venta Mercado Interno,Central de Frutas SA,605057.21,ARS,2023-06-03,Cobrado,Banco Nación,Operaciones
2023-05-10,2023,Ingreso,Venta Mercado Interno,Central de Frutas SA,302779.99,ARS,2023-05-27,Cobrado,Banco BBVA,Operaciones
2023-05-10,2023,Ingreso,Venta Mercado Interno,Frutales del Norte SRL,502598.01,ARS,2023-05-31,Cobrado,Banco BBVA,Operaciones
2023-05-10,2023,Ingreso,Venta Mercado Interno,Frutales del Norte SRL,189094.69,ARS,2023-05-21,Cobrado,Banco BBVA,Operaciones
2023-05-10,2023,Ingreso,Venta Mercado Interno,Frutales del Norte SRL,621721.55,ARS,2023-05-22,Pendiente,Banco Galicia,Operaciones
2023-05-10,2023,Ingreso,Venta Mercado Interno,Frutales del Norte SRL,309596.56,ARS,2023-05-22,Cobrado,Caja Operativa,Operaciones
2023-05-10,2023,Ingreso,Venta Mercado Interno,Frutales del Norte SRL,664949.15,ARS,2023-05-21,Cobrado,Banco Nación,Operaciones
2023-05-10,2023,Ingreso,Venta Mercado Interno,La Morenita SA,295435.95,ARS,2023-05-26,Cobrado,Banco Galicia,Operaciones
2023-05-10,2023,Ingreso,Venta Mercado Interno,La Morenita SA,555791.34,ARS,2023-05-28,Cobrado,Banco Nación,Operaciones
2023-05-10,2023,Ingreso,Venta Mercado Interno,La Morenita SA,216550.4,ARS,2023-06-02,Cobrado,Banco Galicia,Operaciones
2023-05-10,2023,Ingreso,Venta Mercado Interno,La Morenita SA,719779.6,ARS,2023-05-24,Cobrado,Banco Galicia,Operaciones
2023-05-10,2023,Ingreso,Venta Mercado Interno,La Morenita SA,492763.64,ARS,2023-06-02,Cobrado,Caja Operativa,Operaciones
2023-05-10,2023,Ingreso,Venta Mercado Interno,Supermercados Norte SA,389541.98,ARS,2023-06-02,Cobrado,Caja Operativa,Operaciones
2023-05-10,2023,Ingreso,Venta Mercado Interno,Supermercados Norte SA,420650.39,ARS,2023-06-01,Pendiente,Banco Galicia,Operaciones
2023-05-10,2023,Ingreso,Venta Mercado Interno,Supermercados Norte SA,318817.31,ARS,2023-05-30,Cobrado,Banco Nación,Operaciones
2023-05-10,2023,Ingreso,Venta Mercado Interno,Supermercados Norte SA,553179.87,ARS,2023-05-23,Cobrado,Banco Nación,Operaciones
2023-05-10,2023,Ingreso,Venta Mercado Interno,Supermercados Norte SA,309101.26,ARS,2023-05-21,Cobrado,Banco BBVA,Operaciones
2023-05-17,2023,Egreso,Certificaciones,Certificaciones Global GAP,469520.06,ARS,2023-05-26,Pagado,Caja Operativa,Operaciones
2023-05-17,2023,Egreso,Comisiones,Certificaciones Global GAP,467242.13,ARS,2023-05-23,Pagado,Caja Operativa,Operaciones
2023-05-17,2023,Egreso,Control de calidad,TecnoPacking SRL,2554385.66,ARS,2023-05-31,Pendiente,Banco Nación,Operaciones
2023-05-17,2023,Egreso,Despacho aduana,FríoAndes Logística,6199118.83,ARS,2023-05-29,Pagado,Banco BBVA,Operaciones
2023-05-17,2023,Egreso,Energía,Envases del Tucumán,2040994.12,ARS,2023-05-27,Pendiente,Banco Galicia,Operaciones
2023-05-17,2023,Egreso,Envases y embalajes,Envases del Tucumán,2099120.64,ARS,2023-05-24,Vencido,Banco BBVA,Operaciones
2023-05-17,2023,Egreso,Fitosanitarios,Cooperativa Citrícola,2210649.65,ARS,2023-05-25,Pagado,Banco BBVA,Operaciones
2023-05-17,2023,Egreso,Flete exportación,Transportes del Norte SA,2660434.45,ARS,2023-05-22,Vencido,Banco Galicia,Operaciones
2023-05-17,2023,Egreso,Flete interno,FríoAndes Logística,5307257.78,ARS,2023-05-30,Pagado,Caja Operativa,Operaciones
2023-05-17,2023,Egreso,Frigorífico,Transportes del Norte SA,1271940.98,ARS,2023-05-23,Pagado,Banco BBVA,Operaciones
2023-05-17,2023,Egreso,Gastos generales,AFIP,641209.32,ARS,2023-05-27,Pagado,Banco Galicia,Operaciones
2023-05-17,2023,Egreso,Honorarios,AFIP,686419.23,ARS,2023-06-07,Pagado,Caja Operativa,Operaciones
2023-05-17,2023,Egreso,Impuestos,DGR Tucumán,474673.05,ARS,2023-06-11,Pagado,Banco BBVA,Impuestos
2023-05-17,2023,Egreso,Insumos agrícolas,Servicios Rurales del NOA,2152673.62,ARS,2023-06-04,Pendiente,Banco BBVA,Operaciones
2023-05-17,2023,Egreso,Mano de obra cosecha,Cooperativa Citrícola,4511792.5,ARS,2023-05-28,Vencido,Banco Galicia,Operaciones
2023-05-17,2023,Egreso,Mano de obra empaque,Energía Tucumán SA,2981060.57,ARS,2023-06-04,Pagado,Banco BBVA,Operaciones
2023-05-17,2023,Egreso,Mantenimiento líneas,TecnoPacking SRL,2181769.15,ARS,2023-05-29,Pagado,Caja Operativa,Operaciones
2023-05-17,2023,Egreso,Maquinaria,Agroinsumos SA,3386064.99,ARS,2023-05-22,Pagado,Banco Nación,Operaciones
2023-05-17,2023,Egreso,Promoción comercial,Promoción de Mercados SA,193936.11,ARS,2023-05-29,Pagado,Banco Galicia,Operaciones
2023-05-17,2023,Egreso,Riego,Agroinsumos SA,3704143.32,ARS,2023-06-01,Pagado,Banco BBVA,Operaciones
2023-05-17,2023,Egreso,Seguros,Contaduría Castillo,1122494.63,ARS,2023-05-30,Pagado,Banco BBVA,Impuestos
2023-05-17,2023,Egreso,Sueldos administración,AFIP,607626.53,ARS,2023-06-07,Pagado,Banco Nación,Impuestos
2023-05-17,2023,Egreso,Viajes comerciales,Broker Comercial Citrus,463552.74,ARS,2023-05-24,Pagado,Banco Galicia,Operaciones
2023-05-17,2023,Ingreso,Venta Exportación,Al Salam Trading,199059.54,ARS,2023-06-08,Cobrado,Banco BBVA,Operaciones
2023-05-17,2023,Ingreso,Venta Exportación,Al Salam Trading,1446007.71,ARS,2023-06-09,Cobrado,Banco BBVA,Operaciones
2023-05-17,2023,Ingreso,Venta Exportación,Al Salam Trading,1519826.3,ARS,2023-06-06,Cobrado,Banco Galicia,Operaciones
2023-05-17,2023,Ingreso,Venta Exportación,Al Salam Trading,1185439.8,ARS,2023-06-13,Cobrado,Banco Nación,Operaciones
2023-05-17,2023,Ingreso,Venta Exportación,Al Salam Trading,1712867.8,ARS,2023-06-20,Cobrado,Banco BBVA,Operaciones
2023-05-17,2023,Ingreso,Venta Exportación,Al Salam Trading,1242242.87,ARS,2023-06-20,Pendiente,Banco Galicia,Operaciones
2023-05-17,2023,Ingreso,Venta Exportación,Al Salam Trading,1194320.45,ARS,2023-06-04,Cobrado,Banco BBVA,Operaciones
2023-05-17,2023,Ingreso,Venta Exportación,Al Salam Trading,1809718.5,ARS,2023-06-25,Cobrado,Banco BBVA,Operaciones
2023-05-17,2023,Ingreso,Venta Exportación,Citrus World Ltd,3118541.58,ARS,2023-06-13,Cobrado,Banco BBVA,Operaciones
2023-05-17,2023,Ingreso,Venta Exportación,Citrus World Ltd,982529.55,ARS,2023-06-18,Cobrado,Banco BBVA,Operaciones
2023-05-17,2023,Ingreso,Venta Exportación,Citrus World Ltd,2025618.93,ARS,2023-06-20,Cobrado,Banco Nación,Operaciones
2023-05-17,2023,Ingreso,Venta Exportación,Citrus World Ltd,1119421.24,ARS,2023-06-15,Cobrado,Banco Galicia,Operaciones
2023-05-17,2023,Ingreso,Venta Exportación,Fischer Import GmbH,2349613.76,ARS,2023-06-10,Pendiente,Caja Operativa,Operaciones
2023-05-17,2023,Ingreso,Venta Exportación,Fischer Import GmbH,2168083.67,ARS,2023-06-13,Pendiente,Banco Nación,Operaciones
2023-05-17,2023,Ingreso,Venta Exportación,Fischer Import GmbH,2274678.73,ARS,2023-06-07,Pendiente,Banco BBVA,Operaciones
2023-05-17,2023,Ingreso,Venta Exportación,Fischer Import GmbH,796644.39,ARS,2023-06-24,Cobrado,Caja Operativa,Operaciones
2023-05-17,2023,Ingreso,Venta Exportación,Fischer Import GmbH,1023622.08,ARS,2023-06-21,Cobrado,Caja Operativa,Operaciones
2023-05-17,2023,Ingreso,Venta Exportación,Fischer Import GmbH,2296897.2,ARS,2023-06-26,Cobrado,Caja Operativa,Operaciones
2023-05-17,2023,Ingreso,Venta Exportación,Medifresh SA,1769741.72,ARS,2023-06-12,Cobrado,Banco Nación,Operaciones
2023-05-17,2023,Ingreso,Venta Exportación,Medifresh SA,2479265.59,ARS,2023-06-25,Cobrado,Caja Operativa,Operaciones
2023-05-17,2023,Ingreso,Venta Exportación,Medifresh SA,998342.32,ARS,2023-06-12,Cobrado,Caja Operativa,Operaciones
2023-05-17,2023,Ingreso,Venta Exportación,Medifresh SA,861383.7,ARS,2023-06-26,Cobrado,Caja Operativa,Operaciones
2023-05-17,2023,Ingreso,Venta Industria,Citromax SA,97542.19,ARS,2023-07-01,Cobrado,Banco Galicia,Operaciones
2023-05-17,2023,Ingreso,Venta Industria,Citromax SA,75665.73,ARS,2023-06-06,Cobrado,Banco Nación,Operaciones
2023-05-17,2023,Ingreso,Venta Industria,Citromax SA,84546.84,ARS,2023-06-26,Pendiente,Banco BBVA,Operaciones
2023-05-17,2023,Ingreso,Venta Industria,Citromax SA,100473.51,ARS,2023-06-09,Vencido,Banco BBVA,Operaciones
2023-05-17,2023,Ingreso,Venta Industria,Citromax SA,164304.4,ARS,2023-06-14,Cobrado,Banco Nación,Operaciones
2023-05-17,2023,Ingreso,Venta Industria,Citromax SA,141321.48,ARS,2023-06-08,Cobrado,Banco BBVA,Operaciones
2023-05-17,2023,Ingreso,Venta Industria,Citromax SA,106198.58,ARS,2023-06-15,Cobrado,Banco BBVA,Operaciones
2023-05-17,2023,Ingreso,Venta Industria,Frutales Tucumán SRL,138036.64,ARS,2023-06-28,Cobrado,Banco BBVA,Operaciones
2023-05-17,2023,Ingreso,Venta Industria,Frutales Tucumán SRL,73123.01,ARS,2023-06-27,Cobrado,Caja Operativa,Operaciones
2023-05-17,2023,Ingreso,Venta Industria,Frutales Tucumán SRL,132723.47,ARS,2023-06-14,Cobrado,Banco BBVA,Operaciones
2023-05-17,2023,Ingreso,Venta Industria,Frutales Tucumán SRL,150984.57,ARS,2023-06-21,Cobrado,Banco Galicia,Operaciones
2023-05-17,2023,Ingreso,Venta Industria,Frutales Tucumán SRL,115711.47,ARS,2023-06-29,Cobrado,Banco BBVA,Operaciones
2023-05-17,2023,Ingreso,Venta Industria,Frutales Tucumán SRL,128827.08,ARS,2023-06-23,Cobrado,Banco Nación,Operaciones
2023-05-17,2023,Ingreso,Venta Industria,Frutales Tucumán SRL,65133.11,ARS,2023-06-10,Cobrado,Banco Galicia,Operaciones
2023-05-17,2023,Ingreso,Venta Industria,Frutales Tucumán SRL,190506.1,ARS,2023-07-01,Pendiente,Banco Galicia,Operaciones
2023-05-17,2023,Ingreso,Venta Industria,Frutales Tucumán SRL,80412.69,ARS,2023-06-06,Pendiente,Banco Galicia,Operaciones
2023-05-17,2023,Ingreso,Venta Industria,Frutales Tucumán SRL,109651.91,ARS,2023-07-01,Cobrado,Banco Galicia,Operaciones
2023-05-17,2023,Ingreso,Venta Mercado Interno,Central de Frutas SA,525418.61,ARS,2023-06-05,Cobrado,Banco BBVA,Operaciones
2023-05-17,2023,Ingreso,Venta Mercado Interno,Central de Frutas SA,357336.14,ARS,2023-05-31,Cobrado,Caja Operativa,Operaciones
2023-05-17,2023,Ingreso,Venta Mercado Interno,Central de Frutas SA,260471.03,ARS,2023-06-02,Cobrado,Banco Nación,Operaciones
2023-05-17,2023,Ingreso,Venta Mercado Interno,Central de Frutas SA,315385.93,ARS,2023-05-28,Cobrado,Banco Galicia,Operaciones
2023-05-17,2023,Ingreso,Venta Mercado Interno,Frutales del Norte SRL,278339.09,ARS,2023-06-08,Vencido,Caja Operativa,Operaciones
2023-05-17,2023,Ingreso,Venta Mercado Interno,Frutales del Norte SRL,629687.97,ARS,2023-06-06,Cobrado,Banco BBVA,Operaciones
2023-05-17,2023,Ingreso,Venta Mercado Interno,Frutales del Norte SRL,269697.06,ARS,2023-05-31,Cobrado,Banco Galicia,Operaciones
2023-05-17,2023,Ingreso,Venta Mercado Interno,Frutales del Norte SRL,641452.11,ARS,2023-06-03,Cobrado,Caja Operativa,Operaciones
2023-05-17,2023,Ingreso,Venta Mercado Interno,Frutales del Norte SRL,590915.43,ARS,2023-06-10,Cobrado,Banco Galicia,Operaciones
2023-05-17,2023,Ingreso,Venta Mercado Interno,La Morenita SA,465688.37,ARS,2023-06-05,Cobrado,Caja Operativa,Operaciones
2023-05-17,2023,Ingreso,Venta Mercado Interno,La Morenita SA,626901.65,ARS,2023-06-09,Cobrado,Banco Nación,Operaciones
2023-05-17,2023,Ingreso,Venta Mercado Interno,La Morenita SA,488776.68,ARS,2023-05-30,Cobrado,Banco BBVA,Operaciones
2023-05-17,2023,Ingreso,Venta Mercado Interno,La Morenita SA,278677.18,ARS,2023-06-07,Vencido,Banco Galicia,Operaciones
2023-05-17,2023,Ingreso,Venta Mercado Interno,La Morenita SA,525631.32,ARS,2023-06-09,Pendiente,Banco Galicia,Operaciones
2023-05-17,2023,Ingreso,Venta Mercado Interno,La Morenita SA,438044.1,ARS,2023-05-28,Cobrado,Caja Operativa,Operaciones
2023-05-17,2023,Ingreso,Venta Mercado Interno,Supermercados Norte SA,233751.64,ARS,2023-06-08,Cobrado,Caja Operativa,Operaciones
2023-05-17,2023,Ingreso,Venta Mercado Interno,Supermercados Norte SA,333725.89,ARS,2023-05-29,Vencido,Banco Nación,Operaciones
2023-05-20,2023,Ingreso,Desembolso descubierto campaña,Banco Galicia - Línea Campaña,223400807.2,ARS,2023-06-19,Cobrado,Banco Nación,Financiamiento
2023-05-24,2023,Egreso,Certificaciones,Broker Comercial Citrus,183506.02,ARS,2023-06-05,Pagado,Caja Operativa,Operaciones
2023-05-24,2023,Egreso,Comisiones,Promoción de Mercados SA,436890.08,ARS,2023-06-01,Pagado,Banco Nación,Operaciones
2023-05-24,2023,Egreso,Control de calidad,TecnoPacking SRL,2131313.28,ARS,2023-06-10,Pagado,Banco Galicia,Operaciones
2023-05-24,2023,Egreso,Despacho aduana,Despachos del NOA,3442241.53,ARS,2023-06-09,Pagado,Caja Operativa,Operaciones
2023-05-24,2023,Egreso,Energía,TecnoPacking SRL,2324877.34,ARS,2023-06-06,Pagado,Banco Nación,Operaciones
2023-05-24,2023,Egreso,Envases y embalajes,TecnoPacking SRL,2322491.19,ARS,2023-06-05,Pagado,Caja Operativa,Operaciones
2023-05-24,2023,Egreso,Fitosanitarios,Cooperativa Citrícola,3278231.66,ARS,2023-06-10,Pendiente,Caja Operativa,Operaciones
2023-05-24,2023,Egreso,Flete exportación,Despachos del NOA,4244279.69,ARS,2023-06-04,Pagado,Banco Galicia,Operaciones
2023-05-24,2023,Egreso,Flete interno,Despachos del NOA,3667759.8,ARS,2023-06-09,Pagado,Banco BBVA,Operaciones
2023-05-24,2023,Egreso,Frigorífico,FríoAndes Logística,3594266.67,ARS,2023-06-04,Pagado,Banco BBVA,Operaciones
2023-05-24,2023,Egreso,Gastos generales,AFIP,471925.39,ARS,2023-06-05,Pagado,Banco Nación,Operaciones
2023-05-24,2023,Egreso,Honorarios,DGR Tucumán,482514.55,ARS,2023-06-06,Pagado,Banco Nación,Impuestos
2023-05-24,2023,Egreso,Impuestos,AFIP,995792.34,ARS,2023-06-03,Pendiente,Caja Operativa,Impuestos
2023-05-24,2023,Egreso,Insumos agrícolas,Agroinsumos SA,3051552.59,ARS,2023-06-02,Pagado,Banco Galicia,Operaciones
2023-05-24,2023,Egreso,Mano de obra cosecha,Agroinsumos SA,2408723.23,ARS,2023-06-09,Pagado,Banco Nación,Operaciones
2023-05-24,2023,Egreso,Mano de obra empaque,TecnoPacking SRL,2154712.19,ARS,2023-06-04,Pagado,Banco BBVA,Operaciones
2023-05-24,2023,Egreso,Mantenimiento líneas,Energía Tucumán SA,2184407.78,ARS,2023-06-09,Pagado,Banco BBVA,Operaciones
2023-05-24,2023,Egreso,Maquinaria,Cooperativa Citrícola,2397271.17,ARS,2023-06-01,Pagado,Banco Galicia,Operaciones
2023-05-24,2023,Egreso,Promoción comercial,Broker Comercial Citrus,378136.28,ARS,2023-06-03,Pagado,Caja Operativa,Operaciones
2023-05-24,2023,Egreso,Riego,Servicios Rurales del NOA,3883272.45,ARS,2023-06-10,Pagado,Caja Operativa,Operaciones
2023-05-24,2023,Egreso,Seguros,Contaduría Castillo,1254207.98,ARS,2023-06-04,Pagado,Banco Nación,Impuestos
2023-05-24,2023,Egreso,Sueldos administración,Contaduría Castillo,384605.4,ARS,2023-06-05,Vencido,Banco Nación,Impuestos
2023-05-24,2023,Egreso,Viajes comerciales,Promoción de Mercados SA,493746.48,ARS,2023-05-30,Pagado,Banco BBVA,Operaciones
2023-05-24,2023,Ingreso,Venta Exportación,Al Salam Trading,1257206.99,ARS,2023-06-19,Pendiente,Banco BBVA,Operaciones
2023-05-24,2023,Ingreso,Venta Exportación,Al Salam Trading,1950448.76,ARS,2023-06-14,Cobrado,Banco Galicia,Operaciones
2023-05-24,2023,Ingreso,Venta Exportación,Citrus World Ltd,1301605.28,ARS,2023-06-23,Cobrado,Caja Operativa,Operaciones
2023-05-24,2023,Ingreso,Venta Exportación,Citrus World Ltd,984419.15,ARS,2023-06-26,Pendiente,Banco Galicia,Operaciones
2023-05-24,2023,Ingreso,Venta Exportación,Citrus World Ltd,521921.75,ARS,2023-06-27,Cobrado,Banco Nación,Operaciones
2023-05-24,2023,Ingreso,Venta Exportación,Citrus World Ltd,1215372.06,ARS,2023-06-21,Cobrado,Banco Nación,Operaciones
2023-05-24,2023,Ingreso,Venta Exportación,Fischer Import GmbH,1559012.11,ARS,2023-06-16,Cobrado,Banco Nación,Operaciones
2023-05-24,2023,Ingreso,Venta Exportación,Fischer Import GmbH,895149.86,ARS,2023-06-21,Cobrado,Caja Operativa,Operaciones
2023-05-24,2023,Ingreso,Venta Exportación,Fischer Import GmbH,837492.39,ARS,2023-06-14,Cobrado,Banco Nación,Operaciones
2023-05-24,2023,Ingreso,Venta Exportación,Fischer Import GmbH,221706.94,ARS,2023-06-13,Pendiente,Banco BBVA,Operaciones
2023-05-24,2023,Ingreso,Venta Exportación,Fischer Import GmbH,1190893.44,ARS,2023-06-30,Cobrado,Caja Operativa,Operaciones
2023-05-24,2023,Ingreso,Venta Exportación,Fischer Import GmbH,871765.04,ARS,2023-06-17,Cobrado,Banco Nación,Operaciones
2023-05-24,2023,Ingreso,Venta Exportación,Fischer Import GmbH,2948445.32,ARS,2023-06-19,Cobrado,Banco Nación,Operaciones
2023-05-24,2023,Ingreso,Venta Exportación,Fischer Import GmbH,2687016.39,ARS,2023-06-22,Cobrado,Banco BBVA,Operaciones
2023-05-24,2023,Ingreso,Venta Exportación,Fischer Import GmbH,2683474.59,ARS,2023-06-30,Cobrado,Banco Nación,Operaciones
2023-05-24,2023,Ingreso,Venta Exportación,Fischer Import GmbH,580548.76,ARS,2023-07-02,Pendiente,Banco BBVA,Operaciones
2023-05-24,2023,Ingreso,Venta Exportación,Medifresh SA,2148907.91,ARS,2023-06-26,Cobrado,Banco Galicia,Operaciones
2023-05-24,2023,Ingreso,Venta Exportación,Medifresh SA,2587561.39,ARS,2023-06-20,Cobrado,Banco BBVA,Operaciones
2023-05-24,2023,Ingreso,Venta Exportación,Medifresh SA,2031346.84,ARS,2023-06-14,Cobrado,Caja Operativa,Operaciones
2023-05-24,2023,Ingreso,Venta Exportación,Medifresh SA,1212959.07,ARS,2023-06-15,Cobrado,Banco Galicia,Operaciones
2023-05-24,2023,Ingreso,Venta Exportación,Medifresh SA,1758110.37,ARS,2023-06-23,Cobrado,Banco BBVA,Operaciones
2023-05-24,2023,Ingreso,Venta Exportación,Medifresh SA,1171680.18,ARS,2023-06-21,Cobrado,Caja Operativa,Operaciones
2023-05-24,2023,Ingreso,Venta Exportación,Medifresh SA,1881668.19,ARS,2023-06-22,Cobrado,Banco Nación,Operaciones
2023-05-24,2023,Ingreso,Venta Industria,Citromax SA,79562.18,ARS,2023-06-29,Cobrado,Banco Nación,Operaciones
2023-05-24,2023,Ingreso,Venta Industria,Citromax SA,81853.71,ARS,2023-06-21,Cobrado,Banco BBVA,Operaciones
2023-05-24,2023,Ingreso,Venta Industria,Citromax SA,154959.6,ARS,2023-06-22,Cobrado,Caja Operativa,Operaciones
2023-05-24,2023,Ingreso,Venta Industria,Citromax SA,108410.62,ARS,2023-06-22,Cobrado,Banco BBVA,Operaciones
2023-05-24,2023,Ingreso,Venta Industria,Citromax SA,87033.44,ARS,2023-06-29,Vencido,Caja Operativa,Operaciones
2023-05-24,2023,Ingreso,Venta Industria,Citromax SA,140612.03,ARS,2023-06-17,Cobrado,Banco Nación,Operaciones
2023-05-24,2023,Ingreso,Venta Industria,Citromax SA,121408.85,ARS,2023-06-29,Cobrado,Banco Nación,Operaciones
2023-05-24,2023,Ingreso,Venta Industria,Frutales Tucumán SRL,98995.55,ARS,2023-06-13,Pendiente,Banco Galicia,Operaciones
2023-05-24,2023,Ingreso,Venta Industria,Frutales Tucumán SRL,42024.65,ARS,2023-06-15,Cobrado,Banco BBVA,Operaciones
2023-05-24,2023,Ingreso,Venta Industria,Frutales Tucumán SRL,157082.77,ARS,2023-06-18,Cobrado,Banco Nación,Operaciones
2023-05-24,2023,Ingreso,Venta Industria,Frutales Tucumán SRL,82836.92,ARS,2023-07-01,Cobrado,Banco Nación,Operaciones
2023-05-24,2023,Ingreso,Venta Industria,Frutales Tucumán SRL,63602.78,ARS,2023-07-06,Cobrado,Banco Nación,Operaciones
2023-05-24,2023,Ingreso,Venta Industria,Frutales Tucumán SRL,183529.29,ARS,2023-06-14,Cobrado,Caja Operativa,Operaciones
2023-05-24,2023,Ingreso,Venta Industria,Frutales Tucumán SRL,138954.16,ARS,2023-06-26,Cobrado,Caja Operativa,Operaciones
2023-05-24,2023,Ingreso,Venta Industria,Frutales Tucumán SRL,87432.48,ARS,2023-06-27,Pendiente,Banco Nación,Operaciones
2023-05-24,2023,Ingreso,Venta Industria,Frutales Tucumán SRL,115235.96,ARS,2023-07-04,Cobrado,Banco BBVA,Operaciones
2023-05-24,2023,Ingreso,Venta Industria,Frutales Tucumán SRL,95566.44,ARS,2023-07-04,Cobrado,Banco Galicia,Operaciones
2023-05-24,2023,Ingreso,Venta Mercado Interno,Central de Frutas SA,629489.77,ARS,2023-06-04,Cobrado,Banco BBVA,Operaciones
2023-05-24,2023,Ingreso,Venta Mercado Interno,Central de Frutas SA,335136.7,ARS,2023-06-04,Cobrado,Banco Nación,Operaciones
2023-05-24,2023,Ingreso,Venta Mercado Interno,Central de Frutas SA,597554.48,ARS,2023-06-16,Cobrado,Banco BBVA,Operaciones
2023-05-24,2023,Ingreso,Venta Mercado Interno,Central de Frutas SA,314804.53,ARS,2023-06-13,Cobrado,Banco Galicia,Operaciones
2023-05-24,2023,Ingreso,Venta Mercado Interno,Central de Frutas SA,221449.62,ARS,2023-06-14,Cobrado,Caja Operativa,Operaciones
2023-05-24,2023,Ingreso,Venta Mercado Interno,Central de Frutas SA,370274.71,ARS,2023-06-11,Cobrado,Caja Operativa,Operaciones
2023-05-24,2023,Ingreso,Venta Mercado Interno,Central de Frutas SA,266438.99,ARS,2023-06-14,Pendiente,Caja Operativa,Operaciones
2023-05-24,2023,Ingreso,Venta Mercado Interno,Frutales del Norte SRL,139362.62,ARS,2023-06-03,Cobrado,Banco BBVA,Operaciones
2023-05-24,2023,Ingreso,Venta Mercado Interno,Frutales del Norte SRL,249723.81,ARS,2023-06-17,Cobrado,Caja Operativa,Operaciones
2023-05-24,2023,Ingreso,Venta Mercado Interno,Frutales del Norte SRL,540277.62,ARS,2023-06-03,Cobrado,Banco Galicia,Operaciones
2023-05-24,2023,Ingreso,Venta Mercado Interno,Frutales del Norte SRL,253455.24,ARS,2023-06-11,Cobrado,Caja Operativa,Operaciones
2023-05-24,2023,Ingreso,Venta Mercado Interno,Frutales del Norte SRL,675941.24,ARS,2023-06-12,Cobrado,Caja Operativa,Operaciones
2023-05-24,2023,Ingreso,Venta Mercado Interno,Frutales del Norte SRL,317999.54,ARS,2023-06-04,Cobrado,Banco Nación,Operaciones
2023-05-24,2023,Ingreso,Venta Mercado Interno,La Morenita SA,469253.32,ARS,2023-06-05,Vencido,Caja Operativa,Operaciones
2023-05-24,2023,Ingreso,Venta Mercado Interno,La Morenita SA,506018.87,ARS,2023-06-08,Cobrado,Banco Nación,Operaciones
2023-05-24,2023,Ingreso,Venta Mercado Interno,La Morenita SA,366145.3,ARS,2023-06-16,Vencido,Banco BBVA,Operaciones
2023-05-24,2023,Ingreso,Venta Mercado Interno,Supermercados Norte SA,582463.56,ARS,2023-06-09,Pendiente,Banco Galicia,Operaciones
2023-05-31,2023,Egreso,Certificaciones,Broker Comercial Citrus,307275.28,ARS,2023-06-12,Vencido,Banco Galicia,Operaciones
2023-05-31,2023,Egreso,Comisiones,Promoción de Mercados SA,474159.99,ARS,2023-06-11,Pagado,Banco Galicia,Operaciones
2023-05-31,2023,Egreso,Control de calidad,TecnoPacking SRL,2692293.87,ARS,2023-06-16,Pagado,Banco BBVA,Operaciones
2023-05-31,2023,Egreso,Despacho aduana,FríoAndes Logística,4956566.66,ARS,2023-06-11,Pagado,Banco Nación,Operaciones
2023-05-31,2023,Egreso,Energía,Envases del Tucumán,2092178.98,ARS,2023-06-06,Pagado,Banco Galicia,Operaciones
2023-05-31,2023,Egreso,Envases y embalajes,Energía Tucumán SA,3071104.14,ARS,2023-06-14,Pendiente,Banco Galicia,Operaciones
2023-05-31,2023,Egreso,Fitosanitarios,Servicios Rurales del NOA,2169414.92,ARS,2023-06-10,Pagado,Caja Operativa,Operaciones
2023-05-31,2023,Egreso,Flete exportación,Despachos del NOA,1963746.6,ARS,2023-06-11,Pagado,Caja Operativa,Operaciones
2023-05-31,2023,Egreso,Flete interno,Transportes del Norte SA,3189872.79,ARS,2023-06-16,Pagado,Banco BBVA,Operaciones
2023-05-31,2023,Egreso,Frigorífico,Transportes del Norte SA,5148053.02,ARS,2023-06-08,Pagado,Banco Nación,Operaciones
2023-05-31,2023,Egreso,Gastos generales,Contaduría Castillo,668915.79,ARS,2023-06-16,Pagado,Caja Operativa,Impuestos
2023-05-31,2023,Egreso,Honorarios,Contaduría Castillo,824536.27,ARS,2023-06-22,Pagado,Banco Galicia,Operaciones
2023-05-31,2023,Egreso,Impuestos,DGR Tucumán,579839.29,ARS,2023-06-11,Pendiente,Banco Galicia,Impuestos
2023-05-31,2023,Egreso,Insumos agrícolas,Agroinsumos SA,3192969.22,ARS,2023-06-15,Pagado,Banco Galicia,Operaciones
2023-05-31,2023,Egreso,Mano de obra cosecha,Servicios Rurales del NOA,3640577.53,ARS,2023-06-16,Pagado,Banco Nación,Operaciones
2023-05-31,2023,Egreso,Mano de obra empaque,Energía Tucumán SA,2134245.15,ARS,2023-06-17,Pagado,Banco Nación,Operaciones
2023-05-31,2023,Egreso,Mantenimiento líneas,Envases del Tucumán,1703868.87,ARS,2023-06-16,Pagado,Banco Nación,Operaciones
2023-05-31,2023,Egreso,Maquinaria,Cooperativa Citrícola,4298671.26,ARS,2023-06-11,Pagado,Banco BBVA,Operaciones
2023-05-31,2023,Egreso,Promoción comercial,Certificaciones Global GAP,322151.02,ARS,2023-06-11,Pagado,Banco Galicia,Operaciones
2023-05-31,2023,Egreso,Riego,Servicios Rurales del NOA,2040194.48,ARS,2023-06-08,Pendiente,Banco Nación,Operaciones
2023-05-31,2023,Egreso,Seguros,Contaduría Castillo,1053861.95,ARS,2023-06-14,Pagado,Banco BBVA,Impuestos
2023-05-31,2023,Egreso,Sueldos administración,Contaduría Castillo,484743.23,ARS,2023-06-13,Pagado,Banco Nación,Operaciones
2023-05-31,2023,Egreso,Viajes comerciales,Certificaciones Global GAP,310171.77,ARS,2023-06-14,Pendiente,Banco BBVA,Operaciones
2023-05-31,2023,Ingreso,Venta Exportación,Al Salam Trading,843545.18,ARS,2023-06-23,Cobrado,Banco Nación,Operaciones
2023-05-31,2023,Ingreso,Venta Exportación,Al Salam Trading,2213611.99,ARS,2023-06-20,Cobrado,Banco Nación,Operaciones
2023-05-31,2023,Ingreso,Venta Exportación,Al Salam Trading,1672802.73,ARS,2023-06-21,Cobrado,Banco Nación,Operaciones
2023-05-31,2023,Ingreso,Venta Exportación,Al Salam Trading,991223.49,ARS,2023-07-05,Cobrado,Banco Nación,Operaciones
2023-05-31,2023,Ingreso,Venta Exportación,Al Salam Trading,484039.84,ARS,2023-06-18,Pendiente,Caja Operativa,Operaciones
2023-05-31,2023,Ingreso,Venta Exportación,Al Salam Trading,3534637.36,ARS,2023-06-20,Cobrado,Banco BBVA,Operaciones
2023-05-31,2023,Ingreso,Venta Exportación,Al Salam Trading,1800406.79,ARS,2023-06-20,Cobrado,Caja Operativa,Operaciones
2023-05-31,2023,Ingreso,Venta Exportación,Citrus World Ltd,2203481.31,ARS,2023-07-08,Cobrado,Caja Operativa,Operaciones
2023-05-31,2023,Ingreso,Venta Exportación,Citrus World Ltd,887491.94,ARS,2023-07-02,Vencido,Banco BBVA,Operaciones
2023-05-31,2023,Ingreso,Venta Exportación,Citrus World Ltd,1817224.37,ARS,2023-07-09,Cobrado,Caja Operativa,Operaciones
2023-05-31,2023,Ingreso,Venta Exportación,Citrus World Ltd,267196.39,ARS,2023-06-30,Cobrado,Banco Nación,Operaciones
2023-05-31,2023,Ingreso,Venta Exportación,Citrus World Ltd,1046863.89,ARS,2023-06-19,Cobrado,Banco BBVA,Operaciones
2023-05-31,2023,Ingreso,Venta Exportación,Citrus World Ltd,1398493.72,ARS,2023-07-06,Cobrado,Banco BBVA,Operaciones
2023-05-31,2023,Ingreso,Venta Exportación,Citrus World Ltd,1316851.34,ARS,2023-06-30,Pendiente,Caja Operativa,Operaciones
2023-05-31,2023,Ingreso,Venta Exportación,Fischer Import GmbH,1839887.87,ARS,2023-06-26,Cobrado,Banco BBVA,Operaciones
2023-05-31,2023,Ingreso,Venta Exportación,Fischer Import GmbH,1848690.49,ARS,2023-06-26,Cobrado,Banco Nación,Operaciones
2023-05-31,2023,Ingreso,Venta Exportación,Fischer Import GmbH,1798531.96,ARS,2023-07-07,Cobrado,Banco BBVA,Operaciones
2023-05-31,2023,Ingreso,Venta Exportación,Fischer Import GmbH,1074997.18,ARS,2023-06-24,Vencido,Banco BBVA,Operaciones
2023-05-31,2023,Ingreso,Venta Exportación,Fischer Import GmbH,537327.7,ARS,2023-06-24,Cobrado,Banco Galicia,Operaciones
2023-05-31,2023,Ingreso,Venta Exportación,Fischer Import GmbH,2585043.73,ARS,2023-06-19,Cobrado,Banco Galicia,Operaciones
2023-05-31,2023,Ingreso,Venta Exportación,Medifresh SA,2151456.84,ARS,2023-06-26,Cobrado,Banco BBVA,Operaciones
2023-05-31,2023,Ingreso,Venta Industria,Citromax SA,68800.61,ARS,2023-07-11,Cobrado,Banco Nación,Operaciones
2023-05-31,2023,Ingreso,Venta Industria,Citromax SA,126693.68,ARS,2023-06-27,Cobrado,Banco Nación,Operaciones
2023-05-31,2023,Ingreso,Venta Industria,Citromax SA,121557.28,ARS,2023-07-01,Cobrado,Banco Galicia,Operaciones
2023-05-31,2023,Ingreso,Venta Industria,Citromax SA,94309.5,ARS,2023-06-23,Pendiente,Banco Galicia,Operaciones
2023-05-31,2023,Ingreso,Venta Industria,Citromax SA,114039.12,ARS,2023-07-08,Cobrado,Banco Galicia,Operaciones
2023-05-31,2023,Ingreso,Venta Industria,Citromax SA,110839.91,ARS,2023-06-23,Cobrado,Caja Operativa,Operaciones
2023-05-31,2023,Ingreso,Venta Industria,Citromax SA,85818.7,ARS,2023-06-24,Cobrado,Banco Galicia,Operaciones
2023-05-31,2023,Ingreso,Venta Industria,Citromax SA,144100.76,ARS,2023-07-07,Cobrado,Caja Operativa,Operaciones
2023-05-31,2023,Ingreso,Venta Industria,Citromax SA,110969.44,ARS,2023-06-23,Cobrado,Caja Operativa,Operaciones
2023-05-31,2023,Ingreso,Venta Industria,Citromax SA,156235.63,ARS,2023-07-03,Pendiente,Banco Nación,Operaciones
2023-05-31,2023,Ingreso,Venta Industria,Frutales Tucumán SRL,77842.5,ARS,2023-07-04,Cobrado,Banco Galicia,Operaciones
2023-05-31,2023,Ingreso,Venta Industria,Frutales Tucumán SRL,89482.19,ARS,2023-07-10,Cobrado,Banco Nación,Operaciones
2023-05-31,2023,Ingreso,Venta Industria,Frutales Tucumán SRL,88257.58,ARS,2023-07-10,Cobrado,Banco Nación,Operaciones
2023-05-31,2023,Ingreso,Venta Industria,Frutales Tucumán SRL,130292.32,ARS,2023-07-14,Pendiente,Caja Operativa,Operaciones
2023-05-31,2023,Ingreso,Venta Industria,Frutales Tucumán SRL,219693.13,ARS,2023-06-22,Cobrado,Caja Operativa,Operaciones
2023-05-31,2023,Ingreso,Venta Industria,Frutales Tucumán SRL,85017.58,ARS,2023-06-27,Pendiente,Caja Operativa,Operaciones
2023-05-31,2023,Ingreso,Venta Industria,Frutales Tucumán SRL,92989.98,ARS,2023-07-13,Cobrado,Banco Nación,Operaciones
2023-05-31,2023,Ingreso,Venta Mercado Interno,Central de Frutas SA,650716.92,ARS,2023-06-12,Cobrado,Caja Operativa,Operaciones
2023-05-31,2023,Ingreso,Venta Mercado Interno,Central de Frutas SA,297285.87,ARS,2023-06-17,Cobrado,Banco BBVA,Operaciones
2023-05-31,2023,Ingreso,Venta Mercado Interno,Central de Frutas SA,185504.52,ARS,2023-06-16,Cobrado,Banco BBVA,Operaciones
2023-05-31,2023,Ingreso,Venta Mercado Interno,Central de Frutas SA,346102.84,ARS,2023-06-14,Cobrado,Banco Galicia,Operaciones
2023-05-31,2023,Ingreso,Venta Mercado Interno,Frutales del Norte SRL,391713.34,ARS,2023-06-19,Pendiente,Banco Galicia,Operaciones
2023-05-31,2023,Ingreso,Venta Mercado Interno,Frutales del Norte SRL,319069.37,ARS,2023-06-20,Cobrado,Banco Galicia,Operaciones
2023-05-31,2023,Ingreso,Venta Mercado Interno,Frutales del Norte SRL,204508.74,ARS,2023-06-19,Cobrado,Banco Galicia,Operaciones
2023-05-31,2023,Ingreso,Venta Mercado Interno,Frutales del Norte SRL,780648.21,ARS,2023-06-15,Cobrado,Banco Galicia,Operaciones
2023-05-31,2023,Ingreso,Venta Mercado Interno,Frutales del Norte SRL,399123.0,ARS,2023-06-18,Cobrado,Caja Operativa,Operaciones
2023-05-31,2023,Ingreso,Venta Mercado Interno,Frutales del Norte SRL,457245.27,ARS,2023-06-19,Pendiente,Caja Operativa,Operaciones
2023-05-31,2023,Ingreso,Venta Mercado Interno,La Morenita SA,585463.73,ARS,2023-06-10,Cobrado,Banco BBVA,Operaciones
2023-05-31,2023,Ingreso,Venta Mercado Interno,La Morenita SA,402216.74,ARS,2023-06-15,Cobrado,Caja Operativa,Operaciones
2023-05-31,2023,Ingreso,Venta Mercado Interno,Supermercados Norte SA,184582.24,ARS,2023-06-16,Cobrado,Caja Operativa,Operaciones
2023-05-31,2023,Ingreso,Venta Mercado Interno,Supermercados Norte SA,675105.73,ARS,2023-06-20,Cobrado,Caja Operativa,Operaciones
2023-05-31,2023,Ingreso,Venta Mercado Interno,Supermercados Norte SA,392756.92,ARS,2023-06-24,Cobrado,Banco BBVA,Operaciones
2023-05-31,2023,Ingreso,Venta Mercado Interno,Supermercados Norte SA,408415.74,ARS,2023-06-17,Cobrado,Banco BBVA,Operaciones
2023-05-31,2023,Ingreso,Venta Mercado Interno,Supermercados Norte SA,280021.83,ARS,2023-06-24,Pendiente,Banco Galicia,Operaciones
2023-06-07,2023,Egreso,Certificaciones,Certificaciones Global GAP,396032.58,ARS,2023-06-15,Pagado,Banco Galicia,Operaciones
2023-06-07,2023,Egreso,Comisiones,Certificaciones Global GAP,198164.51,ARS,2023-06-14,Pagado,Banco Galicia,Operaciones
2023-06-07,2023,Egreso,Control de calidad,TecnoPacking SRL,2788329.25,ARS,2023-06-12,Pendiente,Banco Nación,Operaciones
2023-06-07,2023,Egreso,Despacho aduana,Despachos del NOA,4874646.6,ARS,2023-06-22,Pendiente,Banco BBVA,Operaciones
2023-06-07,2023,Egreso,Energía,Energía Tucumán SA,3019222.22,ARS,2023-06-13,Pagado,Banco Nación,Operaciones
2023-06-07,2023,Egreso,Envases y embalajes,Envases del Tucumán,2232253.59,ARS,2023-06-23,Pagado,Banco Nación,Operaciones
2023-06-07,2023,Egreso,Fitosanitarios,Agroinsumos SA,4277848.91,ARS,2023-06-17,Pagado,Banco Nación,Operaciones
2023-06-07,2023,Egreso,Flete exportación,Transportes del Norte SA,4665006.32,ARS,2023-06-17,Pagado,Caja Operativa,Operaciones
2023-06-07,2023,Egreso,Flete interno,Transportes del Norte SA,3514760.7,ARS,2023-06-14,Pagado,Caja Operativa,Operaciones
2023-06-07,2023,Egreso,Frigorífico,Despachos del NOA,3772850.83,ARS,2023-06-20,Pagado,Caja Operativa,Operaciones
2023-06-07,2023,Egreso,Gastos generales,Contaduría Castillo,487337.33,ARS,2023-06-17,Pagado,Banco BBVA,Operaciones
2023-06-07,2023,Egreso,Honorarios,AFIP,1110895.26,ARS,2023-06-22,Pagado,Banco Galicia,Impuestos
2023-06-07,2023,Egreso,Impuestos,Contaduría Castillo,767833.23,ARS,2023-06-26,Pagado,Banco Galicia,Operaciones
2023-06-07,2023,Egreso,Insumos agrícolas,Cooperativa Citrícola,4027994.93,ARS,2023-06-15,Pagado,Banco BBVA,Operaciones
2023-06-07,2023,Egreso,Mano de obra cosecha,Agroinsumos SA,2076940.0,ARS,2023-06-14,Pagado,Banco BBVA,Operaciones
2023-06-07,2023,Egreso,Mano de obra empaque,TecnoPacking SRL,2127458.12,ARS,2023-06-15,Pagado,Banco Galicia,Operaciones
2023-06-07,2023,Egreso,Mantenimiento líneas,TecnoPacking SRL,3139554.88,ARS,2023-06-20,Pagado,Caja Operativa,Operaciones
2023-06-07,2023,Egreso,Maquinaria,Cooperativa Citrícola,3326770.63,ARS,2023-06-18,Pagado,Banco BBVA,Operaciones
2023-06-07,2023,Egreso,Promoción comercial,Certificaciones Global GAP,778229.81,ARS,2023-06-12,Pendiente,Banco BBVA,Operaciones
2023-06-07,2023,Egreso,Riego,Cooperativa Citrícola,3266927.23,ARS,2023-06-16,Pagado,Banco BBVA,Operaciones
2023-06-07,2023,Egreso,Seguros,Contaduría Castillo,579606.51,ARS,2023-06-21,Pagado,Banco Nación,Impuestos
2023-06-07,2023,Egreso,Sueldos administración,Contaduría Castillo,697823.03,ARS,2023-06-17,Pagado,Banco BBVA,Operaciones
2023-06-07,2023,Egreso,Viajes comerciales,Promoción de Mercados SA,220316.15,ARS,2023-06-12,Pagado,Banco BBVA,Operaciones
2023-06-07,2023,Ingreso,Venta Exportación,Al Salam Trading,1359410.93,ARS,2023-06-30,Cobrado,Banco Galicia,Operaciones
2023-06-07,2023,Ingreso,Venta Exportación,Al Salam Trading,1179335.55,ARS,2023-06-26,Vencido,Caja Operativa,Operaciones
2023-06-07,2023,Ingreso,Venta Exportación,Al Salam Trading,3753354.87,ARS,2023-06-29,Cobrado,Banco Galicia,Operaciones
2023-06-07,2023,Ingreso,Venta Exportación,Al Salam Trading,1834789.62,ARS,2023-07-04,Cobrado,Banco Galicia,Operaciones
2023-06-07,2023,Ingreso,Venta Exportación,Al Salam Trading,1899934.44,ARS,2023-07-06,Cobrado,Banco BBVA,Operaciones
2023-06-07,2023,Ingreso,Venta Exportación,Al Salam Trading,1019788.35,ARS,2023-06-30,Cobrado,Caja Operativa,Operaciones
2023-06-07,2023,Ingreso,Venta Exportación,Citrus World Ltd,3472395.63,ARS,2023-06-30,Cobrado,Banco Nación,Operaciones
2023-06-07,2023,Ingreso,Venta Exportación,Citrus World Ltd,2976500.02,ARS,2023-06-28,Cobrado,Banco Nación,Operaciones
2023-06-07,2023,Ingreso,Venta Exportación,Citrus World Ltd,1909460.72,ARS,2023-06-26,Cobrado,Banco Nación,Operaciones
2023-06-07,2023,Ingreso,Venta Exportación,Citrus World Ltd,752314.48,ARS,2023-07-03,Cobrado,Banco Galicia,Operaciones
2023-06-07,2023,Ingreso,Venta Exportación,Fischer Import GmbH,2321797.14,ARS,2023-07-11,Pendiente,Caja Operativa,Operaciones
2023-06-07,2023,Ingreso,Venta Exportación,Fischer Import GmbH,321868.64,ARS,2023-06-27,Cobrado,Caja Operativa,Operaciones
2023-06-07,2023,Ingreso,Venta Exportación,Fischer Import GmbH,836854.22,ARS,2023-07-09,Cobrado,Banco BBVA,Operaciones
2023-06-07,2023,Ingreso,Venta Exportación,Fischer Import GmbH,1596344.85,ARS,2023-07-01,Cobrado,Banco Nación,Operaciones
2023-06-07,2023,Ingreso,Venta Exportación,Fischer Import GmbH,2438271.29,ARS,2023-07-09,Cobrado,Banco Galicia,Operaciones
2023-06-07,2023,Ingreso,Venta Exportación,Fischer Import GmbH,2276677.26,ARS,2023-07-17,Cobrado,Banco Nación,Operaciones
2023-06-07,2023,Ingreso,Venta Exportación,Fischer Import GmbH,294316.85,ARS,2023-07-05,Cobrado,Banco Nación,Operaciones
2023-06-07,2023,Ingreso,Venta Exportación,Medifresh SA,1376830.93,ARS,2023-07-07,Cobrado,Banco BBVA,Operaciones
2023-06-07,2023,Ingreso,Venta Exportación,Medifresh SA,513093.23,ARS,2023-07-09,Cobrado,Banco BBVA,Operaciones
2023-06-07,2023,Ingreso,Venta Exportación,Medifresh SA,1159521.45,ARS,2023-07-11,Pendiente,Caja Operativa,Operaciones
2023-06-07,2023,Ingreso,Venta Exportación,Medifresh SA,1783841.05,ARS,2023-07-01,Cobrado,Caja Operativa,Operaciones
2023-06-07,2023,Ingreso,Venta Exportación,Medifresh SA,1411121.83,ARS,2023-06-30,Cobrado,Caja Operativa,Operaciones
2023-06-07,2023,Ingreso,Venta Industria,Citromax SA,101961.07,ARS,2023-07-04,Pendiente,Caja Operativa,Operaciones
2023-06-07,2023,Ingreso,Venta Industria,Citromax SA,154348.04,ARS,2023-07-17,Cobrado,Caja Operativa,Operaciones
2023-06-07,2023,Ingreso,Venta Industria,Citromax SA,94325.72,ARS,2023-06-30,Cobrado,Banco Galicia,Operaciones
2023-06-07,2023,Ingreso,Venta Industria,Citromax SA,177877.11,ARS,2023-07-06,Cobrado,Banco Galicia,Operaciones
2023-06-07,2023,Ingreso,Venta Industria,Citromax SA,123839.52,ARS,2023-07-06,Cobrado,Banco BBVA,Operaciones
2023-06-07,2023,Ingreso,Venta Industria,Citromax SA,119334.02,ARS,2023-07-01,Pendiente,Banco Nación,Operaciones
2023-06-07,2023,Ingreso,Venta Industria,Citromax SA,143204.38,ARS,2023-06-27,Vencido,Caja Operativa,Operaciones
2023-06-07,2023,Ingreso,Venta Industria,Citromax SA,164138.35,ARS,2023-07-14,Cobrado,Banco Galicia,Operaciones
2023-06-07,2023,Ingreso,Venta Industria,Frutales Tucumán SRL,64484.93,ARS,2023-07-10,Pendiente,Banco Galicia,Operaciones
2023-06-07,2023,Ingreso,Venta Industria,Frutales Tucumán SRL,132455.08,ARS,2023-07-06,Cobrado,Banco Nación,Operaciones
2023-06-07,2023,Ingreso,Venta Industria,Frutales Tucumán SRL,86549.56,ARS,2023-07-08,Cobrado,Banco Galicia,Operaciones
2023-06-07,2023,Ingreso,Venta Industria,Frutales Tucumán SRL,102654.33,ARS,2023-07-15,Pendiente,Banco BBVA,Operaciones
2023-06-07,2023,Ingreso,Venta Industria,Frutales Tucumán SRL,74287.05,ARS,2023-07-15,Cobrado,Banco BBVA,Operaciones
2023-06-07,2023,Ingreso,Venta Industria,Frutales Tucumán SRL,225560.18,ARS,2023-07-07,Cobrado,Banco Galicia,Operaciones
2023-06-07,2023,Ingreso,Venta Industria,Frutales Tucumán SRL,142824.8,ARS,2023-06-30,Cobrado,Caja Operativa,Operaciones
2023-06-07,2023,Ingreso,Venta Industria,Frutales Tucumán SRL,115217.73,ARS,2023-06-27,Cobrado,Banco Galicia,Operaciones
2023-06-07,2023,Ingreso,Venta Industria,Frutales Tucumán SRL,79642.56,ARS,2023-07-10,Cobrado,Caja Operativa,Operaciones
2023-06-07,2023,Ingreso,Venta Mercado Interno,Central de Frutas SA,373285.53,ARS,2023-06-25,Cobrado,Caja Operativa,Operaciones
2023-06-07,2023,Ingreso,Venta Mercado Interno,Central de Frutas SA,887093.24,ARS,2023-06-22,Cobrado,Caja Operativa,Operaciones
2023-06-07,2023,Ingreso,Venta Mercado Interno,Central de Frutas SA,656889.79,ARS,2023-07-01,Cobrado,Banco Nación,Operaciones
2023-06-07,2023,Ingreso,Venta Mercado Interno,Frutales del Norte SRL,171436.65,ARS,2023-07-01,Cobrado,Caja Operativa,Operaciones
2023-06-07,2023,Ingreso,Venta Mercado Interno,Frutales del Norte SRL,448883.11,ARS,2023-06-20,Cobrado,Caja Operativa,Operaciones
2023-06-07,2023,Ingreso,Venta Mercado Interno,Frutales del Norte SRL,327979.39,ARS,2023-06-24,Cobrado,Banco Galicia,Operaciones
2023-06-07,2023,Ingreso,Venta Mercado Interno,Frutales del Norte SRL,259099.67,ARS,2023-06-26,Cobrado,Banco BBVA,Operaciones
2023-06-07,2023,Ingreso,Venta Mercado Interno,Frutales del Norte SRL,346674.98,ARS,2023-06-25,Cobrado,Caja Operativa,Operaciones
2023-06-07,2023,Ingreso,Venta Mercado Interno,La Morenita SA,1113467.03,ARS,2023-06-17,Cobrado,Banco Nación,Operaciones
2023-06-07,2023,Ingreso,Venta Mercado Interno,La Morenita SA,642561.23,ARS,2023-06-21,Cobrado,Banco Galicia,Operaciones
2023-06-07,2023,Ingreso,Venta Mercado Interno,La Morenita SA,673313.1,ARS,2023-06-19,Cobrado,Caja Operativa,Operaciones
2023-06-07,2023,Ingreso,Venta Mercado Interno,Supermercados Norte SA,481159.25,ARS,2023-06-21,Cobrado,Banco Galicia,Operaciones
2023-06-07,2023,Ingreso,Venta Mercado Interno,Supermercados Norte SA,365790.53,ARS,2023-06-18,Pendiente,Banco Nación,Operaciones
2023-06-07,2023,Ingreso,Venta Mercado Interno,Supermercados Norte SA,743246.84,ARS,2023-07-01,Pendiente,Caja Operativa,Operaciones
2023-06-07,2023,Ingreso,Venta Mercado Interno,Supermercados Norte SA,349641.59,ARS,2023-06-17,Cobrado,Banco Nación,Operaciones
2023-06-07,2023,Ingreso,Venta Mercado Interno,Supermercados Norte SA,544995.6,ARS,2023-06-23,Cobrado,Banco BBVA,Operaciones
2023-06-07,2023,Ingreso,Venta Mercado Interno,Supermercados Norte SA,363620.23,ARS,2023-06-25,Cobrado,Banco Galicia,Operaciones
2023-06-14,2023,Egreso,Certificaciones,Broker Comercial Citrus,388156.28,ARS,2023-06-27,Pagado,Banco Nación,Operaciones
2023-06-14,2023,Egreso,Comisiones,Broker Comercial Citrus,105110.25,ARS,2023-06-29,Pagado,Banco Galicia,Operaciones
2023-06-14,2023,Egreso,Control de calidad,Envases del Tucumán,2287763.74,ARS,2023-06-29,Pagado,Banco Galicia,Operaciones
2023-06-14,2023,Egreso,Despacho aduana,Transportes del Norte SA,4467223.1,ARS,2023-06-23,Vencido,Banco BBVA,Operaciones
2023-06-14,2023,Egreso,Energía,TecnoPacking SRL,2503643.69,ARS,2023-06-25,Pendiente,Banco BBVA,Operaciones
2023-06-14,2023,Egreso,Envases y embalajes,Energía Tucumán SA,2309037.43,ARS,2023-06-24,Pagado,Banco Galicia,Operaciones
2023-06-14,2023,Egreso,Fitosanitarios,Cooperativa Citrícola,2977021.03,ARS,2023-06-29,Pagado,Caja Operativa,Operaciones
2023-06-14,2023,Egreso,Flete exportación,Transportes del Norte SA,4061512.68,ARS,2023-06-26,Pagado,Caja Operativa,Operaciones
2023-06-14,2023,Egreso,Flete interno,Transportes del Norte SA,6493847.53,ARS,2023-06-29,Pagado,Banco BBVA,Operaciones
2023-06-14,2023,Egreso,Frigorífico,Despachos del NOA,1526877.26,ARS,2023-06-27,Pagado,Banco Galicia,Operaciones
2023-06-14,2023,Egreso,Gastos generales,DGR Tucumán,326216.18,ARS,2023-06-24,Pagado,Banco Galicia,Operaciones
2023-06-14,2023,Egreso,Honorarios,AFIP,1337143.26,ARS,2023-06-28,Pendiente,Banco Nación,Impuestos
2023-06-14,2023,Egreso,Impuestos,Contaduría Castillo,436490.93,ARS,2023-06-24,Pagado,Banco Nación,Operaciones
2023-06-14,2023,Egreso,Insumos agrícolas,Cooperativa Citrícola,2460119.33,ARS,2023-06-27,Pendiente,Banco Nación,Operaciones
2023-06-14,2023,Egreso,Mano de obra cosecha,Cooperativa Citrícola,3266520.72,ARS,2023-06-30,Pendiente,Banco BBVA,Operaciones
2023-06-14,2023,Egreso,Mano de obra empaque,Energía Tucumán SA,2611164.71,ARS,2023-06-29,Pendiente,Banco BBVA,Operaciones
2023-06-14,2023,Egreso,Mantenimiento líneas,Energía Tucumán SA,2756605.66,ARS,2023-06-21,Pagado,Banco Nación,Operaciones
2023-06-14,2023,Egreso,Maquinaria,Cooperativa Citrícola,4603058.07,ARS,2023-06-24,Pendiente,Banco Galicia,Operaciones
2023-06-14,2023,Egreso,Promoción comercial,Promoción de Mercados SA,591081.72,ARS,2023-06-22,Pagado,Banco Galicia,Operaciones
2023-06-14,2023,Egreso,Riego,Cooperativa Citrícola,2880359.98,ARS,2023-06-20,Vencido,Banco Galicia,Operaciones
2023-06-14,2023,Egreso,Seguros,DGR Tucumán,597276.29,ARS,2023-07-01,Pendiente,Caja Operativa,Impuestos
2023-06-14,2023,Egreso,Sueldos administración,Contaduría Castillo,867716.77,ARS,2023-07-01,Pagado,Banco Galicia,Impuestos
2023-06-14,2023,Egreso,Viajes comerciales,Broker Comercial Citrus,569722.72,ARS,2023-06-25,Pendiente,Banco Galicia,Operaciones
2023-06-14,2023,Ingreso,Venta Exportación,Al Salam Trading,370746.26,ARS,2023-07-06,Pendiente,Banco Galicia,Operaciones
2023-06-14,2023,Ingreso,Venta Exportación,Al Salam Trading,1754125.96,ARS,2023-07-02,Cobrado,Caja Operativa,Operaciones
2023-06-14,2023,Ingreso,Venta Exportación,Al Salam Trading,1201745.29,ARS,2023-07-20,Cobrado,Caja Operativa,Operaciones
2023-06-14,2023,Ingreso,Venta Exportación,Al Salam Trading,579847.66,ARS,2023-07-14,Cobrado,Caja Operativa,Operaciones
2023-06-14,2023,Ingreso,Venta Exportación,Al Salam Trading,1598808.7,ARS,2023-07-08,Pendiente,Banco Nación,Operaciones
2023-06-14,2023,Ingreso,Venta Exportación,Al Salam Trading,1900035.8,ARS,2023-07-02,Cobrado,Banco BBVA,Operaciones
2023-06-14,2023,Ingreso,Venta Exportación,Al Salam Trading,943796.44,ARS,2023-07-15,Pendiente,Banco Nación,Operaciones
2023-06-14,2023,Ingreso,Venta Exportación,Al Salam Trading,1363431.53,ARS,2023-07-11,Cobrado,Banco BBVA,Operaciones
2023-06-14,2023,Ingreso,Venta Exportación,Al Salam Trading,2489508.21,ARS,2023-07-14,Pendiente,Caja Operativa,Operaciones
2023-06-14,2023,Ingreso,Venta Exportación,Citrus World Ltd,2656401.27,ARS,2023-07-12,Cobrado,Banco Nación,Operaciones
2023-06-14,2023,Ingreso,Venta Exportación,Citrus World Ltd,3236813.03,ARS,2023-07-20,Cobrado,Caja Operativa,Operaciones
2023-06-14,2023,Ingreso,Venta Exportación,Citrus World Ltd,1067356.7,ARS,2023-07-12,Cobrado,Banco Nación,Operaciones
2023-06-14,2023,Ingreso,Venta Exportación,Citrus World Ltd,2537695.25,ARS,2023-07-15,Vencido,Banco Nación,Operaciones
2023-06-14,2023,Ingreso,Venta Exportación,Citrus World Ltd,1709024.79,ARS,2023-07-08,Cobrado,Banco Nación,Operaciones
2023-06-14,2023,Ingreso,Venta Exportación,Fischer Import GmbH,2106626.08,ARS,2023-07-04,Cobrado,Banco Galicia,Operaciones
2023-06-14,2023,Ingreso,Venta Exportación,Fischer Import GmbH,1867867.55,ARS,2023-07-24,Cobrado,Banco Galicia,Operaciones
2023-06-14,2023,Ingreso,Venta Exportación,Fischer Import GmbH,2359260.22,ARS,2023-07-05,Cobrado,Banco Galicia,Operaciones
2023-06-14,2023,Ingreso,Venta Exportación,Medifresh SA,2065280.95,ARS,2023-07-08,Cobrado,Banco BBVA,Operaciones
2023-06-14,2023,Ingreso,Venta Exportación,Medifresh SA,1619413.76,ARS,2023-07-08,Pendiente,Banco Galicia,Operaciones
2023-06-14,2023,Ingreso,Venta Exportación,Medifresh SA,2368328.51,ARS,2023-07-03,Pendiente,Banco BBVA,Operaciones
2023-06-14,2023,Ingreso,Venta Industria,Citromax SA,101976.45,ARS,2023-07-29,Vencido,Banco Galicia,Operaciones
2023-06-14,2023,Ingreso,Venta Industria,Citromax SA,111994.7,ARS,2023-07-22,Cobrado,Banco BBVA,Operaciones
2023-06-14,2023,Ingreso,Venta Industria,Citromax SA,131258.29,ARS,2023-07-04,Cobrado,Banco BBVA,Operaciones
2023-06-14,2023,Ingreso,Venta Industria,Citromax SA,250511.67,ARS,2023-07-16,Pendiente,Caja Operativa,Operaciones
2023-06-14,2023,Ingreso,Venta Industria,Citromax SA,158268.89,ARS,2023-07-10,Pendiente,Banco Galicia,Operaciones
2023-06-14,2023,Ingreso,Venta Industria,Frutales Tucumán SRL,84766.62,ARS,2023-07-17,Cobrado,Banco Nación,Operaciones
2023-06-14,2023,Ingreso,Venta Industria,Frutales Tucumán SRL,136555.23,ARS,2023-07-11,Pendiente,Banco Galicia,Operaciones
2023-06-14,2023,Ingreso,Venta Industria,Frutales Tucumán SRL,88259.64,ARS,2023-07-25,Cobrado,Banco Nación,Operaciones
2023-06-14,2023,Ingreso,Venta Industria,Frutales Tucumán SRL,102147.95,ARS,2023-07-29,Cobrado,Banco Galicia,Operaciones
2023-06-14,2023,Ingreso,Venta Industria,Frutales Tucumán SRL,121575.66,ARS,2023-07-07,Pendiente,Caja Operativa,Operaciones
2023-06-14,2023,Ingreso,Venta Industria,Frutales Tucumán SRL,108341.55,ARS,2023-07-05,Cobrado,Banco Nación,Operaciones
2023-06-14,2023,Ingreso,Venta Industria,Frutales Tucumán SRL,78206.16,ARS,2023-07-23,Cobrado,Banco BBVA,Operaciones
2023-06-14,2023,Ingreso,Venta Industria,Frutales Tucumán SRL,76730.71,ARS,2023-07-23,Cobrado,Caja Operativa,Operaciones
2023-06-14,2023,Ingreso,Venta Industria,Frutales Tucumán SRL,136564.49,ARS,2023-07-19,Cobrado,Caja Operativa,Operaciones
2023-06-14,2023,Ingreso,Venta Industria,Frutales Tucumán SRL,92006.64,ARS,2023-07-11,Cobrado,Banco Nación,Operaciones
2023-06-14,2023,Ingreso,Venta Industria,Frutales Tucumán SRL,132689.47,ARS,2023-07-19,Cobrado,Caja Operativa,Operaciones
2023-06-14,2023,Ingreso,Venta Industria,Frutales Tucumán SRL,107354.44,ARS,2023-07-27,Cobrado,Banco Galicia,Operaciones
2023-06-14,2023,Ingreso,Venta Mercado Interno,Central de Frutas SA,246302.16,ARS,2023-07-07,Pendiente,Banco Nación,Operaciones
2023-06-14,2023,Ingreso,Venta Mercado Interno,Central de Frutas SA,582320.77,ARS,2023-07-04,Pendiente,Caja Operativa,Operaciones
2023-06-14,2023,Ingreso,Venta Mercado Interno,Central de Frutas SA,445330.51,ARS,2023-07-03,Cobrado,Banco Galicia,Operaciones
2023-06-14,2023,Ingreso,Venta Mercado Interno,Frutales del Norte SRL,625101.92,ARS,2023-06-24,Cobrado,Banco Nación,Operaciones
2023-06-14,2023,Ingreso,Venta Mercado Interno,Frutales del Norte SRL,495952.88,ARS,2023-06-24,Cobrado,Banco Galicia,Operaciones
2023-06-14,2023,Ingreso,Venta Mercado Interno,Frutales del Norte SRL,688283.32,ARS,2023-07-08,Cobrado,Banco Nación,Operaciones
2023-06-14,2023,Ingreso,Venta Mercado Interno,Frutales del Norte SRL,313354.8,ARS,2023-06-30,Cobrado,Banco BBVA,Operaciones
2023-06-14,2023,Ingreso,Venta Mercado Interno,La Morenita SA,426748.21,ARS,2023-06-24,Pendiente,Banco BBVA,Operaciones
2023-06-14,2023,Ingreso,Venta Mercado Interno,La Morenita SA,747080.76,ARS,2023-06-27,Cobrado,Caja Operativa,Operaciones
2023-06-14,2023,Ingreso,Venta Mercado Interno,La Morenita SA,652468.6,ARS,2023-07-05,Cobrado,Caja Operativa,Operaciones
2023-06-14,2023,Ingreso,Venta Mercado Interno,La Morenita SA,319119.12,ARS,2023-06-24,Cobrado,Banco Galicia,Operaciones
2023-06-14,2023,Ingreso,Venta Mercado Interno,La Morenita SA,338105.54,ARS,2023-07-07,Cobrado,Banco BBVA,Operaciones
2023-06-14,2023,Ingreso,Venta Mercado Interno,Supermercados Norte SA,599194.33,ARS,2023-07-07,Cobrado,Banco BBVA,Operaciones
2023-06-14,2023,Ingreso,Venta Mercado Interno,Supermercados Norte SA,353723.36,ARS,2023-07-08,Pendiente,Caja Operativa,Operaciones
2023-06-14,2023,Ingreso,Venta Mercado Interno,Supermercados Norte SA,631219.45,ARS,2023-06-26,Cobrado,Banco BBVA,Operaciones
2023-06-14,2023,Ingreso,Venta Mercado Interno,Supermercados Norte SA,313412.92,ARS,2023-06-26,Cobrado,Banco Nación,Operaciones
2023-06-14,2023,Ingreso,Venta Mercado Interno,Supermercados Norte SA,385479.91,ARS,2023-06-30,Cobrado,Banco Galicia,Operaciones
2023-06-21,2023,Egreso,Certificaciones,Certificaciones Global GAP,646002.97,ARS,2023-07-08,Pagado,Banco Galicia,Operaciones
2023-06-21,2023,Egreso,Comisiones,Certificaciones Global GAP,355934.45,ARS,2023-07-09,Pendiente,Banco BBVA,Operaciones
2023-06-21,2023,Egreso,Control de calidad,TecnoPacking SRL,2706214.36,ARS,2023-07-05,Pagado,Banco Galicia,Operaciones
2023-06-21,2023,Egreso,Despacho aduana,Transportes del Norte SA,3468455.68,ARS,2023-07-05,Pendiente,Caja Operativa,Operaciones
2023-06-21,2023,Egreso,Energía,TecnoPacking SRL,3160827.23,ARS,2023-06-26,Pendiente,Banco BBVA,Operaciones
2023-06-21,2023,Egreso,Envases y embalajes,Energía Tucumán SA,2173329.77,ARS,2023-06-28,Pagado,Banco BBVA,Operaciones
2023-06-21,2023,Egreso,Fitosanitarios,Agroinsumos SA,3127237.07,ARS,2023-07-02,Pagado,Banco BBVA,Operaciones
2023-06-21,2023,Egreso,Flete exportación,FríoAndes Logística,3038288.68,ARS,2023-07-09,Pagado,Banco BBVA,Operaciones
2023-06-21,2023,Egreso,Flete interno,Transportes del Norte SA,5578644.13,ARS,2023-07-07,Pagado,Banco BBVA,Operaciones
2023-06-21,2023,Egreso,Frigorífico,Transportes del Norte SA,5234315.36,ARS,2023-06-30,Pagado,Banco BBVA,Operaciones
2023-06-21,2023,Egreso,Gastos generales,AFIP,638612.78,ARS,2023-07-15,Pendiente,Caja Operativa,Operaciones
2023-06-21,2023,Egreso,Honorarios,Contaduría Castillo,812965.13,ARS,2023-07-04,Pendiente,Banco Galicia,Operaciones
2023-06-21,2023,Egreso,Impuestos,DGR Tucumán,892638.63,ARS,2023-07-04,Pendiente,Banco Nación,Operaciones
2023-06-21,2023,Egreso,Insumos agrícolas,Agroinsumos SA,3845549.4,ARS,2023-06-29,Pendiente,Banco Nación,Operaciones
2023-06-21,2023,Egreso,Mano de obra cosecha,Agroinsumos SA,4327321.14,ARS,2023-07-02,Pagado,Banco BBVA,Operaciones
2023-06-21,2023,Egreso,Mano de obra empaque,Energía Tucumán SA,1996655.91,ARS,2023-06-28,Pagado,Banco BBVA,Operaciones
2023-06-21,2023,Egreso,Mantenimiento líneas,Envases del Tucumán,3919230.45,ARS,2023-07-01,Pendiente,Caja Operativa,Operaciones
2023-06-21,2023,Egreso,Maquinaria,Cooperativa Citrícola,2901311.67,ARS,2023-07-01,Pagado,Banco Galicia,Operaciones
2023-06-21,2023,Egreso,Promoción comercial,Certificaciones Global GAP,213966.02,ARS,2023-07-06,Pendiente,Caja Operativa,Operaciones
2023-06-21,2023,Egreso,Riego,Cooperativa Citrícola,3764094.0,ARS,2023-07-01,Pagado,Banco Galicia,Operaciones
2023-06-21,2023,Egreso,Seguros,Contaduría Castillo,542661.61,ARS,2023-07-16,Pendiente,Caja Operativa,Operaciones
2023-06-21,2023,Egreso,Sueldos administración,AFIP,778649.31,ARS,2023-07-10,Pagado,Banco Galicia,Impuestos
2023-06-21,2023,Egreso,Viajes comerciales,Certificaciones Global GAP,580205.67,ARS,2023-06-27,Pendiente,Banco Galicia,Operaciones
2023-06-21,2023,Ingreso,Venta Exportación,Al Salam Trading,1718633.71,ARS,2023-07-17,Cobrado,Banco Galicia,Operaciones
2023-06-21,2023,Ingreso,Venta Exportación,Al Salam Trading,930445.98,ARS,2023-07-11,Cobrado,Banco Galicia,Operaciones
2023-06-21,2023,Ingreso,Venta Exportación,Al Salam Trading,2034541.13,ARS,2023-07-10,Cobrado,Banco Nación,Operaciones
2023-06-21,2023,Ingreso,Venta Exportación,Al Salam Trading,1906918.17,ARS,2023-07-29,Pendiente,Caja Operativa,Operaciones
2023-06-21,2023,Ingreso,Venta Exportación,Al Salam Trading,1395773.38,ARS,2023-07-28,Cobrado,Caja Operativa,Operaciones
2023-06-21,2023,Ingreso,Venta Exportación,Citrus World Ltd,843327.41,ARS,2023-07-30,Cobrado,Caja Operativa,Operaciones
2023-06-21,2023,Ingreso,Venta Exportación,Citrus World Ltd,3717042.17,ARS,2023-07-25,Cobrado,Banco BBVA,Operaciones
2023-06-21,2023,Ingreso,Venta Exportación,Citrus World Ltd,2457190.94,ARS,2023-07-17,Cobrado,Banco Nación,Operaciones
2023-06-21,2023,Ingreso,Venta Exportación,Citrus World Ltd,2404167.7,ARS,2023-07-24,Cobrado,Banco Nación,Operaciones
2023-06-21,2023,Ingreso,Venta Exportación,Citrus World Ltd,1600691.8,ARS,2023-07-11,Cobrado,Banco Galicia,Operaciones
2023-06-21,2023,Ingreso,Venta Exportación,Fischer Import GmbH,1166013.66,ARS,2023-07-09,Cobrado,Banco Nación,Operaciones
2023-06-21,2023,Ingreso,Venta Exportación,Fischer Import GmbH,2356123.47,ARS,2023-07-23,Cobrado,Caja Operativa,Operaciones
2023-06-21,2023,Ingreso,Venta Exportación,Fischer Import GmbH,1625604.92,ARS,2023-07-22,Cobrado,Banco Nación,Operaciones
2023-06-21,2023,Ingreso,Venta Exportación,Fischer Import GmbH,1133682.66,ARS,2023-07-15,Cobrado,Caja Operativa,Operaciones
2023-06-21,2023,Ingreso,Venta Exportación,Fischer Import GmbH,703457.01,ARS,2023-07-15,Pendiente,Banco Galicia,Operaciones
2023-06-21,2023,Ingreso,Venta Exportación,Fischer Import GmbH,1654082.46,ARS,2023-07-28,Cobrado,Banco Galicia,Operaciones
2023-06-21,2023,Ingreso,Venta Exportación,Fischer Import GmbH,1776532.2,ARS,2023-07-09,Cobrado,Banco Nación,Operaciones
2023-06-21,2023,Ingreso,Venta Exportación,Fischer Import GmbH,2479674.78,ARS,2023-07-09,Pendiente,Banco Galicia,Operaciones
2023-06-21,2023,Ingreso,Venta Exportación,Medifresh SA,2429570.65,ARS,2023-07-13,Cobrado,Banco BBVA,Operaciones
2023-06-21,2023,Ingreso,Venta Exportación,Medifresh SA,1328162.75,ARS,2023-07-09,Cobrado,Banco BBVA,Operaciones
2023-06-21,2023,Ingreso,Venta Exportación,Medifresh SA,1687600.52,ARS,2023-07-13,Cobrado,Caja Operativa,Operaciones
2023-06-21,2023,Ingreso,Venta Exportación,Medifresh SA,689609.72,ARS,2023-07-24,Cobrado,Caja Operativa,Operaciones
2023-06-21,2023,Ingreso,Venta Exportación,Medifresh SA,2275248.01,ARS,2023-07-18,Cobrado,Banco Nación,Operaciones
2023-06-21,2023,Ingreso,Venta Industria,Citromax SA,176817.34,ARS,2023-08-03,Cobrado,Caja Operativa,Operaciones
2023-06-21,2023,Ingreso,Venta Industria,Citromax SA,90146.64,ARS,2023-07-16,Cobrado,Banco Nación,Operaciones
2023-06-21,2023,Ingreso,Venta Industria,Citromax SA,217794.13,ARS,2023-08-05,Cobrado,Banco Nación,Operaciones
2023-06-21,2023,Ingreso,Venta Industria,Citromax SA,107936.35,ARS,2023-07-13,Vencido,Caja Operativa,Operaciones
2023-06-21,2023,Ingreso,Venta Industria,Citromax SA,166096.31,ARS,2023-07-12,Cobrado,Caja Operativa,Operaciones
2023-06-21,2023,Ingreso,Venta Industria,Citromax SA,153962.55,ARS,2023-07-26,Cobrado,Banco Galicia,Operaciones
2023-06-21,2023,Ingreso,Venta Industria,Frutales Tucumán SRL,107805.26,ARS,2023-07-17,Cobrado,Banco Galicia,Operaciones
2023-06-21,2023,Ingreso,Venta Industria,Frutales Tucumán SRL,68125.49,ARS,2023-07-24,Cobrado,Banco BBVA,Operaciones
2023-06-21,2023,Ingreso,Venta Industria,Frutales Tucumán SRL,138331.39,ARS,2023-07-27,Vencido,Banco Galicia,Operaciones
2023-06-21,2023,Ingreso,Venta Industria,Frutales Tucumán SRL,135882.0,ARS,2023-07-31,Cobrado,Banco Nación,Operaciones
2023-06-21,2023,Ingreso,Venta Industria,Frutales Tucumán SRL,108192.57,ARS,2023-08-02,Cobrado,Banco Nación,Operaciones
2023-06-21,2023,Ingreso,Venta Industria,Frutales Tucumán SRL,151928.32,ARS,2023-07-25,Pendiente,Caja Operativa,Operaciones
2023-06-21,2023,Ingreso,Venta Industria,Frutales Tucumán SRL,106688.79,ARS,2023-07-13,Cobrado,Caja Operativa,Operaciones
2023-06-21,2023,Ingreso,Venta Industria,Frutales Tucumán SRL,239391.4,ARS,2023-07-11,Cobrado,Banco Nación,Operaciones
2023-06-21,2023,Ingreso,Venta Industria,Frutales Tucumán SRL,151000.56,ARS,2023-08-04,Cobrado,Banco Galicia,Operaciones
2023-06-21,2023,Ingreso,Venta Industria,Frutales Tucumán SRL,139019.73,ARS,2023-07-30,Pendiente,Banco BBVA,Operaciones
2023-06-21,2023,Ingreso,Venta Industria,Frutales Tucumán SRL,122157.25,ARS,2023-07-12,Cobrado,Banco Nación,Operaciones
2023-06-21,2023,Ingreso,Venta Mercado Interno,Central de Frutas SA,257735.64,ARS,2023-07-12,Cobrado,Banco Nación,Operaciones
2023-06-21,2023,Ingreso,Venta Mercado Interno,Central de Frutas SA,432259.38,ARS,2023-07-15,Cobrado,Caja Operativa,Operaciones
2023-06-21,2023,Ingreso,Venta Mercado Interno,Central de Frutas SA,1080958.36,ARS,2023-07-12,Cobrado,Banco Galicia,Operaciones
2023-06-21,2023,Ingreso,Venta Mercado Interno,Central de Frutas SA,656488.87,ARS,2023-07-05,Cobrado,Banco Nación,Operaciones
2023-06-21,2023,Ingreso,Venta Mercado Interno,Central de Frutas SA,516285.57,ARS,2023-07-05,Cobrado,Caja Operativa,Operaciones
2023-06-21,2023,Ingreso,Venta Mercado Interno,Central de Frutas SA,389987.19,ARS,2023-07-14,Cobrado,Banco Nación,Operaciones
2023-06-21,2023,Ingreso,Venta Mercado Interno,Frutales del Norte SRL,693413.87,ARS,2023-07-13,Cobrado,Banco BBVA,Operaciones
2023-06-21,2023,Ingreso,Venta Mercado Interno,Frutales del Norte SRL,346983.71,ARS,2023-07-05,Cobrado,Banco BBVA,Operaciones
2023-06-21,2023,Ingreso,Venta Mercado Interno,Frutales del Norte SRL,545550.42,ARS,2023-07-14,Cobrado,Banco Galicia,Operaciones
2023-06-21,2023,Ingreso,Venta Mercado Interno,Frutales del Norte SRL,424452.49,ARS,2023-07-04,Cobrado,Banco Galicia,Operaciones
2023-06-21,2023,Ingreso,Venta Mercado Interno,La Morenita SA,683617.21,ARS,2023-07-02,Pendiente,Caja Operativa,Operaciones
2023-06-21,2023,Ingreso,Venta Mercado Interno,La Morenita SA,543516.01,ARS,2023-07-03,Pendiente,Banco Galicia,Operaciones
2023-06-21,2023,Ingreso,Venta Mercado Interno,La Morenita SA,317457.63,ARS,2023-07-14,Cobrado,Banco Galicia,Operaciones
2023-06-21,2023,Ingreso,Venta Mercado Interno,La Morenita SA,334873.88,ARS,2023-07-06,Pendiente,Caja Operativa,Operaciones
2023-06-21,2023,Ingreso,Venta Mercado Interno,Supermercados Norte SA,562504.31,ARS,2023-07-09,Cobrado,Banco Nación,Operaciones
2023-06-21,2023,Ingreso,Venta Mercado Interno,Supermercados Norte SA,548109.02,ARS,2023-07-04,Cobrado,Banco BBVA,Operaciones
2023-06-21,2023,Ingreso,Venta Mercado Interno,Supermercados Norte SA,525892.95,ARS,2023-07-07,Cobrado,Banco Nación,Operaciones
2023-06-25,2023,Ingreso,Adelanto exportación,Banco Nación - Prefinanciación,302715162.91,ARS,2023-07-25,Cobrado,Caja Operativa,Financiamiento
2023-06-28,2023,Egreso,Certificaciones,Certificaciones Global GAP,377369.69,ARS,2023-07-13,Pagado,Banco Galicia,Operaciones
2023-06-28,2023,Egreso,Comisiones,Promoción de Mercados SA,430657.16,ARS,2023-07-03,Pagado,Banco Galicia,Operaciones
2023-06-28,2023,Egreso,Control de calidad,Energía Tucumán SA,1911639.34,ARS,2023-07-06,Pagado,Banco Galicia,Operaciones
2023-06-28,2023,Egreso,Despacho aduana,Despachos del NOA,7601158.0,ARS,2023-07-09,Pagado,Banco BBVA,Operaciones
2023-06-28,2023,Egreso,Energía,TecnoPacking SRL,1981259.51,ARS,2023-07-12,Vencido,Caja Operativa,Operaciones
2023-06-28,2023,Egreso,Envases y embalajes,Envases del Tucumán,3411049.13,ARS,2023-07-13,Pagado,Banco Galicia,Operaciones
2023-06-28,2023,Egreso,Fitosanitarios,Servicios Rurales del NOA,4730634.71,ARS,2023-07-11,Pagado,Banco BBVA,Operaciones
2023-06-28,2023,Egreso,Flete exportación,Despachos del NOA,3928422.28,ARS,2023-07-09,Pagado,Caja Operativa,Operaciones
2023-06-28,2023,Egreso,Flete interno,Transportes del Norte SA,1983767.92,ARS,2023-07-15,Pagado,Banco Nación,Operaciones
2023-06-28,2023,Egreso,Frigorífico,Transportes del Norte SA,4157694.65,ARS,2023-07-16,Pendiente,Caja Operativa,Operaciones
2023-06-28,2023,Egreso,Gastos generales,AFIP,590934.09,ARS,2023-07-17,Pagado,Banco Galicia,Impuestos
2023-06-28,2023,Egreso,Honorarios,DGR Tucumán,780519.62,ARS,2023-07-23,Pagado,Caja Operativa,Operaciones
2023-06-28,2023,Egreso,Impuestos,DGR Tucumán,462968.47,ARS,2023-07-17,Pagado,Caja Operativa,Impuestos
2023-06-28,2023,Egreso,Insumos agrícolas,Agroinsumos SA,2328241.93,ARS,2023-07-05,Pagado,Caja Operativa,Operaciones
2023-06-28,2023,Egreso,Mano de obra cosecha,Servicios Rurales del NOA,3943963.67,ARS,2023-07-05,Pagado,Banco Galicia,Operaciones
2023-06-28,2023,Egreso,Mano de obra empaque,Envases del Tucumán,2954902.94,ARS,2023-07-09,Pagado,Banco Nación,Operaciones
2023-06-28,2023,Egreso,Mantenimiento líneas,Energía Tucumán SA,3573619.81,ARS,2023-07-04,Pendiente,Banco Galicia,Operaciones
2023-06-28,2023,Egreso,Maquinaria,Servicios Rurales del NOA,3698385.5,ARS,2023-07-13,Pagado,Banco Nación,Operaciones
2023-06-28,2023,Egreso,Promoción comercial,Certificaciones Global GAP,581149.64,ARS,2023-07-07,Pagado,Banco Galicia,Operaciones
2023-06-28,2023,Egreso,Riego,Agroinsumos SA,2471827.16,ARS,2023-07-04,Pagado,Banco Galicia,Operaciones
2023-06-28,2023,Egreso,Seguros,Contaduría Castillo,187799.26,ARS,2023-07-14,Pagado,Banco BBVA,Operaciones
2023-06-28,2023,Egreso,Sueldos administración,AFIP,1579438.24,ARS,2023-07-14,Pagado,Caja Operativa,Impuestos
2023-06-28,2023,Egreso,Viajes comerciales,Broker Comercial Citrus,422591.33,ARS,2023-07-11,Pagado,Caja Operativa,Operaciones
2023-06-28,2023,Ingreso,Venta Exportación,Al Salam Trading,2962779.48,ARS,2023-07-23,Cobrado,Caja Operativa,Operaciones
2023-06-28,2023,Ingreso,Venta Exportación,Al Salam Trading,397647.62,ARS,2023-07-19,Cobrado,Caja Operativa,Operaciones
2023-06-28,2023,Ingreso,Venta Exportación,Al Salam Trading,1132450.8,ARS,2023-08-07,Cobrado,Caja Operativa,Operaciones
2023-06-28,2023,Ingreso,Venta Exportación,Al Salam Trading,2679169.18,ARS,2023-07-24,Cobrado,Caja Operativa,Operaciones
2023-06-28,2023,Ingreso,Venta Exportación,Citrus World Ltd,2386335.61,ARS,2023-07-27,Cobrado,Banco Nación,Operaciones
2023-06-28,2023,Ingreso,Venta Exportación,Citrus World Ltd,1114991.67,ARS,2023-07-18,Cobrado,Banco Galicia,Operaciones
2023-06-28,2023,Ingreso,Venta Exportación,Citrus World Ltd,2253267.3,ARS,2023-07-17,Pendiente,Banco Galicia,Operaciones
2023-06-28,2023,Ingreso,Venta Exportación,Citrus World Ltd,1963100.5,ARS,2023-08-05,Cobrado,Banco Nación,Operaciones
2023-06-28,2023,Ingreso,Venta Exportación,Citrus World Ltd,54607.28,ARS,2023-07-24,Cobrado,Banco BBVA,Operaciones
2023-06-28,2023,Ingreso,Venta Exportación,Citrus World Ltd,1308128.8,ARS,2023-07-22,Cobrado,Banco Galicia,Operaciones
2023-06-28,2023,Ingreso,Venta Exportación,Citrus World Ltd,3326085.12,ARS,2023-07-25,Cobrado,Banco Nación,Operaciones
2023-06-28,2023,Ingreso,Venta Exportación,Fischer Import GmbH,1645129.48,ARS,2023-07-23,Cobrado,Banco BBVA,Operaciones
2023-06-28,2023,Ingreso,Venta Exportación,Fischer Import GmbH,834474.61,ARS,2023-07-24,Cobrado,Caja Operativa,Operaciones
2023-06-28,2023,Ingreso,Venta Exportación,Fischer Import GmbH,589390.02,ARS,2023-07-27,Pendiente,Banco Galicia,Operaciones
2023-06-28,2023,Ingreso,Venta Exportación,Fischer Import GmbH,2776755.17,ARS,2023-07-30,Cobrado,Banco Nación,Operaciones
2023-06-28,2023,Ingreso,Venta Exportación,Fischer Import GmbH,1773841.63,ARS,2023-08-05,Cobrado,Banco Galicia,Operaciones
2023-06-28,2023,Ingreso,Venta Exportación,Fischer Import GmbH,2768592.22,ARS,2023-07-29,Cobrado,Caja Operativa,Operaciones
2023-06-28,2023,Ingreso,Venta Exportación,Fischer Import GmbH,2867432.83,ARS,2023-08-01,Cobrado,Caja Operativa,Operaciones
2023-06-28,2023,Ingreso,Venta Exportación,Fischer Import GmbH,1572219.41,ARS,2023-07-30,Cobrado,Caja Operativa,Operaciones
2023-06-28,2023,Ingreso,Venta Exportación,Medifresh SA,2242901.3,ARS,2023-08-03,Cobrado,Banco BBVA,Operaciones
2023-06-28,2023,Ingreso,Venta Exportación,Medifresh SA,2684696.93,ARS,2023-07-27,Cobrado,Banco Galicia,Operaciones
2023-06-28,2023,Ingreso,Venta Exportación,Medifresh SA,1642869.5,ARS,2023-07-30,Cobrado,Banco BBVA,Operaciones
2023-06-28,2023,Ingreso,Venta Exportación,Medifresh SA,62167.29,ARS,2023-07-24,Cobrado,Banco Nación,Operaciones
2023-06-28,2023,Ingreso,Venta Industria,Citromax SA,98304.08,ARS,2023-07-31,Cobrado,Banco Galicia,Operaciones
2023-06-28,2023,Ingreso,Venta Industria,Citromax SA,127416.57,ARS,2023-08-02,Pendiente,Caja Operativa,Operaciones
2023-06-28,2023,Ingreso,Venta Industria,Citromax SA,123635.01,ARS,2023-08-02,Pendiente,Banco Nación,Operaciones
2023-06-28,2023,Ingreso,Venta Industria,Citromax SA,93981.05,ARS,2023-07-23,Pendiente,Banco Nación,Operaciones
2023-06-28,2023,Ingreso,Venta Industria,Citromax SA,226576.24,ARS,2023-08-06,Vencido,Caja Operativa,Operaciones
2023-06-28,2023,Ingreso,Venta Industria,Citromax SA,185825.29,ARS,2023-07-28,Cobrado,Banco Galicia,Operaciones
2023-06-28,2023,Ingreso,Venta Industria,Citromax SA,165092.09,ARS,2023-08-05,Cobrado,Caja Operativa,Operaciones
2023-06-28,2023,Ingreso,Venta Industria,Citromax SA,109534.38,ARS,2023-07-20,Cobrado,Caja Operativa,Operaciones
2023-06-28,2023,Ingreso,Venta Industria,Frutales Tucumán SRL,100235.42,ARS,2023-07-21,Cobrado,Banco Galicia,Operaciones
2023-06-28,2023,Ingreso,Venta Industria,Frutales Tucumán SRL,159642.31,ARS,2023-08-12,Cobrado,Banco Galicia,Operaciones
2023-06-28,2023,Ingreso,Venta Industria,Frutales Tucumán SRL,65688.39,ARS,2023-07-18,Cobrado,Banco Nación,Operaciones
2023-06-28,2023,Ingreso,Venta Industria,Frutales Tucumán SRL,113004.57,ARS,2023-08-03,Cobrado,Banco Galicia,Operaciones
2023-06-28,2023,Ingreso,Venta Industria,Frutales Tucumán SRL,129277.94,ARS,2023-08-08,Cobrado,Caja Operativa,Operaciones
2023-06-28,2023,Ingreso,Venta Industria,Frutales Tucumán SRL,143071.48,ARS,2023-08-11,Cobrado,Banco BBVA,Operaciones
2023-06-28,2023,Ingreso,Venta Industria,Frutales Tucumán SRL,99589.82,ARS,2023-08-11,Cobrado,Banco Galicia,Operaciones
2023-06-28,2023,Ingreso,Venta Industria,Frutales Tucumán SRL,181439.33,ARS,2023-08-09,Cobrado,Banco Galicia,Operaciones
2023-06-28,2023,Ingreso,Venta Industria,Frutales Tucumán SRL,159966.24,ARS,2023-08-07,Cobrado,Banco BBVA,Operaciones
2023-06-28,2023,Ingreso,Venta Mercado Interno,Central de Frutas SA,550574.56,ARS,2023-07-13,Cobrado,Banco Galicia,Operaciones
2023-06-28,2023,Ingreso,Venta Mercado Interno,Central de Frutas SA,518467.13,ARS,2023-07-11,Cobrado,Banco BBVA,Operaciones
2023-06-28,2023,Ingreso,Venta Mercado Interno,Frutales del Norte SRL,516237.81,ARS,2023-07-08,Vencido,Banco BBVA,Operaciones
2023-06-28,2023,Ingreso,Venta Mercado Interno,Frutales del Norte SRL,299872.72,ARS,2023-07-16,Cobrado,Caja Operativa,Operaciones
2023-06-28,2023,Ingreso,Venta Mercado Interno,Frutales del Norte SRL,806230.94,ARS,2023-07-15,Pendiente,Banco Galicia,Operaciones
2023-06-28,2023,Ingreso,Venta Mercado Interno,Frutales del Norte SRL,590290.6,ARS,2023-07-14,Pendiente,Banco Galicia,Operaciones
2023-06-28,2023,Ingreso,Venta Mercado Interno,Frutales del Norte SRL,261865.78,ARS,2023-07-14,Pendiente,Banco BBVA,Operaciones
2023-06-28,2023,Ingreso,Venta Mercado Interno,Frutales del Norte SRL,447056.31,ARS,2023-07-15,Cobrado,Banco BBVA,Operaciones
2023-06-28,2023,Ingreso,Venta Mercado Interno,Frutales del Norte SRL,302397.61,ARS,2023-07-14,Cobrado,Caja Operativa,Operaciones
2023-06-28,2023,Ingreso,Venta Mercado Interno,La Morenita SA,281412.95,ARS,2023-07-09,Cobrado,Banco Nación,Operaciones
2023-06-28,2023,Ingreso,Venta Mercado Interno,La Morenita SA,634926.92,ARS,2023-07-08,Cobrado,Caja Operativa,Operaciones
2023-06-28,2023,Ingreso,Venta Mercado Interno,La Morenita SA,362308.06,ARS,2023-07-10,Cobrado,Caja Operativa,Operaciones
2023-06-28,2023,Ingreso,Venta Mercado Interno,La Morenita SA,274893.27,ARS,2023-07-15,Cobrado,Banco Galicia,Operaciones
2023-06-28,2023,Ingreso,Venta Mercado Interno,La Morenita SA,1042210.98,ARS,2023-07-09,Pendiente,Caja Operativa,Operaciones
2023-06-28,2023,Ingreso,Venta Mercado Interno,La Morenita SA,589146.13,ARS,2023-07-22,Cobrado,Banco Galicia,Operaciones
2023-06-28,2023,Ingreso,Venta Mercado Interno,La Morenita SA,481798.07,ARS,2023-07-18,Cobrado,Banco Galicia,Operaciones
2023-06-28,2023,Ingreso,Venta Mercado Interno,Supermercados Norte SA,280624.4,ARS,2023-07-14,Cobrado,Caja Operativa,Operaciones
2023-07-05,2023,Egreso,Certificaciones,Certificaciones Global GAP,365984.35,ARS,2023-07-17,Pagado,Banco BBVA,Operaciones
2023-07-05,2023,Egreso,Comisiones,Promoción de Mercados SA,497137.91,ARS,2023-07-16,Pagado,Caja Operativa,Operaciones
2023-07-05,2023,Egreso,Control de calidad,Envases del Tucumán,3452354.43,ARS,2023-07-14,Vencido,Banco Galicia,Operaciones
2023-07-05,2023,Egreso,Despacho aduana,FríoAndes Logística,6334677.42,ARS,2023-07-11,Pendiente,Banco BBVA,Operaciones
2023-07-05,2023,Egreso,Energía,TecnoPacking SRL,2504704.39,ARS,2023-07-15,Pagado,Caja Operativa,Operaciones
2023-07-05,2023,Egreso,Envases y embalajes,Energía Tucumán SA,2987437.6,ARS,2023-07-14,Pagado,Banco Nación,Operaciones
2023-07-05,2023,Egreso,Fitosanitarios,Agroinsumos SA,4108503.84,ARS,2023-07-14,Pendiente,Banco Nación,Operaciones
2023-07-05,2023,Egreso,Flete exportación,FríoAndes Logística,4052137.8,ARS,2023-07-22,Pendiente,Banco BBVA,Operaciones
2023-07-05,2023,Egreso,Flete interno,Despachos del NOA,5335214.08,ARS,2023-07-12,Pagado,Banco Nación,Operaciones
2023-07-05,2023,Egreso,Frigorífico,Transportes del Norte SA,1427559.91,ARS,2023-07-22,Pagado,Caja Operativa,Operaciones
2023-07-05,2023,Egreso,Gastos generales,DGR Tucumán,713499.66,ARS,2023-07-24,Pagado,Banco Galicia,Impuestos
2023-07-05,2023,Egreso,Honorarios,DGR Tucumán,775328.85,ARS,2023-07-25,Pagado,Caja Operativa,Impuestos
2023-07-05,2023,Egreso,Impuestos,Contaduría Castillo,758243.23,ARS,2023-07-17,Vencido,Banco Galicia,Impuestos
2023-07-05,2023,Egreso,Insumos agrícolas,Cooperativa Citrícola,2821900.47,ARS,2023-07-11,Pagado,Banco Galicia,Operaciones
2023-07-05,2023,Egreso,Mano de obra cosecha,Agroinsumos SA,3647341.23,ARS,2023-07-21,Pendiente,Banco Galicia,Operaciones
2023-07-05,2023,Egreso,Mano de obra empaque,Envases del Tucumán,2695337.28,ARS,2023-07-18,Vencido,Banco Nación,Operaciones
2023-07-05,2023,Egreso,Mantenimiento líneas,Energía Tucumán SA,2148993.41,ARS,2023-07-19,Pendiente,Banco Galicia,Operaciones
2023-07-05,2023,Egreso,Maquinaria,Servicios Rurales del NOA,3312535.31,ARS,2023-07-14,Pagado,Caja Operativa,Operaciones
2023-07-05,2023,Egreso,Promoción comercial,Broker Comercial Citrus,638029.39,ARS,2023-07-11,Pendiente,Caja Operativa,Operaciones
2023-07-05,2023,Egreso,Riego,Cooperativa Citrícola,2831946.02,ARS,2023-07-16,Pagado,Banco Galicia,Operaciones
2023-07-05,2023,Egreso,Seguros,DGR Tucumán,348149.84,ARS,2023-07-15,Pagado,Caja Operativa,Impuestos
2023-07-05,2023,Egreso,Sueldos administración,DGR Tucumán,918310.14,ARS,2023-07-17,Pendiente,Banco BBVA,Operaciones
2023-07-05,2023,Egreso,Viajes comerciales,Certificaciones Global GAP,250497.93,ARS,2023-07-21,Pagado,Banco BBVA,Operaciones
2023-07-05,2023,Ingreso,Venta Exportación,Al Salam Trading,311821.96,ARS,2023-07-25,Cobrado,Banco Galicia,Operaciones
2023-07-05,2023,Ingreso,Venta Exportación,Al Salam Trading,940226.22,ARS,2023-07-25,Cobrado,Banco BBVA,Operaciones
2023-07-05,2023,Ingreso,Venta Exportación,Al Salam Trading,763525.21,ARS,2023-08-09,Cobrado,Caja Operativa,Operaciones
2023-07-05,2023,Ingreso,Venta Exportación,Citrus World Ltd,713181.99,ARS,2023-08-08,Vencido,Caja Operativa,Operaciones
2023-07-05,2023,Ingreso,Venta Exportación,Citrus World Ltd,2902758.92,ARS,2023-07-26,Cobrado,Banco BBVA,Operaciones
2023-07-05,2023,Ingreso,Venta Exportación,Citrus World Ltd,2271691.44,ARS,2023-08-05,Cobrado,Banco BBVA,Operaciones
2023-07-05,2023,Ingreso,Venta Exportación,Citrus World Ltd,3688987.58,ARS,2023-08-13,Cobrado,Banco BBVA,Operaciones
2023-07-05,2023,Ingreso,Venta Exportación,Citrus World Ltd,1018684.51,ARS,2023-08-10,Cobrado,Banco Galicia,Operaciones
2023-07-05,2023,Ingreso,Venta Exportación,Citrus World Ltd,1109071.93,ARS,2023-07-27,Cobrado,Banco Nación,Operaciones
2023-07-05,2023,Ingreso,Venta Exportación,Citrus World Ltd,2426030.42,ARS,2023-08-01,Vencido,Banco BBVA,Operaciones
2023-07-05,2023,Ingreso,Venta Exportación,Citrus World Ltd,2083587.96,ARS,2023-08-09,Cobrado,Banco BBVA,Operaciones
2023-07-05,2023,Ingreso,Venta Exportación,Fischer Import GmbH,1515163.84,ARS,2023-08-10,Cobrado,Banco BBVA,Operaciones
2023-07-05,2023,Ingreso,Venta Exportación,Fischer Import GmbH,3028237.11,ARS,2023-07-26,Vencido,Caja Operativa,Operaciones
2023-07-05,2023,Ingreso,Venta Exportación,Fischer Import GmbH,218384.7,ARS,2023-08-06,Cobrado,Banco Galicia,Operaciones
2023-07-05,2023,Ingreso,Venta Exportación,Fischer Import GmbH,3028787.3,ARS,2023-08-05,Cobrado,Caja Operativa,Operaciones
2023-07-05,2023,Ingreso,Venta Exportación,Fischer Import GmbH,2808652.92,ARS,2023-08-03,Cobrado,Banco Nación,Operaciones
2023-07-05,2023,Ingreso,Venta Exportación,Fischer Import GmbH,1566848.76,ARS,2023-07-28,Cobrado,Banco Galicia,Operaciones
2023-07-05,2023,Ingreso,Venta Exportación,Medifresh SA,2205685.36,ARS,2023-07-28,Cobrado,Banco BBVA,Operaciones
2023-07-05,2023,Ingreso,Venta Exportación,Medifresh SA,2668964.29,ARS,2023-08-09,Cobrado,Banco Nación,Operaciones
2023-07-05,2023,Ingreso,Venta Exportación,Medifresh SA,890199.97,ARS,2023-07-24,Cobrado,Banco Galicia,Operaciones
2023-07-05,2023,Ingreso,Venta Exportación,Medifresh SA,2177224.03,ARS,2023-08-01,Cobrado,Banco BBVA,Operaciones
2023-07-05,2023,Ingreso,Venta Exportación,Medifresh SA,1608911.98,ARS,2023-07-24,Cobrado,Banco BBVA,Operaciones
2023-07-05,2023,Ingreso,Venta Industria,Citromax SA,156606.37,ARS,2023-08-16,Pendiente,Banco BBVA,Operaciones
2023-07-05,2023,Ingreso,Venta Industria,Citromax SA,81044.52,ARS,2023-07-29,Pendiente,Banco Nación,Operaciones
2023-07-05,2023,Ingreso,Venta Industria,Citromax SA,87619.99,ARS,2023-07-29,Cobrado,Caja Operativa,Operaciones
2023-07-05,2023,Ingreso,Venta Industria,Citromax SA,120929.06,ARS,2023-07-31,Cobrado,Banco Nación,Operaciones
2023-07-05,2023,Ingreso,Venta Industria,Citromax SA,146526.41,ARS,2023-07-28,Pendiente,Caja Operativa,Operaciones
2023-07-05,2023,Ingreso,Venta Industria,Citromax SA,125770.16,ARS,2023-07-31,Cobrado,Banco BBVA,Operaciones
2023-07-05,2023,Ingreso,Venta Industria,Citromax SA,93226.24,ARS,2023-07-29,Cobrado,Banco Nación,Operaciones
2023-07-05,2023,Ingreso,Venta Industria,Citromax SA,165131.23,ARS,2023-08-19,Vencido,Banco BBVA,Operaciones
2023-07-05,2023,Ingreso,Venta Industria,Citromax SA,108107.51,ARS,2023-08-06,Cobrado,Caja Operativa,Operaciones
2023-07-05,2023,Ingreso,Venta Industria,Citromax SA,141760.86,ARS,2023-08-12,Cobrado,Caja Operativa,Operaciones
2023-07-05,2023,Ingreso,Venta Industria,Citromax SA,117302.54,ARS,2023-08-12,Cobrado,Banco Galicia,Operaciones
2023-07-05,2023,Ingreso,Venta Industria,Frutales Tucumán SRL,95159.95,ARS,2023-08-01,Cobrado,Banco Nación,Operaciones
2023-07-05,2023,Ingreso,Venta Industria,Frutales Tucumán SRL,116306.91,ARS,2023-08-09,Cobrado,Caja Operativa,Operaciones
2023-07-05,2023,Ingreso,Venta Industria,Frutales Tucumán SRL,157542.79,ARS,2023-08-19,Pendiente,Banco Galicia,Operaciones
2023-07-05,2023,Ingreso,Venta Industria,Frutales Tucumán SRL,77728.15,ARS,2023-08-10,Cobrado,Banco Nación,Operaciones
2023-07-05,2023,Ingreso,Venta Industria,Frutales Tucumán SRL,232958.37,ARS,2023-07-25,Cobrado,Banco Nación,Operaciones
2023-07-05,2023,Ingreso,Venta Industria,Frutales Tucumán SRL,141469.08,ARS,2023-08-12,Cobrado,Banco Galicia,Operaciones
2023-07-05,2023,Ingreso,Venta Mercado Interno,Central de Frutas SA,698991.14,ARS,2023-07-28,Cobrado,Banco Galicia,Operaciones
2023-07-05,2023,Ingreso,Venta Mercado Interno,Central de Frutas SA,603946.26,ARS,2023-07-19,Pendiente,Banco BBVA,Operaciones
2023-07-05,2023,Ingreso,Venta Mercado Interno,Frutales del Norte SRL,560839.76,ARS,2023-07-22,Cobrado,Caja Operativa,Operaciones
2023-07-05,2023,Ingreso,Venta Mercado Interno,Frutales del Norte SRL,983093.15,ARS,2023-07-17,Cobrado,Banco Galicia,Operaciones
2023-07-05,2023,Ingreso,Venta Mercado Interno,La Morenita SA,491634.84,ARS,2023-07-29,Cobrado,Banco Galicia,Operaciones
2023-07-05,2023,Ingreso,Venta Mercado Interno,La Morenita SA,635458.04,ARS,2023-07-21,Pendiente,Banco Nación,Operaciones
2023-07-05,2023,Ingreso,Venta Mercado Interno,La Morenita SA,424404.57,ARS,2023-07-22,Cobrado,Banco Galicia,Operaciones
2023-07-05,2023,Ingreso,Venta Mercado Interno,La Morenita SA,353882.63,ARS,2023-07-15,Cobrado,Banco BBVA,Operaciones
2023-07-05,2023,Ingreso,Venta Mercado Interno,La Morenita SA,680502.59,ARS,2023-07-17,Cobrado,Banco Nación,Operaciones
2023-07-05,2023,Ingreso,Venta Mercado Interno,La Morenita SA,351304.12,ARS,2023-07-18,Cobrado,Banco BBVA,Operaciones
2023-07-05,2023,Ingreso,Venta Mercado Interno,La Morenita SA,407577.49,ARS,2023-07-15,Cobrado,Banco BBVA,Operaciones
2023-07-05,2023,Ingreso,Venta Mercado Interno,La Morenita SA,343218.44,ARS,2023-07-22,Cobrado,Banco Galicia,Operaciones
2023-07-05,2023,Ingreso,Venta Mercado Interno,Supermercados Norte SA,342120.95,ARS,2023-07-20,Cobrado,Caja Operativa,Operaciones
2023-07-05,2023,Ingreso,Venta Mercado Interno,Supermercados Norte SA,215054.93,ARS,2023-07-25,Cobrado,Caja Operativa,Operaciones
2023-07-05,2023,Ingreso,Venta Mercado Interno,Supermercados Norte SA,293910.32,ARS,2023-07-19,Cobrado,Banco Galicia,Operaciones
2023-07-05,2023,Ingreso,Venta Mercado Interno,Supermercados Norte SA,227335.27,ARS,2023-07-29,Vencido,Banco Nación,Operaciones
2023-07-05,2023,Ingreso,Venta Mercado Interno,Supermercados Norte SA,589992.54,ARS,2023-07-27,Cobrado,Banco Galicia,Operaciones
2023-07-12,2023,Egreso,Certificaciones,Promoción de Mercados SA,610542.17,ARS,2023-07-30,Pagado,Banco Galicia,Operaciones
2023-07-12,2023,Egreso,Comisiones,Promoción de Mercados SA,324312.79,ARS,2023-07-22,Pagado,Banco Nación,Operaciones
2023-07-12,2023,Egreso,Control de calidad,Envases del Tucumán,3072050.66,ARS,2023-07-23,Pagado,Caja Operativa,Operaciones
2023-07-12,2023,Egreso,Despacho aduana,Despachos del NOA,2869813.65,ARS,2023-07-25,Pendiente,Banco Nación,Operaciones
2023-07-12,2023,Egreso,Energía,Energía Tucumán SA,4213281.63,ARS,2023-07-21,Pagado,Banco Nación,Operaciones
2023-07-12,2023,Egreso,Envases y embalajes,Energía Tucumán SA,2009965.86,ARS,2023-07-29,Pagado,Caja Operativa,Operaciones
2023-07-12,2023,Egreso,Fitosanitarios,Servicios Rurales del NOA,2865131.68,ARS,2023-07-25,Pagado,Banco Nación,Operaciones
2023-07-12,2023,Egreso,Flete exportación,Transportes del Norte SA,4948245.85,ARS,2023-07-28,Pagado,Banco Nación,Operaciones
2023-07-12,2023,Egreso,Flete interno,Despachos del NOA,4211104.58,ARS,2023-07-26,Pendiente,Banco BBVA,Operaciones
2023-07-12,2023,Egreso,Frigorífico,Transportes del Norte SA,5140210.76,ARS,2023-07-17,Pagado,Caja Operativa,Operaciones
2023-07-12,2023,Egreso,Gastos generales,DGR Tucumán,651040.2,ARS,2023-08-06,Pagado,Caja Operativa,Operaciones
2023-07-12,2023,Egreso,Honorarios,AFIP,301301.89,ARS,2023-07-29,Pendiente,Caja Operativa,Operaciones
2023-07-12,2023,Egreso,Impuestos,DGR Tucumán,750365.34,ARS,2023-07-29,Pagado,Banco Nación,Operaciones
2023-07-12,2023,Egreso,Insumos agrícolas,Servicios Rurales del NOA,2618807.8,ARS,2023-07-29,Pagado,Banco Nación,Operaciones
2023-07-12,2023,Egreso,Mano de obra cosecha,Servicios Rurales del NOA,5061806.84,ARS,2023-07-21,Pendiente,Banco BBVA,Operaciones
2023-07-12,2023,Egreso,Mano de obra empaque,TecnoPacking SRL,2155362.28,ARS,2023-07-22,Pagado,Banco BBVA,Operaciones
2023-07-12,2023,Egreso,Mantenimiento líneas,Envases del Tucumán,2871393.65,ARS,2023-07-22,Pagado,Caja Operativa,Operaciones
2023-07-12,2023,Egreso,Maquinaria,Cooperativa Citrícola,3781998.13,ARS,2023-07-25,Pagado,Caja Operativa,Operaciones
2023-07-12,2023,Egreso,Promoción comercial,Broker Comercial Citrus,452166.84,ARS,2023-07-23,Pagado,Banco Nación,Operaciones
2023-07-12,2023,Egreso,Riego,Servicios Rurales del NOA,2988993.18,ARS,2023-07-24,Pagado,Caja Operativa,Operaciones
2023-07-12,2023,Egreso,Seguros,Contaduría Castillo,1175303.48,ARS,2023-07-24,Pagado,Banco BBVA,Impuestos
2023-07-12,2023,Egreso,Sueldos administración,Contaduría Castillo,490566.6,ARS,2023-08-03,Pagado,Caja Operativa,Impuestos
2023-07-12,2023,Egreso,Viajes comerciales,Certificaciones Global GAP,434435.33,ARS,2023-07-18,Pagado,Banco Galicia,Operaciones
2023-07-12,2023,Ingreso,Venta Exportación,Al Salam Trading,1577704.75,ARS,2023-08-05,Vencido,Banco BBVA,Operaciones
2023-07-12,2023,Ingreso,Venta Exportación,Al Salam Trading,3353217.84,ARS,2023-08-19,Pendiente,Banco Galicia,Operaciones
2023-07-12,2023,Ingreso,Venta Exportación,Al Salam Trading,2153415.18,ARS,2023-07-31,Cobrado,Caja Operativa,Operaciones
2023-07-12,2023,Ingreso,Venta Exportación,Al Salam Trading,1746401.79,ARS,2023-08-20,Cobrado,Banco Nación,Operaciones
2023-07-12,2023,Ingreso,Venta Exportación,Al Salam Trading,1060953.03,ARS,2023-08-14,Cobrado,Banco Nación,Operaciones
2023-07-12,2023,Ingreso,Venta Exportación,Al Salam Trading,1346470.38,ARS,2023-08-02,Cobrado,Banco Galicia,Operaciones
2023-07-12,2023,Ingreso,Venta Exportación,Citrus World Ltd,1021608.32,ARS,2023-08-16,Cobrado,Caja Operativa,Operaciones
2023-07-12,2023,Ingreso,Venta Exportación,Citrus World Ltd,956361.23,ARS,2023-08-05,Cobrado,Banco BBVA,Operaciones
2023-07-12,2023,Ingreso,Venta Exportación,Citrus World Ltd,2247649.6,ARS,2023-08-02,Cobrado,Banco Nación,Operaciones
2023-07-12,2023,Ingreso,Venta Exportación,Citrus World Ltd,216257.32,ARS,2023-07-31,Pendiente,Caja Operativa,Operaciones
2023-07-12,2023,Ingreso,Venta Exportación,Citrus World Ltd,2418184.99,ARS,2023-08-10,Cobrado,Banco Nación,Operaciones
2023-07-12,2023,Ingreso,Venta Exportación,Fischer Import GmbH,2538161.96,ARS,2023-08-14,Cobrado,Banco BBVA,Operaciones
2023-07-12,2023,Ingreso,Venta Exportación,Fischer Import GmbH,1384225.55,ARS,2023-08-15,Cobrado,Banco Galicia,Operaciones
2023-07-12,2023,Ingreso,Venta Exportación,Fischer Import GmbH,432477.43,ARS,2023-08-18,Vencido,Caja Operativa,Operaciones
2023-07-12,2023,Ingreso,Venta Exportación,Fischer Import GmbH,2817268.31,ARS,2023-08-15,Cobrado,Caja Operativa,Operaciones
2023-07-12,2023,Ingreso,Venta Exportación,Fischer Import GmbH,2064806.88,ARS,2023-08-12,Cobrado,Caja Operativa,Operaciones
2023-07-12,2023,Ingreso,Venta Exportación,Fischer Import GmbH,2203570.45,ARS,2023-08-16,Pendiente,Banco Nación,Operaciones
2023-07-12,2023,Ingreso,Venta Exportación,Fischer Import GmbH,1827439.35,ARS,2023-08-05,Cobrado,Banco BBVA,Operaciones
2023-07-12,2023,Ingreso,Venta Exportación,Medifresh SA,1807521.18,ARS,2023-08-07,Cobrado,Caja Operativa,Operaciones
2023-07-12,2023,Ingreso,Venta Exportación,Medifresh SA,1745814.7,ARS,2023-07-30,Cobrado,Caja Operativa,Operaciones
2023-07-12,2023,Ingreso,Venta Exportación,Medifresh SA,3061138.71,ARS,2023-08-13,Cobrado,Banco BBVA,Operaciones
2023-07-12,2023,Ingreso,Venta Exportación,Medifresh SA,2251063.0,ARS,2023-08-08,Cobrado,Caja Operativa,Operaciones
2023-07-12,2023,Ingreso,Venta Exportación,Medifresh SA,2407471.8,ARS,2023-08-16,Cobrado,Caja Operativa,Operaciones
2023-07-12,2023,Ingreso,Venta Industria,Citromax SA,82850.1,ARS,2023-08-02,Vencido,Banco BBVA,Operaciones
2023-07-12,2023,Ingreso,Venta Industria,Citromax SA,151754.94,ARS,2023-08-14,Cobrado,Banco Nación,Operaciones
2023-07-12,2023,Ingreso,Venta Industria,Citromax SA,171690.9,ARS,2023-08-09,Cobrado,Banco Galicia,Operaciones
2023-07-12,2023,Ingreso,Venta Industria,Citromax SA,124328.32,ARS,2023-08-03,Cobrado,Banco Galicia,Operaciones
2023-07-12,2023,Ingreso,Venta Industria,Citromax SA,132341.22,ARS,2023-08-26,Cobrado,Caja Operativa,Operaciones
2023-07-12,2023,Ingreso,Venta Industria,Citromax SA,213157.32,ARS,2023-08-23,Pendiente,Banco Galicia,Operaciones
2023-07-12,2023,Ingreso,Venta Industria,Citromax SA,180319.22,ARS,2023-08-18,Cobrado,Banco BBVA,Operaciones
2023-07-12,2023,Ingreso,Venta Industria,Citromax SA,143702.48,ARS,2023-08-02,Cobrado,Banco Nación,Operaciones
2023-07-12,2023,Ingreso,Venta Industria,Frutales Tucumán SRL,89359.08,ARS,2023-08-24,Cobrado,Banco BBVA,Operaciones
2023-07-12,2023,Ingreso,Venta Industria,Frutales Tucumán SRL,135146.36,ARS,2023-08-20,Cobrado,Banco Nación,Operaciones
2023-07-12,2023,Ingreso,Venta Industria,Frutales Tucumán SRL,93408.69,ARS,2023-08-14,Cobrado,Banco Galicia,Operaciones
2023-07-12,2023,Ingreso,Venta Industria,Frutales Tucumán SRL,177948.08,ARS,2023-08-13,Cobrado,Banco BBVA,Operaciones
2023-07-12,2023,Ingreso,Venta Industria,Frutales Tucumán SRL,104296.2,ARS,2023-08-06,Cobrado,Banco Nación,Operaciones
2023-07-12,2023,Ingreso,Venta Industria,Frutales Tucumán SRL,110235.49,ARS,2023-08-02,Cobrado,Banco Galicia,Operaciones
2023-07-12,2023,Ingreso,Venta Industria,Frutales Tucumán SRL,239549.79,ARS,2023-08-26,Cobrado,Banco Galicia,Operaciones
2023-07-12,2023,Ingreso,Venta Industria,Frutales Tucumán SRL,90715.2,ARS,2023-08-19,Cobrado,Caja Operativa,Operaciones
2023-07-12,2023,Ingreso,Venta Industria,Frutales Tucumán SRL,135067.45,ARS,2023-08-07,Cobrado,Caja Operativa,Operaciones
2023-07-12,2023,Ingreso,Venta Mercado Interno,Central de Frutas SA,549367.82,ARS,2023-08-02,Pendiente,Caja Operativa,Operaciones
2023-07-12,2023,Ingreso,Venta Mercado Interno,Central de Frutas SA,531082.56,ARS,2023-07-22,Cobrado,Banco BBVA,Operaciones
2023-07-12,2023,Ingreso,Venta Mercado Interno,Central de Frutas SA,654433.91,ARS,2023-08-04,Cobrado,Banco BBVA,Operaciones
2023-07-12,2023,Ingreso,Venta Mercado Interno,Frutales del Norte SRL,327711.9,ARS,2023-07-26,Cobrado,Banco BBVA,Operaciones
2023-07-12,2023,Ingreso,Venta Mercado Interno,Frutales del Norte SRL,355116.1,ARS,2023-08-02,Cobrado,Banco BBVA,Operaciones
2023-07-12,2023,Ingreso,Venta Mercado Interno,Frutales del Norte SRL,710269.93,ARS,2023-07-24,Cobrado,Banco BBVA,Operaciones
2023-07-12,2023,Ingreso,Venta Mercado Interno,Frutales del Norte SRL,595715.15,ARS,2023-08-05,Cobrado,Banco BBVA,Operaciones
2023-07-12,2023,Ingreso,Venta Mercado Interno,La Morenita SA,428475.13,ARS,2023-08-01,Cobrado,Banco BBVA,Operaciones
2023-07-12,2023,Ingreso,Venta Mercado Interno,La Morenita SA,346454.15,ARS,2023-07-22,Cobrado,Banco Galicia,Operaciones
2023-07-12,2023,Ingreso,Venta Mercado Interno,La Morenita SA,525754.61,ARS,2023-07-26,Cobrado,Banco Nación,Operaciones
2023-07-12,2023,Ingreso,Venta Mercado Interno,La Morenita SA,897031.51,ARS,2023-07-22,Cobrado,Caja Operativa,Operaciones
2023-07-12,2023,Ingreso,Venta Mercado Interno,La Morenita SA,342268.07,ARS,2023-08-05,Cobrado,Caja Operativa,Operaciones
2023-07-12,2023,Ingreso,Venta Mercado Interno,La Morenita SA,383657.74,ARS,2023-07-29,Cobrado,Banco Galicia,Operaciones
2023-07-12,2023,Ingreso,Venta Mercado Interno,Supermercados Norte SA,318054.57,ARS,2023-08-01,Cobrado,Banco BBVA,Operaciones
2023-07-12,2023,Ingreso,Venta Mercado Interno,Supermercados Norte SA,658914.27,ARS,2023-07-25,Cobrado,Banco Nación,Operaciones
2023-07-12,2023,Ingreso,Venta Mercado Interno,Supermercados Norte SA,365745.98,ARS,2023-08-04,Cobrado,Caja Operativa,Operaciones
2023-07-12,2023,Ingreso,Venta Mercado Interno,Supermercados Norte SA,405831.34,ARS,2023-07-24,Vencido,Banco Galicia,Operaciones
2023-07-19,2023,Egreso,Certificaciones,Promoción de Mercados SA,498652.61,ARS,2023-08-04,Pagado,Banco BBVA,Operaciones
2023-07-19,2023,Egreso,Comisiones,Certificaciones Global GAP,272608.49,ARS,2023-07-26,Pagado,Caja Operativa,Operaciones
2023-07-19,2023,Egreso,Control de calidad,Energía Tucumán SA,2660176.96,ARS,2023-08-05,Pagado,Banco Nación,Operaciones
2023-07-19,2023,Egreso,Despacho aduana,Despachos del NOA,6394724.28,ARS,2023-08-06,Pagado,Banco Nación,Operaciones
2023-07-19,2023,Egreso,Energía,TecnoPacking SRL,2902023.54,ARS,2023-08-03,Pagado,Caja Operativa,Operaciones
2023-07-19,2023,Egreso,Envases y embalajes,Envases del Tucumán,2804120.17,ARS,2023-08-03,Pagado,Banco Galicia,Operaciones
2023-07-19,2023,Egreso,Fitosanitarios,Cooperativa Citrícola,3433976.02,ARS,2023-08-06,Pendiente,Caja Operativa,Operaciones
2023-07-19,2023,Egreso,Flete exportación,Despachos del NOA,4231754.03,ARS,2023-08-05,Pagado,Banco Nación,Operaciones
2023-07-19,2023,Egreso,Flete interno,Despachos del NOA,3723777.14,ARS,2023-08-05,Pagado,Banco Nación,Operaciones
2023-07-19,2023,Egreso,Frigorífico,FríoAndes Logística,2085921.39,ARS,2023-07-24,Pagado,Banco Nación,Operaciones
2023-07-19,2023,Egreso,Gastos generales,AFIP,1672926.24,ARS,2023-08-13,Pagado,Banco BBVA,Impuestos
2023-07-19,2023,Egreso,Honorarios,Contaduría Castillo,801039.35,ARS,2023-07-31,Pagado,Caja Operativa,Impuestos
2023-07-19,2023,Egreso,Impuestos,Contaduría Castillo,389406.22,ARS,2023-08-09,Pagado,Banco Galicia,Impuestos
2023-07-19,2023,Egreso,Insumos agrícolas,Cooperativa Citrícola,3816538.46,ARS,2023-08-06,Pagado,Banco Nación,Operaciones
2023-07-19,2023,Egreso,Mano de obra cosecha,Cooperativa Citrícola,2211127.69,ARS,2023-07-29,Vencido,Banco Nación,Operaciones
2023-07-19,2023,Egreso,Mano de obra empaque,Envases del Tucumán,2443106.28,ARS,2023-08-01,Pagado,Caja Operativa,Operaciones
2023-07-19,2023,Egreso,Mantenimiento líneas,Energía Tucumán SA,2796198.58,ARS,2023-08-06,Pagado,Banco BBVA,Operaciones
2023-07-19,2023,Egreso,Maquinaria,Cooperativa Citrícola,2485948.27,ARS,2023-08-06,Pagado,Banco BBVA,Operaciones
2023-07-19,2023,Egreso,Promoción comercial,Promoción de Mercados SA,579973.54,ARS,2023-07-29,Pagado,Banco BBVA,Operaciones
2023-07-19,2023,Egreso,Riego,Servicios Rurales del NOA,4882098.96,ARS,2023-07-30,Pagado,Banco Nación,Operaciones
2023-07-19,2023,Egreso,Seguros,Contaduría Castillo,597072.56,ARS,2023-07-30,Pendiente,Banco BBVA,Impuestos
2023-07-19,2023,Egreso,Sueldos administración,AFIP,209339.96,ARS,2023-08-07,Pendiente,Caja Operativa,Operaciones
2023-07-19,2023,Egreso,Viajes comerciales,Broker Comercial Citrus,426169.3,ARS,2023-07-25,Pagado,Banco BBVA,Operaciones
2023-07-19,2023,Ingreso,Venta Exportación,Al Salam Trading,2326136.96,ARS,2023-08-14,Cobrado,Banco Galicia,Operaciones
2023-07-19,2023,Ingreso,Venta Exportación,Al Salam Trading,1603197.09,ARS,2023-08-13,Vencido,Banco BBVA,Operaciones
2023-07-19,2023,Ingreso,Venta Exportación,Al Salam Trading,1297409.68,ARS,2023-08-15,Cobrado,Banco Galicia,Operaciones
2023-07-19,2023,Ingreso,Venta Exportación,Al Salam Trading,2008600.15,ARS,2023-08-21,Cobrado,Banco Nación,Operaciones
2023-07-19,2023,Ingreso,Venta Exportación,Al Salam Trading,692103.09,ARS,2023-08-24,Cobrado,Banco BBVA,Operaciones
2023-07-19,2023,Ingreso,Venta Exportación,Al Salam Trading,1922031.37,ARS,2023-08-09,Pendiente,Banco Nación,Operaciones
2023-07-19,2023,Ingreso,Venta Exportación,Al Salam Trading,242029.89,ARS,2023-08-14,Cobrado,Banco BBVA,Operaciones
2023-07-19,2023,Ingreso,Venta Exportación,Al Salam Trading,1759741.85,ARS,2023-08-07,Cobrado,Caja Operativa,Operaciones
2023-07-19,2023,Ingreso,Venta Exportación,Al Salam Trading,1315696.08,ARS,2023-08-27,Cobrado,Banco Nación,Operaciones
2023-07-19,2023,Ingreso,Venta Exportación,Citrus World Ltd,2228175.87,ARS,2023-08-10,Pendiente,Caja Operativa,Operaciones
2023-07-19,2023,Ingreso,Venta Exportación,Citrus World Ltd,2881904.77,ARS,2023-08-28,Cobrado,Banco Galicia,Operaciones
2023-07-19,2023,Ingreso,Venta Exportación,Citrus World Ltd,1427129.73,ARS,2023-08-19,Cobrado,Caja Operativa,Operaciones
2023-07-19,2023,Ingreso,Venta Exportación,Fischer Import GmbH,880951.52,ARS,2023-08-07,Cobrado,Caja Operativa,Operaciones
2023-07-19,2023,Ingreso,Venta Exportación,Fischer Import GmbH,3285308.91,ARS,2023-08-22,Pendiente,Caja Operativa,Operaciones
2023-07-19,2023,Ingreso,Venta Exportación,Fischer Import GmbH,1434672.57,ARS,2023-08-11,Cobrado,Caja Operativa,Operaciones
2023-07-19,2023,Ingreso,Venta Exportación,Fischer Import GmbH,4046678.86,ARS,2023-08-13,Cobrado,Caja Operativa,Operaciones
2023-07-19,2023,Ingreso,Venta Exportación,Fischer Import GmbH,1885482.96,ARS,2023-08-19,Cobrado,Banco BBVA,Operaciones
2023-07-19,2023,Ingreso,Venta Exportación,Medifresh SA,2482793.11,ARS,2023-08-12,Cobrado,Banco Galicia,Operaciones
2023-07-19,2023,Ingreso,Venta Exportación,Medifresh SA,483825.39,ARS,2023-08-22,Cobrado,Banco Galicia,Operaciones
2023-07-19,2023,Ingreso,Venta Exportación,Medifresh SA,915956.17,ARS,2023-08-10,Cobrado,Banco Galicia,Operaciones
2023-07-19,2023,Ingreso,Venta Exportación,Medifresh SA,2564530.55,ARS,2023-08-18,Cobrado,Caja Operativa,Operaciones
2023-07-19,2023,Ingreso,Venta Exportación,Medifresh SA,711571.43,ARS,2023-08-21,Cobrado,Banco BBVA,Operaciones
2023-07-19,2023,Ingreso,Venta Exportación,Medifresh SA,2386042.76,ARS,2023-08-25,Cobrado,Banco BBVA,Operaciones
2023-07-19,2023,Ingreso,Venta Industria,Citromax SA,97029.9,ARS,2023-08-18,Pendiente,Banco BBVA,Operaciones
2023-07-19,2023,Ingreso,Venta Industria,Citromax SA,133290.12,ARS,2023-08-19,Cobrado,Banco BBVA,Operaciones
2023-07-19,2023,Ingreso,Venta Industria,Citromax SA,126437.14,ARS,2023-08-29,Cobrado,Banco BBVA,Operaciones
2023-07-19,2023,Ingreso,Venta Industria,Citromax SA,185911.94,ARS,2023-08-20,Pendiente,Caja Operativa,Operaciones
2023-07-19,2023,Ingreso,Venta Industria,Citromax SA,119742.43,ARS,2023-08-26,Cobrado,Banco Nación,Operaciones
2023-07-19,2023,Ingreso,Venta Industria,Frutales Tucumán SRL,91993.49,ARS,2023-08-17,Cobrado,Banco Galicia,Operaciones
2023-07-19,2023,Ingreso,Venta Industria,Frutales Tucumán SRL,103139.85,ARS,2023-08-20,Pendiente,Caja Operativa,Operaciones
2023-07-19,2023,Ingreso,Venta Industria,Frutales Tucumán SRL,92902.13,ARS,2023-08-08,Cobrado,Caja Operativa,Operaciones
2023-07-19,2023,Ingreso,Venta Industria,Frutales Tucumán SRL,117256.66,ARS,2023-09-01,Cobrado,Banco Galicia,Operaciones
2023-07-19,2023,Ingreso,Venta Industria,Frutales Tucumán SRL,148466.26,ARS,2023-08-21,Vencido,Caja Operativa,Operaciones
2023-07-19,2023,Ingreso,Venta Industria,Frutales Tucumán SRL,137132.45,ARS,2023-08-31,Cobrado,Banco Nación,Operaciones
2023-07-19,2023,Ingreso,Venta Industria,Frutales Tucumán SRL,81715.55,ARS,2023-08-29,Cobrado,Caja Operativa,Operaciones
2023-07-19,2023,Ingreso,Venta Industria,Frutales Tucumán SRL,102496.34,ARS,2023-08-30,Cobrado,Banco Galicia,Operaciones
2023-07-19,2023,Ingreso,Venta Industria,Frutales Tucumán SRL,223547.06,ARS,2023-08-17,Cobrado,Banco Galicia,Operaciones
2023-07-19,2023,Ingreso,Venta Industria,Frutales Tucumán SRL,183095.7,ARS,2023-08-08,Cobrado,Banco Nación,Operaciones
2023-07-19,2023,Ingreso,Venta Industria,Frutales Tucumán SRL,119904.22,ARS,2023-08-18,Pendiente,Banco Galicia,Operaciones
2023-07-19,2023,Ingreso,Venta Industria,Frutales Tucumán SRL,150046.42,ARS,2023-08-09,Cobrado,Banco Galicia,Operaciones
2023-07-19,2023,Ingreso,Venta Mercado Interno,Central de Frutas SA,670427.17,ARS,2023-08-10,Cobrado,Banco Nación,Operaciones
2023-07-19,2023,Ingreso,Venta Mercado Interno,Central de Frutas SA,793674.54,ARS,2023-08-04,Cobrado,Caja Operativa,Operaciones
2023-07-19,2023,Ingreso,Venta Mercado Interno,Frutales del Norte SRL,263922.85,ARS,2023-08-04,Cobrado,Caja Operativa,Operaciones
2023-07-19,2023,Ingreso,Venta Mercado Interno,Frutales del Norte SRL,297609.82,ARS,2023-08-07,Cobrado,Banco Nación,Operaciones
2023-07-19,2023,Ingreso,Venta Mercado Interno,Frutales del Norte SRL,432833.7,ARS,2023-08-05,Cobrado,Banco Nación,Operaciones
2023-07-19,2023,Ingreso,Venta Mercado Interno,La Morenita SA,474213.96,ARS,2023-08-07,Cobrado,Banco Galicia,Operaciones
2023-07-19,2023,Ingreso,Venta Mercado Interno,La Morenita SA,506596.46,ARS,2023-07-29,Cobrado,Banco Nación,Operaciones
2023-07-19,2023,Ingreso,Venta Mercado Interno,La Morenita SA,549534.42,ARS,2023-08-10,Cobrado,Banco Galicia,Operaciones
2023-07-19,2023,Ingreso,Venta Mercado Interno,Supermercados Norte SA,395202.53,ARS,2023-08-06,Cobrado,Caja Operativa,Operaciones
2023-07-19,2023,Ingreso,Venta Mercado Interno,Supermercados Norte SA,517234.51,ARS,2023-07-29,Vencido,Caja Operativa,Operaciones
2023-07-19,2023,Ingreso,Venta Mercado Interno,Supermercados Norte SA,417226.91,ARS,2023-07-29,Cobrado,Banco Nación,Operaciones
2023-07-19,2023,Ingreso,Venta Mercado Interno,Supermercados Norte SA,392242.93,ARS,2023-08-03,Cobrado,Caja Operativa,Operaciones
2023-07-19,2023,Ingreso,Venta Mercado Interno,Supermercados Norte SA,270219.0,ARS,2023-07-30,Cobrado,Banco BBVA,Operaciones
2023-07-19,2023,Ingreso,Venta Mercado Interno,Supermercados Norte SA,967123.82,ARS,2023-08-02,Cobrado,Caja Operativa,Operaciones
2023-07-19,2023,Ingreso,Venta Mercado Interno,Supermercados Norte SA,635295.36,ARS,2023-07-31,Vencido,Banco Nación,Operaciones
2023-07-19,2023,Ingreso,Venta Mercado Interno,Supermercados Norte SA,477670.75,ARS,2023-08-09,Pendiente,Caja Operativa,Operaciones
2023-07-19,2023,Ingreso,Venta Mercado Interno,Supermercados Norte SA,429768.9,ARS,2023-08-07,Cobrado,Banco Nación,Operaciones
2023-07-26,2023,Egreso,Certificaciones,Broker Comercial Citrus,435400.27,ARS,2023-08-12,Pagado,Caja Operativa,Operaciones
2023-07-26,2023,Egreso,Comisiones,Certificaciones Global GAP,639725.34,ARS,2023-08-10,Pagado,Caja Operativa,Operaciones
2023-07-26,2023,Egreso,Control de calidad,Envases del Tucumán,2891378.14,ARS,2023-08-08,Pagado,Banco BBVA,Operaciones
2023-07-26,2023,Egreso,Despacho aduana,Despachos del NOA,2158102.88,ARS,2023-08-08,Pendiente,Banco BBVA,Operaciones
2023-07-26,2023,Egreso,Energía,Envases del Tucumán,2178748.47,ARS,2023-08-05,Pagado,Banco Galicia,Operaciones
2023-07-26,2023,Egreso,Envases y embalajes,TecnoPacking SRL,2880380.68,ARS,2023-08-13,Pendiente,Caja Operativa,Operaciones
2023-07-26,2023,Egreso,Fitosanitarios,Agroinsumos SA,3272852.01,ARS,2023-08-07,Pagado,Caja Operativa,Operaciones
2023-07-26,2023,Egreso,Flete exportación,Transportes del Norte SA,6090571.79,ARS,2023-08-05,Pagado,Banco Galicia,Operaciones
2023-07-26,2023,Egreso,Flete interno,Despachos del NOA,3188923.81,ARS,2023-08-07,Pagado,Banco Nación,Operaciones
2023-07-26,2023,Egreso,Frigorífico,Despachos del NOA,4475517.52,ARS,2023-08-02,Pagado,Caja Operativa,Operaciones
2023-07-26,2023,Egreso,Gastos generales,DGR Tucumán,373539.33,ARS,2023-08-12,Pendiente,Banco Galicia,Impuestos
2023-07-26,2023,Egreso,Honorarios,AFIP,844201.82,ARS,2023-08-18,Pagado,Banco Nación,Impuestos
2023-07-26,2023,Egreso,Impuestos,Contaduría Castillo,586361.15,ARS,2023-08-07,Pagado,Banco Nación,Impuestos
2023-07-26,2023,Egreso,Insumos agrícolas,Servicios Rurales del NOA,4323217.23,ARS,2023-08-08,Pagado,Banco Galicia,Operaciones
2023-07-26,2023,Egreso,Mano de obra cosecha,Servicios Rurales del NOA,3563665.76,ARS,2023-08-06,Pagado,Banco Galicia,Operaciones
2023-07-26,2023,Egreso,Mano de obra empaque,Envases del Tucumán,1743589.89,ARS,2023-08-03,Pagado,Caja Operativa,Operaciones
2023-07-26,2023,Egreso,Mantenimiento líneas,Envases del Tucumán,3830764.45,ARS,2023-08-07,Pagado,Caja Operativa,Operaciones
2023-07-26,2023,Egreso,Maquinaria,Cooperativa Citrícola,2974429.52,ARS,2023-08-04,Pagado,Banco Galicia,Operaciones
2023-07-26,2023,Egreso,Promoción comercial,Broker Comercial Citrus,243087.28,ARS,2023-08-03,Pagado,Banco BBVA,Operaciones
2023-07-26,2023,Egreso,Riego,Agroinsumos SA,2225019.62,ARS,2023-08-02,Pagado,Banco Galicia,Operaciones
2023-07-26,2023,Egreso,Seguros,AFIP,648830.62,ARS,2023-08-12,Pagado,Banco BBVA,Impuestos
2023-07-26,2023,Egreso,Sueldos administración,DGR Tucumán,883590.98,ARS,2023-08-10,Vencido,Caja Operativa,Operaciones
2023-07-26,2023,Egreso,Viajes comerciales,Broker Comercial Citrus,480852.32,ARS,2023-08-02,Pagado,Caja Operativa,Operaciones
2023-07-26,2023,Ingreso,Venta Exportación,Al Salam Trading,2153156.04,ARS,2023-08-16,Cobrado,Banco Galicia,Operaciones
2023-07-26,2023,Ingreso,Venta Exportación,Al Salam Trading,1680811.5,ARS,2023-08-24,Cobrado,Caja Operativa,Operaciones
2023-07-26,2023,Ingreso,Venta Exportación,Al Salam Trading,1057211.94,ARS,2023-08-31,Cobrado,Caja Operativa,Operaciones
2023-07-26,2023,Ingreso,Venta Exportación,Al Salam Trading,2194862.06,ARS,2023-08-31,Cobrado,Caja Operativa,Operaciones
2023-07-26,2023,Ingreso,Venta Exportación,Al Salam Trading,1702243.94,ARS,2023-08-15,Cobrado,Banco BBVA,Operaciones
2023-07-26,2023,Ingreso,Venta Exportación,Al Salam Trading,987385.74,ARS,2023-08-16,Cobrado,Caja Operativa,Operaciones
2023-07-26,2023,Ingreso,Venta Exportación,Citrus World Ltd,578317.37,ARS,2023-08-23,Pendiente,Banco Nación,Operaciones
2023-07-26,2023,Ingreso,Venta Exportación,Citrus World Ltd,2619897.14,ARS,2023-08-25,Pendiente,Banco Galicia,Operaciones
2023-07-26,2023,Ingreso,Venta Exportación,Citrus World Ltd,2474871.1,ARS,2023-08-30,Cobrado,Banco BBVA,Operaciones
2023-07-26,2023,Ingreso,Venta Exportación,Citrus World Ltd,541682.87,ARS,2023-08-13,Cobrado,Banco Galicia,Operaciones
2023-07-26,2023,Ingreso,Venta Exportación,Citrus World Ltd,1953218.4,ARS,2023-09-03,Cobrado,Caja Operativa,Operaciones
2023-07-26,2023,Ingreso,Venta Exportación,Citrus World Ltd,1635419.1,ARS,2023-08-19,Cobrado,Banco BBVA,Operaciones
2023-07-26,2023,Ingreso,Venta Exportación,Fischer Import GmbH,1877095.17,ARS,2023-08-15,Pendiente,Caja Operativa,Operaciones
2023-07-26,2023,Ingreso,Venta Exportación,Fischer Import GmbH,1130329.08,ARS,2023-09-04,Cobrado,Banco Galicia,Operaciones
2023-07-26,2023,Ingreso,Venta Exportación,Fischer Import GmbH,2946285.5,ARS,2023-08-28,Cobrado,Banco Galicia,Operaciones
2023-07-26,2023,Ingreso,Venta Exportación,Fischer Import GmbH,2575475.28,ARS,2023-09-02,Cobrado,Banco Galicia,Operaciones
2023-07-26,2023,Ingreso,Venta Exportación,Fischer Import GmbH,2628141.12,ARS,2023-08-22,Pendiente,Banco Galicia,Operaciones
2023-07-26,2023,Ingreso,Venta Exportación,Fischer Import GmbH,1457612.75,ARS,2023-08-15,Cobrado,Caja Operativa,Operaciones
2023-07-26,2023,Ingreso,Venta Exportación,Medifresh SA,2634994.85,ARS,2023-08-26,Cobrado,Banco Nación,Operaciones
2023-07-26,2023,Ingreso,Venta Exportación,Medifresh SA,992486.38,ARS,2023-08-25,Cobrado,Banco BBVA,Operaciones
2023-07-26,2023,Ingreso,Venta Exportación,Medifresh SA,3035261.49,ARS,2023-08-20,Cobrado,Banco Nación,Operaciones
2023-07-26,2023,Ingreso,Venta Exportación,Medifresh SA,517266.4,ARS,2023-08-16,Cobrado,Caja Operativa,Operaciones
2023-07-26,2023,Ingreso,Venta Industria,Citromax SA,100520.07,ARS,2023-08-26,Cobrado,Banco Nación,Operaciones
2023-07-26,2023,Ingreso,Venta Industria,Citromax SA,155893.29,ARS,2023-08-26,Cobrado,Banco BBVA,Operaciones
2023-07-26,2023,Ingreso,Venta Industria,Citromax SA,92373.24,ARS,2023-08-29,Cobrado,Banco Nación,Operaciones
2023-07-26,2023,Ingreso,Venta Industria,Citromax SA,84485.17,ARS,2023-09-05,Cobrado,Banco Galicia,Operaciones
2023-07-26,2023,Ingreso,Venta Industria,Citromax SA,130019.83,ARS,2023-08-21,Pendiente,Banco Galicia,Operaciones
2023-07-26,2023,Ingreso,Venta Industria,Citromax SA,155959.96,ARS,2023-09-07,Pendiente,Banco Nación,Operaciones
2023-07-26,2023,Ingreso,Venta Industria,Citromax SA,149422.79,ARS,2023-08-24,Cobrado,Banco BBVA,Operaciones
2023-07-26,2023,Ingreso,Venta Industria,Citromax SA,124561.76,ARS,2023-08-27,Cobrado,Banco Nación,Operaciones
2023-07-26,2023,Ingreso,Venta Industria,Citromax SA,203907.77,ARS,2023-09-03,Cobrado,Banco Nación,Operaciones
2023-07-26,2023,Ingreso,Venta Industria,Frutales Tucumán SRL,115694.89,ARS,2023-09-06,Pendiente,Banco Nación,Operaciones
2023-07-26,2023,Ingreso,Venta Industria,Frutales Tucumán SRL,98984.03,ARS,2023-08-17,Cobrado,Caja Operativa,Operaciones
2023-07-26,2023,Ingreso,Venta Industria,Frutales Tucumán SRL,83935.36,ARS,2023-08-23,Cobrado,Banco BBVA,Operaciones
2023-07-26,2023,Ingreso,Venta Industria,Frutales Tucumán SRL,198260.75,ARS,2023-08-15,Cobrado,Caja Operativa,Operaciones
2023-07-26,2023,Ingreso,Venta Industria,Frutales Tucumán SRL,106342.96,ARS,2023-08-28,Cobrado,Banco Nación,Operaciones
2023-07-26,2023,Ingreso,Venta Industria,Frutales Tucumán SRL,132440.88,ARS,2023-08-15,Cobrado,Caja Operativa,Operaciones
2023-07-26,2023,Ingreso,Venta Industria,Frutales Tucumán SRL,127310.54,ARS,2023-09-03,Cobrado,Caja Operativa,Operaciones
2023-07-26,2023,Ingreso,Venta Industria,Frutales Tucumán SRL,132654.36,ARS,2023-08-29,Cobrado,Banco Nación,Operaciones
2023-07-26,2023,Ingreso,Venta Mercado Interno,Central de Frutas SA,331821.88,ARS,2023-08-11,Pendiente,Banco Galicia,Operaciones
2023-07-26,2023,Ingreso,Venta Mercado Interno,Central de Frutas SA,496210.98,ARS,2023-08-12,Cobrado,Banco Galicia,Operaciones
2023-07-26,2023,Ingreso,Venta Mercado Interno,Central de Frutas SA,251573.65,ARS,2023-08-19,Cobrado,Banco Nación,Operaciones
2023-07-26,2023,Ingreso,Venta Mercado Interno,Central de Frutas SA,1053915.71,ARS,2023-08-10,Cobrado,Banco Nación,Operaciones
2023-07-26,2023,Ingreso,Venta Mercado Interno,Central de Frutas SA,592301.81,ARS,2023-08-11,Pendiente,Caja Operativa,Operaciones
2023-07-26,2023,Ingreso,Venta Mercado Interno,Frutales del Norte SRL,263490.68,ARS,2023-08-06,Pendiente,Caja Operativa,Operaciones
2023-07-26,2023,Ingreso,Venta Mercado Interno,Frutales del Norte SRL,434939.9,ARS,2023-08-06,Cobrado,Banco Galicia,Operaciones
2023-07-26,2023,Ingreso,Venta Mercado Interno,La Morenita SA,244914.22,ARS,2023-08-12,Cobrado,Banco BBVA,Operaciones
2023-07-26,2023,Ingreso,Venta Mercado Interno,La Morenita SA,718322.52,ARS,2023-08-10,Cobrado,Caja Operativa,Operaciones
2023-07-26,2023,Ingreso,Venta Mercado Interno,La Morenita SA,521084.04,ARS,2023-08-10,Cobrado,Banco Nación,Operaciones
2023-07-26,2023,Ingreso,Venta Mercado Interno,La Morenita SA,344269.67,ARS,2023-08-13,Cobrado,Banco BBVA,Operaciones
2023-07-26,2023,Ingreso,Venta Mercado Interno,La Morenita SA,562562.42,ARS,2023-08-06,Cobrado,Caja Operativa,Operaciones
2023-07-26,2023,Ingreso,Venta Mercado Interno,La Morenita SA,390144.06,ARS,2023-08-17,Cobrado,Banco Galicia,Operaciones
2023-07-26,2023,Ingreso,Venta Mercado Interno,Supermercados Norte SA,377186.32,ARS,2023-08-19,Cobrado,Banco BBVA,Operaciones
2023-07-26,2023,Ingreso,Venta Mercado Interno,Supermercados Norte SA,558747.8,ARS,2023-08-17,Cobrado,Banco Galicia,Operaciones
2023-07-26,2023,Ingreso,Venta Mercado Interno,Supermercados Norte SA,498793.9,ARS,2023-08-12,Pendiente,Caja Operativa,Operaciones
2023-07-26,2023,Ingreso,Venta Mercado Interno,Supermercados Norte SA,653553.88,ARS,2023-08-15,Cobrado,Caja Operativa,Operaciones
2023-08-02,2023,Egreso,Certificaciones,Certificaciones Global GAP,439759.98,ARS,2023-08-19,Pagado,Banco Galicia,Operaciones
2023-08-02,2023,Egreso,Comisiones,Promoción de Mercados SA,450943.93,ARS,2023-08-20,Pagado,Banco BBVA,Operaciones
2023-08-02,2023,Egreso,Control de calidad,Energía Tucumán SA,1948873.91,ARS,2023-08-10,Pagado,Banco Nación,Operaciones
2023-08-02,2023,Egreso,Despacho aduana,FríoAndes Logística,2031889.36,ARS,2023-08-15,Vencido,Caja Operativa,Operaciones
2023-08-02,2023,Egreso,Energía,TecnoPacking SRL,2135854.97,ARS,2023-08-15,Pagado,Banco Nación,Operaciones
2023-08-02,2023,Egreso,Envases y embalajes,Envases del Tucumán,2158032.96,ARS,2023-08-15,Pagado,Banco Galicia,Operaciones
2023-08-02,2023,Egreso,Fitosanitarios,Agroinsumos SA,2779390.13,ARS,2023-08-13,Pagado,Banco Nación,Operaciones
2023-08-02,2023,Egreso,Flete exportación,FríoAndes Logística,3313269.91,ARS,2023-08-07,Pendiente,Banco Galicia,Operaciones
2023-08-02,2023,Egreso,Flete interno,Transportes del Norte SA,6281624.39,ARS,2023-08-17,Pagado,Banco Galicia,Operaciones
2023-08-02,2023,Egreso,Frigorífico,Transportes del Norte SA,1395571.36,ARS,2023-08-17,Pagado,Caja Operativa,Operaciones
2023-08-02,2023,Egreso,Gastos generales,Contaduría Castillo,900403.81,ARS,2023-08-24,Pagado,Banco Nación,Operaciones
2023-08-02,2023,Egreso,Honorarios,Contaduría Castillo,324995.43,ARS,2023-08-16,Pagado,Banco BBVA,Operaciones
2023-08-02,2023,Egreso,Impuestos,Contaduría Castillo,800910.66,ARS,2023-08-13,Pagado,Banco Galicia,Impuestos
2023-08-02,2023,Egreso,Insumos agrícolas,Servicios Rurales del NOA,2464094.54,ARS,2023-08-12,Pagado,Caja Operativa,Operaciones
2023-08-02,2023,Egreso,Mano de obra cosecha,Agroinsumos SA,2707675.04,ARS,2023-08-12,Pagado,Banco BBVA,Operaciones
2023-08-02,2023,Egreso,Mano de obra empaque,TecnoPacking SRL,2621133.4,ARS,2023-08-13,Pendiente,Banco BBVA,Operaciones
2023-08-02,2023,Egreso,Mantenimiento líneas,Energía Tucumán SA,2316005.9,ARS,2023-08-14,Pagado,Banco Galicia,Operaciones
2023-08-02,2023,Egreso,Maquinaria,Servicios Rurales del NOA,2432553.95,ARS,2023-08-14,Pendiente,Banco Galicia,Operaciones
2023-08-02,2023,Egreso,Promoción comercial,Promoción de Mercados SA,203986.23,ARS,2023-08-19,Pagado,Banco BBVA,Operaciones
2023-08-02,2023,Egreso,Riego,Servicios Rurales del NOA,3365902.49,ARS,2023-08-10,Pagado,Banco Nación,Operaciones
2023-08-02,2023,Egreso,Seguros,AFIP,899063.83,ARS,2023-08-13,Pagado,Banco BBVA,Impuestos
2023-08-02,2023,Egreso,Sueldos administración,Contaduría Castillo,624179.25,ARS,2023-08-23,Pagado,Banco Nación,Operaciones
2023-08-02,2023,Egreso,Viajes comerciales,Broker Comercial Citrus,364305.73,ARS,2023-08-17,Pagado,Banco Nación,Operaciones
2023-08-02,2023,Ingreso,Venta Exportación,Al Salam Trading,1822612.06,ARS,2023-09-01,Vencido,Banco Nación,Operaciones
2023-08-02,2023,Ingreso,Venta Exportación,Al Salam Trading,850528.9,ARS,2023-09-01,Cobrado,Banco BBVA,Operaciones
2023-08-02,2023,Ingreso,Venta Exportación,Al Salam Trading,1485449.51,ARS,2023-08-26,Cobrado,Banco Nación,Operaciones
2023-08-02,2023,Ingreso,Venta Exportación,Al Salam Trading,1528641.84,ARS,2023-09-08,Cobrado,Banco Nación,Operaciones
2023-08-02,2023,Ingreso,Venta Exportación,Citrus World Ltd,2788395.64,ARS,2023-09-11,Cobrado,Banco Nación,Operaciones
2023-08-02,2023,Ingreso,Venta Exportación,Citrus World Ltd,1647033.28,ARS,2023-08-26,Cobrado,Banco BBVA,Operaciones
2023-08-02,2023,Ingreso,Venta Exportación,Citrus World Ltd,2735750.15,ARS,2023-08-30,Cobrado,Banco Galicia,Operaciones
2023-08-02,2023,Ingreso,Venta Exportación,Citrus World Ltd,1493594.15,ARS,2023-08-23,Cobrado,Banco Nación,Operaciones
2023-08-02,2023,Ingreso,Venta Exportación,Fischer Import GmbH,1260998.8,ARS,2023-08-22,Cobrado,Caja Operativa,Operaciones
2023-08-02,2023,Ingreso,Venta Exportación,Fischer Import GmbH,1868079.28,ARS,2023-09-08,Pendiente,Banco Nación,Operaciones
2023-08-02,2023,Ingreso,Venta Exportación,Medifresh SA,1323315.75,ARS,2023-09-08,Cobrado,Caja Operativa,Operaciones
2023-08-02,2023,Ingreso,Venta Exportación,Medifresh SA,1865232.04,ARS,2023-08-25,Pendiente,Banco Nación,Operaciones
2023-08-02,2023,Ingreso,Venta Exportación,Medifresh SA,1154580.49,ARS,2023-09-05,Pendiente,Banco Nación,Operaciones
2023-08-02,2023,Ingreso,Venta Exportación,Medifresh SA,1810549.38,ARS,2023-09-06,Pendiente,Banco Galicia,Operaciones
2023-08-02,2023,Ingreso,Venta Exportación,Medifresh SA,718664.32,ARS,2023-08-31,Pendiente,Caja Operativa,Operaciones
2023-08-02,2023,Ingreso,Venta Exportación,Medifresh SA,2665977.15,ARS,2023-09-08,Cobrado,Banco BBVA,Operaciones
2023-08-02,2023,Ingreso,Venta Exportación,Medifresh SA,845533.65,ARS,2023-08-20,Cobrado,Banco Nación,Operaciones
2023-08-02,2023,Ingreso,Venta Exportación,Medifresh SA,2233354.02,ARS,2023-09-06,Cobrado,Caja Operativa,Operaciones
2023-08-02,2023,Ingreso,Venta Exportación,Medifresh SA,1659637.36,ARS,2023-08-29,Cobrado,Banco Galicia,Operaciones
2023-08-02,2023,Ingreso,Venta Industria,Citromax SA,90659.52,ARS,2023-09-03,Cobrado,Banco Galicia,Operaciones
2023-08-02,2023,Ingreso,Venta Industria,Citromax SA,135316.5,ARS,2023-08-28,Cobrado,Banco BBVA,Operaciones
2023-08-02,2023,Ingreso,Venta Industria,Citromax SA,103657.17,ARS,2023-09-07,Vencido,Banco Nación,Operaciones
2023-08-02,2023,Ingreso,Venta Industria,Citromax SA,82724.72,ARS,2023-09-10,Pendiente,Banco Nación,Operaciones
2023-08-02,2023,Ingreso,Venta Industria,Citromax SA,122836.05,ARS,2023-08-30,Pendiente,Caja Operativa,Operaciones
2023-08-02,2023,Ingreso,Venta Industria,Citromax SA,123652.11,ARS,2023-08-26,Cobrado,Caja Operativa,Operaciones
2023-08-02,2023,Ingreso,Venta Industria,Citromax SA,113155.77,ARS,2023-09-15,Cobrado,Caja Operativa,Operaciones
2023-08-02,2023,Ingreso,Venta Industria,Frutales Tucumán SRL,67618.8,ARS,2023-08-28,Cobrado,Banco Nación,Operaciones
2023-08-02,2023,Ingreso,Venta Industria,Frutales Tucumán SRL,72254.34,ARS,2023-09-09,Cobrado,Banco BBVA,Operaciones
2023-08-02,2023,Ingreso,Venta Industria,Frutales Tucumán SRL,105963.24,ARS,2023-08-22,Cobrado,Banco Nación,Operaciones
2023-08-02,2023,Ingreso,Venta Industria,Frutales Tucumán SRL,140173.54,ARS,2023-09-04,Cobrado,Banco Nación,Operaciones
2023-08-02,2023,Ingreso,Venta Industria,Frutales Tucumán SRL,109375.59,ARS,2023-08-29,Cobrado,Banco Nación,Operaciones
2023-08-02,2023,Ingreso,Venta Industria,Frutales Tucumán SRL,92993.65,ARS,2023-09-09,Cobrado,Banco BBVA,Operaciones
2023-08-02,2023,Ingreso,Venta Industria,Frutales Tucumán SRL,93013.73,ARS,2023-08-30,Cobrado,Caja Operativa,Operaciones
2023-08-02,2023,Ingreso,Venta Industria,Frutales Tucumán SRL,176192.27,ARS,2023-09-16,Cobrado,Banco Galicia,Operaciones
2023-08-02,2023,Ingreso,Venta Industria,Frutales Tucumán SRL,148617.34,ARS,2023-08-28,Cobrado,Banco BBVA,Operaciones
2023-08-02,2023,Ingreso,Venta Industria,Frutales Tucumán SRL,135172.2,ARS,2023-09-07,Pendiente,Banco BBVA,Operaciones
2023-08-02,2023,Ingreso,Venta Mercado Interno,Central de Frutas SA,591841.3,ARS,2023-08-17,Cobrado,Banco BBVA,Operaciones
2023-08-02,2023,Ingreso,Venta Mercado Interno,Central de Frutas SA,474602.79,ARS,2023-08-21,Pendiente,Caja Operativa,Operaciones
2023-08-02,2023,Ingreso,Venta Mercado Interno,Central de Frutas SA,269961.38,ARS,2023-08-26,Cobrado,Banco Nación,Operaciones
2023-08-02,2023,Ingreso,Venta Mercado Interno,Central de Frutas SA,279687.43,ARS,2023-08-21,Cobrado,Caja Operativa,Operaciones
2023-08-02,2023,Ingreso,Venta Mercado Interno,Central de Frutas SA,323104.0,ARS,2023-08-17,Vencido,Caja Operativa,Operaciones
2023-08-02,2023,Ingreso,Venta Mercado Interno,Frutales del Norte SRL,825110.51,ARS,2023-08-20,Pendiente,Banco Nación,Operaciones
2023-08-02,2023,Ingreso,Venta Mercado Interno,Frutales del Norte SRL,281121.7,ARS,2023-08-19,Cobrado,Caja Operativa,Operaciones
2023-08-02,2023,Ingreso,Venta Mercado Interno,La Morenita SA,256703.05,ARS,2023-08-21,Cobrado,Banco Galicia,Operaciones
2023-08-02,2023,Ingreso,Venta Mercado Interno,La Morenita SA,403474.02,ARS,2023-08-21,Cobrado,Caja Operativa,Operaciones
2023-08-02,2023,Ingreso,Venta Mercado Interno,La Morenita SA,776990.65,ARS,2023-08-13,Pendiente,Banco Nación,Operaciones
2023-08-02,2023,Ingreso,Venta Mercado Interno,La Morenita SA,456510.14,ARS,2023-08-18,Cobrado,Banco BBVA,Operaciones
2023-08-02,2023,Ingreso,Venta Mercado Interno,La Morenita SA,429870.28,ARS,2023-08-19,Cobrado,Banco Galicia,Operaciones
2023-08-02,2023,Ingreso,Venta Mercado Interno,La Morenita SA,210530.43,ARS,2023-08-13,Cobrado,Caja Operativa,Operaciones
2023-08-02,2023,Ingreso,Venta Mercado Interno,La Morenita SA,464548.89,ARS,2023-08-25,Cobrado,Banco Galicia,Operaciones
2023-08-02,2023,Ingreso,Venta Mercado Interno,La Morenita SA,441898.68,ARS,2023-08-24,Cobrado,Banco Galicia,Operaciones
2023-08-02,2023,Ingreso,Venta Mercado Interno,Supermercados Norte SA,424777.63,ARS,2023-08-20,Cobrado,Banco Nación,Operaciones
2023-08-02,2023,Ingreso,Venta Mercado Interno,Supermercados Norte SA,261837.62,ARS,2023-08-13,Cobrado,Banco BBVA,Operaciones
2023-08-09,2023,Egreso,Certificaciones,Broker Comercial Citrus,260711.34,ARS,2023-08-15,Pagado,Banco Nación,Operaciones
2023-08-09,2023,Egreso,Comisiones,Promoción de Mercados SA,552985.03,ARS,2023-08-15,Pagado,Banco Galicia,Operaciones
2023-08-09,2023,Egreso,Control de calidad,TecnoPacking SRL,1604818.22,ARS,2023-08-22,Pendiente,Caja Operativa,Operaciones
2023-08-09,2023,Egreso,Despacho aduana,FríoAndes Logística,2589909.23,ARS,2023-08-25,Pagado,Caja Operativa,Operaciones
2023-08-09,2023,Egreso,Energía,Envases del Tucumán,2415520.56,ARS,2023-08-25,Pagado,Banco BBVA,Operaciones
2023-08-09,2023,Egreso,Envases y embalajes,Envases del Tucumán,2423398.76,ARS,2023-08-26,Pagado,Banco Galicia,Operaciones
2023-08-09,2023,Egreso,Fitosanitarios,Servicios Rurales del NOA,2633791.81,ARS,2023-08-27,Pagado,Caja Operativa,Operaciones
2023-08-09,2023,Egreso,Flete exportación,Transportes del Norte SA,1578326.76,ARS,2023-08-20,Pagado,Caja Operativa,Operaciones
2023-08-09,2023,Egreso,Flete interno,FríoAndes Logística,3397130.81,ARS,2023-08-27,Pagado,Banco Galicia,Operaciones
2023-08-09,2023,Egreso,Frigorífico,FríoAndes Logística,4969494.14,ARS,2023-08-25,Pagado,Banco Galicia,Operaciones
2023-08-09,2023,Egreso,Gastos generales,AFIP,672941.72,ARS,2023-09-01,Pagado,Banco Nación,Operaciones
2023-08-09,2023,Egreso,Honorarios,AFIP,177371.66,ARS,2023-08-19,Pendiente,Caja Operativa,Impuestos
2023-08-09,2023,Egreso,Impuestos,AFIP,679304.26,ARS,2023-08-31,Pagado,Caja Operativa,Operaciones
2023-08-09,2023,Egreso,Insumos agrícolas,Servicios Rurales del NOA,2517193.91,ARS,2023-08-27,Vencido,Banco BBVA,Operaciones
2023-08-09,2023,Egreso,Mano de obra cosecha,Servicios Rurales del NOA,2324770.0,ARS,2023-08-25,Pagado,Banco Galicia,Operaciones
2023-08-09,2023,Egreso,Mano de obra empaque,Energía Tucumán SA,2818565.96,ARS,2023-08-20,Pagado,Banco BBVA,Operaciones
2023-08-09,2023,Egreso,Mantenimiento líneas,TecnoPacking SRL,2478330.02,ARS,2023-08-17,Pagado,Banco BBVA,Operaciones
2023-08-09,2023,Egreso,Maquinaria,Servicios Rurales del NOA,2666498.51,ARS,2023-08-15,Pagado,Banco Galicia,Operaciones
2023-08-09,2023,Egreso,Promoción comercial,Broker Comercial Citrus,374871.1,ARS,2023-08-23,Pagado,Caja Operativa,Operaciones
2023-08-09,2023,Egreso,Riego,Cooperativa Citrícola,3200202.73,ARS,2023-08-27,Pagado,Banco Nación,Operaciones
2023-08-09,2023,Egreso,Seguros,Contaduría Castillo,955004.51,ARS,2023-08-24,Pagado,Banco BBVA,Impuestos
2023-08-09,2023,Egreso,Sueldos administración,AFIP,1055738.53,ARS,2023-08-25,Pagado,Caja Operativa,Operaciones
2023-08-09,2023,Egreso,Viajes comerciales,Certificaciones Global GAP,149397.29,ARS,2023-08-23,Pagado,Banco Galicia,Operaciones
2023-08-09,2023,Ingreso,Venta Exportación,Al Salam Trading,1898843.84,ARS,2023-08-30,Cobrado,Banco Nación,Operaciones
2023-08-09,2023,Ingreso,Venta Exportación,Al Salam Trading,2912860.53,ARS,2023-09-07,Cobrado,Banco Nación,Operaciones
2023-08-09,2023,Ingreso,Venta Exportación,Al Salam Trading,924043.94,ARS,2023-09-17,Cobrado,Caja Operativa,Operaciones
2023-08-09,2023,Ingreso,Venta Exportación,Al Salam Trading,1850933.17,ARS,2023-09-18,Cobrado,Banco Nación,Operaciones
2023-08-09,2023,Ingreso,Venta Exportación,Al Salam Trading,1269921.72,ARS,2023-09-10,Vencido,Banco Galicia,Operaciones
2023-08-09,2023,Ingreso,Venta Exportación,Al Salam Trading,570300.14,ARS,2023-09-04,Cobrado,Banco Galicia,Operaciones
2023-08-09,2023,Ingreso,Venta Exportación,Al Salam Trading,1093806.73,ARS,2023-09-01,Pendiente,Caja Operativa,Operaciones
2023-08-09,2023,Ingreso,Venta Exportación,Citrus World Ltd,1816033.52,ARS,2023-08-30,Cobrado,Banco BBVA,Operaciones
2023-08-09,2023,Ingreso,Venta Exportación,Citrus World Ltd,2424177.41,ARS,2023-09-05,Cobrado,Caja Operativa,Operaciones
2023-08-09,2023,Ingreso,Venta Exportación,Citrus World Ltd,1497720.3,ARS,2023-09-10,Pendiente,Banco BBVA,Operaciones
2023-08-09,2023,Ingreso,Venta Exportación,Fischer Import GmbH,2753607.31,ARS,2023-09-03,Cobrado,Banco Galicia,Operaciones
2023-08-09,2023,Ingreso,Venta Exportación,Fischer Import GmbH,1401448.47,ARS,2023-09-12,Cobrado,Banco BBVA,Operaciones
2023-08-09,2023,Ingreso,Venta Exportación,Medifresh SA,1489975.15,ARS,2023-08-27,Cobrado,Banco Galicia,Operaciones
2023-08-09,2023,Ingreso,Venta Exportación,Medifresh SA,1070802.13,ARS,2023-09-18,Cobrado,Banco BBVA,Operaciones
2023-08-09,2023,Ingreso,Venta Exportación,Medifresh SA,2515787.93,ARS,2023-08-30,Cobrado,Banco Nación,Operaciones
2023-08-09,2023,Ingreso,Venta Exportación,Medifresh SA,2576527.35,ARS,2023-09-07,Cobrado,Banco Nación,Operaciones
2023-08-09,2023,Ingreso,Venta Exportación,Medifresh SA,1082400.25,ARS,2023-08-30,Cobrado,Banco Nación,Operaciones
2023-08-09,2023,Ingreso,Venta Exportación,Medifresh SA,2039970.59,ARS,2023-08-27,Pendiente,Banco Nación,Operaciones
2023-08-09,2023,Ingreso,Venta Industria,Citromax SA,94241.42,ARS,2023-09-09,Cobrado,Banco Nación,Operaciones
2023-08-09,2023,Ingreso,Venta Industria,Citromax SA,127858.98,ARS,2023-09-22,Pendiente,Banco BBVA,Operaciones
2023-08-09,2023,Ingreso,Venta Industria,Citromax SA,155034.03,ARS,2023-09-17,Cobrado,Banco Galicia,Operaciones
2023-08-09,2023,Ingreso,Venta Industria,Citromax SA,129295.07,ARS,2023-09-17,Cobrado,Banco BBVA,Operaciones
2023-08-09,2023,Ingreso,Venta Industria,Citromax SA,101062.14,ARS,2023-09-18,Cobrado,Caja Operativa,Operaciones
2023-08-09,2023,Ingreso,Venta Industria,Frutales Tucumán SRL,120909.98,ARS,2023-09-09,Cobrado,Banco Galicia,Operaciones
2023-08-09,2023,Ingreso,Venta Industria,Frutales Tucumán SRL,80747.54,ARS,2023-09-09,Cobrado,Banco BBVA,Operaciones
2023-08-09,2023,Ingreso,Venta Industria,Frutales Tucumán SRL,62281.16,ARS,2023-09-03,Cobrado,Caja Operativa,Operaciones
2023-08-09,2023,Ingreso,Venta Industria,Frutales Tucumán SRL,105332.11,ARS,2023-09-17,Cobrado,Caja Operativa,Operaciones
2023-08-09,2023,Ingreso,Venta Industria,Frutales Tucumán SRL,93439.09,ARS,2023-09-22,Pendiente,Banco Nación,Operaciones
2023-08-09,2023,Ingreso,Venta Industria,Frutales Tucumán SRL,91725.01,ARS,2023-09-03,Cobrado,Banco BBVA,Operaciones
2023-08-09,2023,Ingreso,Venta Industria,Frutales Tucumán SRL,105913.22,ARS,2023-09-13,Cobrado,Banco Nación,Operaciones
2023-08-09,2023,Ingreso,Venta Industria,Frutales Tucumán SRL,95396.76,ARS,2023-09-09,Cobrado,Caja Operativa,Operaciones
2023-08-09,2023,Ingreso,Venta Industria,Frutales Tucumán SRL,94947.06,ARS,2023-09-09,Cobrado,Caja Operativa,Operaciones
2023-08-09,2023,Ingreso,Venta Industria,Frutales Tucumán SRL,193948.66,ARS,2023-09-08,Pendiente,Banco Nación,Operaciones
2023-08-09,2023,Ingreso,Venta Industria,Frutales Tucumán SRL,125290.0,ARS,2023-09-03,Pendiente,Caja Operativa,Operaciones
2023-08-09,2023,Ingreso,Venta Industria,Frutales Tucumán SRL,91855.1,ARS,2023-09-07,Cobrado,Banco BBVA,Operaciones
2023-08-09,2023,Ingreso,Venta Mercado Interno,Central de Frutas SA,307566.51,ARS,2023-09-02,Cobrado,Banco Galicia,Operaciones
2023-08-09,2023,Ingreso,Venta Mercado Interno,Frutales del Norte SRL,223357.83,ARS,2023-08-21,Cobrado,Banco BBVA,Operaciones
2023-08-09,2023,Ingreso,Venta Mercado Interno,Frutales del Norte SRL,627693.78,ARS,2023-08-26,Cobrado,Caja Operativa,Operaciones
2023-08-09,2023,Ingreso,Venta Mercado Interno,Frutales del Norte SRL,321199.06,ARS,2023-08-29,Pendiente,Banco Nación,Operaciones
2023-08-09,2023,Ingreso,Venta Mercado Interno,La Morenita SA,380046.57,ARS,2023-08-26,Cobrado,Banco BBVA,Operaciones
2023-08-09,2023,Ingreso,Venta Mercado Interno,La Morenita SA,357439.39,ARS,2023-08-30,Cobrado,Banco Nación,Operaciones
2023-08-09,2023,Ingreso,Venta Mercado Interno,La Morenita SA,410315.78,ARS,2023-08-19,Cobrado,Banco Galicia,Operaciones
2023-08-09,2023,Ingreso,Venta Mercado Interno,La Morenita SA,675056.83,ARS,2023-08-26,Cobrado,Caja Operativa,Operaciones
2023-08-09,2023,Ingreso,Venta Mercado Interno,La Morenita SA,643503.11,ARS,2023-08-24,Pendiente,Banco BBVA,Operaciones
2023-08-09,2023,Ingreso,Venta Mercado Interno,La Morenita SA,351162.16,ARS,2023-08-31,Cobrado,Banco Nación,Operaciones
2023-08-09,2023,Ingreso,Venta Mercado Interno,La Morenita SA,291651.39,ARS,2023-08-28,Pendiente,Banco Galicia,Operaciones
2023-08-09,2023,Ingreso,Venta Mercado Interno,La Morenita SA,358417.49,ARS,2023-08-25,Pendiente,Banco Nación,Operaciones
2023-08-09,2023,Ingreso,Venta Mercado Interno,Supermercados Norte SA,445922.55,ARS,2023-08-20,Pendiente,Banco BBVA,Operaciones
2023-08-09,2023,Ingreso,Venta Mercado Interno,Supermercados Norte SA,539958.84,ARS,2023-08-29,Pendiente,Banco BBVA,Operaciones
2023-08-09,2023,Ingreso,Venta Mercado Interno,Supermercados Norte SA,309196.88,ARS,2023-08-23,Cobrado,Banco BBVA,Operaciones
2023-08-09,2023,Ingreso,Venta Mercado Interno,Supermercados Norte SA,254555.0,ARS,2023-08-22,Cobrado,Banco BBVA,Operaciones
2023-08-09,2023,Ingreso,Venta Mercado Interno,Supermercados Norte SA,345419.36,ARS,2023-08-19,Cobrado,Banco Galicia,Operaciones
2023-08-16,2023,Egreso,Certificaciones,Promoción de Mercados SA,171843.16,ARS,2023-08-28,Pendiente,Banco BBVA,Operaciones
2023-08-16,2023,Egreso,Comisiones,Promoción de Mercados SA,339451.05,ARS,2023-08-27,Pagado,Caja Operativa,Operaciones
2023-08-16,2023,Egreso,Control de calidad,Energía Tucumán SA,2369206.39,ARS,2023-08-29,Pagado,Banco BBVA,Operaciones
2023-08-16,2023,Egreso,Despacho aduana,Despachos del NOA,2559848.79,ARS,2023-09-02,Pendiente,Banco Nación,Operaciones
2023-08-16,2023,Egreso,Energía,TecnoPacking SRL,1515628.48,ARS,2023-08-26,Pagado,Banco Galicia,Operaciones
2023-08-16,2023,Egreso,Envases y embalajes,TecnoPacking SRL,1931139.86,ARS,2023-09-02,Pagado,Banco Nación,Operaciones
2023-08-16,2023,Egreso,Fitosanitarios,Cooperativa Citrícola,2481210.14,ARS,2023-08-27,Pagado,Banco Nación,Operaciones
2023-08-16,2023,Egreso,Flete exportación,Transportes del Norte SA,4340852.51,ARS,2023-08-28,Pagado,Caja Operativa,Operaciones
2023-08-16,2023,Egreso,Flete interno,FríoAndes Logística,3310690.34,ARS,2023-09-01,Pagado,Banco Nación,Operaciones
2023-08-16,2023,Egreso,Frigorífico,Transportes del Norte SA,3322292.13,ARS,2023-08-27,Pagado,Banco Galicia,Operaciones
2023-08-16,2023,Egreso,Gastos generales,DGR Tucumán,657137.91,ARS,2023-09-07,Pagado,Banco Galicia,Impuestos
2023-08-16,2023,Egreso,Honorarios,Contaduría Castillo,1059818.06,ARS,2023-09-03,Pagado,Caja Operativa,Operaciones
2023-08-16,2023,Egreso,Impuestos,DGR Tucumán,407832.85,ARS,2023-08-29,Pagado,Banco Nación,Impuestos
2023-08-16,2023,Egreso,Insumos agrícolas,Agroinsumos SA,3279815.32,ARS,2023-08-23,Pagado,Banco Galicia,Operaciones
2023-08-16,2023,Egreso,Mano de obra cosecha,Agroinsumos SA,3467625.36,ARS,2023-08-31,Pagado,Banco BBVA,Operaciones
2023-08-16,2023,Egreso,Mano de obra empaque,TecnoPacking SRL,2516170.36,ARS,2023-08-23,Pagado,Banco BBVA,Operaciones
2023-08-16,2023,Egreso,Mantenimiento líneas,TecnoPacking SRL,3039528.12,ARS,2023-08-22,Pagado,Banco Galicia,Operaciones
2023-08-16,2023,Egreso,Maquinaria,Servicios Rurales del NOA,2419835.88,ARS,2023-08-28,Pagado,Banco Galicia,Operaciones
2023-08-16,2023,Egreso,Promoción comercial,Broker Comercial Citrus,478599.64,ARS,2023-08-24,Pagado,Banco Galicia,Operaciones
2023-08-16,2023,Egreso,Riego,Cooperativa Citrícola,2171667.42,ARS,2023-08-21,Pagado,Caja Operativa,Operaciones
2023-08-16,2023,Egreso,Seguros,AFIP,818973.72,ARS,2023-08-30,Pagado,Banco Nación,Impuestos
2023-08-16,2023,Egreso,Sueldos administración,DGR Tucumán,681458.48,ARS,2023-09-08,Pagado,Caja Operativa,Impuestos
2023-08-16,2023,Egreso,Viajes comerciales,Certificaciones Global GAP,468488.26,ARS,2023-08-28,Pagado,Banco Galicia,Operaciones
2023-08-16,2023,Ingreso,Venta Exportación,Al Salam Trading,1251240.86,ARS,2023-09-09,Cobrado,Banco Nación,Operaciones
2023-08-16,2023,Ingreso,Venta Exportación,Al Salam Trading,1878869.66,ARS,2023-09-19,Cobrado,Banco Galicia,Operaciones
2023-08-16,2023,Ingreso,Venta Exportación,Citrus World Ltd,2107053.62,ARS,2023-09-07,Cobrado,Banco BBVA,Operaciones
2023-08-16,2023,Ingreso,Venta Exportación,Citrus World Ltd,2106947.34,ARS,2023-09-06,Cobrado,Caja Operativa,Operaciones
2023-08-16,2023,Ingreso,Venta Exportación,Citrus World Ltd,1724912.9,ARS,2023-09-19,Cobrado,Banco Galicia,Operaciones
2023-08-16,2023,Ingreso,Venta Exportación,Citrus World Ltd,1675393.08,ARS,2023-09-13,Cobrado,Banco Galicia,Operaciones
2023-08-16,2023,Ingreso,Venta Exportación,Citrus World Ltd,2733394.4,ARS,2023-09-20,Cobrado,Banco BBVA,Operaciones
2023-08-16,2023,Ingreso,Venta Exportación,Fischer Import GmbH,3357452.58,ARS,2023-09-13,Cobrado,Banco Nación,Operaciones
2023-08-16,2023,Ingreso,Venta Exportación,Fischer Import GmbH,1943679.48,ARS,2023-09-08,Cobrado,Banco BBVA,Operaciones
2023-08-16,2023,Ingreso,Venta Exportación,Fischer Import GmbH,1461141.95,ARS,2023-09-15,Cobrado,Banco BBVA,Operaciones
2023-08-16,2023,Ingreso,Venta Exportación,Medifresh SA,752526.28,ARS,2023-09-08,Cobrado,Banco BBVA,Operaciones
2023-08-16,2023,Ingreso,Venta Exportación,Medifresh SA,1956278.21,ARS,2023-09-04,Cobrado,Caja Operativa,Operaciones
2023-08-16,2023,Ingreso,Venta Exportación,Medifresh SA,2549765.74,ARS,2023-09-05,Cobrado,Caja Operativa,Operaciones
2023-08-16,2023,Ingreso,Venta Exportación,Medifresh SA,1147132.57,ARS,2023-09-20,Pendiente,Banco Nación,Operaciones
2023-08-16,2023,Ingreso,Venta Exportación,Medifresh SA,2558750.95,ARS,2023-09-19,Cobrado,Banco Nación,Operaciones
2023-08-16,2023,Ingreso,Venta Exportación,Medifresh SA,2406037.11,ARS,2023-09-14,Cobrado,Banco Galicia,Operaciones
2023-08-16,2023,Ingreso,Venta Exportación,Medifresh SA,1109623.07,ARS,2023-09-21,Cobrado,Banco BBVA,Operaciones
2023-08-16,2023,Ingreso,Venta Industria,Citromax SA,87835.09,ARS,2023-09-13,Cobrado,Banco Galicia,Operaciones
2023-08-16,2023,Ingreso,Venta Industria,Citromax SA,74898.26,ARS,2023-09-24,Cobrado,Banco BBVA,Operaciones
2023-08-16,2023,Ingreso,Venta Industria,Citromax SA,184324.02,ARS,2023-09-13,Pendiente,Caja Operativa,Operaciones
2023-08-16,2023,Ingreso,Venta Industria,Citromax SA,139802.78,ARS,2023-09-06,Pendiente,Banco BBVA,Operaciones
2023-08-16,2023,Ingreso,Venta Industria,Citromax SA,123808.81,ARS,2023-09-26,Vencido,Banco Nación,Operaciones
2023-08-16,2023,Ingreso,Venta Industria,Citromax SA,87904.2,ARS,2023-09-26,Cobrado,Caja Operativa,Operaciones
2023-08-16,2023,Ingreso,Venta Industria,Citromax SA,161161.92,ARS,2023-09-18,Cobrado,Caja Operativa,Operaciones
2023-08-16,2023,Ingreso,Venta Industria,Citromax SA,157628.73,ARS,2023-09-15,Cobrado,Banco Nación,Operaciones
2023-08-16,2023,Ingreso,Venta Industria,Citromax SA,103483.45,ARS,2023-09-13,Cobrado,Banco Nación,Operaciones
2023-08-16,2023,Ingreso,Venta Industria,Citromax SA,118134.83,ARS,2023-09-19,Cobrado,Banco Nación,Operaciones
2023-08-16,2023,Ingreso,Venta Industria,Citromax SA,90527.64,ARS,2023-09-06,Cobrado,Banco Galicia,Operaciones
2023-08-16,2023,Ingreso,Venta Industria,Frutales Tucumán SRL,104985.0,ARS,2023-09-08,Cobrado,Banco Galicia,Operaciones
2023-08-16,2023,Ingreso,Venta Industria,Frutales Tucumán SRL,63090.68,ARS,2023-09-21,Vencido,Banco Nación,Operaciones
2023-08-16,2023,Ingreso,Venta Industria,Frutales Tucumán SRL,122360.65,ARS,2023-09-24,Cobrado,Banco Galicia,Operaciones
2023-08-16,2023,Ingreso,Venta Industria,Frutales Tucumán SRL,96150.44,ARS,2023-09-07,Cobrado,Caja Operativa,Operaciones
2023-08-16,2023,Ingreso,Venta Industria,Frutales Tucumán SRL,93696.25,ARS,2023-09-25,Cobrado,Banco Galicia,Operaciones
2023-08-16,2023,Ingreso,Venta Industria,Frutales Tucumán SRL,173308.16,ARS,2023-09-16,Pendiente,Banco Nación,Operaciones
2023-08-16,2023,Ingreso,Venta Mercado Interno,Central de Frutas SA,408514.38,ARS,2023-09-09,Cobrado,Banco Nación,Operaciones
2023-08-16,2023,Ingreso,Venta Mercado Interno,Central de Frutas SA,445389.74,ARS,2023-08-30,Cobrado,Banco Galicia,Operaciones
2023-08-16,2023,Ingreso,Venta Mercado Interno,Central de Frutas SA,283992.24,ARS,2023-09-08,Pendiente,Banco BBVA,Operaciones
2023-08-16,2023,Ingreso,Venta Mercado Interno,Frutales del Norte SRL,265814.51,ARS,2023-08-26,Cobrado,Banco BBVA,Operaciones
2023-08-16,2023,Ingreso,Venta Mercado Interno,Frutales del Norte SRL,540464.6,ARS,2023-09-07,Cobrado,Banco Nación,Operaciones
2023-08-16,2023,Ingreso,Venta Mercado Interno,Frutales del Norte SRL,456573.54,ARS,2023-09-02,Pendiente,Banco BBVA,Operaciones
2023-08-16,2023,Ingreso,Venta Mercado Interno,Frutales del Norte SRL,422028.53,ARS,2023-09-01,Pendiente,Banco Galicia,Operaciones
2023-08-16,2023,Ingreso,Venta Mercado Interno,Frutales del Norte SRL,308920.65,ARS,2023-09-05,Pendiente,Banco Galicia,Operaciones
2023-08-16,2023,Ingreso,Venta Mercado Interno,La Morenita SA,505990.96,ARS,2023-09-01,Cobrado,Banco BBVA,Operaciones
2023-08-16,2023,Ingreso,Venta Mercado Interno,La Morenita SA,270081.12,ARS,2023-08-26,Pendiente,Banco Galicia,Operaciones
2023-08-16,2023,Ingreso,Venta Mercado Interno,La Morenita SA,396692.99,ARS,2023-09-06,Cobrado,Banco Galicia,Operaciones
2023-08-16,2023,Ingreso,Venta Mercado Interno,La Morenita SA,388984.55,ARS,2023-08-31,Cobrado,Banco Nación,Operaciones
2023-08-16,2023,Ingreso,Venta Mercado Interno,La Morenita SA,775420.72,ARS,2023-08-28,Cobrado,Caja Operativa,Operaciones
2023-08-16,2023,Ingreso,Venta Mercado Interno,La Morenita SA,420734.77,ARS,2023-08-26,Pendiente,Banco Galicia,Operaciones
2023-08-16,2023,Ingreso,Venta Mercado Interno,La Morenita SA,372867.21,ARS,2023-09-05,Cobrado,Caja Operativa,Operaciones
2023-08-16,2023,Ingreso,Venta Mercado Interno,Supermercados Norte SA,421956.07,ARS,2023-08-26,Cobrado,Banco Galicia,Operaciones
2023-08-16,2023,Ingreso,Venta Mercado Interno,Supermercados Norte SA,458867.37,ARS,2023-08-30,Cobrado,Banco Nación,Operaciones
2023-08-23,2023,Egreso,Certificaciones,Broker Comercial Citrus,456355.35,ARS,2023-09-05,Pendiente,Banco Galicia,Operaciones
2023-08-23,2023,Egreso,Comisiones,Promoción de Mercados SA,588529.7,ARS,2023-09-07,Pagado,Caja Operativa,Operaciones
2023-08-23,2023,Egreso,Control de calidad,Envases del Tucumán,2973885.9,ARS,2023-09-05,Pagado,Banco BBVA,Operaciones
2023-08-23,2023,Egreso,Despacho aduana,FríoAndes Logística,1419507.43,ARS,2023-08-28,Pendiente,Banco Galicia,Operaciones
2023-08-23,2023,Egreso,Energía,TecnoPacking SRL,2435050.27,ARS,2023-08-28,Pagado,Banco Galicia,Operaciones
2023-08-23,2023,Egreso,Envases y embalajes,Energía Tucumán SA,2563271.72,ARS,2023-09-05,Pagado,Banco BBVA,Operaciones
2023-08-23,2023,Egreso,Fitosanitarios,Servicios Rurales del NOA,1637768.73,ARS,2023-09-08,Vencido,Banco BBVA,Operaciones
2023-08-23,2023,Egreso,Flete exportación,Despachos del NOA,3982137.0,ARS,2023-08-30,Pagado,Banco Nación,Operaciones
2023-08-23,2023,Egreso,Flete interno,Transportes del Norte SA,2874558.69,ARS,2023-09-03,Pagado,Banco Nación,Operaciones
2023-08-23,2023,Egreso,Frigorífico,Transportes del Norte SA,5033550.66,ARS,2023-09-05,Pendiente,Banco Nación,Operaciones
2023-08-23,2023,Egreso,Gastos generales,Contaduría Castillo,630674.27,ARS,2023-09-02,Pagado,Banco Galicia,Impuestos
2023-08-23,2023,Egreso,Honorarios,DGR Tucumán,650980.91,ARS,2023-09-16,Pagado,Banco Nación,Operaciones
2023-08-23,2023,Egreso,Impuestos,DGR Tucumán,600834.32,ARS,2023-09-04,Pagado,Banco BBVA,Impuestos
2023-08-23,2023,Egreso,Insumos agrícolas,Agroinsumos SA,3789733.97,ARS,2023-09-05,Pagado,Banco BBVA,Operaciones
2023-08-23,2023,Egreso,Mano de obra cosecha,Cooperativa Citrícola,2883961.48,ARS,2023-08-31,Pagado,Banco Galicia,Operaciones
2023-08-23,2023,Egreso,Mano de obra empaque,TecnoPacking SRL,1899136.16,ARS,2023-08-29,Pagado,Caja Operativa,Operaciones
2023-08-23,2023,Egreso,Mantenimiento líneas,TecnoPacking SRL,2231350.98,ARS,2023-08-29,Pagado,Banco BBVA,Operaciones
2023-08-23,2023,Egreso,Maquinaria,Agroinsumos SA,3321433.49,ARS,2023-08-31,Pagado,Banco BBVA,Operaciones
2023-08-23,2023,Egreso,Promoción comercial,Certificaciones Global GAP,323931.6,ARS,2023-09-07,Pagado,Banco BBVA,Operaciones
2023-08-23,2023,Egreso,Riego,Agroinsumos SA,2420473.44,ARS,2023-09-02,Pagado,Banco Nación,Operaciones
2023-08-23,2023,Egreso,Seguros,DGR Tucumán,990178.23,ARS,2023-09-17,Pendiente,Banco Galicia,Operaciones
2023-08-23,2023,Egreso,Sueldos administración,Contaduría Castillo,472571.01,ARS,2023-09-02,Pagado,Banco BBVA,Operaciones
2023-08-23,2023,Egreso,Viajes comerciales,Certificaciones Global GAP,186824.9,ARS,2023-09-03,Pendiente,Banco Nación,Operaciones
2023-08-23,2023,Ingreso,Venta Exportación,Al Salam Trading,957282.16,ARS,2023-09-20,Cobrado,Banco BBVA,Operaciones
2023-08-23,2023,Ingreso,Venta Exportación,Al Salam Trading,2375844.56,ARS,2023-09-16,Cobrado,Caja Operativa,Operaciones
2023-08-23,2023,Ingreso,Venta Exportación,Al Salam Trading,1510124.49,ARS,2023-09-23,Cobrado,Caja Operativa,Operaciones
2023-08-23,2023,Ingreso,Venta Exportación,Al Salam Trading,1842975.87,ARS,2023-09-15,Cobrado,Banco Galicia,Operaciones
2023-08-23,2023,Ingreso,Venta Exportación,Al Salam Trading,2471443.06,ARS,2023-09-12,Cobrado,Caja Operativa,Operaciones
2023-08-23,2023,Ingreso,Venta Exportación,Citrus World Ltd,1940946.74,ARS,2023-09-12,Cobrado,Banco Galicia,Operaciones
2023-08-23,2023,Ingreso,Venta Exportación,Citrus World Ltd,1812082.91,ARS,2023-09-14,Cobrado,Banco Nación,Operaciones
2023-08-23,2023,Ingreso,Venta Exportación,Citrus World Ltd,2257044.4,ARS,2023-09-22,Cobrado,Banco Nación,Operaciones
2023-08-23,2023,Ingreso,Venta Exportación,Fischer Import GmbH,2272598.66,ARS,2023-09-20,Pendiente,Banco Nación,Operaciones
2023-08-23,2023,Ingreso,Venta Exportación,Medifresh SA,2738769.55,ARS,2023-09-25,Cobrado,Banco Nación,Operaciones
2023-08-23,2023,Ingreso,Venta Exportación,Medifresh SA,1889199.08,ARS,2023-09-30,Vencido,Banco BBVA,Operaciones
2023-08-23,2023,Ingreso,Venta Exportación,Medifresh SA,1799071.92,ARS,2023-09-26,Cobrado,Banco BBVA,Operaciones
2023-08-23,2023,Ingreso,Venta Exportación,Medifresh SA,1539621.01,ARS,2023-09-10,Cobrado,Banco BBVA,Operaciones
2023-08-23,2023,Ingreso,Venta Exportación,Medifresh SA,1048863.43,ARS,2023-09-29,Cobrado,Banco BBVA,Operaciones
2023-08-23,2023,Ingreso,Venta Exportación,Medifresh SA,1904413.54,ARS,2023-09-26,Cobrado,Caja Operativa,Operaciones
2023-08-23,2023,Ingreso,Venta Exportación,Medifresh SA,1069431.29,ARS,2023-09-24,Cobrado,Banco Nación,Operaciones
2023-08-23,2023,Ingreso,Venta Exportación,Medifresh SA,2256628.84,ARS,2023-09-12,Cobrado,Banco BBVA,Operaciones
2023-08-23,2023,Ingreso,Venta Exportación,Medifresh SA,1491353.64,ARS,2023-09-28,Cobrado,Banco BBVA,Operaciones
2023-08-23,2023,Ingreso,Venta Industria,Citromax SA,122723.26,ARS,2023-09-22,Cobrado,Banco Nación,Operaciones
2023-08-23,2023,Ingreso,Venta Industria,Citromax SA,98931.86,ARS,2023-10-02,Cobrado,Caja Operativa,Operaciones
2023-08-23,2023,Ingreso,Venta Industria,Citromax SA,91499.16,ARS,2023-09-20,Pendiente,Caja Operativa,Operaciones
2023-08-23,2023,Ingreso,Venta Industria,Citromax SA,229432.47,ARS,2023-10-01,Cobrado,Banco BBVA,Operaciones
2023-08-23,2023,Ingreso,Venta Industria,Citromax SA,110188.33,ARS,2023-10-02,Cobrado,Caja Operativa,Operaciones
2023-08-23,2023,Ingreso,Venta Industria,Citromax SA,136219.16,ARS,2023-09-22,Cobrado,Caja Operativa,Operaciones
2023-08-23,2023,Ingreso,Venta Industria,Citromax SA,132837.22,ARS,2023-09-20,Cobrado,Banco Galicia,Operaciones
2023-08-23,2023,Ingreso,Venta Industria,Frutales Tucumán SRL,90724.7,ARS,2023-10-05,Pendiente,Banco Nación,Operaciones
2023-08-23,2023,Ingreso,Venta Industria,Frutales Tucumán SRL,86799.43,ARS,2023-09-13,Cobrado,Banco BBVA,Operaciones
2023-08-23,2023,Ingreso,Venta Industria,Frutales Tucumán SRL,72286.25,ARS,2023-09-15,Pendiente,Caja Operativa,Operaciones
2023-08-23,2023,Ingreso,Venta Industria,Frutales Tucumán SRL,97708.78,ARS,2023-10-02,Cobrado,Caja Operativa,Operaciones
2023-08-23,2023,Ingreso,Venta Industria,Frutales Tucumán SRL,139680.89,ARS,2023-10-03,Cobrado,Banco Nación,Operaciones
2023-08-23,2023,Ingreso,Venta Industria,Frutales Tucumán SRL,105715.23,ARS,2023-09-29,Cobrado,Banco Galicia,Operaciones
2023-08-23,2023,Ingreso,Venta Industria,Frutales Tucumán SRL,96058.07,ARS,2023-09-14,Cobrado,Banco BBVA,Operaciones
2023-08-23,2023,Ingreso,Venta Industria,Frutales Tucumán SRL,105760.78,ARS,2023-09-25,Pendiente,Banco Galicia,Operaciones
2023-08-23,2023,Ingreso,Venta Industria,Frutales Tucumán SRL,199691.21,ARS,2023-09-13,Cobrado,Banco Galicia,Operaciones
2023-08-23,2023,Ingreso,Venta Industria,Frutales Tucumán SRL,110991.29,ARS,2023-10-04,Cobrado,Banco Nación,Operaciones
2023-08-23,2023,Ingreso,Venta Mercado Interno,Central de Frutas SA,288164.85,ARS,2023-09-09,Cobrado,Banco Galicia,Operaciones
2023-08-23,2023,Ingreso,Venta Mercado Interno,Central de Frutas SA,363406.61,ARS,2023-09-03,Cobrado,Banco BBVA,Operaciones
2023-08-23,2023,Ingreso,Venta Mercado Interno,Central de Frutas SA,680817.43,ARS,2023-09-02,Cobrado,Caja Operativa,Operaciones
2023-08-23,2023,Ingreso,Venta Mercado Interno,Central de Frutas SA,630288.06,ARS,2023-09-06,Cobrado,Caja Operativa,Operaciones
2023-08-23,2023,Ingreso,Venta Mercado Interno,Central de Frutas SA,323295.2,ARS,2023-09-06,Cobrado,Banco Nación,Operaciones
2023-08-23,2023,Ingreso,Venta Mercado Interno,Central de Frutas SA,412477.88,ARS,2023-09-14,Vencido,Banco Nación,Operaciones
2023-08-23,2023,Ingreso,Venta Mercado Interno,Frutales del Norte SRL,193582.91,ARS,2023-09-07,Cobrado,Banco Nación,Operaciones
2023-08-23,2023,Ingreso,Venta Mercado Interno,Frutales del Norte SRL,461857.94,ARS,2023-09-03,Vencido,Banco Galicia,Operaciones
2023-08-23,2023,Ingreso,Venta Mercado Interno,Frutales del Norte SRL,455371.73,ARS,2023-09-11,Cobrado,Caja Operativa,Operaciones
2023-08-23,2023,Ingreso,Venta Mercado Interno,Frutales del Norte SRL,356923.68,ARS,2023-09-03,Vencido,Banco Galicia,Operaciones
2023-08-23,2023,Ingreso,Venta Mercado Interno,La Morenita SA,452204.59,ARS,2023-09-02,Cobrado,Caja Operativa,Operaciones
2023-08-23,2023,Ingreso,Venta Mercado Interno,La Morenita SA,601123.64,ARS,2023-09-13,Cobrado,Banco Nación,Operaciones
2023-08-23,2023,Ingreso,Venta Mercado Interno,La Morenita SA,461868.39,ARS,2023-09-08,Cobrado,Banco Nación,Operaciones
2023-08-23,2023,Ingreso,Venta Mercado Interno,La Morenita SA,559950.55,ARS,2023-09-03,Cobrado,Caja Operativa,Operaciones
2023-08-23,2023,Ingreso,Venta Mercado Interno,La Morenita SA,256817.72,ARS,2023-09-03,Cobrado,Banco BBVA,Operaciones
2023-08-23,2023,Ingreso,Venta Mercado Interno,La Morenita SA,246418.68,ARS,2023-09-04,Cobrado,Banco Galicia,Operaciones
2023-08-23,2023,Ingreso,Venta Mercado Interno,Supermercados Norte SA,626686.24,ARS,2023-09-15,Cobrado,Banco BBVA,Operaciones
2023-08-30,2023,Egreso,Certificaciones,Broker Comercial Citrus,418796.64,ARS,2023-09-07,Pagado,Banco Galicia,Operaciones
2023-08-30,2023,Egreso,Comisiones,Broker Comercial Citrus,285640.94,ARS,2023-09-05,Pagado,Banco BBVA,Operaciones
2023-08-30,2023,Egreso,Control de calidad,TecnoPacking SRL,2167697.43,ARS,2023-09-08,Pagado,Banco Galicia,Operaciones
2023-08-30,2023,Egreso,Despacho aduana,Transportes del Norte SA,3650273.0,ARS,2023-09-13,Pagado,Caja Operativa,Operaciones
2023-08-30,2023,Egreso,Energía,Energía Tucumán SA,2965292.04,ARS,2023-09-07,Pagado,Banco Nación,Operaciones
2023-08-30,2023,Egreso,Envases y embalajes,Energía Tucumán SA,2393367.22,ARS,2023-09-11,Pagado,Banco BBVA,Operaciones
2023-08-30,2023,Egreso,Fitosanitarios,Servicios Rurales del NOA,2192657.76,ARS,2023-09-07,Pendiente,Banco Nación,Operaciones
2023-08-30,2023,Egreso,Flete exportación,Despachos del NOA,2707388.81,ARS,2023-09-15,Pendiente,Banco BBVA,Operaciones
2023-08-30,2023,Egreso,Flete interno,FríoAndes Logística,3448202.2,ARS,2023-09-11,Pagado,Banco BBVA,Operaciones
2023-08-30,2023,Egreso,Frigorífico,Transportes del Norte SA,3280591.4,ARS,2023-09-13,Pendiente,Banco BBVA,Operaciones
2023-08-30,2023,Egreso,Gastos generales,Contaduría Castillo,489193.47,ARS,2023-09-23,Pendiente,Banco Galicia,Operaciones
2023-08-30,2023,Egreso,Honorarios,DGR Tucumán,997212.19,ARS,2023-09-15,Pagado,Banco Galicia,Impuestos
2023-08-30,2023,Egreso,Impuestos,AFIP,637255.83,ARS,2023-09-24,Pagado,Banco BBVA,Impuestos
2023-08-30,2023,Egreso,Insumos agrícolas,Agroinsumos SA,3097259.82,ARS,2023-09-11,Pagado,Banco Galicia,Operaciones
2023-08-30,2023,Egreso,Mano de obra cosecha,Cooperativa Citrícola,3164757.03,ARS,2023-09-08,Pendiente,Banco Nación,Operaciones
2023-08-30,2023,Egreso,Mano de obra empaque,Energía Tucumán SA,2247093.72,ARS,2023-09-14,Pagado,Banco Nación,Operaciones
2023-08-30,2023,Egreso,Mantenimiento líneas,Energía Tucumán SA,2353860.6,ARS,2023-09-13,Pagado,Banco Galicia,Operaciones
2023-08-30,2023,Egreso,Maquinaria,Agroinsumos SA,2121327.91,ARS,2023-09-13,Pagado,Banco Galicia,Operaciones
2023-08-30,2023,Egreso,Promoción comercial,Broker Comercial Citrus,175127.74,ARS,2023-09-05,Pagado,Banco Nación,Operaciones
2023-08-30,2023,Egreso,Riego,Cooperativa Citrícola,3074741.56,ARS,2023-09-09,Pagado,Banco Nación,Operaciones
2023-08-30,2023,Egreso,Seguros,DGR Tucumán,775196.26,ARS,2023-09-24,Pagado,Banco BBVA,Impuestos
2023-08-30,2023,Egreso,Sueldos administración,DGR Tucumán,699123.3,ARS,2023-09-15,Pendiente,Banco BBVA,Operaciones
2023-08-30,2023,Egreso,Viajes comerciales,Certificaciones Global GAP,529649.77,ARS,2023-09-11,Pagado,Banco Nación,Operaciones
2023-08-30,2023,Ingreso,Venta Exportación,Al Salam Trading,1568801.16,ARS,2023-10-07,Cobrado,Banco Galicia,Operaciones
2023-08-30,2023,Ingreso,Venta Exportación,Al Salam Trading,1516116.83,ARS,2023-09-26,Cobrado,Banco BBVA,Operaciones
2023-08-30,2023,Ingreso,Venta Exportación,Al Salam Trading,2025489.31,ARS,2023-09-22,Cobrado,Caja Operativa,Operaciones
2023-08-30,2023,Ingreso,Venta Exportación,Al Salam Trading,1838548.64,ARS,2023-09-27,Pendiente,Banco BBVA,Operaciones
2023-08-30,2023,Ingreso,Venta Exportación,Al Salam Trading,899253.73,ARS,2023-10-05,Vencido,Banco Nación,Operaciones
2023-08-30,2023,Ingreso,Venta Exportación,Al Salam Trading,1221795.17,ARS,2023-09-19,Pendiente,Caja Operativa,Operaciones
2023-08-30,2023,Ingreso,Venta Exportación,Citrus World Ltd,1089259.7,ARS,2023-10-05,Cobrado,Caja Operativa,Operaciones
2023-08-30,2023,Ingreso,Venta Exportación,Citrus World Ltd,2381548.49,ARS,2023-10-04,Cobrado,Banco Galicia,Operaciones
2023-08-30,2023,Ingreso,Venta Exportación,Citrus World Ltd,2369555.49,ARS,2023-10-02,Cobrado,Banco BBVA,Operaciones
2023-08-30,2023,Ingreso,Venta Exportación,Citrus World Ltd,2662611.97,ARS,2023-09-30,Pendiente,Banco Galicia,Operaciones
2023-08-30,2023,Ingreso,Venta Exportación,Citrus World Ltd,1467850.77,ARS,2023-10-05,Cobrado,Banco Galicia,Operaciones
2023-08-30,2023,Ingreso,Venta Exportación,Fischer Import GmbH,1989408.58,ARS,2023-09-24,Cobrado,Banco BBVA,Operaciones
2023-08-30,2023,Ingreso,Venta Exportación,Fischer Import GmbH,1024302.51,ARS,2023-10-01,Cobrado,Banco Galicia,Operaciones
2023-08-30,2023,Ingreso,Venta Exportación,Fischer Import GmbH,1762511.66,ARS,2023-09-17,Cobrado,Caja Operativa,Operaciones
2023-08-30,2023,Ingreso,Venta Exportación,Medifresh SA,2519855.18,ARS,2023-10-09,Pendiente,Banco BBVA,Operaciones
2023-08-30,2023,Ingreso,Venta Exportación,Medifresh SA,2166055.9,ARS,2023-10-08,Cobrado,Banco Nación,Operaciones
2023-08-30,2023,Ingreso,Venta Exportación,Medifresh SA,1143277.83,ARS,2023-09-23,Cobrado,Caja Operativa,Operaciones
2023-08-30,2023,Ingreso,Venta Exportación,Medifresh SA,2711455.63,ARS,2023-09-20,Cobrado,Caja Operativa,Operaciones
2023-08-30,2023,Ingreso,Venta Industria,Citromax SA,130403.68,ARS,2023-10-10,Cobrado,Caja Operativa,Operaciones
2023-08-30,2023,Ingreso,Venta Industria,Citromax SA,131881.56,ARS,2023-10-07,Cobrado,Banco Galicia,Operaciones
2023-08-30,2023,Ingreso,Venta Industria,Citromax SA,130035.22,ARS,2023-10-04,Cobrado,Banco BBVA,Operaciones
2023-08-30,2023,Ingreso,Venta Industria,Citromax SA,121655.6,ARS,2023-10-04,Cobrado,Banco BBVA,Operaciones
2023-08-30,2023,Ingreso,Venta Industria,Citromax SA,106339.29,ARS,2023-10-13,Cobrado,Banco Galicia,Operaciones
2023-08-30,2023,Ingreso,Venta Industria,Citromax SA,115418.56,ARS,2023-09-22,Cobrado,Banco Nación,Operaciones
2023-08-30,2023,Ingreso,Venta Industria,Citromax SA,84854.31,ARS,2023-09-22,Cobrado,Banco Galicia,Operaciones
2023-08-30,2023,Ingreso,Venta Industria,Citromax SA,92867.19,ARS,2023-10-03,Cobrado,Banco Galicia,Operaciones
2023-08-30,2023,Ingreso,Venta Industria,Citromax SA,198846.52,ARS,2023-09-29,Cobrado,Caja Operativa,Operaciones
2023-08-30,2023,Ingreso,Venta Industria,Citromax SA,120970.48,ARS,2023-09-29,Cobrado,Banco BBVA,Operaciones
2023-08-30,2023,Ingreso,Venta Industria,Citromax SA,120108.06,ARS,2023-10-13,Cobrado,Banco Nación,Operaciones
2023-08-30,2023,Ingreso,Venta Industria,Citromax SA,117846.8,ARS,2023-09-30,Cobrado,Banco BBVA,Operaciones
2023-08-30,2023,Ingreso,Venta Industria,Frutales Tucumán SRL,87810.8,ARS,2023-10-03,Cobrado,Banco BBVA,Operaciones
2023-08-30,2023,Ingreso,Venta Industria,Frutales Tucumán SRL,92444.49,ARS,2023-10-04,Cobrado,Banco Nación,Operaciones
2023-08-30,2023,Ingreso,Venta Industria,Frutales Tucumán SRL,72515.93,ARS,2023-09-30,Pendiente,Banco BBVA,Operaciones
2023-08-30,2023,Ingreso,Venta Industria,Frutales Tucumán SRL,171371.08,ARS,2023-10-01,Cobrado,Banco BBVA,Operaciones
2023-08-30,2023,Ingreso,Venta Industria,Frutales Tucumán SRL,122355.0,ARS,2023-10-14,Cobrado,Banco BBVA,Operaciones
2023-08-30,2023,Ingreso,Venta Mercado Interno,Central de Frutas SA,747186.84,ARS,2023-09-12,Vencido,Banco BBVA,Operaciones
2023-08-30,2023,Ingreso,Venta Mercado Interno,Central de Frutas SA,344942.43,ARS,2023-09-22,Cobrado,Banco Galicia,Operaciones
2023-08-30,2023,Ingreso,Venta Mercado Interno,Central de Frutas SA,678498.57,ARS,2023-09-14,Cobrado,Banco Nación,Operaciones
2023-08-30,2023,Ingreso,Venta Mercado Interno,Central de Frutas SA,415573.77,ARS,2023-09-10,Cobrado,Banco BBVA,Operaciones
2023-08-30,2023,Ingreso,Venta Mercado Interno,Frutales del Norte SRL,246302.19,ARS,2023-09-11,Cobrado,Banco BBVA,Operaciones
2023-08-30,2023,Ingreso,Venta Mercado Interno,Frutales del Norte SRL,388696.13,ARS,2023-09-17,Cobrado,Banco Nación,Operaciones
2023-08-30,2023,Ingreso,Venta Mercado Interno,Frutales del Norte SRL,375785.67,ARS,2023-09-16,Cobrado,Banco Nación,Operaciones
2023-08-30,2023,Ingreso,Venta Mercado Interno,La Morenita SA,390705.91,ARS,2023-09-17,Cobrado,Banco Galicia,Operaciones
2023-08-30,2023,Ingreso,Venta Mercado Interno,La Morenita SA,282783.94,ARS,2023-09-19,Pendiente,Banco Nación,Operaciones
2023-08-30,2023,Ingreso,Venta Mercado Interno,La Morenita SA,366712.84,ARS,2023-09-15,Cobrado,Caja Operativa,Operaciones
2023-08-30,2023,Ingreso,Venta Mercado Interno,La Morenita SA,680470.9,ARS,2023-09-13,Cobrado,Banco Galicia,Operaciones
2023-08-30,2023,Ingreso,Venta Mercado Interno,La Morenita SA,385907.84,ARS,2023-09-19,Cobrado,Banco BBVA,Operaciones
2023-08-30,2023,Ingreso,Venta Mercado Interno,La Morenita SA,415495.42,ARS,2023-09-17,Cobrado,Caja Operativa,Operaciones
2023-08-30,2023,Ingreso,Venta Mercado Interno,Supermercados Norte SA,390883.21,ARS,2023-09-23,Cobrado,Banco Nación,Operaciones
2023-08-30,2023,Ingreso,Venta Mercado Interno,Supermercados Norte SA,347554.48,ARS,2023-09-11,Cobrado,Banco Galicia,Operaciones
2023-08-30,2023,Ingreso,Venta Mercado Interno,Supermercados Norte SA,332281.71,ARS,2023-09-19,Pendiente,Banco Nación,Operaciones
2023-08-30,2023,Ingreso,Venta Mercado Interno,Supermercados Norte SA,675525.0,ARS,2023-09-12,Cobrado,Caja Operativa,Operaciones
2023-09-06,2023,Egreso,Certificaciones,Broker Comercial Citrus,326739.39,ARS,2023-09-16,Pagado,Banco BBVA,Operaciones
2023-09-06,2023,Egreso,Comisiones,Broker Comercial Citrus,174477.46,ARS,2023-09-13,Pagado,Banco BBVA,Operaciones
2023-09-06,2023,Egreso,Control de calidad,Envases del Tucumán,2008949.59,ARS,2023-09-21,Pagado,Banco Nación,Operaciones
2023-09-06,2023,Egreso,Despacho aduana,Transportes del Norte SA,2363928.19,ARS,2023-09-24,Pagado,Caja Operativa,Operaciones
2023-09-06,2023,Egreso,Energía,Envases del Tucumán,1858021.44,ARS,2023-09-20,Pagado,Banco BBVA,Operaciones
2023-09-06,2023,Egreso,Envases y embalajes,Envases del Tucumán,1158012.58,ARS,2023-09-20,Pagado,Banco BBVA,Operaciones
2023-09-06,2023,Egreso,Fitosanitarios,Cooperativa Citrícola,1889259.12,ARS,2023-09-18,Pagado,Banco BBVA,Operaciones
2023-09-06,2023,Egreso,Flete exportación,FríoAndes Logística,2986649.21,ARS,2023-09-19,Pagado,Banco Galicia,Operaciones
2023-09-06,2023,Egreso,Flete interno,Transportes del Norte SA,2261878.26,ARS,2023-09-16,Pagado,Caja Operativa,Operaciones
2023-09-06,2023,Egreso,Frigorífico,Despachos del NOA,733754.48,ARS,2023-09-16,Pagado,Banco Galicia,Operaciones
2023-09-06,2023,Egreso,Gastos generales,AFIP,905547.13,ARS,2023-09-17,Vencido,Banco Nación,Impuestos
2023-09-06,2023,Egreso,Honorarios,DGR Tucumán,622065.76,ARS,2023-09-28,Pagado,Caja Operativa,Impuestos
2023-09-06,2023,Egreso,Impuestos,AFIP,285466.62,ARS,2023-09-28,Pagado,Banco Galicia,Operaciones
2023-09-06,2023,Egreso,Insumos agrícolas,Cooperativa Citrícola,2184222.34,ARS,2023-09-17,Pagado,Banco Nación,Operaciones
2023-09-06,2023,Egreso,Mano de obra cosecha,Cooperativa Citrícola,1598774.47,ARS,2023-09-15,Pagado,Banco Galicia,Operaciones
2023-09-06,2023,Egreso,Mano de obra empaque,Energía Tucumán SA,1817902.69,ARS,2023-09-19,Vencido,Caja Operativa,Operaciones
2023-09-06,2023,Egreso,Mantenimiento líneas,Energía Tucumán SA,1413129.12,ARS,2023-09-11,Pagado,Banco Galicia,Operaciones
2023-09-06,2023,Egreso,Maquinaria,Servicios Rurales del NOA,1848184.74,ARS,2023-09-17,Pendiente,Caja Operativa,Operaciones
2023-09-06,2023,Egreso,Promoción comercial,Certificaciones Global GAP,252131.53,ARS,2023-09-16,Pendiente,Banco BBVA,Operaciones
2023-09-06,2023,Egreso,Riego,Servicios Rurales del NOA,1608449.26,ARS,2023-09-14,Pagado,Caja Operativa,Operaciones
2023-09-06,2023,Egreso,Seguros,DGR Tucumán,563570.41,ARS,2023-09-22,Pagado,Banco BBVA,Operaciones
2023-09-06,2023,Egreso,Sueldos administración,AFIP,1145067.42,ARS,2023-09-30,Pagado,Banco Galicia,Operaciones
2023-09-06,2023,Egreso,Viajes comerciales,Promoción de Mercados SA,88477.41,ARS,2023-09-21,Pagado,Banco Nación,Operaciones
2023-09-06,2023,Ingreso,Venta Exportación,Al Salam Trading,605986.0,ARS,2023-10-03,Cobrado,Banco BBVA,Operaciones
2023-09-06,2023,Ingreso,Venta Exportación,Al Salam Trading,1268929.67,ARS,2023-10-13,Cobrado,Banco Nación,Operaciones
2023-09-06,2023,Ingreso,Venta Exportación,Al Salam Trading,875912.66,ARS,2023-10-03,Vencido,Caja Operativa,Operaciones
2023-09-06,2023,Ingreso,Venta Exportación,Al Salam Trading,814184.12,ARS,2023-10-07,Cobrado,Caja Operativa,Operaciones
2023-09-06,2023,Ingreso,Venta Exportación,Al Salam Trading,1322716.87,ARS,2023-09-24,Cobrado,Banco BBVA,Operaciones
2023-09-06,2023,Ingreso,Venta Exportación,Al Salam Trading,818889.16,ARS,2023-09-29,Cobrado,Caja Operativa,Operaciones
2023-09-06,2023,Ingreso,Venta Exportación,Citrus World Ltd,866134.11,ARS,2023-10-15,Cobrado,Caja Operativa,Operaciones
2023-09-06,2023,Ingreso,Venta Exportación,Citrus World Ltd,773024.08,ARS,2023-09-27,Cobrado,Banco Nación,Operaciones
2023-09-06,2023,Ingreso,Venta Exportación,Citrus World Ltd,1174623.69,ARS,2023-09-26,Cobrado,Banco BBVA,Operaciones
2023-09-06,2023,Ingreso,Venta Exportación,Citrus World Ltd,1003597.75,ARS,2023-10-03,Pendiente,Banco BBVA,Operaciones
2023-09-06,2023,Ingreso,Venta Exportación,Fischer Import GmbH,1306877.84,ARS,2023-09-25,Cobrado,Banco Nación,Operaciones
2023-09-06,2023,Ingreso,Venta Exportación,Fischer Import GmbH,1376742.77,ARS,2023-10-01,Cobrado,Banco Galicia,Operaciones
2023-09-06,2023,Ingreso,Venta Exportación,Fischer Import GmbH,2358541.78,ARS,2023-10-02,Vencido,Banco BBVA,Operaciones
2023-09-06,2023,Ingreso,Venta Exportación,Medifresh SA,1649806.79,ARS,2023-10-02,Cobrado,Banco Galicia,Operaciones
2023-09-06,2023,Ingreso,Venta Exportación,Medifresh SA,803398.74,ARS,2023-09-28,Cobrado,Banco Galicia,Operaciones
2023-09-06,2023,Ingreso,Venta Exportación,Medifresh SA,1801511.45,ARS,2023-10-07,Pendiente,Banco BBVA,Operaciones
2023-09-06,2023,Ingreso,Venta Exportación,Medifresh SA,1350659.18,ARS,2023-09-24,Cobrado,Banco Galicia,Operaciones
2023-09-06,2023,Ingreso,Venta Industria,Citromax SA,49910.16,ARS,2023-10-18,Pendiente,Caja Operativa,Operaciones
2023-09-06,2023,Ingreso,Venta Industria,Citromax SA,88017.6,ARS,2023-10-09,Cobrado,Banco Galicia,Operaciones
2023-09-06,2023,Ingreso,Venta Industria,Citromax SA,85917.87,ARS,2023-10-20,Cobrado,Banco Galicia,Operaciones
2023-09-06,2023,Ingreso,Venta Industria,Citromax SA,73696.6,ARS,2023-10-16,Cobrado,Banco Galicia,Operaciones
2023-09-06,2023,Ingreso,Venta Industria,Citromax SA,73165.86,ARS,2023-10-10,Pendiente,Caja Operativa,Operaciones
2023-09-06,2023,Ingreso,Venta Industria,Citromax SA,95595.02,ARS,2023-09-30,Vencido,Banco BBVA,Operaciones
2023-09-06,2023,Ingreso,Venta Industria,Citromax SA,88295.82,ARS,2023-10-06,Cobrado,Banco BBVA,Operaciones
2023-09-06,2023,Ingreso,Venta Industria,Citromax SA,90135.34,ARS,2023-10-10,Cobrado,Banco BBVA,Operaciones
2023-09-06,2023,Ingreso,Venta Industria,Citromax SA,90666.27,ARS,2023-10-15,Cobrado,Banco BBVA,Operaciones
2023-09-06,2023,Ingreso,Venta Industria,Frutales Tucumán SRL,44060.44,ARS,2023-10-10,Cobrado,Caja Operativa,Operaciones
2023-09-06,2023,Ingreso,Venta Industria,Frutales Tucumán SRL,69736.87,ARS,2023-10-12,Cobrado,Banco BBVA,Operaciones
2023-09-06,2023,Ingreso,Venta Industria,Frutales Tucumán SRL,58511.96,ARS,2023-09-27,Cobrado,Caja Operativa,Operaciones
2023-09-06,2023,Ingreso,Venta Industria,Frutales Tucumán SRL,78166.23,ARS,2023-10-18,Cobrado,Caja Operativa,Operaciones
2023-09-06,2023,Ingreso,Venta Industria,Frutales Tucumán SRL,62967.15,ARS,2023-10-21,Cobrado,Caja Operativa,Operaciones
2023-09-06,2023,Ingreso,Venta Industria,Frutales Tucumán SRL,63037.04,ARS,2023-10-14,Cobrado,Caja Operativa,Operaciones
2023-09-06,2023,Ingreso,Venta Industria,Frutales Tucumán SRL,134411.54,ARS,2023-10-18,Cobrado,Banco Galicia,Operaciones
2023-09-06,2023,Ingreso,Venta Industria,Frutales Tucumán SRL,90095.46,ARS,2023-10-09,Pendiente,Banco Nación,Operaciones
2023-09-06,2023,Ingreso,Venta Mercado Interno,Central de Frutas SA,358465.2,ARS,2023-09-17,Cobrado,Banco Galicia,Operaciones
2023-09-06,2023,Ingreso,Venta Mercado Interno,Central de Frutas SA,210203.09,ARS,2023-09-27,Cobrado,Caja Operativa,Operaciones
2023-09-06,2023,Ingreso,Venta Mercado Interno,Central de Frutas SA,193591.35,ARS,2023-09-18,Cobrado,Banco BBVA,Operaciones
2023-09-06,2023,Ingreso,Venta Mercado Interno,Central de Frutas SA,269252.49,ARS,2023-09-17,Cobrado,Banco BBVA,Operaciones
2023-09-06,2023,Ingreso,Venta Mercado Interno,Central de Frutas SA,239531.75,ARS,2023-09-16,Cobrado,Banco BBVA,Operaciones
2023-09-06,2023,Ingreso,Venta Mercado Interno,Central de Frutas SA,245115.76,ARS,2023-09-24,Cobrado,Banco BBVA,Operaciones
2023-09-06,2023,Ingreso,Venta Mercado Interno,Frutales del Norte SRL,398045.88,ARS,2023-09-18,Pendiente,Banco Galicia,Operaciones
2023-09-06,2023,Ingreso,Venta Mercado Interno,Frutales del Norte SRL,216973.84,ARS,2023-09-28,Cobrado,Caja Operativa,Operaciones
2023-09-06,2023,Ingreso,Venta Mercado Interno,Frutales del Norte SRL,168773.12,ARS,2023-09-20,Cobrado,Banco Nación,Operaciones
2023-09-06,2023,Ingreso,Venta Mercado Interno,Frutales del Norte SRL,199273.17,ARS,2023-09-19,Cobrado,Caja Operativa,Operaciones
2023-09-06,2023,Ingreso,Venta Mercado Interno,La Morenita SA,154561.87,ARS,2023-09-24,Cobrado,Banco BBVA,Operaciones
2023-09-06,2023,Ingreso,Venta Mercado Interno,Supermercados Norte SA,295458.26,ARS,2023-09-19,Cobrado,Banco Galicia,Operaciones
2023-09-06,2023,Ingreso,Venta Mercado Interno,Supermercados Norte SA,176994.93,ARS,2023-09-19,Cobrado,Banco Galicia,Operaciones
2023-09-06,2023,Ingreso,Venta Mercado Interno,Supermercados Norte SA,459450.81,ARS,2023-09-20,Cobrado,Banco Nación,Operaciones
2023-09-06,2023,Ingreso,Venta Mercado Interno,Supermercados Norte SA,624012.74,ARS,2023-09-30,Cobrado,Banco Nación,Operaciones
2023-09-06,2023,Ingreso,Venta Mercado Interno,Supermercados Norte SA,326774.62,ARS,2023-09-21,Cobrado,Banco BBVA,Operaciones
2023-09-06,2023,Ingreso,Venta Mercado Interno,Supermercados Norte SA,257067.21,ARS,2023-09-25,Cobrado,Caja Operativa,Operaciones
2023-09-13,2023,Egreso,Certificaciones,Certificaciones Global GAP,216122.15,ARS,2023-09-28,Pagado,Banco Galicia,Operaciones
2023-09-13,2023,Egreso,Comisiones,Broker Comercial Citrus,209316.4,ARS,2023-09-24,Pagado,Banco Galicia,Operaciones
2023-09-13,2023,Egreso,Control de calidad,Envases del Tucumán,1761273.99,ARS,2023-09-28,Pagado,Banco Nación,Operaciones
2023-09-13,2023,Egreso,Despacho aduana,Despachos del NOA,2289393.1,ARS,2023-09-29,Pagado,Banco Galicia,Operaciones
2023-09-13,2023,Egreso,Energía,TecnoPacking SRL,1380400.23,ARS,2023-09-23,Pagado,Banco Galicia,Operaciones
2023-09-13,2023,Egreso,Envases y embalajes,Envases del Tucumán,2469468.38,ARS,2023-09-25,Pendiente,Banco Galicia,Operaciones
2023-09-13,2023,Egreso,Fitosanitarios,Servicios Rurales del NOA,1371022.19,ARS,2023-09-25,Pagado,Banco Nación,Operaciones
2023-09-13,2023,Egreso,Flete exportación,Despachos del NOA,3574974.14,ARS,2023-09-18,Pagado,Banco Nación,Operaciones
2023-09-13,2023,Egreso,Flete interno,Despachos del NOA,1834557.69,ARS,2023-09-27,Pagado,Banco Nación,Operaciones
2023-09-13,2023,Egreso,Frigorífico,Transportes del Norte SA,1025622.19,ARS,2023-09-21,Pagado,Caja Operativa,Operaciones
2023-09-13,2023,Egreso,Gastos generales,DGR Tucumán,725510.16,ARS,2023-09-24,Pagado,Banco Galicia,Impuestos
2023-09-13,2023,Egreso,Honorarios,Contaduría Castillo,507000.34,ARS,2023-10-06,Vencido,Banco BBVA,Impuestos
2023-09-13,2023,Egreso,Impuestos,Contaduría Castillo,564754.75,ARS,2023-09-28,Pagado,Banco BBVA,Operaciones
2023-09-13,2023,Egreso,Insumos agrícolas,Servicios Rurales del NOA,1566786.52,ARS,2023-09-24,Pagado,Banco Galicia,Operaciones
2023-09-13,2023,Egreso,Mano de obra cosecha,Servicios Rurales del NOA,2290403.32,ARS,2023-09-18,Pagado,Banco BBVA,Operaciones
2023-09-13,2023,Egreso,Mano de obra empaque,TecnoPacking SRL,1504532.49,ARS,2023-09-18,Pagado,Caja Operativa,Operaciones
2023-09-13,2023,Egreso,Mantenimiento líneas,Energía Tucumán SA,1561220.45,ARS,2023-09-28,Pagado,Banco Galicia,Operaciones
2023-09-13,2023,Egreso,Maquinaria,Servicios Rurales del NOA,2262230.47,ARS,2023-09-28,Pagado,Banco Galicia,Operaciones
2023-09-13,2023,Egreso,Promoción comercial,Broker Comercial Citrus,221840.53,ARS,2023-09-18,Pendiente,Banco Nación,Operaciones
2023-09-13,2023,Egreso,Riego,Cooperativa Citrícola,1861171.45,ARS,2023-09-27,Pendiente,Banco Nación,Operaciones
2023-09-13,2023,Egreso,Seguros,Contaduría Castillo,1021959.85,ARS,2023-09-24,Pendiente,Banco Nación,Operaciones
2023-09-13,2023,Egreso,Sueldos administración,Contaduría Castillo,576288.34,ARS,2023-09-23,Pagado,Banco Nación,Operaciones
2023-09-13,2023,Egreso,Viajes comerciales,Broker Comercial Citrus,312808.13,ARS,2023-09-19,Pagado,Banco BBVA,Operaciones
2023-09-13,2023,Ingreso,Venta Exportación,Al Salam Trading,1564253.4,ARS,2023-10-08,Vencido,Banco Nación,Operaciones
2023-09-13,2023,Ingreso,Venta Exportación,Al Salam Trading,829964.28,ARS,2023-10-01,Cobrado,Banco Galicia,Operaciones
2023-09-13,2023,Ingreso,Venta Exportación,Al Salam Trading,901297.81,ARS,2023-10-18,Cobrado,Banco BBVA,Operaciones
2023-09-13,2023,Ingreso,Venta Exportación,Al Salam Trading,2377390.92,ARS,2023-10-06,Pendiente,Banco Galicia,Operaciones
2023-09-13,2023,Ingreso,Venta Exportación,Al Salam Trading,987000.41,ARS,2023-10-09,Pendiente,Banco BBVA,Operaciones
2023-09-13,2023,Ingreso,Venta Exportación,Al Salam Trading,1437181.06,ARS,2023-10-03,Cobrado,Banco Galicia,Operaciones
2023-09-13,2023,Ingreso,Venta Exportación,Al Salam Trading,964553.8,ARS,2023-10-02,Cobrado,Banco Galicia,Operaciones
2023-09-13,2023,Ingreso,Venta Exportación,Citrus World Ltd,1325278.36,ARS,2023-10-19,Cobrado,Banco Galicia,Operaciones
2023-09-13,2023,Ingreso,Venta Exportación,Citrus World Ltd,545282.91,ARS,2023-10-13,Cobrado,Banco Nación,Operaciones
2023-09-13,2023,Ingreso,Venta Exportación,Citrus World Ltd,1074797.12,ARS,2023-10-23,Cobrado,Banco BBVA,Operaciones
2023-09-13,2023,Ingreso,Venta Exportación,Citrus World Ltd,735828.25,ARS,2023-10-11,Cobrado,Banco BBVA,Operaciones
2023-09-13,2023,Ingreso,Venta Exportación,Fischer Import GmbH,1447457.36,ARS,2023-10-13,Cobrado,Caja Operativa,Operaciones
2023-09-13,2023,Ingreso,Venta Exportación,Fischer Import GmbH,1559478.59,ARS,2023-10-12,Cobrado,Banco Galicia,Operaciones
2023-09-13,2023,Ingreso,Venta Exportación,Fischer Import GmbH,2044398.24,ARS,2023-10-18,Cobrado,Banco BBVA,Operaciones
2023-09-13,2023,Ingreso,Venta Exportación,Medifresh SA,785699.14,ARS,2023-10-18,Cobrado,Banco Galicia,Operaciones
2023-09-13,2023,Ingreso,Venta Exportación,Medifresh SA,1332853.28,ARS,2023-10-08,Pendiente,Caja Operativa,Operaciones
2023-09-13,2023,Ingreso,Venta Exportación,Medifresh SA,1136565.39,ARS,2023-10-23,Cobrado,Banco Galicia,Operaciones
2023-09-13,2023,Ingreso,Venta Industria,Citromax SA,73763.85,ARS,2023-10-08,Cobrado,Caja Operativa,Operaciones
2023-09-13,2023,Ingreso,Venta Industria,Citromax SA,45490.36,ARS,2023-10-08,Cobrado,Banco BBVA,Operaciones
2023-09-13,2023,Ingreso,Venta Industria,Citromax SA,82018.68,ARS,2023-10-06,Vencido,Banco Galicia,Operaciones
2023-09-13,2023,Ingreso,Venta Industria,Citromax SA,90951.89,ARS,2023-10-07,Cobrado,Caja Operativa,Operaciones
2023-09-13,2023,Ingreso,Venta Industria,Citromax SA,81856.52,ARS,2023-10-25,Cobrado,Banco Nación,Operaciones
2023-09-13,2023,Ingreso,Venta Industria,Citromax SA,68514.49,ARS,2023-10-05,Cobrado,Banco Nación,Operaciones
2023-09-13,2023,Ingreso,Venta Industria,Citromax SA,167901.56,ARS,2023-10-28,Pendiente,Banco BBVA,Operaciones
2023-09-13,2023,Ingreso,Venta Industria,Citromax SA,110943.48,ARS,2023-10-09,Cobrado,Banco BBVA,Operaciones
2023-09-13,2023,Ingreso,Venta Industria,Citromax SA,100289.46,ARS,2023-10-04,Cobrado,Banco Nación,Operaciones
2023-09-13,2023,Ingreso,Venta Industria,Citromax SA,73036.44,ARS,2023-10-28,Cobrado,Banco BBVA,Operaciones
2023-09-13,2023,Ingreso,Venta Industria,Frutales Tucumán SRL,89762.54,ARS,2023-10-22,Cobrado,Caja Operativa,Operaciones
2023-09-13,2023,Ingreso,Venta Industria,Frutales Tucumán SRL,44777.79,ARS,2023-10-17,Cobrado,Banco BBVA,Operaciones
2023-09-13,2023,Ingreso,Venta Industria,Frutales Tucumán SRL,62970.24,ARS,2023-10-14,Cobrado,Caja Operativa,Operaciones
2023-09-13,2023,Ingreso,Venta Industria,Frutales Tucumán SRL,60434.53,ARS,2023-10-23,Cobrado,Caja Operativa,Operaciones
2023-09-13,2023,Ingreso,Venta Industria,Frutales Tucumán SRL,55655.49,ARS,2023-10-14,Cobrado,Banco BBVA,Operaciones
2023-09-13,2023,Ingreso,Venta Industria,Frutales Tucumán SRL,115121.81,ARS,2023-10-07,Vencido,Caja Operativa,Operaciones
2023-09-13,2023,Ingreso,Venta Industria,Frutales Tucumán SRL,102205.77,ARS,2023-10-22,Vencido,Banco Galicia,Operaciones
2023-09-13,2023,Ingreso,Venta Mercado Interno,Central de Frutas SA,357477.45,ARS,2023-09-26,Cobrado,Caja Operativa,Operaciones
2023-09-13,2023,Ingreso,Venta Mercado Interno,Central de Frutas SA,249641.5,ARS,2023-10-02,Cobrado,Banco Galicia,Operaciones
2023-09-13,2023,Ingreso,Venta Mercado Interno,Central de Frutas SA,124642.32,ARS,2023-09-26,Vencido,Banco Galicia,Operaciones
2023-09-13,2023,Ingreso,Venta Mercado Interno,Central de Frutas SA,345921.84,ARS,2023-10-07,Cobrado,Caja Operativa,Operaciones
2023-09-13,2023,Ingreso,Venta Mercado Interno,Central de Frutas SA,223954.09,ARS,2023-10-04,Cobrado,Banco Nación,Operaciones
2023-09-13,2023,Ingreso,Venta Mercado Interno,Central de Frutas SA,239814.56,ARS,2023-10-04,Pendiente,Caja Operativa,Operaciones
2023-09-13,2023,Ingreso,Venta Mercado Interno,Frutales del Norte SRL,349071.4,ARS,2023-09-28,Cobrado,Caja Operativa,Operaciones
2023-09-13,2023,Ingreso,Venta Mercado Interno,Frutales del Norte SRL,222878.14,ARS,2023-10-05,Cobrado,Caja Operativa,Operaciones
2023-09-13,2023,Ingreso,Venta Mercado Interno,Frutales del Norte SRL,278464.3,ARS,2023-10-06,Pendiente,Caja Operativa,Operaciones
2023-09-13,2023,Ingreso,Venta Mercado Interno,Frutales del Norte SRL,203164.24,ARS,2023-09-24,Pendiente,Banco BBVA,Operaciones
2023-09-13,2023,Ingreso,Venta Mercado Interno,Frutales del Norte SRL,412029.11,ARS,2023-10-04,Cobrado,Caja Operativa,Operaciones
2023-09-13,2023,Ingreso,Venta Mercado Interno,La Morenita SA,131149.67,ARS,2023-10-07,Cobrado,Banco BBVA,Operaciones
2023-09-13,2023,Ingreso,Venta Mercado Interno,La Morenita SA,314140.2,ARS,2023-10-06,Cobrado,Banco Nación,Operaciones
2023-09-13,2023,Ingreso,Venta Mercado Interno,La Morenita SA,247908.61,ARS,2023-10-04,Cobrado,Banco Nación,Operaciones
2023-09-13,2023,Ingreso,Venta Mercado Interno,Supermercados Norte SA,373063.31,ARS,2023-09-23,Cobrado,Banco Galicia,Operaciones
2023-09-13,2023,Ingreso,Venta Mercado Interno,Supermercados Norte SA,502147.23,ARS,2023-10-05,Pendiente,Banco Nación,Operaciones
2023-09-13,2023,Ingreso,Venta Mercado Interno,Supermercados Norte SA,245001.44,ARS,2023-09-24,Cobrado,Banco Nación,Operaciones
2023-09-18,2023,Egreso,Repago descubierto campaña,Banco Galicia - Línea Campaña,128152331.95,ARS,2023-10-18,Pagado,Caja Operativa,Financiamiento
2023-09-20,2023,Egreso,Certificaciones,Broker Comercial Citrus,177342.62,ARS,2023-10-01,Pagado,Caja Operativa,Operaciones
2023-09-20,2023,Egreso,Comisiones,Certificaciones Global GAP,210997.63,ARS,2023-09-30,Vencido,Banco Nación,Operaciones
2023-09-20,2023,Egreso,Control de calidad,Energía Tucumán SA,2202597.28,ARS,2023-09-28,Pagado,Banco Galicia,Operaciones
2023-09-20,2023,Egreso,Despacho aduana,Transportes del Norte SA,2089019.58,ARS,2023-10-01,Pagado,Banco Nación,Operaciones
2023-09-20,2023,Egreso,Energía,Envases del Tucumán,1920697.31,ARS,2023-10-05,Pagado,Banco Galicia,Operaciones
2023-09-20,2023,Egreso,Envases y embalajes,Envases del Tucumán,1574147.04,ARS,2023-09-28,Pagado,Banco BBVA,Operaciones
2023-09-20,2023,Egreso,Fitosanitarios,Servicios Rurales del NOA,1887798.36,ARS,2023-09-29,Pagado,Banco BBVA,Operaciones
2023-09-20,2023,Egreso,Flete exportación,Despachos del NOA,2887730.93,ARS,2023-09-28,Pendiente,Banco Galicia,Operaciones
2023-09-20,2023,Egreso,Flete interno,Transportes del Norte SA,2000612.06,ARS,2023-10-07,Pagado,Banco BBVA,Operaciones
2023-09-20,2023,Egreso,Frigorífico,FríoAndes Logística,1959692.85,ARS,2023-10-03,Vencido,Caja Operativa,Operaciones
2023-09-20,2023,Egreso,Gastos generales,Contaduría Castillo,768319.78,ARS,2023-10-06,Pagado,Banco Nación,Operaciones
2023-09-20,2023,Egreso,Honorarios,Contaduría Castillo,404879.73,ARS,2023-10-05,Pendiente,Banco Nación,Impuestos
2023-09-20,2023,Egreso,Impuestos,AFIP,181306.11,ARS,2023-10-06,Pagado,Banco Nación,Operaciones
2023-09-20,2023,Egreso,Insumos agrícolas,Agroinsumos SA,1934958.26,ARS,2023-10-05,Pagado,Banco Nación,Operaciones
2023-09-20,2023,Egreso,Mano de obra cosecha,Servicios Rurales del NOA,2256828.86,ARS,2023-09-25,Pagado,Banco Galicia,Operaciones
2023-09-20,2023,Egreso,Mano de obra empaque,Envases del Tucumán,1791608.64,ARS,2023-10-08,Pagado,Banco Nación,Operaciones
2023-09-20,2023,Egreso,Mantenimiento líneas,TecnoPacking SRL,1250646.24,ARS,2023-10-02,Vencido,Banco Galicia,Operaciones
2023-09-20,2023,Egreso,Maquinaria,Cooperativa Citrícola,1719476.05,ARS,2023-09-26,Pendiente,Banco BBVA,Operaciones
2023-09-20,2023,Egreso,Promoción comercial,Promoción de Mercados SA,300367.85,ARS,2023-09-29,Pagado,Banco Nación,Operaciones
2023-09-20,2023,Egreso,Riego,Servicios Rurales del NOA,1752259.44,ARS,2023-10-05,Pagado,Banco BBVA,Operaciones
2023-09-20,2023,Egreso,Seguros,AFIP,1429031.09,ARS,2023-09-30,Pagado,Banco Galicia,Operaciones
2023-09-20,2023,Egreso,Sueldos administración,AFIP,802192.87,ARS,2023-10-04,Vencido,Banco BBVA,Operaciones
2023-09-20,2023,Egreso,Viajes comerciales,Promoción de Mercados SA,254174.39,ARS,2023-09-30,Pagado,Caja Operativa,Operaciones
2023-09-20,2023,Ingreso,Venta Exportación,Al Salam Trading,1860120.09,ARS,2023-10-23,Cobrado,Banco Nación,Operaciones
2023-09-20,2023,Ingreso,Venta Exportación,Al Salam Trading,1298175.88,ARS,2023-10-30,Vencido,Banco BBVA,Operaciones
2023-09-20,2023,Ingreso,Venta Exportación,Al Salam Trading,961797.8,ARS,2023-10-23,Cobrado,Banco Galicia,Operaciones
2023-09-20,2023,Ingreso,Venta Exportación,Al Salam Trading,2414371.74,ARS,2023-10-24,Cobrado,Banco Galicia,Operaciones
2023-09-20,2023,Ingreso,Venta Exportación,Al Salam Trading,1166833.98,ARS,2023-10-14,Cobrado,Caja Operativa,Operaciones
2023-09-20,2023,Ingreso,Venta Exportación,Citrus World Ltd,1459005.07,ARS,2023-10-28,Cobrado,Banco Nación,Operaciones
2023-09-20,2023,Ingreso,Venta Exportación,Citrus World Ltd,545635.22,ARS,2023-10-10,Pendiente,Banco Galicia,Operaciones
2023-09-20,2023,Ingreso,Venta Exportación,Citrus World Ltd,1509092.65,ARS,2023-10-11,Cobrado,Banco Galicia,Operaciones
2023-09-20,2023,Ingreso,Venta Exportación,Citrus World Ltd,1143040.5,ARS,2023-10-26,Cobrado,Banco Galicia,Operaciones
2023-09-20,2023,Ingreso,Venta Exportación,Citrus World Ltd,1125805.65,ARS,2023-10-24,Cobrado,Banco Nación,Operaciones
2023-09-20,2023,Ingreso,Venta Exportación,Citrus World Ltd,974408.5,ARS,2023-10-15,Cobrado,Banco Galicia,Operaciones
2023-09-20,2023,Ingreso,Venta Exportación,Fischer Import GmbH,2222230.76,ARS,2023-10-14,Cobrado,Banco Galicia,Operaciones
2023-09-20,2023,Ingreso,Venta Exportación,Fischer Import GmbH,1085250.81,ARS,2023-10-28,Cobrado,Banco BBVA,Operaciones
2023-09-20,2023,Ingreso,Venta Exportación,Fischer Import GmbH,1520231.13,ARS,2023-10-08,Cobrado,Banco Nación,Operaciones
2023-09-20,2023,Ingreso,Venta Exportación,Fischer Import GmbH,1055378.53,ARS,2023-10-25,Cobrado,Banco Galicia,Operaciones
2023-09-20,2023,Ingreso,Venta Exportación,Medifresh SA,1339413.64,ARS,2023-10-25,Cobrado,Banco Nación,Operaciones
2023-09-20,2023,Ingreso,Venta Exportación,Medifresh SA,571699.68,ARS,2023-10-14,Cobrado,Banco BBVA,Operaciones
2023-09-20,2023,Ingreso,Venta Industria,Citromax SA,46075.11,ARS,2023-10-15,Vencido,Banco Nación,Operaciones
2023-09-20,2023,Ingreso,Venta Industria,Citromax SA,77610.4,ARS,2023-10-21,Cobrado,Banco Galicia,Operaciones
2023-09-20,2023,Ingreso,Venta Industria,Citromax SA,68695.66,ARS,2023-10-21,Vencido,Banco BBVA,Operaciones
2023-09-20,2023,Ingreso,Venta Industria,Citromax SA,160411.61,ARS,2023-10-25,Cobrado,Banco BBVA,Operaciones
2023-09-20,2023,Ingreso,Venta Industria,Citromax SA,106341.85,ARS,2023-10-26,Cobrado,Banco BBVA,Operaciones
2023-09-20,2023,Ingreso,Venta Industria,Citromax SA,93339.17,ARS,2023-10-27,Cobrado,Banco Galicia,Operaciones
2023-09-20,2023,Ingreso,Venta Industria,Citromax SA,107959.67,ARS,2023-10-15,Cobrado,Banco BBVA,Operaciones
2023-09-20,2023,Ingreso,Venta Industria,Frutales Tucumán SRL,61789.87,ARS,2023-10-18,Cobrado,Banco Nación,Operaciones
2023-09-20,2023,Ingreso,Venta Industria,Frutales Tucumán SRL,107499.18,ARS,2023-10-30,Cobrado,Banco BBVA,Operaciones
2023-09-20,2023,Ingreso,Venta Industria,Frutales Tucumán SRL,60768.33,ARS,2023-10-18,Cobrado,Banco Galicia,Operaciones
2023-09-20,2023,Ingreso,Venta Industria,Frutales Tucumán SRL,100321.22,ARS,2023-11-01,Pendiente,Banco Nación,Operaciones
2023-09-20,2023,Ingreso,Venta Industria,Frutales Tucumán SRL,101598.18,ARS,2023-10-31,Cobrado,Banco Galicia,Operaciones
2023-09-20,2023,Ingreso,Venta Industria,Frutales Tucumán SRL,74830.17,ARS,2023-10-14,Cobrado,Banco BBVA,Operaciones
2023-09-20,2023,Ingreso,Venta Industria,Frutales Tucumán SRL,82384.75,ARS,2023-10-21,Cobrado,Banco Nación,Operaciones
2023-09-20,2023,Ingreso,Venta Industria,Frutales Tucumán SRL,81681.55,ARS,2023-11-04,Pendiente,Banco Nación,Operaciones
2023-09-20,2023,Ingreso,Venta Industria,Frutales Tucumán SRL,84178.06,ARS,2023-10-30,Cobrado,Banco Galicia,Operaciones
2023-09-20,2023,Ingreso,Venta Industria,Frutales Tucumán SRL,73928.54,ARS,2023-10-12,Cobrado,Banco BBVA,Operaciones
2023-09-20,2023,Ingreso,Venta Mercado Interno,Central de Frutas SA,292833.16,ARS,2023-10-08,Cobrado,Banco Nación,Operaciones
2023-09-20,2023,Ingreso,Venta Mercado Interno,Central de Frutas SA,355619.86,ARS,2023-10-13,Cobrado,Banco Galicia,Operaciones
2023-09-20,2023,Ingreso,Venta Mercado Interno,Central de Frutas SA,195434.75,ARS,2023-10-05,Pendiente,Banco BBVA,Operaciones
2023-09-20,2023,Ingreso,Venta Mercado Interno,Central de Frutas SA,523537.12,ARS,2023-10-05,Cobrado,Banco BBVA,Operaciones
2023-09-20,2023,Ingreso,Venta Mercado Interno,Central de Frutas SA,471333.88,ARS,2023-10-06,Cobrado,Banco Galicia,Operaciones
2023-09-20,2023,Ingreso,Venta Mercado Interno,Frutales del Norte SRL,143128.38,ARS,2023-10-04,Cobrado,Banco Nación,Operaciones
2023-09-20,2023,Ingreso,Venta Mercado Interno,Frutales del Norte SRL,478826.46,ARS,2023-10-13,Cobrado,Caja Operativa,Operaciones
2023-09-20,2023,Ingreso,Venta Mercado Interno,Frutales del Norte SRL,230100.24,ARS,2023-10-14,Cobrado,Caja Operativa,Operaciones
2023-09-20,2023,Ingreso,Venta Mercado Interno,La Morenita SA,260764.44,ARS,2023-10-05,Cobrado,Banco BBVA,Operaciones
2023-09-20,2023,Ingreso,Venta Mercado Interno,La Morenita SA,219366.59,ARS,2023-10-09,Pendiente,Banco Nación,Operaciones
2023-09-20,2023,Ingreso,Venta Mercado Interno,La Morenita SA,302151.81,ARS,2023-10-10,Cobrado,Banco BBVA,Operaciones
2023-09-20,2023,Ingreso,Venta Mercado Interno,La Morenita SA,251181.58,ARS,2023-10-03,Cobrado,Caja Operativa,Operaciones
2023-09-20,2023,Ingreso,Venta Mercado Interno,La Morenita SA,291805.53,ARS,2023-10-10,Cobrado,Banco Galicia,Operaciones
2023-09-20,2023,Ingreso,Venta Mercado Interno,Supermercados Norte SA,413053.22,ARS,2023-10-01,Pendiente,Caja Operativa,Operaciones
2023-09-20,2023,Ingreso,Venta Mercado Interno,Supermercados Norte SA,298347.06,ARS,2023-10-13,Pendiente,Banco BBVA,Operaciones
2023-09-20,2023,Ingreso,Venta Mercado Interno,Supermercados Norte SA,318758.2,ARS,2023-10-06,Pendiente,Caja Operativa,Operaciones
2023-09-20,2023,Ingreso,Venta Mercado Interno,Supermercados Norte SA,291220.01,ARS,2023-10-04,Cobrado,Banco BBVA,Operaciones
2023-09-27,2023,Egreso,Certificaciones,Broker Comercial Citrus,156172.12,ARS,2023-10-07,Pagado,Caja Operativa,Operaciones
2023-09-27,2023,Egreso,Comisiones,Broker Comercial Citrus,220991.73,ARS,2023-10-12,Pagado,Caja Operativa,Operaciones
2023-09-27,2023,Egreso,Control de calidad,Envases del Tucumán,2001661.73,ARS,2023-10-05,Pendiente,Banco Nación,Operaciones
2023-09-27,2023,Egreso,Despacho aduana,Transportes del Norte SA,3119269.25,ARS,2023-10-14,Pendiente,Banco Galicia,Operaciones
2023-09-27,2023,Egreso,Energía,TecnoPacking SRL,1690391.61,ARS,2023-10-14,Pagado,Banco Nación,Operaciones
2023-09-27,2023,Egreso,Envases y embalajes,Envases del Tucumán,1493345.88,ARS,2023-10-13,Pagado,Caja Operativa,Operaciones
2023-09-27,2023,Egreso,Fitosanitarios,Servicios Rurales del NOA,1925155.75,ARS,2023-10-04,Pagado,Banco Galicia,Operaciones
2023-09-27,2023,Egreso,Flete exportación,Despachos del NOA,2223607.57,ARS,2023-10-06,Pendiente,Caja Operativa,Operaciones
2023-09-27,2023,Egreso,Flete interno,Transportes del Norte SA,1819708.1,ARS,2023-10-08,Pagado,Banco Nación,Operaciones
2023-09-27,2023,Egreso,Frigorífico,Transportes del Norte SA,2087761.24,ARS,2023-10-11,Pagado,Caja Operativa,Operaciones
2023-09-27,2023,Egreso,Gastos generales,Contaduría Castillo,618364.76,ARS,2023-10-21,Vencido,Banco BBVA,Operaciones
2023-09-27,2023,Egreso,Honorarios,AFIP,452172.44,ARS,2023-10-18,Pagado,Caja Operativa,Operaciones
2023-09-27,2023,Egreso,Impuestos,AFIP,704919.9,ARS,2023-10-20,Pagado,Banco Nación,Operaciones
2023-09-27,2023,Egreso,Insumos agrícolas,Servicios Rurales del NOA,1981270.99,ARS,2023-10-02,Pagado,Caja Operativa,Operaciones
2023-09-27,2023,Egreso,Mano de obra cosecha,Cooperativa Citrícola,2055537.85,ARS,2023-10-03,Pagado,Banco Nación,Operaciones
2023-09-27,2023,Egreso,Mano de obra empaque,Envases del Tucumán,1965135.51,ARS,2023-10-13,Pagado,Banco Galicia,Operaciones
2023-09-27,2023,Egreso,Mantenimiento líneas,Envases del Tucumán,1542108.4,ARS,2023-10-14,Pendiente,Banco Nación,Operaciones
2023-09-27,2023,Egreso,Maquinaria,Cooperativa Citrícola,2238924.46,ARS,2023-10-11,Pagado,Caja Operativa,Operaciones
2023-09-27,2023,Egreso,Promoción comercial,Promoción de Mercados SA,331139.2,ARS,2023-10-11,Pendiente,Banco Galicia,Operaciones
2023-09-27,2023,Egreso,Riego,Servicios Rurales del NOA,1195486.65,ARS,2023-10-02,Pagado,Banco BBVA,Operaciones
2023-09-27,2023,Egreso,Seguros,DGR Tucumán,726755.98,ARS,2023-10-11,Pendiente,Banco Nación,Impuestos
2023-09-27,2023,Egreso,Sueldos administración,Contaduría Castillo,887312.65,ARS,2023-10-11,Pagado,Banco Galicia,Operaciones
2023-09-27,2023,Egreso,Viajes comerciales,Broker Comercial Citrus,264079.23,ARS,2023-10-14,Pagado,Banco Galicia,Operaciones
2023-09-27,2023,Ingreso,Venta Exportación,Al Salam Trading,1805783.34,ARS,2023-10-26,Cobrado,Caja Operativa,Operaciones
2023-09-27,2023,Ingreso,Venta Exportación,Al Salam Trading,1514942.49,ARS,2023-11-02,Cobrado,Caja Operativa,Operaciones
2023-09-27,2023,Ingreso,Venta Exportación,Al Salam Trading,756204.14,ARS,2023-10-30,Cobrado,Banco BBVA,Operaciones
2023-09-27,2023,Ingreso,Venta Exportación,Al Salam Trading,603057.41,ARS,2023-10-16,Cobrado,Banco Galicia,Operaciones
2023-09-27,2023,Ingreso,Venta Exportación,Al Salam Trading,1070148.07,ARS,2023-10-23,Pendiente,Banco Nación,Operaciones
2023-09-27,2023,Ingreso,Venta Exportación,Al Salam Trading,908123.61,ARS,2023-10-20,Cobrado,Caja Operativa,Operaciones
2023-09-27,2023,Ingreso,Venta Exportación,Citrus World Ltd,1152562.95,ARS,2023-11-02,Cobrado,Banco BBVA,Operaciones
2023-09-27,2023,Ingreso,Venta Exportación,Citrus World Ltd,1915683.25,ARS,2023-10-26,Cobrado,Caja Operativa,Operaciones
2023-09-27,2023,Ingreso,Venta Exportación,Citrus World Ltd,1486853.79,ARS,2023-10-20,Cobrado,Caja Operativa,Operaciones
2023-09-27,2023,Ingreso,Venta Exportación,Citrus World Ltd,2479169.45,ARS,2023-10-15,Cobrado,Caja Operativa,Operaciones
2023-09-27,2023,Ingreso,Venta Exportación,Citrus World Ltd,1578849.08,ARS,2023-10-24,Cobrado,Banco Galicia,Operaciones
2023-09-27,2023,Ingreso,Venta Exportación,Citrus World Ltd,1349457.18,ARS,2023-10-23,Cobrado,Caja Operativa,Operaciones
2023-09-27,2023,Ingreso,Venta Exportación,Fischer Import GmbH,1209091.73,ARS,2023-11-01,Pendiente,Banco BBVA,Operaciones
2023-09-27,2023,Ingreso,Venta Exportación,Medifresh SA,801378.28,ARS,2023-10-17,Cobrado,Banco BBVA,Operaciones
2023-09-27,2023,Ingreso,Venta Exportación,Medifresh SA,743960.98,ARS,2023-10-24,Cobrado,Caja Operativa,Operaciones
2023-09-27,2023,Ingreso,Venta Exportación,Medifresh SA,1050917.77,ARS,2023-10-29,Cobrado,Banco Nación,Operaciones
2023-09-27,2023,Ingreso,Venta Exportación,Medifresh SA,616980.17,ARS,2023-10-28,Cobrado,Banco BBVA,Operaciones
2023-09-27,2023,Ingreso,Venta Industria,Citromax SA,97138.0,ARS,2023-11-05,Pendiente,Banco Galicia,Operaciones
2023-09-27,2023,Ingreso,Venta Industria,Citromax SA,99352.52,ARS,2023-11-06,Cobrado,Banco BBVA,Operaciones
2023-09-27,2023,Ingreso,Venta Industria,Citromax SA,94213.89,ARS,2023-10-24,Cobrado,Banco Galicia,Operaciones
2023-09-27,2023,Ingreso,Venta Industria,Citromax SA,69995.53,ARS,2023-10-24,Cobrado,Banco Galicia,Operaciones
2023-09-27,2023,Ingreso,Venta Industria,Citromax SA,87038.76,ARS,2023-10-31,Cobrado,Banco BBVA,Operaciones
2023-09-27,2023,Ingreso,Venta Industria,Citromax SA,100316.56,ARS,2023-10-31,Pendiente,Caja Operativa,Operaciones
2023-09-27,2023,Ingreso,Venta Industria,Frutales Tucumán SRL,59627.26,ARS,2023-10-23,Cobrado,Banco Galicia,Operaciones
2023-09-27,2023,Ingreso,Venta Industria,Frutales Tucumán SRL,48745.47,ARS,2023-11-04,Pendiente,Banco BBVA,Operaciones
2023-09-27,2023,Ingreso,Venta Industria,Frutales Tucumán SRL,53340.33,ARS,2023-10-18,Cobrado,Caja Operativa,Operaciones
2023-09-27,2023,Ingreso,Venta Industria,Frutales Tucumán SRL,80511.82,ARS,2023-11-11,Cobrado,Banco Nación,Operaciones
2023-09-27,2023,Ingreso,Venta Industria,Frutales Tucumán SRL,106569.89,ARS,2023-10-23,Cobrado,Caja Operativa,Operaciones
2023-09-27,2023,Ingreso,Venta Industria,Frutales Tucumán SRL,64061.7,ARS,2023-10-24,Cobrado,Banco BBVA,Operaciones
2023-09-27,2023,Ingreso,Venta Industria,Frutales Tucumán SRL,62406.37,ARS,2023-11-09,Cobrado,Banco BBVA,Operaciones
2023-09-27,2023,Ingreso,Venta Industria,Frutales Tucumán SRL,134491.69,ARS,2023-11-08,Cobrado,Banco BBVA,Operaciones
2023-09-27,2023,Ingreso,Venta Industria,Frutales Tucumán SRL,115592.93,ARS,2023-11-08,Cobrado,Caja Operativa,Operaciones
2023-09-27,2023,Ingreso,Venta Industria,Frutales Tucumán SRL,71819.55,ARS,2023-10-24,Cobrado,Banco Galicia,Operaciones
2023-09-27,2023,Ingreso,Venta Industria,Frutales Tucumán SRL,81959.42,ARS,2023-11-10,Cobrado,Banco Galicia,Operaciones
2023-09-27,2023,Ingreso,Venta Mercado Interno,Central de Frutas SA,318296.75,ARS,2023-10-20,Cobrado,Banco Galicia,Operaciones
2023-09-27,2023,Ingreso,Venta Mercado Interno,Central de Frutas SA,304794.15,ARS,2023-10-12,Cobrado,Caja Operativa,Operaciones
2023-09-27,2023,Ingreso,Venta Mercado Interno,Frutales del Norte SRL,315578.45,ARS,2023-10-20,Cobrado,Banco Nación,Operaciones
2023-09-27,2023,Ingreso,Venta Mercado Interno,Frutales del Norte SRL,243462.06,ARS,2023-10-21,Cobrado,Banco Galicia,Operaciones
2023-09-27,2023,Ingreso,Venta Mercado Interno,Frutales del Norte SRL,125966.61,ARS,2023-10-07,Cobrado,Caja Operativa,Operaciones
2023-09-27,2023,Ingreso,Venta Mercado Interno,Frutales del Norte SRL,397609.73,ARS,2023-10-14,Cobrado,Caja Operativa,Operaciones
2023-09-27,2023,Ingreso,Venta Mercado Interno,La Morenita SA,252846.23,ARS,2023-10-13,Cobrado,Banco Galicia,Operaciones
2023-09-27,2023,Ingreso,Venta Mercado Interno,La Morenita SA,292824.71,ARS,2023-10-12,Pendiente,Banco Nación,Operaciones
2023-09-27,2023,Ingreso,Venta Mercado Interno,La Morenita SA,450268.85,ARS,2023-10-07,Cobrado,Banco Galicia,Operaciones
2023-09-27,2023,Ingreso,Venta Mercado Interno,La Morenita SA,393550.36,ARS,2023-10-08,Cobrado,Banco BBVA,Operaciones
2023-09-27,2023,Ingreso,Venta Mercado Interno,La Morenita SA,269415.25,ARS,2023-10-20,Cobrado,Banco BBVA,Operaciones
2023-09-27,2023,Ingreso,Venta Mercado Interno,Supermercados Norte SA,262790.09,ARS,2023-10-09,Cobrado,Caja Operativa,Operaciones
2023-09-27,2023,Ingreso,Venta Mercado Interno,Supermercados Norte SA,173515.35,ARS,2023-10-07,Cobrado,Banco Galicia,Operaciones
2023-09-27,2023,Ingreso,Venta Mercado Interno,Supermercados Norte SA,328248.21,ARS,2023-10-11,Cobrado,Banco BBVA,Operaciones
2023-09-27,2023,Ingreso,Venta Mercado Interno,Supermercados Norte SA,581771.5,ARS,2023-10-18,Cobrado,Banco Galicia,Operaciones
2023-09-27,2023,Ingreso,Venta Mercado Interno,Supermercados Norte SA,259379.21,ARS,2023-10-20,Cobrado,Banco Nación,Operaciones
2023-09-27,2023,Ingreso,Venta Mercado Interno,Supermercados Norte SA,216071.48,ARS,2023-10-14,Cobrado,Caja Operativa,Operaciones
2023-10-04,2023,Egreso,Certificaciones,Certificaciones Global GAP,51649.54,ARS,2023-10-14,Pagado,Banco Nación,Operaciones
2023-10-04,2023,Egreso,Comisiones,Broker Comercial Citrus,46234.52,ARS,2023-10-18,Pendiente,Banco BBVA,Operaciones
2023-10-04,2023,Egreso,Control de calidad,Envases del Tucumán,659183.25,ARS,2023-10-22,Pagado,Banco BBVA,Operaciones
2023-10-04,2023,Egreso,Despacho aduana,Despachos del NOA,1048523.97,ARS,2023-10-12,Pendiente,Banco BBVA,Operaciones
2023-10-04,2023,Egreso,Energía,Energía Tucumán SA,1010413.05,ARS,2023-10-14,Pagado,Caja Operativa,Operaciones
2023-10-04,2023,Egreso,Envases y embalajes,Energía Tucumán SA,569099.21,ARS,2023-10-10,Pagado,Caja Operativa,Operaciones
2023-10-04,2023,Egreso,Fitosanitarios,Cooperativa Citrícola,500991.45,ARS,2023-10-13,Pagado,Banco Nación,Operaciones
2023-10-04,2023,Egreso,Flete exportación,Despachos del NOA,681373.42,ARS,2023-10-10,Pendiente,Caja Operativa,Operaciones
2023-10-04,2023,Egreso,Flete interno,Transportes del Norte SA,748035.74,ARS,2023-10-21,Pagado,Caja Operativa,Operaciones
2023-10-04,2023,Egreso,Frigorífico,Despachos del NOA,1111416.09,ARS,2023-10-09,Pagado,Caja Operativa,Operaciones
2023-10-04,2023,Egreso,Gastos generales,Contaduría Castillo,1023900.4,ARS,2023-10-29,Pagado,Banco Nación,Operaciones
2023-10-04,2023,Egreso,Honorarios,DGR Tucumán,1119249.76,ARS,2023-10-28,Pagado,Banco Galicia,Operaciones
2023-10-04,2023,Egreso,Impuestos,DGR Tucumán,671634.84,ARS,2023-10-24,Pagado,Banco Nación,Operaciones
2023-10-04,2023,Egreso,Insumos agrícolas,Agroinsumos SA,1246731.52,ARS,2023-10-09,Pagado,Caja Operativa,Operaciones
2023-10-04,2023,Egreso,Mano de obra cosecha,Agroinsumos SA,899435.18,ARS,2023-10-18,Pagado,Banco BBVA,Operaciones
2023-10-04,2023,Egreso,Mano de obra empaque,Envases del Tucumán,852680.98,ARS,2023-10-09,Pagado,Banco BBVA,Operaciones
2023-10-04,2023,Egreso,Mantenimiento líneas,TecnoPacking SRL,860301.36,ARS,2023-10-20,Pagado,Caja Operativa,Operaciones
2023-10-04,2023,Egreso,Maquinaria,Cooperativa Citrícola,611466.03,ARS,2023-10-15,Pagado,Banco BBVA,Operaciones
2023-10-04,2023,Egreso,Promoción comercial,Broker Comercial Citrus,151351.68,ARS,2023-10-21,Pagado,Banco Galicia,Operaciones
2023-10-04,2023,Egreso,Riego,Cooperativa Citrícola,1027244.27,ARS,2023-10-15,Pendiente,Banco Nación,Operaciones
2023-10-04,2023,Egreso,Seguros,AFIP,351105.74,ARS,2023-10-27,Pagado,Banco Nación,Operaciones
2023-10-04,2023,Egreso,Sueldos administración,DGR Tucumán,404331.51,ARS,2023-10-17,Pagado,Banco BBVA,Impuestos
2023-10-04,2023,Egreso,Viajes comerciales,Promoción de Mercados SA,149804.42,ARS,2023-10-12,Pagado,Banco Nación,Operaciones
2023-10-04,2023,Ingreso,Venta Exportación,Al Salam Trading,764704.81,ARS,2023-10-25,Cobrado,Banco Galicia,Operaciones
2023-10-04,2023,Ingreso,Venta Exportación,Al Salam Trading,337577.34,ARS,2023-11-09,Cobrado,Banco Nación,Operaciones
2023-10-04,2023,Ingreso,Venta Exportación,Al Salam Trading,595439.37,ARS,2023-11-08,Pendiente,Banco Nación,Operaciones
2023-10-04,2023,Ingreso,Venta Exportación,Al Salam Trading,481169.38,ARS,2023-11-05,Cobrado,Banco Nación,Operaciones
2023-10-04,2023,Ingreso,Venta Exportación,Al Salam Trading,358665.11,ARS,2023-10-30,Cobrado,Caja Operativa,Operaciones
2023-10-04,2023,Ingreso,Venta Exportación,Citrus World Ltd,298841.68,ARS,2023-11-04,Cobrado,Banco BBVA,Operaciones
2023-10-04,2023,Ingreso,Venta Exportación,Citrus World Ltd,621109.05,ARS,2023-10-25,Cobrado,Banco BBVA,Operaciones
2023-10-04,2023,Ingreso,Venta Exportación,Citrus World Ltd,399139.86,ARS,2023-11-11,Pendiente,Banco Nación,Operaciones
2023-10-04,2023,Ingreso,Venta Exportación,Citrus World Ltd,512634.63,ARS,2023-11-01,Vencido,Banco BBVA,Operaciones
2023-10-04,2023,Ingreso,Venta Exportación,Fischer Import GmbH,562010.42,ARS,2023-10-29,Pendiente,Caja Operativa,Operaciones
2023-10-04,2023,Ingreso,Venta Exportación,Fischer Import GmbH,558262.33,ARS,2023-11-01,Pendiente,Caja Operativa,Operaciones
2023-10-04,2023,Ingreso,Venta Exportación,Fischer Import GmbH,748098.78,ARS,2023-11-13,Vencido,Banco BBVA,Operaciones
2023-10-04,2023,Ingreso,Venta Exportación,Fischer Import GmbH,498253.9,ARS,2023-10-27,Cobrado,Banco BBVA,Operaciones
2023-10-04,2023,Ingreso,Venta Exportación,Medifresh SA,696813.31,ARS,2023-11-10,Vencido,Banco Galicia,Operaciones
2023-10-04,2023,Ingreso,Venta Exportación,Medifresh SA,825914.79,ARS,2023-11-13,Pendiente,Banco Galicia,Operaciones
2023-10-04,2023,Ingreso,Venta Exportación,Medifresh SA,324690.77,ARS,2023-11-05,Cobrado,Banco Nación,Operaciones
2023-10-04,2023,Ingreso,Venta Exportación,Medifresh SA,355790.42,ARS,2023-10-28,Cobrado,Banco Galicia,Operaciones
2023-10-04,2023,Ingreso,Venta Industria,Citromax SA,45401.16,ARS,2023-11-14,Cobrado,Banco Galicia,Operaciones
2023-10-04,2023,Ingreso,Venta Industria,Citromax SA,53601.15,ARS,2023-11-03,Cobrado,Banco Nación,Operaciones
2023-10-04,2023,Ingreso,Venta Industria,Citromax SA,39373.28,ARS,2023-10-31,Cobrado,Banco BBVA,Operaciones
2023-10-04,2023,Ingreso,Venta Industria,Citromax SA,37867.57,ARS,2023-11-07,Pendiente,Banco Galicia,Operaciones
2023-10-04,2023,Ingreso,Venta Industria,Citromax SA,43824.57,ARS,2023-11-01,Pendiente,Caja Operativa,Operaciones
2023-10-04,2023,Ingreso,Venta Industria,Frutales Tucumán SRL,46272.14,ARS,2023-11-15,Cobrado,Banco BBVA,Operaciones
2023-10-04,2023,Ingreso,Venta Industria,Frutales Tucumán SRL,40149.52,ARS,2023-10-26,Cobrado,Caja Operativa,Operaciones
2023-10-04,2023,Ingreso,Venta Industria,Frutales Tucumán SRL,65220.43,ARS,2023-10-30,Cobrado,Caja Operativa,Operaciones
2023-10-04,2023,Ingreso,Venta Industria,Frutales Tucumán SRL,59611.52,ARS,2023-11-11,Pendiente,Banco Galicia,Operaciones
2023-10-04,2023,Ingreso,Venta Industria,Frutales Tucumán SRL,41347.54,ARS,2023-11-05,Cobrado,Banco BBVA,Operaciones
2023-10-04,2023,Ingreso,Venta Industria,Frutales Tucumán SRL,40490.79,ARS,2023-11-07,Cobrado,Caja Operativa,Operaciones
2023-10-04,2023,Ingreso,Venta Mercado Interno,Central de Frutas SA,113341.18,ARS,2023-10-18,Cobrado,Caja Operativa,Operaciones
2023-10-04,2023,Ingreso,Venta Mercado Interno,Frutales del Norte SRL,169452.92,ARS,2023-10-14,Pendiente,Caja Operativa,Operaciones
2023-10-04,2023,Ingreso,Venta Mercado Interno,Frutales del Norte SRL,99665.0,ARS,2023-10-16,Cobrado,Banco Galicia,Operaciones
2023-10-04,2023,Ingreso,Venta Mercado Interno,La Morenita SA,153419.03,ARS,2023-10-26,Cobrado,Banco BBVA,Operaciones
2023-10-04,2023,Ingreso,Venta Mercado Interno,La Morenita SA,121225.52,ARS,2023-10-23,Cobrado,Caja Operativa,Operaciones
2023-10-04,2023,Ingreso,Venta Mercado Interno,La Morenita SA,208202.27,ARS,2023-10-21,Cobrado,Banco Galicia,Operaciones
2023-10-04,2023,Ingreso,Venta Mercado Interno,La Morenita SA,125961.94,ARS,2023-10-15,Cobrado,Banco BBVA,Operaciones
2023-10-04,2023,Ingreso,Venta Mercado Interno,La Morenita SA,267276.0,ARS,2023-10-25,Cobrado,Banco BBVA,Operaciones
2023-10-04,2023,Ingreso,Venta Mercado Interno,Supermercados Norte SA,123943.53,ARS,2023-10-24,Cobrado,Banco Nación,Operaciones
2023-10-04,2023,Ingreso,Venta Mercado Interno,Supermercados Norte SA,103123.25,ARS,2023-10-27,Cobrado,Banco Nación,Operaciones
2023-10-04,2023,Ingreso,Venta Mercado Interno,Supermercados Norte SA,189112.52,ARS,2023-10-21,Pendiente,Banco Nación,Operaciones
2023-10-11,2023,Egreso,Certificaciones,Promoción de Mercados SA,31977.72,ARS,2023-10-22,Pagado,Caja Operativa,Operaciones
2023-10-11,2023,Egreso,Comisiones,Broker Comercial Citrus,137241.09,ARS,2023-10-26,Pagado,Banco BBVA,Operaciones
2023-10-11,2023,Egreso,Control de calidad,Energía Tucumán SA,703226.25,ARS,2023-10-21,Pagado,Banco BBVA,Operaciones
2023-10-11,2023,Egreso,Despacho aduana,FríoAndes Logística,1227269.64,ARS,2023-10-16,Pagado,Caja Operativa,Operaciones
2023-10-11,2023,Egreso,Energía,Energía Tucumán SA,1079214.81,ARS,2023-10-26,Pagado,Banco Nación,Operaciones
2023-10-11,2023,Egreso,Envases y embalajes,TecnoPacking SRL,774475.42,ARS,2023-10-21,Pagado,Banco Galicia,Operaciones
2023-10-11,2023,Egreso,Fitosanitarios,Agroinsumos SA,401177.23,ARS,2023-10-24,Pagado,Caja Operativa,Operaciones
2023-10-11,2023,Egreso,Flete exportación,FríoAndes Logística,1038377.4,ARS,2023-10-20,Pagado,Banco Nación,Operaciones
2023-10-11,2023,Egreso,Flete interno,Transportes del Norte SA,1192568.0,ARS,2023-10-21,Pagado,Banco BBVA,Operaciones
2023-10-11,2023,Egreso,Frigorífico,Despachos del NOA,278798.51,ARS,2023-10-27,Pagado,Caja Operativa,Operaciones
2023-10-11,2023,Egreso,Gastos generales,Contaduría Castillo,1149043.36,ARS,2023-11-03,Pagado,Banco Galicia,Operaciones
2023-10-11,2023,Egreso,Honorarios,AFIP,357912.84,ARS,2023-10-31,Pagado,Banco Galicia,Operaciones
2023-10-11,2023,Egreso,Impuestos,Contaduría Castillo,885959.13,ARS,2023-10-30,Pagado,Caja Operativa,Impuestos
2023-10-11,2023,Egreso,Insumos agrícolas,Cooperativa Citrícola,1101604.56,ARS,2023-10-27,Pagado,Caja Operativa,Operaciones
2023-10-11,2023,Egreso,Mano de obra cosecha,Cooperativa Citrícola,1042078.94,ARS,2023-10-18,Pagado,Caja Operativa,Operaciones
2023-10-11,2023,Egreso,Mano de obra empaque,Envases del Tucumán,841747.11,ARS,2023-10-23,Pagado,Caja Operativa,Operaciones
2023-10-11,2023,Egreso,Mantenimiento líneas,TecnoPacking SRL,427257.19,ARS,2023-10-23,Pagado,Banco BBVA,Operaciones
2023-10-11,2023,Egreso,Maquinaria,Agroinsumos SA,684950.08,ARS,2023-10-25,Pagado,Banco Galicia,Operaciones
2023-10-11,2023,Egreso,Promoción comercial,Certificaciones Global GAP,156928.69,ARS,2023-10-29,Pagado,Caja Operativa,Operaciones
2023-10-11,2023,Egreso,Riego,Servicios Rurales del NOA,1021233.88,ARS,2023-10-22,Pagado,Banco Galicia,Operaciones
2023-10-11,2023,Egreso,Seguros,DGR Tucumán,413006.56,ARS,2023-10-23,Pagado,Banco BBVA,Impuestos
2023-10-11,2023,Egreso,Sueldos administración,AFIP,716974.99,ARS,2023-11-05,Pagado,Banco Nación,Operaciones
2023-10-11,2023,Egreso,Viajes comerciales,Certificaciones Global GAP,73965.74,ARS,2023-10-22,Vencido,Caja Operativa,Operaciones
2023-10-11,2023,Ingreso,Venta Exportación,Al Salam Trading,598900.22,ARS,2023-11-10,Pendiente,Banco Galicia,Operaciones
2023-10-11,2023,Ingreso,Venta Exportación,Al Salam Trading,291157.15,ARS,2023-11-20,Vencido,Banco BBVA,Operaciones
2023-10-11,2023,Ingreso,Venta Exportación,Al Salam Trading,456842.65,ARS,2023-11-16,Pendiente,Banco Galicia,Operaciones
2023-10-11,2023,Ingreso,Venta Exportación,Citrus World Ltd,555325.16,ARS,2023-11-20,Vencido,Banco BBVA,Operaciones
2023-10-11,2023,Ingreso,Venta Exportación,Citrus World Ltd,330698.57,ARS,2023-11-19,Vencido,Banco Nación,Operaciones
2023-10-11,2023,Ingreso,Venta Exportación,Citrus World Ltd,488592.93,ARS,2023-10-29,Cobrado,Banco Nación,Operaciones
2023-10-11,2023,Ingreso,Venta Exportación,Citrus World Ltd,628494.94,ARS,2023-11-20,Cobrado,Banco Galicia,Operaciones
2023-10-11,2023,Ingreso,Venta Exportación,Citrus World Ltd,731600.85,ARS,2023-10-29,Cobrado,Banco Nación,Operaciones
2023-10-11,2023,Ingreso,Venta Exportación,Citrus World Ltd,425718.07,ARS,2023-11-10,Vencido,Caja Operativa,Operaciones
2023-10-11,2023,Ingreso,Venta Exportación,Fischer Import GmbH,766499.36,ARS,2023-10-29,Cobrado,Banco Nación,Operaciones
2023-10-11,2023,Ingreso,Venta Exportación,Fischer Import GmbH,1219120.87,ARS,2023-10-31,Cobrado,Banco Nación,Operaciones
2023-10-11,2023,Ingreso,Venta Exportación,Fischer Import GmbH,960152.56,ARS,2023-11-20,Vencido,Banco BBVA,Operaciones
2023-10-11,2023,Ingreso,Venta Exportación,Medifresh SA,777617.04,ARS,2023-11-06,Pendiente,Banco BBVA,Operaciones
2023-10-11,2023,Ingreso,Venta Exportación,Medifresh SA,465266.46,ARS,2023-11-07,Vencido,Caja Operativa,Operaciones
2023-10-11,2023,Ingreso,Venta Exportación,Medifresh SA,325508.44,ARS,2023-11-11,Pendiente,Banco Nación,Operaciones
2023-10-11,2023,Ingreso,Venta Exportación,Medifresh SA,320840.52,ARS,2023-11-03,Cobrado,Caja Operativa,Operaciones
2023-10-11,2023,Ingreso,Venta Exportación,Medifresh SA,408325.29,ARS,2023-10-29,Cobrado,Banco BBVA,Operaciones
2023-10-11,2023,Ingreso,Venta Industria,Citromax SA,47617.42,ARS,2023-11-14,Pendiente,Caja Operativa,Operaciones
2023-10-11,2023,Ingreso,Venta Industria,Citromax SA,45690.04,ARS,2023-11-16,Vencido,Banco Galicia,Operaciones
2023-10-11,2023,Ingreso,Venta Industria,Citromax SA,64531.14,ARS,2023-11-24,Pendiente,Caja Operativa,Operaciones
2023-10-11,2023,Ingreso,Venta Industria,Citromax SA,42298.71,ARS,2023-11-18,Cobrado,Banco BBVA,Operaciones
2023-10-11,2023,Ingreso,Venta Industria,Frutales Tucumán SRL,44246.76,ARS,2023-11-09,Cobrado,Banco Galicia,Operaciones
2023-10-11,2023,Ingreso,Venta Industria,Frutales Tucumán SRL,43666.57,ARS,2023-11-04,Pendiente,Banco Nación,Operaciones
2023-10-11,2023,Ingreso,Venta Industria,Frutales Tucumán SRL,63480.85,ARS,2023-11-07,Cobrado,Banco Nación,Operaciones
2023-10-11,2023,Ingreso,Venta Industria,Frutales Tucumán SRL,41191.82,ARS,2023-11-21,Pendiente,Banco Galicia,Operaciones
2023-10-11,2023,Ingreso,Venta Industria,Frutales Tucumán SRL,39949.16,ARS,2023-11-09,Vencido,Caja Operativa,Operaciones
2023-10-11,2023,Ingreso,Venta Industria,Frutales Tucumán SRL,43463.36,ARS,2023-11-06,Pendiente,Banco Galicia,Operaciones
2023-10-11,2023,Ingreso,Venta Mercado Interno,Central de Frutas SA,132925.01,ARS,2023-11-02,Cobrado,Banco BBVA,Operaciones
2023-10-11,2023,Ingreso,Venta Mercado Interno,Central de Frutas SA,197617.73,ARS,2023-11-03,Vencido,Caja Operativa,Operaciones
2023-10-11,2023,Ingreso,Venta Mercado Interno,Frutales del Norte SRL,168340.72,ARS,2023-10-30,Cobrado,Caja Operativa,Operaciones
2023-10-11,2023,Ingreso,Venta Mercado Interno,Frutales del Norte SRL,111491.11,ARS,2023-11-03,Cobrado,Banco BBVA,Operaciones
2023-10-11,2023,Ingreso,Venta Mercado Interno,Frutales del Norte SRL,109405.47,ARS,2023-10-30,Cobrado,Caja Operativa,Operaciones
2023-10-11,2023,Ingreso,Venta Mercado Interno,La Morenita SA,142313.01,ARS,2023-10-28,Cobrado,Caja Operativa,Operaciones
2023-10-11,2023,Ingreso,Venta Mercado Interno,La Morenita SA,132300.79,ARS,2023-10-24,Cobrado,Caja Operativa,Operaciones
2023-10-11,2023,Ingreso,Venta Mercado Interno,Supermercados Norte SA,154379.8,ARS,2023-11-03,Vencido,Banco Nación,Operaciones
2023-10-11,2023,Ingreso,Venta Mercado Interno,Supermercados Norte SA,222134.65,ARS,2023-11-04,Cobrado,Banco BBVA,Operaciones
2023-10-11,2023,Ingreso,Venta Mercado Interno,Supermercados Norte SA,130125.35,ARS,2023-10-23,Cobrado,Caja Operativa,Operaciones
2023-10-11,2023,Ingreso,Venta Mercado Interno,Supermercados Norte SA,113785.04,ARS,2023-11-02,Pendiente,Banco Galicia,Operaciones
2023-10-18,2023,Egreso,Certificaciones,Promoción de Mercados SA,106329.65,ARS,2023-10-29,Pendiente,Caja Operativa,Operaciones
2023-10-18,2023,Egreso,Comisiones,Certificaciones Global GAP,75889.15,ARS,2023-10-27,Pagado,Banco Nación,Operaciones
2023-10-18,2023,Egreso,Control de calidad,TecnoPacking SRL,665791.81,ARS,2023-10-29,Pagado,Banco Nación,Operaciones
2023-10-18,2023,Egreso,Despacho aduana,Despachos del NOA,451038.81,ARS,2023-11-04,Pagado,Banco BBVA,Operaciones
2023-10-18,2023,Egreso,Energía,TecnoPacking SRL,910812.78,ARS,2023-11-04,Pagado,Banco Nación,Operaciones
2023-10-18,2023,Egreso,Envases y embalajes,TecnoPacking SRL,796250.46,ARS,2023-11-03,Pagado,Banco Nación,Operaciones
2023-10-18,2023,Egreso,Fitosanitarios,Cooperativa Citrícola,575059.22,ARS,2023-11-04,Pagado,Banco Nación,Operaciones
2023-10-18,2023,Egreso,Flete exportación,FríoAndes Logística,891787.18,ARS,2023-10-28,Pagado,Banco BBVA,Operaciones
2023-10-18,2023,Egreso,Flete interno,FríoAndes Logística,1465903.13,ARS,2023-11-03,Pagado,Banco BBVA,Operaciones
2023-10-18,2023,Egreso,Frigorífico,FríoAndes Logística,745621.65,ARS,2023-10-26,Pagado,Caja Operativa,Operaciones
2023-10-18,2023,Egreso,Gastos generales,Contaduría Castillo,353790.34,ARS,2023-11-12,Pendiente,Banco BBVA,Impuestos
2023-10-18,2023,Egreso,Honorarios,AFIP,619397.44,ARS,2023-11-06,Pagado,Banco Galicia,Operaciones
2023-10-18,2023,Egreso,Impuestos,AFIP,846421.56,ARS,2023-11-09,Pagado,Banco BBVA,Operaciones
2023-10-18,2023,Egreso,Insumos agrícolas,Servicios Rurales del NOA,1031297.46,ARS,2023-10-28,Pagado,Banco BBVA,Operaciones
2023-10-18,2023,Egreso,Mano de obra cosecha,Servicios Rurales del NOA,980603.28,ARS,2023-11-01,Pendiente,Banco Galicia,Operaciones
2023-10-18,2023,Egreso,Mano de obra empaque,Envases del Tucumán,704314.43,ARS,2023-11-03,Pagado,Banco BBVA,Operaciones
2023-10-18,2023,Egreso,Mantenimiento líneas,TecnoPacking SRL,823306.55,ARS,2023-10-30,Pendiente,Banco Nación,Operaciones
2023-10-18,2023,Egreso,Maquinaria,Servicios Rurales del NOA,985437.59,ARS,2023-10-23,Pagado,Banco Galicia,Operaciones
2023-10-18,2023,Egreso,Promoción comercial,Promoción de Mercados SA,98361.9,ARS,2023-10-27,Pagado,Banco Nación,Operaciones
2023-10-18,2023,Egreso,Riego,Servicios Rurales del NOA,617779.22,ARS,2023-10-27,Pagado,Caja Operativa,Operaciones
2023-10-18,2023,Egreso,Seguros,Contaduría Castillo,601018.77,ARS,2023-10-28,Vencido,Banco BBVA,Operaciones
2023-10-18,2023,Egreso,Sueldos administración,AFIP,1239170.68,ARS,2023-10-31,Pagado,Caja Operativa,Operaciones
2023-10-18,2023,Egreso,Viajes comerciales,Broker Comercial Citrus,95518.27,ARS,2023-11-01,Vencido,Banco Galicia,Operaciones
2023-10-18,2023,Ingreso,Venta Exportación,Al Salam Trading,300947.39,ARS,2023-11-15,Cobrado,Banco Nación,Operaciones
2023-10-18,2023,Ingreso,Venta Exportación,Al Salam Trading,510468.22,ARS,2023-11-10,Cobrado,Banco BBVA,Operaciones
2023-10-18,2023,Ingreso,Venta Exportación,Al Salam Trading,492322.93,ARS,2023-11-25,Cobrado,Banco Nación,Operaciones
2023-10-18,2023,Ingreso,Venta Exportación,Al Salam Trading,420354.18,ARS,2023-11-25,Vencido,Banco Galicia,Operaciones
2023-10-18,2023,Ingreso,Venta Exportación,Al Salam Trading,370611.57,ARS,2023-11-12,Pendiente,Banco Nación,Operaciones
2023-10-18,2023,Ingreso,Venta Exportación,Citrus World Ltd,568331.73,ARS,2023-11-19,Pendiente,Banco Galicia,Operaciones
2023-10-18,2023,Ingreso,Venta Exportación,Citrus World Ltd,660271.31,ARS,2023-11-06,Cobrado,Caja Operativa,Operaciones
2023-10-18,2023,Ingreso,Venta Exportación,Citrus World Ltd,966786.18,ARS,2023-11-05,Pendiente,Banco BBVA,Operaciones
2023-10-18,2023,Ingreso,Venta Exportación,Citrus World Ltd,586241.63,ARS,2023-11-13,Vencido,Banco Nación,Operaciones
2023-10-18,2023,Ingreso,Venta Exportación,Fischer Import GmbH,775379.21,ARS,2023-11-23,Pendiente,Caja Operativa,Operaciones
2023-10-18,2023,Ingreso,Venta Exportación,Fischer Import GmbH,637426.36,ARS,2023-11-15,Cobrado,Banco BBVA,Operaciones
2023-10-18,2023,Ingreso,Venta Exportación,Medifresh SA,370969.33,ARS,2023-11-25,Pendiente,Banco Nación,Operaciones
2023-10-18,2023,Ingreso,Venta Exportación,Medifresh SA,537778.77,ARS,2023-11-05,Cobrado,Banco Nación,Operaciones
2023-10-18,2023,Ingreso,Venta Exportación,Medifresh SA,434404.24,ARS,2023-11-26,Cobrado,Caja Operativa,Operaciones
2023-10-18,2023,Ingreso,Venta Exportación,Medifresh SA,283841.96,ARS,2023-11-13,Pendiente,Banco Galicia,Operaciones
2023-10-18,2023,Ingreso,Venta Exportación,Medifresh SA,350872.75,ARS,2023-11-12,Cobrado,Banco BBVA,Operaciones
2023-10-18,2023,Ingreso,Venta Exportación,Medifresh SA,535621.98,ARS,2023-11-08,Cobrado,Caja Operativa,Operaciones
2023-10-18,2023,Ingreso,Venta Industria,Citromax SA,40900.05,ARS,2023-11-17,Pendiente,Banco BBVA,Operaciones
2023-10-18,2023,Ingreso,Venta Industria,Citromax SA,44854.16,ARS,2023-11-08,Cobrado,Banco Nación,Operaciones
2023-10-18,2023,Ingreso,Venta Industria,Citromax SA,41670.54,ARS,2023-11-20,Cobrado,Banco BBVA,Operaciones
2023-10-18,2023,Ingreso,Venta Industria,Citromax SA,38560.38,ARS,2023-11-15,Vencido,Caja Operativa,Operaciones
2023-10-18,2023,Ingreso,Venta Industria,Frutales Tucumán SRL,40227.75,ARS,2023-11-10,Vencido,Banco Galicia,Operaciones
2023-10-18,2023,Ingreso,Venta Industria,Frutales Tucumán SRL,32360.09,ARS,2023-11-23,Cobrado,Banco Nación,Operaciones
2023-10-18,2023,Ingreso,Venta Industria,Frutales Tucumán SRL,36587.27,ARS,2023-11-16,Cobrado,Banco Nación,Operaciones
2023-10-18,2023,Ingreso,Venta Industria,Frutales Tucumán SRL,41431.9,ARS,2023-11-30,Pendiente,Caja Operativa,Operaciones
2023-10-18,2023,Ingreso,Venta Industria,Frutales Tucumán SRL,67928.33,ARS,2023-11-08,Cobrado,Banco Nación,Operaciones
2023-10-18,2023,Ingreso,Venta Industria,Frutales Tucumán SRL,49160.65,ARS,2023-11-14,Cobrado,Banco Nación,Operaciones
2023-10-18,2023,Ingreso,Venta Industria,Frutales Tucumán SRL,43230.22,ARS,2023-11-30,Vencido,Banco Galicia,Operaciones
2023-10-18,2023,Ingreso,Venta Industria,Frutales Tucumán SRL,34885.62,ARS,2023-11-13,Pendiente,Banco Nación,Operaciones
2023-10-18,2023,Ingreso,Venta Mercado Interno,Central de Frutas SA,134812.02,ARS,2023-11-11,Pendiente,Caja Operativa,Operaciones
2023-10-18,2023,Ingreso,Venta Mercado Interno,Central de Frutas SA,181398.02,ARS,2023-11-11,Vencido,Banco Galicia,Operaciones
2023-10-18,2023,Ingreso,Venta Mercado Interno,Frutales del Norte SRL,131261.75,ARS,2023-11-01,Vencido,Banco BBVA,Operaciones
2023-10-18,2023,Ingreso,Venta Mercado Interno,Frutales del Norte SRL,176592.24,ARS,2023-10-31,Cobrado,Banco Nación,Operaciones
2023-10-18,2023,Ingreso,Venta Mercado Interno,Frutales del Norte SRL,122699.64,ARS,2023-10-30,Cobrado,Caja Operativa,Operaciones
2023-10-18,2023,Ingreso,Venta Mercado Interno,La Morenita SA,123796.89,ARS,2023-11-09,Vencido,Banco Galicia,Operaciones
2023-10-18,2023,Ingreso,Venta Mercado Interno,La Morenita SA,118238.78,ARS,2023-11-03,Pendiente,Banco Galicia,Operaciones
2023-10-18,2023,Ingreso,Venta Mercado Interno,La Morenita SA,215601.63,ARS,2023-11-08,Pendiente,Caja Operativa,Operaciones
2023-10-18,2023,Ingreso,Venta Mercado Interno,Supermercados Norte SA,184071.41,ARS,2023-10-31,Cobrado,Banco Galicia,Operaciones
2023-10-18,2023,Ingreso,Venta Mercado Interno,Supermercados Norte SA,141780.5,ARS,2023-10-28,Cobrado,Banco BBVA,Operaciones
2023-10-18,2023,Ingreso,Venta Mercado Interno,Supermercados Norte SA,159937.61,ARS,2023-11-05,Pendiente,Banco Nación,Operaciones
2023-10-25,2023,Egreso,Certificaciones,Promoción de Mercados SA,121186.72,ARS,2023-11-10,Pagado,Caja Operativa,Operaciones
2023-10-25,2023,Egreso,Comisiones,Promoción de Mercados SA,37042.65,ARS,2023-10-31,Pagado,Banco Nación,Operaciones
2023-10-25,2023,Egreso,Control de calidad,TecnoPacking SRL,681178.86,ARS,2023-11-03,Pagado,Caja Operativa,Operaciones
2023-10-25,2023,Egreso,Despacho aduana,Transportes del Norte SA,354216.39,ARS,2023-11-04,Pagado,Banco BBVA,Operaciones
2023-10-25,2023,Egreso,Energía,Envases del Tucumán,635134.29,ARS,2023-11-01,Pendiente,Banco Nación,Operaciones
2023-10-25,2023,Egreso,Envases y embalajes,Energía Tucumán SA,887796.23,ARS,2023-11-04,Vencido,Caja Operativa,Operaciones
2023-10-25,2023,Egreso,Fitosanitarios,Cooperativa Citrícola,784157.45,ARS,2023-11-05,Pagado,Banco Nación,Operaciones
2023-10-25,2023,Egreso,Flete exportación,Despachos del NOA,723495.26,ARS,2023-11-09,Pendiente,Banco Nación,Operaciones
2023-10-25,2023,Egreso,Flete interno,FríoAndes Logística,1551120.0,ARS,2023-10-30,Pagado,Banco Nación,Operaciones
2023-10-25,2023,Egreso,Frigorífico,Despachos del NOA,1063577.72,ARS,2023-11-03,Pagado,Caja Operativa,Operaciones
2023-10-25,2023,Egreso,Gastos generales,Contaduría Castillo,623468.82,ARS,2023-11-14,Pendiente,Banco Galicia,Operaciones
2023-10-25,2023,Egreso,Honorarios,Contaduría Castillo,540776.31,ARS,2023-11-19,Pagado,Banco Galicia,Impuestos
2023-10-25,2023,Egreso,Impuestos,DGR Tucumán,459895.78,ARS,2023-11-04,Pagado,Banco BBVA,Impuestos
2023-10-25,2023,Egreso,Insumos agrícolas,Agroinsumos SA,870664.95,ARS,2023-11-05,Pagado,Banco BBVA,Operaciones
2023-10-25,2023,Egreso,Mano de obra cosecha,Cooperativa Citrícola,666755.91,ARS,2023-11-01,Pagado,Banco Nación,Operaciones
2023-10-25,2023,Egreso,Mano de obra empaque,TecnoPacking SRL,985498.59,ARS,2023-11-10,Pendiente,Caja Operativa,Operaciones
2023-10-25,2023,Egreso,Mantenimiento líneas,Energía Tucumán SA,854955.67,ARS,2023-11-02,Pagado,Banco Nación,Operaciones
2023-10-25,2023,Egreso,Maquinaria,Servicios Rurales del NOA,1022707.8,ARS,2023-11-09,Pagado,Banco Galicia,Operaciones
2023-10-25,2023,Egreso,Promoción comercial,Broker Comercial Citrus,103800.7,ARS,2023-11-03,Pagado,Banco Galicia,Operaciones
2023-10-25,2023,Egreso,Repago prefinanciación,Banco Nación - Prefinanciación,202387944.31,ARS,2023-11-24,Pagado,Banco BBVA,Financiamiento
2023-10-25,2023,Egreso,Riego,Agroinsumos SA,908827.08,ARS,2023-11-06,Pagado,Caja Operativa,Operaciones
2023-10-25,2023,Egreso,Seguros,DGR Tucumán,474327.24,ARS,2023-11-12,Pagado,Banco BBVA,Impuestos
2023-10-25,2023,Egreso,Sueldos administración,AFIP,1341024.48,ARS,2023-11-10,Pendiente,Banco Galicia,Operaciones
2023-10-25,2023,Egreso,Viajes comerciales,Certificaciones Global GAP,154537.17,ARS,2023-11-10,Pagado,Banco Galicia,Operaciones
2023-10-25,2023,Ingreso,Venta Exportación,Al Salam Trading,668820.62,ARS,2023-12-03,Pendiente,Caja Operativa,Operaciones
2023-10-25,2023,Ingreso,Venta Exportación,Al Salam Trading,648995.28,ARS,2023-12-02,Pendiente,Caja Operativa,Operaciones
2023-10-25,2023,Ingreso,Venta Exportación,Al Salam Trading,701685.74,ARS,2023-11-15,Pendiente,Caja Operativa,Operaciones
2023-10-25,2023,Ingreso,Venta Exportación,Al Salam Trading,496804.91,ARS,2023-12-04,Pendiente,Banco BBVA,Operaciones
2023-10-25,2023,Ingreso,Venta Exportación,Al Salam Trading,757266.03,ARS,2023-12-01,Pendiente,Banco Galicia,Operaciones
2023-10-25,2023,Ingreso,Venta Exportación,Al Salam Trading,545855.31,ARS,2023-11-27,Cobrado,Banco Galicia,Operaciones
2023-10-25,2023,Ingreso,Venta Exportación,Citrus World Ltd,537246.08,ARS,2023-12-03,Cobrado,Banco Galicia,Operaciones
2023-10-25,2023,Ingreso,Venta Exportación,Citrus World Ltd,265497.92,ARS,2023-11-15,Cobrado,Banco Nación,Operaciones
2023-10-25,2023,Ingreso,Venta Exportación,Citrus World Ltd,782225.87,ARS,2023-11-15,Pendiente,Banco BBVA,Operaciones
2023-10-25,2023,Ingreso,Venta Exportación,Citrus World Ltd,927181.48,ARS,2023-11-13,Cobrado,Caja Operativa,Operaciones
2023-10-25,2023,Ingreso,Venta Exportación,Fischer Import GmbH,895067.06,ARS,2023-11-15,Vencido,Banco Galicia,Operaciones
2023-10-25,2023,Ingreso,Venta Exportación,Fischer Import GmbH,302158.4,ARS,2023-11-21,Pendiente,Banco Nación,Operaciones
2023-10-25,2023,Ingreso,Venta Exportación,Fischer Import GmbH,473538.16,ARS,2023-11-12,Cobrado,Caja Operativa,Operaciones
2023-10-25,2023,Ingreso,Venta Exportación,Medifresh SA,731056.12,ARS,2023-11-24,Vencido,Banco Galicia,Operaciones
2023-10-25,2023,Ingreso,Venta Exportación,Medifresh SA,407237.17,ARS,2023-12-02,Cobrado,Banco Nación,Operaciones
2023-10-25,2023,Ingreso,Venta Exportación,Medifresh SA,356745.07,ARS,2023-12-02,Cobrado,Banco BBVA,Operaciones
2023-10-25,2023,Ingreso,Venta Exportación,Medifresh SA,331651.91,ARS,2023-11-18,Cobrado,Caja Operativa,Operaciones
2023-10-25,2023,Ingreso,Venta Industria,Citromax SA,50967.74,ARS,2023-11-18,Pendiente,Banco Nación,Operaciones
2023-10-25,2023,Ingreso,Venta Industria,Citromax SA,39484.53,ARS,2023-12-03,Pendiente,Caja Operativa,Operaciones
2023-10-25,2023,Ingreso,Venta Industria,Citromax SA,50994.61,ARS,2023-12-04,Pendiente,Banco Nación,Operaciones
2023-10-25,2023,Ingreso,Venta Industria,Citromax SA,60751.35,ARS,2023-11-15,Pendiente,Caja Operativa,Operaciones
2023-10-25,2023,Ingreso,Venta Industria,Citromax SA,39520.51,ARS,2023-11-26,Cobrado,Banco BBVA,Operaciones
2023-10-25,2023,Ingreso,Venta Industria,Citromax SA,39139.24,ARS,2023-12-03,Pendiente,Banco BBVA,Operaciones
2023-10-25,2023,Ingreso,Venta Industria,Frutales Tucumán SRL,41098.35,ARS,2023-11-28,Vencido,Banco Galicia,Operaciones
2023-10-25,2023,Ingreso,Venta Industria,Frutales Tucumán SRL,33776.58,ARS,2023-11-18,Pendiente,Caja Operativa,Operaciones
2023-10-25,2023,Ingreso,Venta Industria,Frutales Tucumán SRL,58760.77,ARS,2023-12-09,Pendiente,Banco Galicia,Operaciones
2023-10-25,2023,Ingreso,Venta Industria,Frutales Tucumán SRL,37739.39,ARS,2023-11-17,Cobrado,Caja Operativa,Operaciones
2023-10-25,2023,Ingreso,Venta Industria,Frutales Tucumán SRL,44943.88,ARS,2023-12-02,Pendiente,Caja Operativa,Operaciones
2023-10-25,2023,Ingreso,Venta Mercado Interno,Central de Frutas SA,169162.03,ARS,2023-11-16,Cobrado,Banco Nación,Operaciones
2023-10-25,2023,Ingreso,Venta Mercado Interno,Central de Frutas SA,146794.73,ARS,2023-11-08,Pendiente,Banco BBVA,Operaciones
2023-10-25,2023,Ingreso,Venta Mercado Interno,Central de Frutas SA,214905.33,ARS,2023-11-16,Cobrado,Banco Nación,Operaciones
2023-10-25,2023,Ingreso,Venta Mercado Interno,Central de Frutas SA,141597.3,ARS,2023-11-04,Cobrado,Banco BBVA,Operaciones
2023-10-25,2023,Ingreso,Venta Mercado Interno,Central de Frutas SA,116344.0,ARS,2023-11-17,Pendiente,Banco BBVA,Operaciones
2023-10-25,2023,Ingreso,Venta Mercado Interno,Frutales del Norte SRL,204796.37,ARS,2023-11-12,Pendiente,Banco Galicia,Operaciones
2023-10-25,2023,Ingreso,Venta Mercado Interno,Frutales del Norte SRL,127492.79,ARS,2023-11-13,Cobrado,Banco Galicia,Operaciones
2023-10-25,2023,Ingreso,Venta Mercado Interno,Frutales del Norte SRL,118650.22,ARS,2023-11-15,Pendiente,Banco Nación,Operaciones
2023-10-25,2023,Ingreso,Venta Mercado Interno,La Morenita SA,150593.03,ARS,2023-11-17,Pendiente,Caja Operativa,Operaciones
2023-10-25,2023,Ingreso,Venta Mercado Interno,La Morenita SA,136910.74,ARS,2023-11-08,Cobrado,Banco Galicia,Operaciones
2023-10-25,2023,Ingreso,Venta Mercado Interno,Supermercados Norte SA,130057.67,ARS,2023-11-06,Cobrado,Banco Galicia,Operaciones
2023-10-25,2023,Ingreso,Venta Mercado Interno,Supermercados Norte SA,140554.11,ARS,2023-11-10,Vencido,Caja Operativa,Operaciones
2023-11-01,2023,Egreso,Certificaciones,Certificaciones Global GAP,44045.42,ARS,2023-11-13,Pagado,Banco Nación,Operaciones
2023-11-01,2023,Egreso,Comisiones,Broker Comercial Citrus,18845.97,ARS,2023-11-10,Pendiente,Banco BBVA,Operaciones
2023-11-01,2023,Egreso,Control de calidad,Energía Tucumán SA,341730.47,ARS,2023-11-18,Vencido,Banco BBVA,Operaciones
2023-11-01,2023,Egreso,Despacho aduana,FríoAndes Logística,335901.39,ARS,2023-11-07,Vencido,Banco BBVA,Operaciones
2023-11-01,2023,Egreso,Energía,Envases del Tucumán,313536.24,ARS,2023-11-08,Pagado,Caja Operativa,Operaciones
2023-11-01,2023,Egreso,Envases y embalajes,Envases del Tucumán,181113.23,ARS,2023-11-06,Pagado,Banco Galicia,Operaciones
2023-11-01,2023,Egreso,Fitosanitarios,Cooperativa Citrícola,201098.42,ARS,2023-11-15,Pendiente,Banco Galicia,Operaciones
2023-11-01,2023,Egreso,Flete interno,Transportes del Norte SA,164522.67,ARS,2023-11-17,Pagado,Banco BBVA,Operaciones
2023-11-01,2023,Egreso,Frigorífico,Transportes del Norte SA,66906.76,ARS,2023-11-17,Pagado,Banco Nación,Operaciones
2023-11-01,2023,Egreso,Gastos generales,Contaduría Castillo,407678.38,ARS,2023-11-20,Pendiente,Banco Nación,Operaciones
2023-11-01,2023,Egreso,Honorarios,Contaduría Castillo,1010594.24,ARS,2023-11-20,Pagado,Banco Nación,Impuestos
2023-11-01,2023,Egreso,Impuestos,DGR Tucumán,1115668.81,ARS,2023-11-15,Pagado,Banco Galicia,Impuestos
2023-11-01,2023,Egreso,Insumos agrícolas,Cooperativa Citrícola,311841.68,ARS,2023-11-09,Pagado,Banco Nación,Operaciones
2023-11-01,2023,Egreso,Mano de obra cosecha,Agroinsumos SA,550648.86,ARS,2023-11-09,Pagado,Banco BBVA,Operaciones
2023-11-01,2023,Egreso,Mano de obra empaque,TecnoPacking SRL,226448.79,ARS,2023-11-16,Pagado,Banco Galicia,Operaciones
2023-11-01,2023,Egreso,Mantenimiento líneas,Envases del Tucumán,289074.34,ARS,2023-11-11,Pagado,Banco BBVA,Operaciones
2023-11-01,2023,Egreso,Maquinaria,Agroinsumos SA,172705.47,ARS,2023-11-16,Pendiente,Banco Nación,Operaciones
2023-11-01,2023,Egreso,Promoción comercial,Promoción de Mercados SA,9393.29,ARS,2023-11-06,Pagado,Banco Nación,Operaciones
2023-11-01,2023,Egreso,Riego,Servicios Rurales del NOA,234160.29,ARS,2023-11-18,Pendiente,Banco Galicia,Operaciones
2023-11-01,2023,Egreso,Seguros,Contaduría Castillo,461722.85,ARS,2023-11-26,Pendiente,Banco Galicia,Impuestos
2023-11-01,2023,Egreso,Sueldos administración,DGR Tucumán,470694.15,ARS,2023-11-26,Pagado,Banco Nación,Impuestos
2023-11-01,2023,Ingreso,Venta Exportación,Al Salam Trading,267592.27,ARS,2023-11-29,Pendiente,Banco Galicia,Operaciones
2023-11-01,2023,Ingreso,Venta Exportación,Al Salam Trading,218392.96,ARS,2023-11-29,Pendiente,Banco Nación,Operaciones
2023-11-01,2023,Ingreso,Venta Exportación,Citrus World Ltd,256634.15,ARS,2023-11-24,Cobrado,Caja Operativa,Operaciones
2023-11-01,2023,Ingreso,Venta Exportación,Citrus World Ltd,267940.42,ARS,2023-12-05,Cobrado,Banco Galicia,Operaciones
2023-11-01,2023,Ingreso,Venta Exportación,Citrus World Ltd,241356.58,ARS,2023-12-02,Cobrado,Caja Operativa,Operaciones
2023-11-01,2023,Ingreso,Venta Exportación,Medifresh SA,188392.44,ARS,2023-12-09,Pendiente,Banco Nación,Operaciones
2023-11-01,2023,Ingreso,Venta Exportación,Medifresh SA,278412.52,ARS,2023-12-11,Pendiente,Banco Galicia,Operaciones
2023-11-08,2023,Egreso,Certificaciones,Broker Comercial Citrus,19189.73,ARS,2023-11-18,Pendiente,Banco Nación,Operaciones
2023-11-08,2023,Egreso,Comisiones,Promoción de Mercados SA,31135.52,ARS,2023-11-25,Pendiente,Banco Galicia,Operaciones
2023-11-08,2023,Egreso,Control de calidad,Energía Tucumán SA,218853.41,ARS,2023-11-16,Pendiente,Banco Galicia,Operaciones
2023-11-08,2023,Egreso,Energía,Envases del Tucumán,383677.71,ARS,2023-11-19,Vencido,Caja Operativa,Operaciones
2023-11-08,2023,Egreso,Envases y embalajes,Envases del Tucumán,238253.2,ARS,2023-11-24,Pagado,Banco BBVA,Operaciones
2023-11-08,2023,Egreso,Fitosanitarios,Cooperativa Citrícola,439199.07,ARS,2023-11-14,Pendiente,Banco Nación,Operaciones
2023-11-08,2023,Egreso,Flete exportación,Transportes del Norte SA,145153.23,ARS,2023-11-25,Pendiente,Caja Operativa,Operaciones
2023-11-08,2023,Egreso,Flete interno,FríoAndes Logística,271973.39,ARS,2023-11-20,Pagado,Banco Galicia,Operaciones
2023-11-08,2023,Egreso,Frigorífico,Transportes del Norte SA,320966.48,ARS,2023-11-17,Pagado,Banco Nación,Operaciones
2023-11-08,2023,Egreso,Gastos generales,Contaduría Castillo,569207.55,ARS,2023-12-01,Pendiente,Banco BBVA,Impuestos
2023-11-08,2023,Egreso,Honorarios,Contaduría Castillo,657680.31,ARS,2023-11-30,Pendiente,Banco Galicia,Impuestos
2023-11-08,2023,Egreso,Impuestos,DGR Tucumán,570924.46,ARS,2023-11-28,Pendiente,Banco Galicia,Impuestos
2023-11-08,2023,Egreso,Insumos agrícolas,Agroinsumos SA,361435.11,ARS,2023-11-24,Pagado,Caja Operativa,Operaciones
2023-11-08,2023,Egreso,Mano de obra cosecha,Cooperativa Citrícola,145807.68,ARS,2023-11-16,Pagado,Banco Galicia,Operaciones
2023-11-08,2023,Egreso,Mano de obra empaque,Energía Tucumán SA,254058.45,ARS,2023-11-19,Pagado,Banco BBVA,Operaciones
2023-11-08,2023,Egreso,Mantenimiento líneas,Energía Tucumán SA,315238.29,ARS,2023-11-17,Pendiente,Banco Nación,Operaciones
2023-11-08,2023,Egreso,Maquinaria,Servicios Rurales del NOA,215113.87,ARS,2023-11-14,Pagado,Banco BBVA,Operaciones
2023-11-08,2023,Egreso,Promoción comercial,Promoción de Mercados SA,39059.06,ARS,2023-11-17,Pagado,Banco Galicia,Operaciones
2023-11-08,2023,Egreso,Riego,Cooperativa Citrícola,326061.48,ARS,2023-11-24,Pagado,Caja Operativa,Operaciones
2023-11-08,2023,Egreso,Seguros,Contaduría Castillo,847325.6,ARS,2023-11-23,Pagado,Banco BBVA,Impuestos
2023-11-08,2023,Egreso,Sueldos administración,Contaduría Castillo,947463.56,ARS,2023-11-27,Pagado,Banco Galicia,Impuestos
2023-11-08,2023,Egreso,Viajes comerciales,Certificaciones Global GAP,7942.77,ARS,2023-11-13,Pagado,Banco Nación,Operaciones
2023-11-08,2023,Ingreso,Venta Exportación,Al Salam Trading,261716.98,ARS,2023-12-05,Pendiente,Banco Galicia,Operaciones
2023-11-08,2023,Ingreso,Venta Exportación,Al Salam Trading,223036.4,ARS,2023-12-06,Pendiente,Banco BBVA,Operaciones
2023-11-08,2023,Ingreso,Venta Exportación,Citrus World Ltd,274175.28,ARS,2023-12-05,Pendiente,Banco BBVA,Operaciones
2023-11-08,2023,Ingreso,Venta Exportación,Citrus World Ltd,265710.85,ARS,2023-12-17,Cobrado,Banco BBVA,Operaciones
2023-11-08,2023,Ingreso,Venta Exportación,Fischer Import GmbH,236252.17,ARS,2023-11-30,Pendiente,Banco Nación,Operaciones
2023-11-08,2023,Ingreso,Venta Exportación,Medifresh SA,246558.33,ARS,2023-12-08,Pendiente,Banco Galicia,Operaciones
2023-11-08,2023,Ingreso,Venta Exportación,Medifresh SA,442786.78,ARS,2023-12-06,Pendiente,Banco Nación,Operaciones
2023-11-08,2023,Ingreso,Venta Exportación,Medifresh SA,239916.26,ARS,2023-12-04,Pendiente,Caja Operativa,Operaciones
2023-11-08,2023,Ingreso,Venta Exportación,Medifresh SA,190634.02,ARS,2023-12-03,Cobrado,Caja Operativa,Operaciones
2023-11-15,2023,Egreso,Certificaciones,Certificaciones Global GAP,55661.4,ARS,2023-11-24,Pendiente,Banco Galicia,Operaciones
2023-11-15,2023,Egreso,Comisiones,Certificaciones Global GAP,6137.19,ARS,2023-11-20,Pagado,Banco Galicia,Operaciones
2023-11-15,2023,Egreso,Control de calidad,Envases del Tucumán,350494.85,ARS,2023-11-24,Pendiente,Banco BBVA,Operaciones
2023-11-15,2023,Egreso,Despacho aduana,Transportes del Norte SA,167059.81,ARS,2023-11-29,Pagado,Banco Nación,Operaciones
2023-11-15,2023,Egreso,Energía,Energía Tucumán SA,284742.43,ARS,2023-11-28,Pagado,Banco BBVA,Operaciones
2023-11-15,2023,Egreso,Envases y embalajes,Envases del Tucumán,290683.92,ARS,2023-11-29,Pendiente,Banco Nación,Operaciones
2023-11-15,2023,Egreso,Fitosanitarios,Servicios Rurales del NOA,228447.32,ARS,2023-11-28,Pagado,Banco Nación,Operaciones
2023-11-15,2023,Egreso,Flete exportación,Despachos del NOA,193654.37,ARS,2023-11-21,Pagado,Caja Operativa,Operaciones
2023-11-15,2023,Egreso,Flete interno,Despachos del NOA,233614.22,ARS,2023-11-20,Vencido,Caja Operativa,Operaciones
2023-11-15,2023,Egreso,Frigorífico,Despachos del NOA,90740.24,ARS,2023-11-27,Pagado,Banco Nación,Operaciones
2023-11-15,2023,Egreso,Gastos generales,AFIP,917376.87,ARS,2023-12-07,Pagado,Caja Operativa,Operaciones
2023-11-15,2023,Egreso,Honorarios,AFIP,309351.0,ARS,2023-12-08,Pendiente,Banco BBVA,Impuestos
2023-11-15,2023,Egreso,Impuestos,Contaduría Castillo,938576.46,ARS,2023-11-26,Pendiente,Caja Operativa,Operaciones
2023-11-15,2023,Egreso,Insumos agrícolas,Servicios Rurales del NOA,367811.69,ARS,2023-12-02,Pendiente,Banco Nación,Operaciones
2023-11-15,2023,Egreso,Mano de obra cosecha,Cooperativa Citrícola,354485.32,ARS,2023-11-26,Pagado,Banco Nación,Operaciones
2023-11-15,2023,Egreso,Mano de obra empaque,Envases del Tucumán,310824.49,ARS,2023-12-03,Pendiente,Banco Galicia,Operaciones
2023-11-15,2023,Egreso,Mantenimiento líneas,TecnoPacking SRL,350538.79,ARS,2023-11-20,Pagado,Banco Galicia,Operaciones
2023-11-15,2023,Egreso,Maquinaria,Cooperativa Citrícola,353047.85,ARS,2023-11-28,Vencido,Banco BBVA,Operaciones
2023-11-15,2023,Egreso,Promoción comercial,Broker Comercial Citrus,13853.33,ARS,2023-11-20,Vencido,Caja Operativa,Operaciones
2023-11-15,2023,Egreso,Riego,Cooperativa Citrícola,248510.55,ARS,2023-12-02,Pendiente,Banco Galicia,Operaciones
2023-11-15,2023,Egreso,Seguros,DGR Tucumán,727557.79,ARS,2023-12-09,Pendiente,Caja Operativa,Operaciones
2023-11-15,2023,Egreso,Sueldos administración,Contaduría Castillo,795943.42,ARS,2023-12-02,Pendiente,Banco Nación,Impuestos
2023-11-15,2023,Egreso,Viajes comerciales,Broker Comercial Citrus,8694.11,ARS,2023-11-20,Pendiente,Banco Galicia,Operaciones
2023-11-15,2023,Ingreso,Venta Exportación,Al Salam Trading,247019.99,ARS,2023-12-09,Cobrado,Banco Nación,Operaciones
2023-11-15,2023,Ingreso,Venta Exportación,Citrus World Ltd,300293.24,ARS,2023-12-16,Pendiente,Banco Nación,Operaciones
2023-11-15,2023,Ingreso,Venta Exportación,Citrus World Ltd,295912.12,ARS,2023-12-09,Cobrado,Banco Nación,Operaciones
2023-11-15,2023,Ingreso,Venta Exportación,Citrus World Ltd,192198.25,ARS,2023-12-04,Pendiente,Banco Nación,Operaciones
2023-11-15,2023,Ingreso,Venta Exportación,Fischer Import GmbH,256313.36,ARS,2023-12-04,Pendiente,Banco BBVA,Operaciones
2023-11-15,2023,Ingreso,Venta Exportación,Fischer Import GmbH,264619.96,ARS,2023-12-11,Pendiente,Banco Galicia,Operaciones
2023-11-15,2023,Ingreso,Venta Exportación,Fischer Import GmbH,447364.28,ARS,2023-12-09,Pendiente,Banco Galicia,Operaciones
2023-11-15,2023,Ingreso,Venta Exportación,Medifresh SA,253365.51,ARS,2023-12-13,Pendiente,Caja Operativa,Operaciones
2023-11-22,2023,Egreso,Certificaciones,Broker Comercial Citrus,29461.11,ARS,2023-12-08,Pendiente,Banco BBVA,Operaciones
2023-11-22,2023,Egreso,Control de calidad,Envases del Tucumán,345939.59,ARS,2023-11-29,Vencido,Banco BBVA,Operaciones
2023-11-22,2023,Egreso,Despacho aduana,Despachos del NOA,215721.26,ARS,2023-12-03,Pagado,Banco BBVA,Operaciones
2023-11-22,2023,Egreso,Energía,Energía Tucumán SA,325206.71,ARS,2023-12-08,Pagado,Caja Operativa,Operaciones
2023-11-22,2023,Egreso,Envases y embalajes,TecnoPacking SRL,276070.82,ARS,2023-12-03,Pendiente,Banco BBVA,Operaciones
2023-11-22,2023,Egreso,Fitosanitarios,Cooperativa Citrícola,264705.15,ARS,2023-12-08,Pendiente,Banco Nación,Operaciones
2023-11-22,2023,Egreso,Flete exportación,Transportes del Norte SA,144332.03,ARS,2023-12-02,Pagado,Banco Galicia,Operaciones
2023-11-22,2023,Egreso,Flete interno,Despachos del NOA,76739.65,ARS,2023-12-09,Pendiente,Banco Galicia,Operaciones
2023-11-22,2023,Egreso,Frigorífico,Transportes del Norte SA,243767.29,ARS,2023-12-01,Pendiente,Banco Galicia,Operaciones
2023-11-22,2023,Egreso,Gastos generales,DGR Tucumán,633185.55,ARS,2023-12-14,Pendiente,Banco Galicia,Impuestos
2023-11-22,2023,Egreso,Honorarios,AFIP,809452.9,ARS,2023-12-05,Pendiente,Banco Galicia,Operaciones
2023-11-22,2023,Egreso,Impuestos,Contaduría Castillo,352776.39,ARS,2023-12-09,Pendiente,Banco Nación,Operaciones
2023-11-22,2023,Egreso,Insumos agrícolas,Servicios Rurales del NOA,115214.57,ARS,2023-12-09,Pendiente,Banco Galicia,Operaciones
2023-11-22,2023,Egreso,Mano de obra cosecha,Servicios Rurales del NOA,332331.52,ARS,2023-12-05,Pendiente,Banco BBVA,Operaciones
2023-11-22,2023,Egreso,Mano de obra empaque,Energía Tucumán SA,205447.07,ARS,2023-12-02,Pendiente,Banco Nación,Operaciones
2023-11-22,2023,Egreso,Mantenimiento líneas,Energía Tucumán SA,341592.75,ARS,2023-12-03,Pendiente,Banco Galicia,Operaciones
2023-11-22,2023,Egreso,Maquinaria,Cooperativa Citrícola,377038.58,ARS,2023-11-29,Pagado,Banco BBVA,Operaciones
2023-11-22,2023,Egreso,Promoción comercial,Certificaciones Global GAP,43735.17,ARS,2023-11-28,Vencido,Caja Operativa,Operaciones
2023-11-22,2023,Egreso,Riego,Agroinsumos SA,395013.87,ARS,2023-12-02,Pendiente,Banco BBVA,Operaciones
2023-11-22,2023,Egreso,Seguros,AFIP,543826.38,ARS,2023-12-07,Pendiente,Banco Nación,Impuestos
2023-11-22,2023,Egreso,Sueldos administración,DGR Tucumán,1088687.02,ARS,2023-12-12,Pendiente,Banco Nación,Impuestos
2023-11-22,2023,Egreso,Viajes comerciales,Promoción de Mercados SA,6477.25,ARS,2023-12-10,Pagado,Banco BBVA,Operaciones
2023-11-22,2023,Ingreso,Venta Exportación,Al Salam Trading,239937.35,ARS,2023-12-23,Pendiente,Caja Operativa,Operaciones
2023-11-22,2023,Ingreso,Venta Exportación,Al Salam Trading,298942.79,ARS,2023-12-12,Pendiente,Banco BBVA,Operaciones
2023-11-22,2023,Ingreso,Venta Exportación,Al Salam Trading,183897.54,ARS,2023-12-18,Pendiente,Caja Operativa,Operaciones
2023-11-22,2023,Ingreso,Venta Exportación,Al Salam Trading,203405.4,ARS,2023-12-11,Pendiente,Caja Operativa,Operaciones
2023-11-22,2023,Ingreso,Venta Exportación,Citrus World Ltd,220927.25,ARS,2024-01-01,Pendiente,Caja Operativa,Operaciones
2023-11-22,2023,Ingreso,Venta Exportación,Citrus World Ltd,281798.3,ARS,2024-01-01,Pendiente,Banco Nación,Operaciones
2023-11-22,2023,Ingreso,Venta Exportación,Fischer Import GmbH,202627.96,ARS,2023-12-31,Cobrado,Caja Operativa,Operaciones
2023-11-22,2023,Ingreso,Venta Exportación,Medifresh SA,198335.2,ARS,2023-12-18,Pendiente,Caja Operativa,Operaciones
2023-11-22,2023,Ingreso,Venta Exportación,Medifresh SA,293363.58,ARS,2023-12-29,Cobrado,Banco Nación,Operaciones
2023-11-29,2023,Egreso,Certificaciones,Promoción de Mercados SA,19540.49,ARS,2023-12-16,Pagado,Banco BBVA,Operaciones
2023-11-29,2023,Egreso,Comisiones,Broker Comercial Citrus,36020.05,ARS,2023-12-04,Pendiente,Banco Nación,Operaciones
2023-11-29,2023,Egreso,Control de calidad,TecnoPacking SRL,239690.14,ARS,2023-12-05,Pendiente,Caja Operativa,Operaciones
2023-11-29,2023,Egreso,Despacho aduana,Transportes del Norte SA,160692.05,ARS,2023-12-17,Pendiente,Banco Nación,Operaciones
2023-11-29,2023,Egreso,Energía,TecnoPacking SRL,289752.03,ARS,2023-12-15,Pendiente,Banco Galicia,Operaciones
2023-11-29,2023,Egreso,Envases y embalajes,TecnoPacking SRL,341448.13,ARS,2023-12-15,Pendiente,Caja Operativa,Operaciones
2023-11-29,2023,Egreso,Fitosanitarios,Agroinsumos SA,245441.08,ARS,2023-12-17,Pendiente,Banco Galicia,Operaciones
2023-11-29,2023,Egreso,Flete exportación,Despachos del NOA,157393.94,ARS,2023-12-09,Pendiente,Banco Galicia,Operaciones
2023-11-29,2023,Egreso,Flete interno,Transportes del Norte SA,147306.11,ARS,2023-12-06,Pendiente,Caja Operativa,Operaciones
2023-11-29,2023,Egreso,Frigorífico,Despachos del NOA,156247.57,ARS,2023-12-06,Pendiente,Banco Nación,Operaciones
2023-11-29,2023,Egreso,Gastos generales,DGR Tucumán,1389791.53,ARS,2023-12-11,Pendiente,Banco Galicia,Impuestos
2023-11-29,2023,Egreso,Honorarios,AFIP,877358.37,ARS,2023-12-09,Pendiente,Banco Nación,Impuestos
2023-11-29,2023,Egreso,Impuestos,DGR Tucumán,263813.79,ARS,2023-12-15,Pendiente,Caja Operativa,Impuestos
2023-11-29,2023,Egreso,Insumos agrícolas,Servicios Rurales del NOA,311394.66,ARS,2023-12-16,Pendiente,Banco Nación,Operaciones
2023-11-29,2023,Egreso,Mano de obra cosecha,Agroinsumos SA,231840.53,ARS,2023-12-06,Pendiente,Banco Galicia,Operaciones
2023-11-29,2023,Egreso,Mano de obra empaque,TecnoPacking SRL,309318.47,ARS,2023-12-07,Pagado,Caja Operativa,Operaciones
2023-11-29,2023,Egreso,Mantenimiento líneas,Energía Tucumán SA,275161.89,ARS,2023-12-16,Pendiente,Caja Operativa,Operaciones
2023-11-29,2023,Egreso,Maquinaria,Agroinsumos SA,361055.69,ARS,2023-12-15,Pendiente,Banco Nación,Operaciones
2023-11-29,2023,Egreso,Promoción comercial,Promoción de Mercados SA,9728.43,ARS,2023-12-09,Pendiente,Banco Galicia,Operaciones
2023-11-29,2023,Egreso,Riego,Agroinsumos SA,344976.27,ARS,2023-12-14,Pagado,Banco BBVA,Operaciones
2023-11-29,2023,Egreso,Seguros,DGR Tucumán,415925.88,ARS,2023-12-14,Pendiente,Banco Galicia,Impuestos
2023-11-29,2023,Egreso,Sueldos administración,Contaduría Castillo,808841.72,ARS,2023-12-11,Pendiente,Caja Operativa,Operaciones
2023-11-29,2023,Egreso,Viajes comerciales,Promoción de Mercados SA,16134.53,ARS,2023-12-08,Pendiente,Banco Galicia,Operaciones
2023-11-29,2023,Ingreso,Venta Exportación,Al Salam Trading,253928.92,ARS,2023-12-19,Pendiente,Banco BBVA,Operaciones
2023-11-29,2023,Ingreso,Venta Exportación,Al Salam Trading,252807.85,ARS,2024-01-08,Pendiente,Caja Operativa,Operaciones
2023-11-29,2023,Ingreso,Venta Exportación,Al Salam Trading,242736.54,ARS,2024-01-04,Pendiente,Caja Operativa,Operaciones
2023-11-29,2023,Ingreso,Venta Exportación,Citrus World Ltd,254427.56,ARS,2023-12-21,Cobrado,Banco Nación,Operaciones
2023-11-29,2023,Ingreso,Venta Exportación,Citrus World Ltd,287923.81,ARS,2023-12-21,Pendiente,Caja Operativa,Operaciones
2023-11-29,2023,Ingreso,Venta Exportación,Fischer Import GmbH,290533.37,ARS,2024-01-07,Pendiente,Banco BBVA,Operaciones
2023-11-29,2023,Ingreso,Venta Exportación,Fischer Import GmbH,217387.63,ARS,2023-12-26,Cobrado,Banco BBVA,Operaciones
2023-11-29,2023,Ingreso,Venta Exportación,Medifresh SA,330605.13,ARS,2023-12-24,Cobrado,Caja Operativa,Operaciones
2024-03-01,2024,Egreso,Certificaciones,Promoción de Mercados SA,249358.68,ARS,2024-03-08,Vencido,Banco Galicia,Operaciones
2024-03-01,2024,Egreso,Comisiones,Broker Comercial Citrus,196425.61,ARS,2024-03-14,Pagado,Banco Nación,Operaciones
2024-03-01,2024,Egreso,Control de calidad,TecnoPacking SRL,1522631.1,ARS,2024-03-18,Vencido,Banco Nación,Operaciones
2024-03-01,2024,Egreso,Despacho aduana,Despachos del NOA,2044183.12,ARS,2024-03-15,Pendiente,Banco Nación,Operaciones
2024-03-01,2024,Egreso,Energía,Energía Tucumán SA,2654475.37,ARS,2024-03-19,Pagado,Caja Operativa,Operaciones
2024-03-01,2024,Egreso,Envases y embalajes,Energía Tucumán SA,2625792.75,ARS,2024-03-15,Pagado,Banco Galicia,Operaciones
2024-03-01,2024,Egreso,Fitosanitarios,Agroinsumos SA,1661298.63,ARS,2024-03-18,Pagado,Banco Nación,Operaciones
2024-03-01,2024,Egreso,Flete exportación,Transportes del Norte SA,1226253.57,ARS,2024-03-13,Pagado,Banco Galicia,Operaciones
2024-03-01,2024,Egreso,Flete interno,FríoAndes Logística,2945945.4,ARS,2024-03-07,Pendiente,Banco Nación,Operaciones
2024-03-01,2024,Egreso,Frigorífico,FríoAndes Logística,2091439.12,ARS,2024-03-13,Vencido,Banco BBVA,Operaciones
2024-03-01,2024,Egreso,Gastos generales,AFIP,1172208.76,ARS,2024-03-16,Vencido,Banco BBVA,Operaciones
2024-03-01,2024,Egreso,Honorarios,Contaduría Castillo,1826999.67,ARS,2024-03-23,Pendiente,Banco Nación,Operaciones
2024-03-01,2024,Egreso,Impuestos,AFIP,1182033.62,ARS,2024-03-12,Pagado,Banco Nación,Impuestos
2024-03-01,2024,Egreso,Insumos agrícolas,Cooperativa Citrícola,3235890.96,ARS,2024-03-10,Pendiente,Banco Galicia,Operaciones
2024-03-01,2024,Egreso,Mano de obra cosecha,Agroinsumos SA,1743540.61,ARS,2024-03-08,Pagado,Caja Operativa,Operaciones
2024-03-01,2024,Egreso,Mano de obra empaque,Envases del Tucumán,1466840.48,ARS,2024-03-13,Pendiente,Banco BBVA,Operaciones
2024-03-01,2024,Egreso,Mantenimiento líneas,Envases del Tucumán,2324751.35,ARS,2024-03-06,Pagado,Banco BBVA,Operaciones
2024-03-01,2024,Egreso,Maquinaria,Agroinsumos SA,1521279.05,ARS,2024-03-19,Pendiente,Banco Nación,Operaciones
2024-03-01,2024,Egreso,Promoción comercial,Broker Comercial Citrus,229262.45,ARS,2024-03-16,Pagado,Caja Operativa,Operaciones
2024-03-01,2024,Egreso,Riego,Cooperativa Citrícola,2135875.44,ARS,2024-03-15,Pagado,Caja Operativa,Operaciones
2024-03-01,2024,Egreso,Seguros,AFIP,990274.27,ARS,2024-03-12,Pagado,Caja Operativa,Impuestos
2024-03-01,2024,Egreso,Sueldos administración,Contaduría Castillo,1284167.35,ARS,2024-03-11,Pagado,Caja Operativa,Operaciones
2024-03-01,2024,Egreso,Viajes comerciales,Promoción de Mercados SA,500593.57,ARS,2024-03-18,Pagado,Caja Operativa,Operaciones
2024-03-01,2024,Ingreso,Venta Exportación,Al Salam Trading,1675418.91,ARS,2024-04-07,Pendiente,Caja Operativa,Operaciones
2024-03-01,2024,Ingreso,Venta Exportación,Al Salam Trading,2362109.71,ARS,2024-03-19,Cobrado,Caja Operativa,Operaciones
2024-03-01,2024,Ingreso,Venta Exportación,Al Salam Trading,834614.17,ARS,2024-04-02,Cobrado,Banco BBVA,Operaciones
2024-03-01,2024,Ingreso,Venta Exportación,Al Salam Trading,1739481.94,ARS,2024-04-10,Cobrado,Banco BBVA,Operaciones
2024-03-01,2024,Ingreso,Venta Exportación,Al Salam Trading,686431.4,ARS,2024-03-25,Cobrado,Banco Nación,Operaciones
2024-03-01,2024,Ingreso,Venta Exportación,Al Salam Trading,1108258.27,ARS,2024-04-04,Cobrado,Banco Galicia,Operaciones
2024-03-01,2024,Ingreso,Venta Exportación,Al Salam Trading,1320435.71,ARS,2024-03-19,Vencido,Caja Operativa,Operaciones
2024-03-01,2024,Ingreso,Venta Exportación,Citrus World Ltd,3201550.62,ARS,2024-04-06,Cobrado,Caja Operativa,Operaciones
2024-03-01,2024,Ingreso,Venta Exportación,Citrus World Ltd,2230768.52,ARS,2024-03-22,Cobrado,Banco Galicia,Operaciones
2024-03-01,2024,Ingreso,Venta Exportación,Fischer Import GmbH,1631973.36,ARS,2024-04-04,Cobrado,Caja Operativa,Operaciones
2024-03-01,2024,Ingreso,Venta Exportación,Fischer Import GmbH,1301901.72,ARS,2024-03-31,Cobrado,Banco Galicia,Operaciones
2024-03-01,2024,Ingreso,Venta Exportación,Fischer Import GmbH,1836001.58,ARS,2024-03-21,Cobrado,Banco BBVA,Operaciones
2024-03-01,2024,Ingreso,Venta Exportación,Fischer Import GmbH,916417.57,ARS,2024-03-30,Pendiente,Caja Operativa,Operaciones
2024-03-01,2024,Ingreso,Venta Exportación,Medifresh SA,2015875.5,ARS,2024-03-31,Cobrado,Banco BBVA,Operaciones
2024-03-01,2024,Ingreso,Venta Exportación,Medifresh SA,937644.88,ARS,2024-03-26,Cobrado,Caja Operativa,Operaciones
2024-03-01,2024,Ingreso,Venta Exportación,Medifresh SA,574415.45,ARS,2024-04-09,Pendiente,Banco Nación,Operaciones
2024-03-01,2024,Ingreso,Venta Exportación,Medifresh SA,1710418.91,ARS,2024-03-29,Cobrado,Banco Galicia,Operaciones
2024-03-01,2024,Ingreso,Venta Industria,Citromax SA,122096.5,ARS,2024-03-23,Cobrado,Caja Operativa,Operaciones
2024-03-01,2024,Ingreso,Venta Industria,Citromax SA,189810.23,ARS,2024-03-21,Cobrado,Caja Operativa,Operaciones
2024-03-01,2024,Ingreso,Venta Industria,Citromax SA,173233.76,ARS,2024-04-14,Cobrado,Banco BBVA,Operaciones
2024-03-01,2024,Ingreso,Venta Industria,Citromax SA,112728.57,ARS,2024-04-08,Cobrado,Banco Galicia,Operaciones
2024-03-01,2024,Ingreso,Venta Industria,Frutales Tucumán SRL,137632.37,ARS,2024-03-29,Pendiente,Banco BBVA,Operaciones
2024-03-01,2024,Ingreso,Venta Industria,Frutales Tucumán SRL,102414.15,ARS,2024-03-27,Cobrado,Banco Nación,Operaciones
2024-03-01,2024,Ingreso,Venta Industria,Frutales Tucumán SRL,147118.53,ARS,2024-04-12,Cobrado,Banco BBVA,Operaciones
2024-03-01,2024,Ingreso,Venta Industria,Frutales Tucumán SRL,95820.18,ARS,2024-04-15,Cobrado,Banco BBVA,Operaciones
2024-03-01,2024,Ingreso,Venta Industria,Frutales Tucumán SRL,138174.99,ARS,2024-04-04,Cobrado,Banco Galicia,Operaciones
2024-03-01,2024,Ingreso,Venta Industria,Frutales Tucumán SRL,112211.55,ARS,2024-04-11,Cobrado,Banco BBVA,Operaciones
2024-03-01,2024,Ingreso,Venta Industria,Frutales Tucumán SRL,100165.15,ARS,2024-04-01,Cobrado,Banco BBVA,Operaciones
2024-03-01,2024,Ingreso,Venta Mercado Interno,Central de Frutas SA,441468.45,ARS,2024-03-23,Cobrado,Banco BBVA,Operaciones
2024-03-01,2024,Ingreso,Venta Mercado Interno,Central de Frutas SA,640358.29,ARS,2024-03-17,Cobrado,Banco BBVA,Operaciones
2024-03-01,2024,Ingreso,Venta Mercado Interno,Central de Frutas SA,396013.0,ARS,2024-03-14,Cobrado,Caja Operativa,Operaciones
2024-03-01,2024,Ingreso,Venta Mercado Interno,Central de Frutas SA,517703.62,ARS,2024-03-16,Cobrado,Banco Galicia,Operaciones
2024-03-01,2024,Ingreso,Venta Mercado Interno,Central de Frutas SA,408028.31,ARS,2024-03-18,Cobrado,Banco Galicia,Operaciones
2024-03-01,2024,Ingreso,Venta Mercado Interno,Central de Frutas SA,329990.0,ARS,2024-03-17,Cobrado,Banco BBVA,Operaciones
2024-03-01,2024,Ingreso,Venta Mercado Interno,Frutales del Norte SRL,488108.2,ARS,2024-03-18,Cobrado,Banco Nación,Operaciones
2024-03-01,2024,Ingreso,Venta Mercado Interno,Frutales del Norte SRL,378218.67,ARS,2024-03-20,Pendiente,Banco Nación,Operaciones
2024-03-01,2024,Ingreso,Venta Mercado Interno,La Morenita SA,418633.64,ARS,2024-03-15,Pendiente,Banco BBVA,Operaciones
2024-03-01,2024,Ingreso,Venta Mercado Interno,La Morenita SA,411335.34,ARS,2024-03-25,Cobrado,Caja Operativa,Operaciones
2024-03-01,2024,Ingreso,Venta Mercado Interno,Supermercados Norte SA,298252.2,ARS,2024-03-15,Cobrado,Banco Nación,Operaciones
2024-03-01,2024,Ingreso,Venta Mercado Interno,Supermercados Norte SA,396067.15,ARS,2024-03-19,Pendiente,Banco Galicia,Operaciones
2024-03-08,2024,Egreso,Certificaciones,Certificaciones Global GAP,170784.08,ARS,2024-03-25,Pendiente,Banco Galicia,Operaciones
2024-03-08,2024,Egreso,Comisiones,Broker Comercial Citrus,420672.94,ARS,2024-03-19,Vencido,Banco BBVA,Operaciones
2024-03-08,2024,Egreso,Control de calidad,TecnoPacking SRL,2454291.55,ARS,2024-03-22,Pagado,Banco BBVA,Operaciones
2024-03-08,2024,Egreso,Despacho aduana,Despachos del NOA,1618301.59,ARS,2024-03-17,Pendiente,Banco Nación,Operaciones
2024-03-08,2024,Egreso,Energía,TecnoPacking SRL,1372969.93,ARS,2024-03-14,Pagado,Caja Operativa,Operaciones
2024-03-08,2024,Egreso,Envases y embalajes,Energía Tucumán SA,1825450.24,ARS,2024-03-21,Pagado,Banco Nación,Operaciones
2024-03-08,2024,Egreso,Fitosanitarios,Agroinsumos SA,1874532.74,ARS,2024-03-26,Pagado,Banco Galicia,Operaciones
2024-03-08,2024,Egreso,Flete exportación,Transportes del Norte SA,1882906.4,ARS,2024-03-15,Pendiente,Banco Galicia,Operaciones
2024-03-08,2024,Egreso,Flete interno,FríoAndes Logística,3170105.17,ARS,2024-03-25,Pendiente,Banco Galicia,Operaciones
2024-03-08,2024,Egreso,Frigorífico,Transportes del Norte SA,1078372.46,ARS,2024-03-18,Pagado,Banco Galicia,Operaciones
2024-03-08,2024,Egreso,Gastos generales,Contaduría Castillo,786503.04,ARS,2024-03-27,Pagado,Banco Galicia,Operaciones
2024-03-08,2024,Egreso,Honorarios,DGR Tucumán,1395763.44,ARS,2024-03-27,Pagado,Banco Galicia,Impuestos
2024-03-08,2024,Egreso,Impuestos,Contaduría Castillo,2511758.78,ARS,2024-03-22,Pagado,Caja Operativa,Impuestos
2024-03-08,2024,Egreso,Insumos agrícolas,Cooperativa Citrícola,2813072.12,ARS,2024-03-16,Pagado,Banco Galicia,Operaciones
2024-03-08,2024,Egreso,Mano de obra cosecha,Agroinsumos SA,2376597.27,ARS,2024-03-16,Pagado,Banco Nación,Operaciones
2024-03-08,2024,Egreso,Mano de obra empaque,TecnoPacking SRL,1533725.81,ARS,2024-03-24,Vencido,Banco Galicia,Operaciones
2024-03-08,2024,Egreso,Mantenimiento líneas,TecnoPacking SRL,2774986.84,ARS,2024-03-26,Pagado,Caja Operativa,Operaciones
2024-03-08,2024,Egreso,Maquinaria,Agroinsumos SA,2193404.75,ARS,2024-03-23,Pagado,Caja Operativa,Operaciones
2024-03-08,2024,Egreso,Promoción comercial,Promoción de Mercados SA,257401.01,ARS,2024-03-21,Pagado,Banco Galicia,Operaciones
2024-03-08,2024,Egreso,Riego,Cooperativa Citrícola,852384.48,ARS,2024-03-23,Pagado,Caja Operativa,Operaciones
2024-03-08,2024,Egreso,Seguros,Contaduría Castillo,633948.89,ARS,2024-03-19,Pagado,Banco Nación,Impuestos
2024-03-08,2024,Egreso,Sueldos administración,Contaduría Castillo,1031905.27,ARS,2024-03-28,Pagado,Banco Nación,Impuestos
2024-03-08,2024,Egreso,Viajes comerciales,Promoción de Mercados SA,251407.83,ARS,2024-03-26,Pagado,Banco Galicia,Operaciones
2024-03-08,2024,Ingreso,Venta Exportación,Al Salam Trading,1490192.92,ARS,2024-04-06,Cobrado,Banco Nación,Operaciones
2024-03-08,2024,Ingreso,Venta Exportación,Al Salam Trading,998796.83,ARS,2024-04-10,Cobrado,Caja Operativa,Operaciones
2024-03-08,2024,Ingreso,Venta Exportación,Al Salam Trading,1825411.11,ARS,2024-04-09,Cobrado,Caja Operativa,Operaciones
2024-03-08,2024,Ingreso,Venta Exportación,Al Salam Trading,905456.55,ARS,2024-03-28,Cobrado,Banco Nación,Operaciones
2024-03-08,2024,Ingreso,Venta Exportación,Citrus World Ltd,517460.62,ARS,2024-04-02,Cobrado,Banco BBVA,Operaciones
2024-03-08,2024,Ingreso,Venta Exportación,Citrus World Ltd,1966973.71,ARS,2024-03-27,Cobrado,Banco BBVA,Operaciones
2024-03-08,2024,Ingreso,Venta Exportación,Citrus World Ltd,2311799.12,ARS,2024-04-12,Pendiente,Banco BBVA,Operaciones
2024-03-08,2024,Ingreso,Venta Exportación,Citrus World Ltd,1815955.89,ARS,2024-04-07,Cobrado,Banco Galicia,Operaciones
2024-03-08,2024,Ingreso,Venta Exportación,Citrus World Ltd,2119409.29,ARS,2024-04-06,Cobrado,Caja Operativa,Operaciones
2024-03-08,2024,Ingreso,Venta Exportación,Fischer Import GmbH,2645423.6,ARS,2024-03-27,Cobrado,Banco Galicia,Operaciones
2024-03-08,2024,Ingreso,Venta Exportación,Fischer Import GmbH,1160971.33,ARS,2024-04-08,Cobrado,Caja Operativa,Operaciones
2024-03-08,2024,Ingreso,Venta Exportación,Medifresh SA,2139159.77,ARS,2024-04-04,Cobrado,Banco Galicia,Operaciones
2024-03-08,2024,Ingreso,Venta Exportación,Medifresh SA,806614.52,ARS,2024-04-15,Cobrado,Banco Galicia,Operaciones
2024-03-08,2024,Ingreso,Venta Exportación,Medifresh SA,721278.56,ARS,2024-04-11,Pendiente,Banco BBVA,Operaciones
2024-03-08,2024,Ingreso,Venta Exportación,Medifresh SA,750580.06,ARS,2024-04-04,Cobrado,Banco BBVA,Operaciones
2024-03-08,2024,Ingreso,Venta Exportación,Medifresh SA,2532957.67,ARS,2024-04-07,Cobrado,Caja Operativa,Operaciones
2024-03-08,2024,Ingreso,Venta Exportación,Medifresh SA,652294.58,ARS,2024-04-09,Pendiente,Caja Operativa,Operaciones
2024-03-08,2024,Ingreso,Venta Industria,Citromax SA,120892.79,ARS,2024-04-10,Cobrado,Banco Galicia,Operaciones
2024-03-08,2024,Ingreso,Venta Industria,Citromax SA,111388.29,ARS,2024-04-03,Pendiente,Banco Nación,Operaciones
2024-03-08,2024,Ingreso,Venta Industria,Citromax SA,171357.31,ARS,2024-04-18,Cobrado,Caja Operativa,Operaciones
2024-03-08,2024,Ingreso,Venta Industria,Frutales Tucumán SRL,135958.15,ARS,2024-04-01,Cobrado,Banco BBVA,Operaciones
2024-03-08,2024,Ingreso,Venta Industria,Frutales Tucumán SRL,110554.71,ARS,2024-04-09,Cobrado,Banco BBVA,Operaciones
2024-03-08,2024,Ingreso,Venta Industria,Frutales Tucumán SRL,160242.03,ARS,2024-03-31,Pendiente,Banco Nación,Operaciones
2024-03-08,2024,Ingreso,Venta Industria,Frutales Tucumán SRL,112819.99,ARS,2024-03-30,Cobrado,Banco BBVA,Operaciones
2024-03-08,2024,Ingreso,Venta Industria,Frutales Tucumán SRL,157326.03,ARS,2024-04-09,Cobrado,Caja Operativa,Operaciones
2024-03-08,2024,Ingreso,Venta Industria,Frutales Tucumán SRL,75452.71,ARS,2024-04-10,Cobrado,Banco Nación,Operaciones
2024-03-08,2024,Ingreso,Venta Industria,Frutales Tucumán SRL,127460.77,ARS,2024-04-16,Cobrado,Banco Galicia,Operaciones
2024-03-08,2024,Ingreso,Venta Industria,Frutales Tucumán SRL,85030.3,ARS,2024-04-12,Pendiente,Banco BBVA,Operaciones
2024-03-08,2024,Ingreso,Venta Mercado Interno,Frutales del Norte SRL,475109.3,ARS,2024-03-28,Cobrado,Banco Nación,Operaciones
2024-03-08,2024,Ingreso,Venta Mercado Interno,Frutales del Norte SRL,330107.8,ARS,2024-04-01,Cobrado,Banco Nación,Operaciones
2024-03-08,2024,Ingreso,Venta Mercado Interno,Frutales del Norte SRL,439408.06,ARS,2024-03-24,Cobrado,Banco BBVA,Operaciones
2024-03-08,2024,Ingreso,Venta Mercado Interno,Frutales del Norte SRL,595219.54,ARS,2024-03-24,Cobrado,Caja Operativa,Operaciones
2024-03-08,2024,Ingreso,Venta Mercado Interno,La Morenita SA,330070.64,ARS,2024-03-25,Cobrado,Banco BBVA,Operaciones
2024-03-08,2024,Ingreso,Venta Mercado Interno,La Morenita SA,571114.56,ARS,2024-03-23,Cobrado,Banco BBVA,Operaciones
2024-03-08,2024,Ingreso,Venta Mercado Interno,La Morenita SA,478452.3,ARS,2024-03-28,Cobrado,Caja Operativa,Operaciones
2024-03-08,2024,Ingreso,Venta Mercado Interno,La Morenita SA,496540.82,ARS,2024-03-18,Pendiente,Banco Nación,Operaciones
2024-03-08,2024,Ingreso,Venta Mercado Interno,La Morenita SA,365341.37,ARS,2024-03-24,Cobrado,Banco Nación,Operaciones
2024-03-08,2024,Ingreso,Venta Mercado Interno,Supermercados Norte SA,395033.91,ARS,2024-03-31,Cobrado,Caja Operativa,Operaciones
2024-03-15,2024,Egreso,Certificaciones,Promoción de Mercados SA,302423.08,ARS,2024-03-27,Pagado,Caja Operativa,Operaciones
2024-03-15,2024,Egreso,Comisiones,Broker Comercial Citrus,258942.93,ARS,2024-03-22,Pagado,Banco Nación,Operaciones
2024-03-15,2024,Egreso,Control de calidad,Envases del Tucumán,2017510.29,ARS,2024-04-02,Pagado,Banco BBVA,Operaciones
2024-03-15,2024,Egreso,Despacho aduana,Transportes del Norte SA,4122778.23,ARS,2024-03-24,Pendiente,Caja Operativa,Operaciones
2024-03-15,2024,Egreso,Energía,Envases del Tucumán,1408489.19,ARS,2024-04-01,Pagado,Banco Nación,Operaciones
2024-03-15,2024,Egreso,Envases y embalajes,Energía Tucumán SA,2785813.62,ARS,2024-03-30,Pagado,Caja Operativa,Operaciones
2024-03-15,2024,Egreso,Fitosanitarios,Agroinsumos SA,2297732.8,ARS,2024-03-30,Pendiente,Banco Galicia,Operaciones
2024-03-15,2024,Egreso,Flete exportación,FríoAndes Logística,1656661.8,ARS,2024-03-29,Pagado,Banco Nación,Operaciones
2024-03-15,2024,Egreso,Flete interno,FríoAndes Logística,779536.16,ARS,2024-03-21,Pagado,Banco Nación,Operaciones
2024-03-15,2024,Egreso,Frigorífico,FríoAndes Logística,1381040.06,ARS,2024-03-30,Pagado,Banco Nación,Operaciones
2024-03-15,2024,Egreso,Gastos generales,Contaduría Castillo,1220739.72,ARS,2024-03-27,Pendiente,Banco BBVA,Impuestos
2024-03-15,2024,Egreso,Honorarios,Contaduría Castillo,1808965.74,ARS,2024-04-08,Pagado,Caja Operativa,Impuestos
2024-03-15,2024,Egreso,Impuestos,AFIP,1462397.9,ARS,2024-03-26,Pendiente,Banco BBVA,Operaciones
2024-03-15,2024,Egreso,Insumos agrícolas,Cooperativa Citrícola,2790871.02,ARS,2024-03-29,Pagado,Banco Nación,Operaciones
2024-03-15,2024,Egreso,Mano de obra cosecha,Cooperativa Citrícola,1753911.03,ARS,2024-03-26,Pagado,Caja Operativa,Operaciones
2024-03-15,2024,Egreso,Mano de obra empaque,Envases del Tucumán,3151277.76,ARS,2024-03-25,Pagado,Banco BBVA,Operaciones
2024-03-15,2024,Egreso,Mantenimiento líneas,Envases del Tucumán,1546357.48,ARS,2024-03-21,Pagado,Banco Nación,Operaciones
2024-03-15,2024,Egreso,Maquinaria,Cooperativa Citrícola,1413316.5,ARS,2024-03-27,Pagado,Banco Galicia,Operaciones
2024-03-15,2024,Egreso,Promoción comercial,Promoción de Mercados SA,463738.63,ARS,2024-03-21,Pagado,Caja Operativa,Operaciones
2024-03-15,2024,Egreso,Riego,Agroinsumos SA,1881802.03,ARS,2024-03-26,Pagado,Caja Operativa,Operaciones
2024-03-15,2024,Egreso,Seguros,DGR Tucumán,1367241.16,ARS,2024-03-29,Pendiente,Banco Galicia,Operaciones
2024-03-15,2024,Egreso,Sueldos administración,DGR Tucumán,770468.07,ARS,2024-04-08,Pagado,Banco Galicia,Impuestos
2024-03-15,2024,Egreso,Viajes comerciales,Promoción de Mercados SA,122160.94,ARS,2024-03-29,Pendiente,Banco Nación,Operaciones
2024-03-15,2024,Ingreso,Venta Exportación,Al Salam Trading,2031074.16,ARS,2024-04-12,Cobrado,Banco Nación,Operaciones
2024-03-15,2024,Ingreso,Venta Exportación,Al Salam Trading,2125223.05,ARS,2024-04-10,Cobrado,Banco Galicia,Operaciones
2024-03-15,2024,Ingreso,Venta Exportación,Al Salam Trading,762370.04,ARS,2024-04-16,Cobrado,Banco Nación,Operaciones
2024-03-15,2024,Ingreso,Venta Exportación,Al Salam Trading,1208052.3,ARS,2024-04-15,Cobrado,Banco Galicia,Operaciones
2024-03-15,2024,Ingreso,Venta Exportación,Citrus World Ltd,1002437.55,ARS,2024-04-02,Cobrado,Caja Operativa,Operaciones
2024-03-15,2024,Ingreso,Venta Exportación,Citrus World Ltd,2436751.03,ARS,2024-04-22,Cobrado,Banco Galicia,Operaciones
2024-03-15,2024,Ingreso,Venta Exportación,Citrus World Ltd,1120056.38,ARS,2024-04-19,Cobrado,Banco Galicia,Operaciones
2024-03-15,2024,Ingreso,Venta Exportación,Fischer Import GmbH,1903182.75,ARS,2024-04-17,Vencido,Banco Nación,Operaciones
2024-03-15,2024,Ingreso,Venta Exportación,Fischer Import GmbH,2791294.18,ARS,2024-04-22,Cobrado,Banco Galicia,Operaciones
2024-03-15,2024,Ingreso,Venta Exportación,Fischer Import GmbH,723423.09,ARS,2024-04-13,Cobrado,Banco BBVA,Operaciones
2024-03-15,2024,Ingreso,Venta Exportación,Fischer Import GmbH,1423931.05,ARS,2024-04-17,Cobrado,Banco Nación,Operaciones
2024-03-15,2024,Ingreso,Venta Exportación,Fischer Import GmbH,2351598.11,ARS,2024-04-09,Cobrado,Banco Galicia,Operaciones
2024-03-15,2024,Ingreso,Venta Exportación,Fischer Import GmbH,818201.65,ARS,2024-04-19,Cobrado,Banco Galicia,Operaciones
2024-03-15,2024,Ingreso,Venta Exportación,Medifresh SA,1453316.84,ARS,2024-04-21,Cobrado,Banco BBVA,Operaciones
2024-03-15,2024,Ingreso,Venta Exportación,Medifresh SA,1769338.47,ARS,2024-04-03,Cobrado,Banco BBVA,Operaciones
2024-03-15,2024,Ingreso,Venta Exportación,Medifresh SA,1876922.36,ARS,2024-04-24,Cobrado,Caja Operativa,Operaciones
2024-03-15,2024,Ingreso,Venta Exportación,Medifresh SA,713004.34,ARS,2024-04-15,Cobrado,Banco Galicia,Operaciones
2024-03-15,2024,Ingreso,Venta Industria,Citromax SA,115932.81,ARS,2024-04-06,Cobrado,Banco Nación,Operaciones
2024-03-15,2024,Ingreso,Venta Industria,Citromax SA,157170.19,ARS,2024-04-04,Pendiente,Banco BBVA,Operaciones
2024-03-15,2024,Ingreso,Venta Industria,Citromax SA,142847.92,ARS,2024-04-15,Cobrado,Banco Nación,Operaciones
2024-03-15,2024,Ingreso,Venta Industria,Citromax SA,120952.88,ARS,2024-04-21,Cobrado,Banco Galicia,Operaciones
2024-03-15,2024,Ingreso,Venta Industria,Citromax SA,173324.21,ARS,2024-04-12,Cobrado,Caja Operativa,Operaciones
2024-03-15,2024,Ingreso,Venta Industria,Frutales Tucumán SRL,131847.16,ARS,2024-04-28,Cobrado,Banco BBVA,Operaciones
2024-03-15,2024,Ingreso,Venta Industria,Frutales Tucumán SRL,89018.36,ARS,2024-04-06,Cobrado,Banco Galicia,Operaciones
2024-03-15,2024,Ingreso,Venta Industria,Frutales Tucumán SRL,120497.01,ARS,2024-04-10,Cobrado,Banco BBVA,Operaciones
2024-03-15,2024,Ingreso,Venta Industria,Frutales Tucumán SRL,133808.02,ARS,2024-04-10,Cobrado,Caja Operativa,Operaciones
2024-03-15,2024,Ingreso,Venta Industria,Frutales Tucumán SRL,103018.24,ARS,2024-04-10,Cobrado,Banco BBVA,Operaciones
2024-03-15,2024,Ingreso,Venta Industria,Frutales Tucumán SRL,123219.87,ARS,2024-04-06,Cobrado,Banco Galicia,Operaciones
2024-03-15,2024,Ingreso,Venta Industria,Frutales Tucumán SRL,100894.86,ARS,2024-04-13,Cobrado,Banco Galicia,Operaciones
2024-03-15,2024,Ingreso,Venta Mercado Interno,Central de Frutas SA,551863.85,ARS,2024-04-02,Cobrado,Banco Galicia,Operaciones
2024-03-15,2024,Ingreso,Venta Mercado Interno,Frutales del Norte SRL,404444.18,ARS,2024-03-30,Pendiente,Banco BBVA,Operaciones
2024-03-15,2024,Ingreso,Venta Mercado Interno,Frutales del Norte SRL,379313.0,ARS,2024-04-08,Cobrado,Banco BBVA,Operaciones
2024-03-15,2024,Ingreso,Venta Mercado Interno,Frutales del Norte SRL,334796.11,ARS,2024-03-30,Cobrado,Caja Operativa,Operaciones
2024-03-15,2024,Ingreso,Venta Mercado Interno,Frutales del Norte SRL,396588.44,ARS,2024-04-06,Cobrado,Banco Galicia,Operaciones
2024-03-15,2024,Ingreso,Venta Mercado Interno,La Morenita SA,427144.25,ARS,2024-03-27,Cobrado,Banco Nación,Operaciones
2024-03-15,2024,Ingreso,Venta Mercado Interno,La Morenita SA,545524.03,ARS,2024-04-02,Cobrado,Banco Nación,Operaciones
2024-03-15,2024,Ingreso,Venta Mercado Interno,Supermercados Norte SA,322185.82,ARS,2024-04-02,Cobrado,Banco Nación,Operaciones
2024-03-15,2024,Ingreso,Venta Mercado Interno,Supermercados Norte SA,434570.57,ARS,2024-04-01,Cobrado,Banco Nación,Operaciones
2024-03-15,2024,Ingreso,Venta Mercado Interno,Supermercados Norte SA,381917.08,ARS,2024-03-30,Cobrado,Caja Operativa,Operaciones
2024-03-22,2024,Egreso,Certificaciones,Broker Comercial Citrus,190716.21,ARS,2024-04-04,Pendiente,Banco BBVA,Operaciones
2024-03-22,2024,Egreso,Comisiones,Certificaciones Global GAP,216987.42,ARS,2024-04-01,Pendiente,Banco Nación,Operaciones
2024-03-22,2024,Egreso,Control de calidad,Energía Tucumán SA,1966610.33,ARS,2024-04-04,Pagado,Caja Operativa,Operaciones
2024-03-22,2024,Egreso,Despacho aduana,Despachos del NOA,1946908.7,ARS,2024-04-08,Vencido,Caja Operativa,Operaciones
2024-03-22,2024,Egreso,Energía,Envases del Tucumán,1900268.18,ARS,2024-04-08,Pagado,Caja Operativa,Operaciones
2024-03-22,2024,Egreso,Envases y embalajes,Energía Tucumán SA,2386821.23,ARS,2024-04-08,Pagado,Banco Galicia,Operaciones
2024-03-22,2024,Egreso,Fitosanitarios,Servicios Rurales del NOA,1414191.13,ARS,2024-04-06,Pagado,Banco Galicia,Operaciones
2024-03-22,2024,Egreso,Flete exportación,Despachos del NOA,1778057.61,ARS,2024-04-06,Pagado,Banco BBVA,Operaciones
2024-03-22,2024,Egreso,Flete interno,FríoAndes Logística,2284391.38,ARS,2024-03-27,Pagado,Caja Operativa,Operaciones
2024-03-22,2024,Egreso,Frigorífico,FríoAndes Logística,1337560.76,ARS,2024-04-01,Pagado,Caja Operativa,Operaciones
2024-03-22,2024,Egreso,Gastos generales,Contaduría Castillo,1263774.98,ARS,2024-04-08,Pagado,Banco Galicia,Operaciones
2024-03-22,2024,Egreso,Honorarios,DGR Tucumán,422232.94,ARS,2024-04-13,Pagado,Caja Operativa,Operaciones
2024-03-22,2024,Egreso,Impuestos,AFIP,1027500.13,ARS,2024-04-14,Pagado,Caja Operativa,Operaciones
2024-03-22,2024,Egreso,Insumos agrícolas,Cooperativa Citrícola,3033441.48,ARS,2024-03-29,Pendiente,Banco Nación,Operaciones
2024-03-22,2024,Egreso,Mano de obra cosecha,Cooperativa Citrícola,1934935.2,ARS,2024-04-08,Pagado,Banco Nación,Operaciones
2024-03-22,2024,Egreso,Mano de obra empaque,TecnoPacking SRL,2100750.94,ARS,2024-04-05,Pagado,Banco BBVA,Operaciones
2024-03-22,2024,Egreso,Mantenimiento líneas,Envases del Tucumán,2110359.9,ARS,2024-04-09,Pagado,Banco Nación,Operaciones
2024-03-22,2024,Egreso,Maquinaria,Servicios Rurales del NOA,1779272.09,ARS,2024-04-08,Pagado,Banco Nación,Operaciones
2024-03-22,2024,Egreso,Promoción comercial,Broker Comercial Citrus,208520.33,ARS,2024-03-29,Pagado,Banco Galicia,Operaciones
2024-03-22,2024,Egreso,Riego,Cooperativa Citrícola,1827876.01,ARS,2024-04-04,Pagado,Banco BBVA,Operaciones
2024-03-22,2024,Egreso,Seguros,Contaduría Castillo,2212998.34,ARS,2024-04-16,Pagado,Banco BBVA,Operaciones
2024-03-22,2024,Egreso,Sueldos administración,AFIP,1760386.56,ARS,2024-04-15,Pagado,Banco Nación,Operaciones
2024-03-22,2024,Egreso,Viajes comerciales,Promoción de Mercados SA,407126.54,ARS,2024-03-30,Pagado,Banco Galicia,Operaciones
2024-03-22,2024,Ingreso,Venta Exportación,Al Salam Trading,1771335.92,ARS,2024-04-30,Cobrado,Banco Galicia,Operaciones
2024-03-22,2024,Ingreso,Venta Exportación,Al Salam Trading,1290544.54,ARS,2024-04-19,Pendiente,Banco BBVA,Operaciones
2024-03-22,2024,Ingreso,Venta Exportación,Citrus World Ltd,2312439.24,ARS,2024-04-15,Cobrado,Banco Galicia,Operaciones
2024-03-22,2024,Ingreso,Venta Exportación,Citrus World Ltd,1063128.1,ARS,2024-04-27,Cobrado,Caja Operativa,Operaciones
2024-03-22,2024,Ingreso,Venta Exportación,Citrus World Ltd,683770.3,ARS,2024-04-13,Cobrado,Caja Operativa,Operaciones
2024-03-22,2024,Ingreso,Venta Exportación,Citrus World Ltd,1693068.85,ARS,2024-05-01,Cobrado,Banco BBVA,Operaciones
2024-03-22,2024,Ingreso,Venta Exportación,Citrus World Ltd,1550127.34,ARS,2024-04-29,Cobrado,Caja Operativa,Operaciones
2024-03-22,2024,Ingreso,Venta Exportación,Citrus World Ltd,1011385.72,ARS,2024-04-20,Cobrado,Banco BBVA,Operaciones
2024-03-22,2024,Ingreso,Venta Exportación,Citrus World Ltd,1492810.97,ARS,2024-04-22,Cobrado,Banco Nación,Operaciones
2024-03-22,2024,Ingreso,Venta Exportación,Citrus World Ltd,892606.59,ARS,2024-04-10,Cobrado,Banco Nación,Operaciones
2024-03-22,2024,Ingreso,Venta Exportación,Citrus World Ltd,1076561.82,ARS,2024-04-25,Pendiente,Banco BBVA,Operaciones
2024-03-22,2024,Ingreso,Venta Exportación,Citrus World Ltd,856065.3,ARS,2024-04-15,Pendiente,Banco BBVA,Operaciones
2024-03-22,2024,Ingreso,Venta Exportación,Fischer Import GmbH,2595188.69,ARS,2024-04-16,Pendiente,Banco BBVA,Operaciones
2024-03-22,2024,Ingreso,Venta Exportación,Fischer Import GmbH,1233207.23,ARS,2024-04-16,Cobrado,Banco Nación,Operaciones
2024-03-22,2024,Ingreso,Venta Exportación,Medifresh SA,1227102.71,ARS,2024-04-26,Pendiente,Banco BBVA,Operaciones
2024-03-22,2024,Ingreso,Venta Exportación,Medifresh SA,1840563.9,ARS,2024-04-26,Cobrado,Banco BBVA,Operaciones
2024-03-22,2024,Ingreso,Venta Exportación,Medifresh SA,1665532.65,ARS,2024-04-27,Cobrado,Caja Operativa,Operaciones
2024-03-22,2024,Ingreso,Venta Industria,Citromax SA,100773.01,ARS,2024-04-25,Cobrado,Banco Galicia,Operaciones
2024-03-22,2024,Ingreso,Venta Industria,Citromax SA,168706.26,ARS,2024-05-06,Cobrado,Banco Galicia,Operaciones
2024-03-22,2024,Ingreso,Venta Industria,Citromax SA,115123.45,ARS,2024-05-03,Cobrado,Banco Nación,Operaciones
2024-03-22,2024,Ingreso,Venta Industria,Citromax SA,105294.58,ARS,2024-04-14,Vencido,Banco BBVA,Operaciones
2024-03-22,2024,Ingreso,Venta Industria,Citromax SA,115353.28,ARS,2024-04-15,Cobrado,Banco Nación,Operaciones
2024-03-22,2024,Ingreso,Venta Industria,Citromax SA,147874.5,ARS,2024-05-04,Cobrado,Banco Nación,Operaciones
2024-03-22,2024,Ingreso,Venta Industria,Citromax SA,176689.33,ARS,2024-04-14,Pendiente,Caja Operativa,Operaciones
2024-03-22,2024,Ingreso,Venta Industria,Citromax SA,132089.22,ARS,2024-04-17,Cobrado,Banco BBVA,Operaciones
2024-03-22,2024,Ingreso,Venta Industria,Frutales Tucumán SRL,125893.82,ARS,2024-04-13,Cobrado,Banco Nación,Operaciones
2024-03-22,2024,Ingreso,Venta Industria,Frutales Tucumán SRL,92013.89,ARS,2024-04-11,Pendiente,Caja Operativa,Operaciones
2024-03-22,2024,Ingreso,Venta Industria,Frutales Tucumán SRL,115326.75,ARS,2024-04-26,Cobrado,Banco Nación,Operaciones
2024-03-22,2024,Ingreso,Venta Industria,Frutales Tucumán SRL,95650.35,ARS,2024-04-13,Cobrado,Banco BBVA,Operaciones
2024-03-22,2024,Ingreso,Venta Mercado Interno,Central de Frutas SA,411245.78,ARS,2024-04-01,Cobrado,Banco Nación,Operaciones
2024-03-22,2024,Ingreso,Venta Mercado Interno,Central de Frutas SA,732931.52,ARS,2024-04-09,Cobrado,Banco Nación,Operaciones
2024-03-22,2024,Ingreso,Venta Mercado Interno,Frutales del Norte SRL,300833.88,ARS,2024-04-13,Cobrado,Banco BBVA,Operaciones
2024-03-22,2024,Ingreso,Venta Mercado Interno,Frutales del Norte SRL,399768.97,ARS,2024-04-01,Cobrado,Caja Operativa,Operaciones
2024-03-22,2024,Ingreso,Venta Mercado Interno,Frutales del Norte SRL,479185.18,ARS,2024-04-06,Cobrado,Caja Operativa,Operaciones
2024-03-22,2024,Ingreso,Venta Mercado Interno,La Morenita SA,533325.02,ARS,2024-04-15,Cobrado,Banco Galicia,Operaciones
2024-03-22,2024,Ingreso,Venta Mercado Interno,La Morenita SA,501673.75,ARS,2024-04-11,Pendiente,Banco BBVA,Operaciones
2024-03-22,2024,Ingreso,Venta Mercado Interno,La Morenita SA,483761.83,ARS,2024-04-07,Cobrado,Banco Galicia,Operaciones
2024-03-22,2024,Ingreso,Venta Mercado Interno,La Morenita SA,306435.59,ARS,2024-04-08,Cobrado,Banco BBVA,Operaciones
2024-03-29,2024,Egreso,Certificaciones,Broker Comercial Citrus,286777.28,ARS,2024-04-03,Pagado,Banco Galicia,Operaciones
2024-03-29,2024,Egreso,Comisiones,Certificaciones Global GAP,253617.38,ARS,2024-04-05,Pendiente,Banco Galicia,Operaciones
2024-03-29,2024,Egreso,Control de calidad,Energía Tucumán SA,2541596.83,ARS,2024-04-06,Pagado,Banco Nación,Operaciones
2024-03-29,2024,Egreso,Despacho aduana,FríoAndes Logística,1766850.88,ARS,2024-04-15,Pendiente,Banco Nación,Operaciones
2024-03-29,2024,Egreso,Energía,Energía Tucumán SA,2087665.29,ARS,2024-04-13,Pagado,Caja Operativa,Operaciones
2024-03-29,2024,Egreso,Envases y embalajes,Energía Tucumán SA,1429376.11,ARS,2024-04-15,Pendiente,Banco Galicia,Operaciones
2024-03-29,2024,Egreso,Fitosanitarios,Cooperativa Citrícola,2458730.05,ARS,2024-04-12,Pagado,Banco BBVA,Operaciones
2024-03-29,2024,Egreso,Flete exportación,Despachos del NOA,1078215.15,ARS,2024-04-12,Pagado,Banco BBVA,Operaciones
2024-03-29,2024,Egreso,Flete interno,Despachos del NOA,3294208.75,ARS,2024-04-08,Pendiente,Banco Galicia,Operaciones
2024-03-29,2024,Egreso,Frigorífico,FríoAndes Logística,1599083.14,ARS,2024-04-16,Pagado,Banco Galicia,Operaciones
2024-03-29,2024,Egreso,Gastos generales,DGR Tucumán,1194635.51,ARS,2024-04-19,Pagado,Caja Operativa,Operaciones
2024-03-29,2024,Egreso,Honorarios,DGR Tucumán,946299.94,ARS,2024-04-11,Pagado,Banco Galicia,Impuestos
2024-03-29,2024,Egreso,Impuestos,DGR Tucumán,2232048.73,ARS,2024-04-23,Pendiente,Caja Operativa,Operaciones
2024-03-29,2024,Egreso,Insumos agrícolas,Agroinsumos SA,1691529.13,ARS,2024-04-15,Pagado,Banco Galicia,Operaciones
2024-03-29,2024,Egreso,Mano de obra cosecha,Servicios Rurales del NOA,2516770.03,ARS,2024-04-16,Pendiente,Banco BBVA,Operaciones
2024-03-29,2024,Egreso,Mano de obra empaque,Energía Tucumán SA,2524516.73,ARS,2024-04-10,Vencido,Caja Operativa,Operaciones
2024-03-29,2024,Egreso,Mantenimiento líneas,TecnoPacking SRL,2095353.9,ARS,2024-04-10,Vencido,Banco Galicia,Operaciones
2024-03-29,2024,Egreso,Maquinaria,Cooperativa Citrícola,1567338.32,ARS,2024-04-16,Pendiente,Banco BBVA,Operaciones
2024-03-29,2024,Egreso,Promoción comercial,Broker Comercial Citrus,241849.75,ARS,2024-04-08,Pagado,Banco BBVA,Operaciones
2024-03-29,2024,Egreso,Riego,Servicios Rurales del NOA,1718196.31,ARS,2024-04-07,Pagado,Banco Galicia,Operaciones
2024-03-29,2024,Egreso,Seguros,DGR Tucumán,1350094.15,ARS,2024-04-08,Pagado,Banco Galicia,Impuestos
2024-03-29,2024,Egreso,Sueldos administración,DGR Tucumán,698306.94,ARS,2024-04-18,Pagado,Banco BBVA,Operaciones
2024-03-29,2024,Egreso,Viajes comerciales,Broker Comercial Citrus,356637.4,ARS,2024-04-10,Pagado,Banco BBVA,Operaciones
2024-03-29,2024,Ingreso,Venta Exportación,Al Salam Trading,2647604.12,ARS,2024-04-17,Cobrado,Banco BBVA,Operaciones
2024-03-29,2024,Ingreso,Venta Exportación,Al Salam Trading,1165706.41,ARS,2024-04-30,Cobrado,Banco Nación,Operaciones
2024-03-29,2024,Ingreso,Venta Exportación,Al Salam Trading,1449482.15,ARS,2024-05-06,Pendiente,Banco Nación,Operaciones
2024-03-29,2024,Ingreso,Venta Exportación,Al Salam Trading,1169471.03,ARS,2024-04-24,Cobrado,Banco BBVA,Operaciones
2024-03-29,2024,Ingreso,Venta Exportación,Citrus World Ltd,2508065.59,ARS,2024-04-18,Cobrado,Banco Galicia,Operaciones
2024-03-29,2024,Ingreso,Venta Exportación,Citrus World Ltd,2581264.39,ARS,2024-04-27,Pendiente,Banco BBVA,Operaciones
2024-03-29,2024,Ingreso,Venta Exportación,Fischer Import GmbH,1339037.46,ARS,2024-04-22,Cobrado,Banco Galicia,Operaciones
2024-03-29,2024,Ingreso,Venta Exportación,Fischer Import GmbH,502632.81,ARS,2024-04-29,Cobrado,Banco Galicia,Operaciones
2024-03-29,2024,Ingreso,Venta Exportación,Fischer Import GmbH,807378.27,ARS,2024-04-16,Cobrado,Banco Galicia,Operaciones
2024-03-29,2024,Ingreso,Venta Exportación,Fischer Import GmbH,505327.49,ARS,2024-04-23,Cobrado,Banco Nación,Operaciones
2024-03-29,2024,Ingreso,Venta Exportación,Fischer Import GmbH,1068229.86,ARS,2024-04-18,Cobrado,Banco Galicia,Operaciones
2024-03-29,2024,Ingreso,Venta Exportación,Fischer Import GmbH,1958660.11,ARS,2024-04-23,Pendiente,Banco BBVA,Operaciones
2024-03-29,2024,Ingreso,Venta Exportación,Fischer Import GmbH,864349.88,ARS,2024-04-21,Cobrado,Caja Operativa,Operaciones
2024-03-29,2024,Ingreso,Venta Exportación,Medifresh SA,1777398.11,ARS,2024-04-30,Cobrado,Banco Galicia,Operaciones
2024-03-29,2024,Ingreso,Venta Exportación,Medifresh SA,1328371.46,ARS,2024-05-03,Cobrado,Banco Galicia,Operaciones
2024-03-29,2024,Ingreso,Venta Exportación,Medifresh SA,2138449.07,ARS,2024-04-22,Cobrado,Banco Nación,Operaciones
2024-03-29,2024,Ingreso,Venta Exportación,Medifresh SA,1465539.64,ARS,2024-04-24,Vencido,Banco Galicia,Operaciones
2024-03-29,2024,Ingreso,Venta Industria,Citromax SA,146028.27,ARS,2024-04-30,Cobrado,Caja Operativa,Operaciones
2024-03-29,2024,Ingreso,Venta Industria,Citromax SA,159368.44,ARS,2024-05-11,Cobrado,Banco Galicia,Operaciones
2024-03-29,2024,Ingreso,Venta Industria,Citromax SA,116974.98,ARS,2024-04-26,Cobrado,Caja Operativa,Operaciones
2024-03-29,2024,Ingreso,Venta Industria,Citromax SA,184826.1,ARS,2024-04-21,Cobrado,Banco BBVA,Operaciones
2024-03-29,2024,Ingreso,Venta Industria,Citromax SA,103569.33,ARS,2024-05-04,Cobrado,Banco Nación,Operaciones
2024-03-29,2024,Ingreso,Venta Industria,Citromax SA,126989.42,ARS,2024-05-06,Cobrado,Banco Galicia,Operaciones
2024-03-29,2024,Ingreso,Venta Industria,Citromax SA,101663.59,ARS,2024-04-27,Cobrado,Banco BBVA,Operaciones
2024-03-29,2024,Ingreso,Venta Industria,Frutales Tucumán SRL,167081.39,ARS,2024-05-03,Cobrado,Banco BBVA,Operaciones
2024-03-29,2024,Ingreso,Venta Industria,Frutales Tucumán SRL,158037.23,ARS,2024-04-25,Cobrado,Caja Operativa,Operaciones
2024-03-29,2024,Ingreso,Venta Industria,Frutales Tucumán SRL,99202.3,ARS,2024-04-30,Cobrado,Banco BBVA,Operaciones
2024-03-29,2024,Ingreso,Venta Industria,Frutales Tucumán SRL,113610.56,ARS,2024-05-01,Pendiente,Banco BBVA,Operaciones
2024-03-29,2024,Ingreso,Venta Industria,Frutales Tucumán SRL,97728.8,ARS,2024-05-04,Cobrado,Banco Nación,Operaciones
2024-03-29,2024,Ingreso,Venta Mercado Interno,Central de Frutas SA,510356.32,ARS,2024-04-08,Vencido,Banco BBVA,Operaciones
2024-03-29,2024,Ingreso,Venta Mercado Interno,Central de Frutas SA,379483.3,ARS,2024-04-11,Cobrado,Banco Nación,Operaciones
2024-03-29,2024,Ingreso,Venta Mercado Interno,Central de Frutas SA,437035.87,ARS,2024-04-22,Cobrado,Banco BBVA,Operaciones
2024-03-29,2024,Ingreso,Venta Mercado Interno,Central de Frutas SA,556892.94,ARS,2024-04-20,Cobrado,Banco BBVA,Operaciones
2024-03-29,2024,Ingreso,Venta Mercado Interno,Central de Frutas SA,559884.38,ARS,2024-04-21,Vencido,Banco Nación,Operaciones
2024-03-29,2024,Ingreso,Venta Mercado Interno,Central de Frutas SA,355012.97,ARS,2024-04-16,Cobrado,Banco Galicia,Operaciones
2024-03-29,2024,Ingreso,Venta Mercado Interno,Frutales del Norte SRL,419843.88,ARS,2024-04-16,Cobrado,Banco Nación,Operaciones
2024-03-29,2024,Ingreso,Venta Mercado Interno,Frutales del Norte SRL,397979.29,ARS,2024-04-13,Cobrado,Banco Galicia,Operaciones
2024-03-29,2024,Ingreso,Venta Mercado Interno,Frutales del Norte SRL,421355.43,ARS,2024-04-12,Cobrado,Caja Operativa,Operaciones
2024-03-29,2024,Ingreso,Venta Mercado Interno,Frutales del Norte SRL,403033.17,ARS,2024-04-20,Cobrado,Banco Nación,Operaciones
2024-04-05,2024,Egreso,Certificaciones,Promoción de Mercados SA,1238822.92,ARS,2024-04-11,Pagado,Banco Galicia,Operaciones
2024-04-05,2024,Egreso,Comisiones,Certificaciones Global GAP,271068.63,ARS,2024-04-20,Pagado,Banco Nación,Operaciones
2024-04-05,2024,Egreso,Control de calidad,Energía Tucumán SA,5128459.05,ARS,2024-04-21,Pagado,Banco Galicia,Operaciones
2024-04-05,2024,Egreso,Despacho aduana,Transportes del Norte SA,5966649.81,ARS,2024-04-16,Pendiente,Banco Galicia,Operaciones
2024-04-05,2024,Egreso,Energía,Energía Tucumán SA,6734695.34,ARS,2024-04-20,Pagado,Banco Galicia,Operaciones
2024-04-05,2024,Egreso,Envases y embalajes,TecnoPacking SRL,6599836.97,ARS,2024-04-15,Pagado,Banco BBVA,Operaciones
2024-04-05,2024,Egreso,Fitosanitarios,Cooperativa Citrícola,3221878.74,ARS,2024-04-22,Pagado,Banco Nación,Operaciones
2024-04-05,2024,Egreso,Flete exportación,FríoAndes Logística,7288393.4,ARS,2024-04-21,Pendiente,Banco Galicia,Operaciones
2024-04-05,2024,Egreso,Flete interno,Transportes del Norte SA,5268681.0,ARS,2024-04-13,Vencido,Banco Nación,Operaciones
2024-04-05,2024,Egreso,Frigorífico,FríoAndes Logística,5160797.23,ARS,2024-04-18,Pendiente,Caja Operativa,Operaciones
2024-04-05,2024,Egreso,Gastos generales,Contaduría Castillo,1114258.89,ARS,2024-04-30,Pagado,Banco Nación,Operaciones
2024-04-05,2024,Egreso,Honorarios,AFIP,1867610.04,ARS,2024-04-20,Pendiente,Banco BBVA,Operaciones
2024-04-05,2024,Egreso,Impuestos,AFIP,1206031.01,ARS,2024-04-28,Pagado,Caja Operativa,Impuestos
2024-04-05,2024,Egreso,Insumos agrícolas,Servicios Rurales del NOA,6181633.31,ARS,2024-04-21,Pagado,Caja Operativa,Operaciones
2024-04-05,2024,Egreso,Mano de obra cosecha,Cooperativa Citrícola,6234711.65,ARS,2024-04-13,Pendiente,Banco Galicia,Operaciones
2024-04-05,2024,Egreso,Mano de obra empaque,Energía Tucumán SA,4214758.27,ARS,2024-04-17,Pagado,Banco Nación,Operaciones
2024-04-05,2024,Egreso,Mantenimiento líneas,Energía Tucumán SA,5859713.98,ARS,2024-04-18,Pagado,Banco Nación,Operaciones
2024-04-05,2024,Egreso,Maquinaria,Servicios Rurales del NOA,7342062.55,ARS,2024-04-21,Pagado,Banco BBVA,Operaciones
2024-04-05,2024,Egreso,Promoción comercial,Certificaciones Global GAP,667196.02,ARS,2024-04-11,Pagado,Banco BBVA,Operaciones
2024-04-05,2024,Egreso,Riego,Servicios Rurales del NOA,3547250.49,ARS,2024-04-10,Pagado,Caja Operativa,Operaciones
2024-04-05,2024,Egreso,Seguros,AFIP,1588798.49,ARS,2024-04-20,Pagado,Banco Nación,Operaciones
2024-04-05,2024,Egreso,Sueldos administración,AFIP,1404718.65,ARS,2024-04-24,Pagado,Banco Galicia,Impuestos
2024-04-05,2024,Egreso,Viajes comerciales,Certificaciones Global GAP,1032168.84,ARS,2024-04-21,Pendiente,Caja Operativa,Operaciones
2024-04-05,2024,Ingreso,Venta Exportación,Al Salam Trading,2333106.2,ARS,2024-05-10,Cobrado,Banco BBVA,Operaciones
2024-04-05,2024,Ingreso,Venta Exportación,Al Salam Trading,2253333.62,ARS,2024-05-13,Cobrado,Banco Galicia,Operaciones
2024-04-05,2024,Ingreso,Venta Exportación,Citrus World Ltd,5763561.67,ARS,2024-04-24,Cobrado,Banco Nación,Operaciones
2024-04-05,2024,Ingreso,Venta Exportación,Citrus World Ltd,3808157.22,ARS,2024-05-10,Cobrado,Caja Operativa,Operaciones
2024-04-05,2024,Ingreso,Venta Exportación,Citrus World Ltd,1966306.5,ARS,2024-05-14,Cobrado,Caja Operativa,Operaciones
2024-04-05,2024,Ingreso,Venta Exportación,Citrus World Ltd,6090430.21,ARS,2024-05-09,Cobrado,Banco Nación,Operaciones
2024-04-05,2024,Ingreso,Venta Exportación,Citrus World Ltd,5057265.42,ARS,2024-04-23,Pendiente,Banco BBVA,Operaciones
2024-04-05,2024,Ingreso,Venta Exportación,Citrus World Ltd,3291183.86,ARS,2024-04-24,Pendiente,Banco Galicia,Operaciones
2024-04-05,2024,Ingreso,Venta Exportación,Fischer Import GmbH,6210489.93,ARS,2024-05-15,Cobrado,Banco Nación,Operaciones
2024-04-05,2024,Ingreso,Venta Exportación,Fischer Import GmbH,8926789.19,ARS,2024-05-11,Cobrado,Caja Operativa,Operaciones
2024-04-05,2024,Ingreso,Venta Exportación,Fischer Import GmbH,2576095.93,ARS,2024-05-05,Cobrado,Banco BBVA,Operaciones
2024-04-05,2024,Ingreso,Venta Exportación,Fischer Import GmbH,2115815.48,ARS,2024-04-23,Vencido,Caja Operativa,Operaciones
2024-04-05,2024,Ingreso,Venta Exportación,Fischer Import GmbH,7847701.64,ARS,2024-04-28,Cobrado,Banco Nación,Operaciones
2024-04-05,2024,Ingreso,Venta Exportación,Fischer Import GmbH,5976070.44,ARS,2024-05-12,Vencido,Caja Operativa,Operaciones
2024-04-05,2024,Ingreso,Venta Exportación,Medifresh SA,3732719.82,ARS,2024-05-02,Cobrado,Caja Operativa,Operaciones
2024-04-05,2024,Ingreso,Venta Exportación,Medifresh SA,5541688.36,ARS,2024-05-13,Cobrado,Banco Nación,Operaciones
2024-04-05,2024,Ingreso,Venta Exportación,Medifresh SA,2143192.08,ARS,2024-05-09,Cobrado,Banco Galicia,Operaciones
2024-04-05,2024,Ingreso,Venta Industria,Citromax SA,305301.14,ARS,2024-05-18,Cobrado,Banco BBVA,Operaciones
2024-04-05,2024,Ingreso,Venta Industria,Citromax SA,177573.27,ARS,2024-05-02,Cobrado,Banco Galicia,Operaciones
2024-04-05,2024,Ingreso,Venta Industria,Citromax SA,314575.71,ARS,2024-05-17,Cobrado,Banco Galicia,Operaciones
2024-04-05,2024,Ingreso,Venta Industria,Citromax SA,213326.22,ARS,2024-05-03,Cobrado,Banco BBVA,Operaciones
2024-04-05,2024,Ingreso,Venta Industria,Citromax SA,175422.74,ARS,2024-05-15,Cobrado,Banco Galicia,Operaciones
2024-04-05,2024,Ingreso,Venta Industria,Frutales Tucumán SRL,269086.02,ARS,2024-05-06,Cobrado,Caja Operativa,Operaciones
2024-04-05,2024,Ingreso,Venta Industria,Frutales Tucumán SRL,170475.3,ARS,2024-05-03,Cobrado,Banco Nación,Operaciones
2024-04-05,2024,Ingreso,Venta Industria,Frutales Tucumán SRL,306806.39,ARS,2024-05-13,Cobrado,Banco Nación,Operaciones
2024-04-05,2024,Ingreso,Venta Industria,Frutales Tucumán SRL,199373.52,ARS,2024-05-03,Cobrado,Caja Operativa,Operaciones
2024-04-05,2024,Ingreso,Venta Industria,Frutales Tucumán SRL,362646.91,ARS,2024-05-12,Cobrado,Banco BBVA,Operaciones
2024-04-05,2024,Ingreso,Venta Industria,Frutales Tucumán SRL,231465.63,ARS,2024-05-03,Cobrado,Banco Nación,Operaciones
2024-04-05,2024,Ingreso,Venta Industria,Frutales Tucumán SRL,338177.15,ARS,2024-04-28,Cobrado,Banco Nación,Operaciones
2024-04-05,2024,Ingreso,Venta Industria,Frutales Tucumán SRL,351366.56,ARS,2024-04-28,Cobrado,Banco Galicia,Operaciones
2024-04-05,2024,Ingreso,Venta Industria,Frutales Tucumán SRL,229842.08,ARS,2024-05-06,Cobrado,Banco BBVA,Operaciones
2024-04-05,2024,Ingreso,Venta Industria,Frutales Tucumán SRL,267717.89,ARS,2024-05-07,Cobrado,Banco BBVA,Operaciones
2024-04-05,2024,Ingreso,Venta Industria,Frutales Tucumán SRL,219255.49,ARS,2024-05-20,Cobrado,Caja Operativa,Operaciones
2024-04-05,2024,Ingreso,Venta Industria,Frutales Tucumán SRL,232672.11,ARS,2024-05-20,Cobrado,Caja Operativa,Operaciones
2024-04-05,2024,Ingreso,Venta Mercado Interno,Central de Frutas SA,993596.27,ARS,2024-04-28,Cobrado,Caja Operativa,Operaciones
2024-04-05,2024,Ingreso,Venta Mercado Interno,Central de Frutas SA,858334.81,ARS,2024-04-26,Cobrado,Caja Operativa,Operaciones
2024-04-05,2024,Ingreso,Venta Mercado Interno,Central de Frutas SA,751826.48,ARS,2024-04-16,Cobrado,Banco BBVA,Operaciones
2024-04-05,2024,Ingreso,Venta Mercado Interno,Frutales del Norte SRL,509430.58,ARS,2024-04-27,Cobrado,Banco Galicia,Operaciones
2024-04-05,2024,Ingreso,Venta Mercado Interno,Frutales del Norte SRL,930433.5,ARS,2024-04-15,Cobrado,Banco BBVA,Operaciones
2024-04-05,2024,Ingreso,Venta Mercado Interno,Frutales del Norte SRL,724415.35,ARS,2024-04-18,Pendiente,Banco BBVA,Operaciones
2024-04-05,2024,Ingreso,Venta Mercado Interno,La Morenita SA,1625207.25,ARS,2024-04-29,Cobrado,Caja Operativa,Operaciones
2024-04-05,2024,Ingreso,Venta Mercado Interno,La Morenita SA,1643951.71,ARS,2024-04-21,Cobrado,Banco Galicia,Operaciones
2024-04-05,2024,Ingreso,Venta Mercado Interno,La Morenita SA,781388.81,ARS,2024-04-17,Pendiente,Caja Operativa,Operaciones
2024-04-05,2024,Ingreso,Venta Mercado Interno,La Morenita SA,416967.92,ARS,2024-04-29,Cobrado,Banco BBVA,Operaciones
2024-04-05,2024,Ingreso,Venta Mercado Interno,La Morenita SA,1582373.07,ARS,2024-04-23,Cobrado,Caja Operativa,Operaciones
2024-04-05,2024,Ingreso,Venta Mercado Interno,La Morenita SA,739965.83,ARS,2024-04-28,Cobrado,Banco BBVA,Operaciones
2024-04-05,2024,Ingreso,Venta Mercado Interno,Supermercados Norte SA,1719783.64,ARS,2024-04-23,Cobrado,Banco BBVA,Operaciones
2024-04-05,2024,Ingreso,Venta Mercado Interno,Supermercados Norte SA,750075.55,ARS,2024-04-22,Pendiente,Banco BBVA,Operaciones
2024-04-05,2024,Ingreso,Venta Mercado Interno,Supermercados Norte SA,1510650.91,ARS,2024-04-28,Cobrado,Banco Nación,Operaciones
2024-04-05,2024,Ingreso,Venta Mercado Interno,Supermercados Norte SA,1103142.9,ARS,2024-04-29,Cobrado,Banco Galicia,Operaciones
2024-04-05,2024,Ingreso,Venta Mercado Interno,Supermercados Norte SA,1592427.48,ARS,2024-04-16,Cobrado,Banco Nación,Operaciones
2024-04-12,2024,Egreso,Certificaciones,Broker Comercial Citrus,951751.21,ARS,2024-04-30,Pagado,Banco Nación,Operaciones
2024-04-12,2024,Egreso,Comisiones,Promoción de Mercados SA,1291003.21,ARS,2024-04-18,Pagado,Caja Operativa,Operaciones
2024-04-12,2024,Egreso,Control de calidad,Energía Tucumán SA,6373293.68,ARS,2024-04-20,Pendiente,Caja Operativa,Operaciones
2024-04-12,2024,Egreso,Despacho aduana,FríoAndes Logística,5436045.44,ARS,2024-04-27,Pagado,Banco Nación,Operaciones
2024-04-12,2024,Egreso,Energía,TecnoPacking SRL,4326420.45,ARS,2024-04-30,Pagado,Caja Operativa,Operaciones
2024-04-12,2024,Egreso,Envases y embalajes,Envases del Tucumán,6042689.63,ARS,2024-04-25,Pagado,Banco Galicia,Operaciones
2024-04-12,2024,Egreso,Fitosanitarios,Servicios Rurales del NOA,3703535.27,ARS,2024-04-29,Vencido,Banco BBVA,Operaciones
2024-04-12,2024,Egreso,Flete exportación,Transportes del Norte SA,4601760.98,ARS,2024-04-22,Pagado,Banco Galicia,Operaciones
2024-04-12,2024,Egreso,Flete interno,FríoAndes Logística,5799884.27,ARS,2024-04-29,Pagado,Caja Operativa,Operaciones
2024-04-12,2024,Egreso,Frigorífico,Despachos del NOA,7976432.99,ARS,2024-04-30,Pendiente,Banco Galicia,Operaciones
2024-04-12,2024,Egreso,Gastos generales,DGR Tucumán,705830.07,ARS,2024-04-27,Pagado,Caja Operativa,Operaciones
2024-04-12,2024,Egreso,Honorarios,DGR Tucumán,1118675.27,ARS,2024-05-03,Pagado,Caja Operativa,Impuestos
2024-04-12,2024,Egreso,Impuestos,DGR Tucumán,1457517.38,ARS,2024-04-24,Pendiente,Banco BBVA,Operaciones
2024-04-12,2024,Egreso,Insumos agrícolas,Servicios Rurales del NOA,3561814.82,ARS,2024-04-24,Pagado,Banco Nación,Operaciones
2024-04-12,2024,Egreso,Mano de obra cosecha,Agroinsumos SA,6971881.88,ARS,2024-04-30,Pagado,Banco Galicia,Operaciones
2024-04-12,2024,Egreso,Mano de obra empaque,Envases del Tucumán,5498322.93,ARS,2024-04-25,Pendiente,Banco Nación,Operaciones
2024-04-12,2024,Egreso,Mantenimiento líneas,TecnoPacking SRL,7463578.54,ARS,2024-04-26,Pagado,Caja Operativa,Operaciones
2024-04-12,2024,Egreso,Maquinaria,Servicios Rurales del NOA,5091056.85,ARS,2024-04-24,Pagado,Banco BBVA,Operaciones
2024-04-12,2024,Egreso,Promoción comercial,Broker Comercial Citrus,265343.84,ARS,2024-04-28,Pagado,Caja Operativa,Operaciones
2024-04-12,2024,Egreso,Riego,Agroinsumos SA,8218271.28,ARS,2024-04-25,Vencido,Banco BBVA,Operaciones
2024-04-12,2024,Egreso,Seguros,AFIP,2045422.61,ARS,2024-04-27,Pagado,Banco Galicia,Operaciones
2024-04-12,2024,Egreso,Sueldos administración,Contaduría Castillo,1470501.55,ARS,2024-04-27,Pendiente,Banco Galicia,Operaciones
2024-04-12,2024,Egreso,Viajes comerciales,Broker Comercial Citrus,791316.56,ARS,2024-04-30,Pagado,Caja Operativa,Operaciones
2024-04-12,2024,Ingreso,Venta Exportación,Al Salam Trading,5517111.97,ARS,2024-05-08,Cobrado,Banco BBVA,Operaciones
2024-04-12,2024,Ingreso,Venta Exportación,Al Salam Trading,4533436.57,ARS,2024-05-02,Cobrado,Caja Operativa,Operaciones
2024-04-12,2024,Ingreso,Venta Exportación,Citrus World Ltd,8491206.38,ARS,2024-05-15,Cobrado,Caja Operativa,Operaciones
2024-04-12,2024,Ingreso,Venta Exportación,Citrus World Ltd,3215237.15,ARS,2024-05-08,Cobrado,Banco Galicia,Operaciones
2024-04-12,2024,Ingreso,Venta Exportación,Citrus World Ltd,3290065.01,ARS,2024-05-17,Cobrado,Banco Galicia,Operaciones
2024-04-12,2024,Ingreso,Venta Exportación,Fischer Import GmbH,2217951.67,ARS,2024-05-19,Cobrado,Banco Nación,Operaciones
2024-04-12,2024,Ingreso,Venta Exportación,Fischer Import GmbH,3509164.81,ARS,2024-05-22,Cobrado,Banco BBVA,Operaciones
2024-04-12,2024,Ingreso,Venta Exportación,Fischer Import GmbH,6835835.3,ARS,2024-05-04,Cobrado,Banco Galicia,Operaciones
2024-04-12,2024,Ingreso,Venta Exportación,Fischer Import GmbH,2063366.08,ARS,2024-05-16,Cobrado,Banco Nación,Operaciones
2024-04-12,2024,Ingreso,Venta Exportación,Fischer Import GmbH,7655631.84,ARS,2024-05-15,Cobrado,Caja Operativa,Operaciones
2024-04-12,2024,Ingreso,Venta Exportación,Medifresh SA,8249183.94,ARS,2024-05-18,Cobrado,Banco Nación,Operaciones
2024-04-12,2024,Ingreso,Venta Exportación,Medifresh SA,3315349.67,ARS,2024-05-06,Cobrado,Banco Galicia,Operaciones
2024-04-12,2024,Ingreso,Venta Exportación,Medifresh SA,5134995.38,ARS,2024-05-08,Cobrado,Banco Nación,Operaciones
2024-04-12,2024,Ingreso,Venta Exportación,Medifresh SA,2828663.99,ARS,2024-05-04,Pendiente,Banco Nación,Operaciones
2024-04-12,2024,Ingreso,Venta Exportación,Medifresh SA,6117047.84,ARS,2024-05-04,Cobrado,Banco BBVA,Operaciones
2024-04-12,2024,Ingreso,Venta Exportación,Medifresh SA,3512547.38,ARS,2024-05-10,Vencido,Banco Galicia,Operaciones
2024-04-12,2024,Ingreso,Venta Exportación,Medifresh SA,2612160.78,ARS,2024-05-03,Cobrado,Caja Operativa,Operaciones
2024-04-12,2024,Ingreso,Venta Industria,Citromax SA,354059.2,ARS,2024-05-20,Cobrado,Banco BBVA,Operaciones
2024-04-12,2024,Ingreso,Venta Industria,Citromax SA,373691.85,ARS,2024-05-04,Cobrado,Banco Galicia,Operaciones
2024-04-12,2024,Ingreso,Venta Industria,Citromax SA,382465.73,ARS,2024-05-05,Cobrado,Banco BBVA,Operaciones
2024-04-12,2024,Ingreso,Venta Industria,Citromax SA,439465.75,ARS,2024-05-16,Cobrado,Banco Galicia,Operaciones
2024-04-12,2024,Ingreso,Venta Industria,Citromax SA,419887.91,ARS,2024-05-14,Cobrado,Caja Operativa,Operaciones
2024-04-12,2024,Ingreso,Venta Industria,Citromax SA,365030.66,ARS,2024-05-21,Vencido,Banco Galicia,Operaciones
2024-04-12,2024,Ingreso,Venta Industria,Citromax SA,490492.08,ARS,2024-05-21,Cobrado,Banco Nación,Operaciones
2024-04-12,2024,Ingreso,Venta Industria,Citromax SA,255747.44,ARS,2024-05-22,Cobrado,Banco BBVA,Operaciones
2024-04-12,2024,Ingreso,Venta Industria,Citromax SA,270294.97,ARS,2024-05-18,Cobrado,Banco Galicia,Operaciones
2024-04-12,2024,Ingreso,Venta Industria,Frutales Tucumán SRL,201605.62,ARS,2024-05-04,Cobrado,Banco Galicia,Operaciones
2024-04-12,2024,Ingreso,Venta Industria,Frutales Tucumán SRL,179397.19,ARS,2024-05-20,Cobrado,Banco Nación,Operaciones
2024-04-12,2024,Ingreso,Venta Industria,Frutales Tucumán SRL,277630.04,ARS,2024-05-23,Cobrado,Caja Operativa,Operaciones
2024-04-12,2024,Ingreso,Venta Industria,Frutales Tucumán SRL,290966.11,ARS,2024-05-03,Pendiente,Banco BBVA,Operaciones
2024-04-12,2024,Ingreso,Venta Industria,Frutales Tucumán SRL,224184.82,ARS,2024-05-22,Cobrado,Banco Galicia,Operaciones
2024-04-12,2024,Ingreso,Venta Industria,Frutales Tucumán SRL,169827.65,ARS,2024-05-23,Cobrado,Banco Nación,Operaciones
2024-04-12,2024,Ingreso,Venta Industria,Frutales Tucumán SRL,225244.5,ARS,2024-05-12,Cobrado,Banco BBVA,Operaciones
2024-04-12,2024,Ingreso,Venta Industria,Frutales Tucumán SRL,176077.98,ARS,2024-05-11,Cobrado,Banco Nación,Operaciones
2024-04-12,2024,Ingreso,Venta Mercado Interno,Central de Frutas SA,1189629.36,ARS,2024-04-27,Cobrado,Banco Galicia,Operaciones
2024-04-12,2024,Ingreso,Venta Mercado Interno,Central de Frutas SA,1383584.49,ARS,2024-05-05,Pendiente,Caja Operativa,Operaciones
2024-04-12,2024,Ingreso,Venta Mercado Interno,Central de Frutas SA,537173.84,ARS,2024-05-04,Pendiente,Caja Operativa,Operaciones
2024-04-12,2024,Ingreso,Venta Mercado Interno,Frutales del Norte SRL,810069.27,ARS,2024-04-24,Pendiente,Caja Operativa,Operaciones
2024-04-12,2024,Ingreso,Venta Mercado Interno,Frutales del Norte SRL,370183.11,ARS,2024-05-01,Cobrado,Caja Operativa,Operaciones
2024-04-12,2024,Ingreso,Venta Mercado Interno,Frutales del Norte SRL,607958.54,ARS,2024-05-06,Cobrado,Banco BBVA,Operaciones
2024-04-12,2024,Ingreso,Venta Mercado Interno,Frutales del Norte SRL,1433611.57,ARS,2024-04-28,Pendiente,Caja Operativa,Operaciones
2024-04-12,2024,Ingreso,Venta Mercado Interno,La Morenita SA,1330216.91,ARS,2024-04-28,Cobrado,Banco Nación,Operaciones
2024-04-12,2024,Ingreso,Venta Mercado Interno,La Morenita SA,1011878.82,ARS,2024-05-04,Cobrado,Banco BBVA,Operaciones
2024-04-12,2024,Ingreso,Venta Mercado Interno,La Morenita SA,1127947.49,ARS,2024-04-30,Cobrado,Caja Operativa,Operaciones
2024-04-12,2024,Ingreso,Venta Mercado Interno,La Morenita SA,855676.54,ARS,2024-04-27,Vencido,Banco Nación,Operaciones
2024-04-12,2024,Ingreso,Venta Mercado Interno,La Morenita SA,1394077.31,ARS,2024-05-04,Cobrado,Banco Nación,Operaciones
2024-04-12,2024,Ingreso,Venta Mercado Interno,La Morenita SA,607093.31,ARS,2024-05-02,Cobrado,Banco Galicia,Operaciones
2024-04-12,2024,Ingreso,Venta Mercado Interno,Supermercados Norte SA,1333544.33,ARS,2024-05-05,Vencido,Banco Nación,Operaciones
2024-04-12,2024,Ingreso,Venta Mercado Interno,Supermercados Norte SA,1868923.99,ARS,2024-05-03,Pendiente,Banco BBVA,Operaciones
2024-04-12,2024,Ingreso,Venta Mercado Interno,Supermercados Norte SA,1233671.63,ARS,2024-04-25,Cobrado,Banco Nación,Operaciones
2024-04-19,2024,Egreso,Certificaciones,Promoción de Mercados SA,968048.38,ARS,2024-05-01,Vencido,Banco BBVA,Operaciones
2024-04-19,2024,Egreso,Comisiones,Broker Comercial Citrus,995595.02,ARS,2024-04-25,Pagado,Banco Nación,Operaciones
2024-04-19,2024,Egreso,Control de calidad,Envases del Tucumán,6768388.04,ARS,2024-04-27,Pagado,Banco Nación,Operaciones
2024-04-19,2024,Egreso,Despacho aduana,Despachos del NOA,4047551.49,ARS,2024-04-28,Pagado,Banco Nación,Operaciones
2024-04-19,2024,Egreso,Energía,TecnoPacking SRL,7343970.74,ARS,2024-04-25,Pagado,Banco Nación,Operaciones
2024-04-19,2024,Egreso,Envases y embalajes,Energía Tucumán SA,6318255.76,ARS,2024-05-03,Pagado,Banco Galicia,Operaciones
2024-04-19,2024,Egreso,Fitosanitarios,Servicios Rurales del NOA,4143026.62,ARS,2024-04-26,Pagado,Banco BBVA,Operaciones
2024-04-19,2024,Egreso,Flete exportación,Transportes del Norte SA,8131925.94,ARS,2024-04-30,Pagado,Banco BBVA,Operaciones
2024-04-19,2024,Egreso,Flete interno,FríoAndes Logística,8611658.8,ARS,2024-05-04,Pagado,Banco Galicia,Operaciones
2024-04-19,2024,Egreso,Frigorífico,FríoAndes Logística,4218424.77,ARS,2024-05-02,Pagado,Banco BBVA,Operaciones
2024-04-19,2024,Egreso,Gastos generales,AFIP,1531875.33,ARS,2024-05-05,Pagado,Banco BBVA,Impuestos
2024-04-19,2024,Egreso,Honorarios,DGR Tucumán,1099392.24,ARS,2024-05-03,Pagado,Caja Operativa,Impuestos
2024-04-19,2024,Egreso,Impuestos,DGR Tucumán,1505303.06,ARS,2024-05-12,Pagado,Banco Nación,Operaciones
2024-04-19,2024,Egreso,Insumos agrícolas,Cooperativa Citrícola,3315375.61,ARS,2024-05-06,Pagado,Banco Galicia,Operaciones
2024-04-19,2024,Egreso,Mano de obra cosecha,Cooperativa Citrícola,6880108.77,ARS,2024-05-04,Pagado,Banco Galicia,Operaciones
2024-04-19,2024,Egreso,Mano de obra empaque,Energía Tucumán SA,3884222.09,ARS,2024-04-27,Pendiente,Banco Galicia,Operaciones
2024-04-19,2024,Egreso,Mantenimiento líneas,Energía Tucumán SA,5895156.07,ARS,2024-05-03,Pendiente,Banco Galicia,Operaciones
2024-04-19,2024,Egreso,Maquinaria,Cooperativa Citrícola,10326214.32,ARS,2024-04-25,Pendiente,Banco Galicia,Operaciones
2024-04-19,2024,Egreso,Promoción comercial,Promoción de Mercados SA,587435.32,ARS,2024-04-29,Pagado,Banco BBVA,Operaciones
2024-04-19,2024,Egreso,Riego,Cooperativa Citrícola,2971464.89,ARS,2024-05-04,Pendiente,Banco Nación,Operaciones
2024-04-19,2024,Egreso,Seguros,Contaduría Castillo,1061847.3,ARS,2024-05-04,Pagado,Banco Nación,Impuestos
2024-04-19,2024,Egreso,Sueldos administración,AFIP,1164179.48,ARS,2024-05-09,Pagado,Caja Operativa,Impuestos
2024-04-19,2024,Egreso,Viajes comerciales,Broker Comercial Citrus,1131705.86,ARS,2024-05-05,Pendiente,Banco Nación,Operaciones
2024-04-19,2024,Ingreso,Venta Exportación,Al Salam Trading,4133411.1,ARS,2024-05-19,Cobrado,Banco Galicia,Operaciones
2024-04-19,2024,Ingreso,Venta Exportación,Al Salam Trading,2277928.37,ARS,2024-05-23,Cobrado,Caja Operativa,Operaciones
2024-04-19,2024,Ingreso,Venta Exportación,Citrus World Ltd,7721132.46,ARS,2024-05-16,Cobrado,Banco Galicia,Operaciones
2024-04-19,2024,Ingreso,Venta Exportación,Citrus World Ltd,3920591.66,ARS,2024-05-11,Cobrado,Caja Operativa,Operaciones
2024-04-19,2024,Ingreso,Venta Exportación,Citrus World Ltd,7355762.74,ARS,2024-05-11,Cobrado,Banco Nación,Operaciones
2024-04-19,2024,Ingreso,Venta Exportación,Citrus World Ltd,2620488.79,ARS,2024-05-18,Cobrado,Banco Galicia,Operaciones
2024-04-19,2024,Ingreso,Venta Exportación,Fischer Import GmbH,7259068.2,ARS,2024-05-25,Vencido,Banco Galicia,Operaciones
2024-04-19,2024,Ingreso,Venta Exportación,Fischer Import GmbH,4806161.89,ARS,2024-05-17,Cobrado,Banco BBVA,Operaciones
2024-04-19,2024,Ingreso,Venta Exportación,Fischer Import GmbH,7565359.54,ARS,2024-05-15,Cobrado,Banco Nación,Operaciones
2024-04-19,2024,Ingreso,Venta Exportación,Fischer Import GmbH,9493211.91,ARS,2024-05-25,Pendiente,Banco Galicia,Operaciones
2024-04-19,2024,Ingreso,Venta Exportación,Fischer Import GmbH,4980098.52,ARS,2024-05-12,Cobrado,Caja Operativa,Operaciones
2024-04-19,2024,Ingreso,Venta Exportación,Fischer Import GmbH,8174844.21,ARS,2024-05-11,Cobrado,Banco BBVA,Operaciones
2024-04-19,2024,Ingreso,Venta Exportación,Fischer Import GmbH,7393654.09,ARS,2024-05-07,Cobrado,Banco Galicia,Operaciones
2024-04-19,2024,Ingreso,Venta Exportación,Medifresh SA,2032703.66,ARS,2024-05-19,Cobrado,Caja Operativa,Operaciones
2024-04-19,2024,Ingreso,Venta Exportación,Medifresh SA,5871287.19,ARS,2024-05-20,Vencido,Caja Operativa,Operaciones
2024-04-19,2024,Ingreso,Venta Exportación,Medifresh SA,2275333.94,ARS,2024-05-11,Pendiente,Banco Galicia,Operaciones
2024-04-19,2024,Ingreso,Venta Exportación,Medifresh SA,3983116.35,ARS,2024-05-27,Cobrado,Banco Nación,Operaciones
2024-04-19,2024,Ingreso,Venta Industria,Citromax SA,379922.74,ARS,2024-05-13,Cobrado,Banco Nación,Operaciones
2024-04-19,2024,Ingreso,Venta Industria,Citromax SA,282971.61,ARS,2024-05-17,Cobrado,Banco BBVA,Operaciones
2024-04-19,2024,Ingreso,Venta Industria,Citromax SA,149288.17,ARS,2024-05-22,Cobrado,Banco Nación,Operaciones
2024-04-19,2024,Ingreso,Venta Industria,Citromax SA,203367.49,ARS,2024-06-01,Vencido,Banco Galicia,Operaciones
2024-04-19,2024,Ingreso,Venta Industria,Citromax SA,344508.77,ARS,2024-05-22,Cobrado,Caja Operativa,Operaciones
2024-04-19,2024,Ingreso,Venta Industria,Citromax SA,509006.93,ARS,2024-05-17,Cobrado,Banco BBVA,Operaciones
2024-04-19,2024,Ingreso,Venta Industria,Citromax SA,301522.7,ARS,2024-05-29,Pendiente,Banco BBVA,Operaciones
2024-04-19,2024,Ingreso,Venta Industria,Citromax SA,264703.44,ARS,2024-06-03,Cobrado,Banco Nación,Operaciones
2024-04-19,2024,Ingreso,Venta Industria,Frutales Tucumán SRL,248948.21,ARS,2024-05-23,Vencido,Banco BBVA,Operaciones
2024-04-19,2024,Ingreso,Venta Industria,Frutales Tucumán SRL,278499.13,ARS,2024-05-10,Cobrado,Banco Galicia,Operaciones
2024-04-19,2024,Ingreso,Venta Industria,Frutales Tucumán SRL,432347.66,ARS,2024-05-27,Pendiente,Caja Operativa,Operaciones
2024-04-19,2024,Ingreso,Venta Industria,Frutales Tucumán SRL,293828.64,ARS,2024-05-31,Pendiente,Banco BBVA,Operaciones
2024-04-19,2024,Ingreso,Venta Industria,Frutales Tucumán SRL,290280.69,ARS,2024-06-02,Vencido,Banco Nación,Operaciones
2024-04-19,2024,Ingreso,Venta Industria,Frutales Tucumán SRL,249758.21,ARS,2024-05-25,Pendiente,Banco Nación,Operaciones
2024-04-19,2024,Ingreso,Venta Industria,Frutales Tucumán SRL,285421.12,ARS,2024-05-19,Cobrado,Banco BBVA,Operaciones
2024-04-19,2024,Ingreso,Venta Industria,Frutales Tucumán SRL,264976.13,ARS,2024-05-26,Cobrado,Banco Nación,Operaciones
2024-04-19,2024,Ingreso,Venta Industria,Frutales Tucumán SRL,205399.29,ARS,2024-05-23,Cobrado,Banco Galicia,Operaciones
2024-04-19,2024,Ingreso,Venta Mercado Interno,Central de Frutas SA,1010479.59,ARS,2024-05-06,Cobrado,Banco Galicia,Operaciones
2024-04-19,2024,Ingreso,Venta Mercado Interno,Central de Frutas SA,749048.86,ARS,2024-05-12,Cobrado,Caja Operativa,Operaciones
2024-04-19,2024,Ingreso,Venta Mercado Interno,Central de Frutas SA,681168.97,ARS,2024-05-12,Pendiente,Banco BBVA,Operaciones
2024-04-19,2024,Ingreso,Venta Mercado Interno,Frutales del Norte SRL,1507995.58,ARS,2024-05-08,Cobrado,Banco Galicia,Operaciones
2024-04-19,2024,Ingreso,Venta Mercado Interno,Frutales del Norte SRL,1337202.52,ARS,2024-05-10,Cobrado,Banco Galicia,Operaciones
2024-04-19,2024,Ingreso,Venta Mercado Interno,Frutales del Norte SRL,758965.07,ARS,2024-05-07,Cobrado,Caja Operativa,Operaciones
2024-04-19,2024,Ingreso,Venta Mercado Interno,Frutales del Norte SRL,1270681.06,ARS,2024-05-13,Cobrado,Banco Galicia,Operaciones
2024-04-19,2024,Ingreso,Venta Mercado Interno,Frutales del Norte SRL,1099687.27,ARS,2024-05-04,Cobrado,Banco Galicia,Operaciones
2024-04-19,2024,Ingreso,Venta Mercado Interno,Frutales del Norte SRL,1129878.87,ARS,2024-05-07,Cobrado,Banco BBVA,Operaciones
2024-04-19,2024,Ingreso,Venta Mercado Interno,Frutales del Norte SRL,823397.06,ARS,2024-05-01,Cobrado,Banco Nación,Operaciones
2024-04-19,2024,Ingreso,Venta Mercado Interno,La Morenita SA,471134.59,ARS,2024-05-06,Cobrado,Banco Galicia,Operaciones
2024-04-19,2024,Ingreso,Venta Mercado Interno,La Morenita SA,544933.43,ARS,2024-05-07,Cobrado,Banco Galicia,Operaciones
2024-04-19,2024,Ingreso,Venta Mercado Interno,La Morenita SA,1097618.62,ARS,2024-05-08,Cobrado,Banco Galicia,Operaciones
2024-04-19,2024,Ingreso,Venta Mercado Interno,La Morenita SA,566976.39,ARS,2024-05-04,Pendiente,Banco Nación,Operaciones
2024-04-19,2024,Ingreso,Venta Mercado Interno,Supermercados Norte SA,810185.6,ARS,2024-05-11,Cobrado,Banco Galicia,Operaciones
2024-04-19,2024,Ingreso,Venta Mercado Interno,Supermercados Norte SA,666076.09,ARS,2024-05-12,Cobrado,Banco BBVA,Operaciones
2024-04-19,2024,Ingreso,Venta Mercado Interno,Supermercados Norte SA,452148.46,ARS,2024-05-10,Cobrado,Caja Operativa,Operaciones
2024-04-26,2024,Egreso,Certificaciones,Broker Comercial Citrus,1003320.61,ARS,2024-05-04,Pagado,Banco Galicia,Operaciones
2024-04-26,2024,Egreso,Comisiones,Certificaciones Global GAP,1214487.27,ARS,2024-05-06,Pagado,Banco BBVA,Operaciones
2024-04-26,2024,Egreso,Control de calidad,Envases del Tucumán,4479165.46,ARS,2024-05-11,Pagado,Banco Nación,Operaciones
2024-04-26,2024,Egreso,Despacho aduana,Despachos del NOA,6426679.78,ARS,2024-05-02,Pagado,Banco Galicia,Operaciones
2024-04-26,2024,Egreso,Energía,Energía Tucumán SA,5197473.56,ARS,2024-05-02,Pagado,Caja Operativa,Operaciones
2024-04-26,2024,Egreso,Envases y embalajes,Envases del Tucumán,6183637.38,ARS,2024-05-09,Pendiente,Banco BBVA,Operaciones
2024-04-26,2024,Egreso,Fitosanitarios,Servicios Rurales del NOA,7751916.28,ARS,2024-05-14,Pagado,Banco Galicia,Operaciones
2024-04-26,2024,Egreso,Flete exportación,FríoAndes Logística,5350511.31,ARS,2024-05-07,Pagado,Caja Operativa,Operaciones
2024-04-26,2024,Egreso,Flete interno,Despachos del NOA,3994732.64,ARS,2024-05-13,Pendiente,Caja Operativa,Operaciones
2024-04-26,2024,Egreso,Frigorífico,Transportes del Norte SA,8060903.16,ARS,2024-05-11,Pagado,Banco Galicia,Operaciones
2024-04-26,2024,Egreso,Gastos generales,AFIP,1279734.59,ARS,2024-05-16,Pagado,Banco BBVA,Impuestos
2024-04-26,2024,Egreso,Honorarios,Contaduría Castillo,733258.61,ARS,2024-05-11,Pagado,Banco BBVA,Impuestos
2024-04-26,2024,Egreso,Impuestos,Contaduría Castillo,1604010.84,ARS,2024-05-09,Pagado,Banco Galicia,Impuestos
2024-04-26,2024,Egreso,Insumos agrícolas,Cooperativa Citrícola,3550259.05,ARS,2024-05-07,Pagado,Banco Galicia,Operaciones
2024-04-26,2024,Egreso,Mano de obra cosecha,Cooperativa Citrícola,4692286.94,ARS,2024-05-02,Pendiente,Banco BBVA,Operaciones
2024-04-26,2024,Egreso,Mano de obra empaque,Envases del Tucumán,7265563.36,ARS,2024-05-08,Pagado,Banco BBVA,Operaciones
2024-04-26,2024,Egreso,Mantenimiento líneas,Energía Tucumán SA,5508891.35,ARS,2024-05-07,Pendiente,Caja Operativa,Operaciones
2024-04-26,2024,Egreso,Maquinaria,Agroinsumos SA,4569601.71,ARS,2024-05-01,Pagado,Banco BBVA,Operaciones
2024-04-26,2024,Egreso,Promoción comercial,Certificaciones Global GAP,1038598.01,ARS,2024-05-12,Pagado,Banco BBVA,Operaciones
2024-04-26,2024,Egreso,Riego,Servicios Rurales del NOA,6579854.4,ARS,2024-05-09,Pagado,Banco BBVA,Operaciones
2024-04-26,2024,Egreso,Seguros,Contaduría Castillo,1506116.89,ARS,2024-05-17,Pagado,Banco BBVA,Operaciones
2024-04-26,2024,Egreso,Sueldos administración,Contaduría Castillo,1497922.17,ARS,2024-05-20,Pagado,Banco Nación,Operaciones
2024-04-26,2024,Egreso,Viajes comerciales,Promoción de Mercados SA,388253.87,ARS,2024-05-04,Pendiente,Banco Galicia,Operaciones
2024-04-26,2024,Ingreso,Venta Exportación,Al Salam Trading,4091690.42,ARS,2024-05-15,Cobrado,Caja Operativa,Operaciones
2024-04-26,2024,Ingreso,Venta Exportación,Al Salam Trading,1719531.7,ARS,2024-05-27,Cobrado,Banco Galicia,Operaciones
2024-04-26,2024,Ingreso,Venta Exportación,Al Salam Trading,4947096.74,ARS,2024-05-15,Cobrado,Banco BBVA,Operaciones
2024-04-26,2024,Ingreso,Venta Exportación,Al Salam Trading,6034876.65,ARS,2024-05-14,Pendiente,Banco BBVA,Operaciones
2024-04-26,2024,Ingreso,Venta Exportación,Al Salam Trading,6028154.61,ARS,2024-05-16,Pendiente,Caja Operativa,Operaciones
2024-04-26,2024,Ingreso,Venta Exportación,Citrus World Ltd,5266327.68,ARS,2024-05-27,Pendiente,Banco Galicia,Operaciones
2024-04-26,2024,Ingreso,Venta Exportación,Citrus World Ltd,7218955.53,ARS,2024-05-15,Cobrado,Banco BBVA,Operaciones
2024-04-26,2024,Ingreso,Venta Exportación,Citrus World Ltd,4649887.13,ARS,2024-06-03,Cobrado,Banco Nación,Operaciones
2024-04-26,2024,Ingreso,Venta Exportación,Citrus World Ltd,4070335.02,ARS,2024-05-29,Cobrado,Banco Nación,Operaciones
2024-04-26,2024,Ingreso,Venta Exportación,Citrus World Ltd,2192531.85,ARS,2024-05-28,Vencido,Banco BBVA,Operaciones
2024-04-26,2024,Ingreso,Venta Exportación,Citrus World Ltd,2990229.65,ARS,2024-05-18,Pendiente,Banco Galicia,Operaciones
2024-04-26,2024,Ingreso,Venta Exportación,Citrus World Ltd,3194117.58,ARS,2024-05-22,Cobrado,Banco Galicia,Operaciones
2024-04-26,2024,Ingreso,Venta Exportación,Fischer Import GmbH,3753480.63,ARS,2024-05-18,Cobrado,Banco Galicia,Operaciones
2024-04-26,2024,Ingreso,Venta Exportación,Fischer Import GmbH,8112319.75,ARS,2024-05-25,Pendiente,Banco Nación,Operaciones
2024-04-26,2024,Ingreso,Venta Exportación,Fischer Import GmbH,3320541.31,ARS,2024-06-02,Cobrado,Banco BBVA,Operaciones
2024-04-26,2024,Ingreso,Venta Exportación,Medifresh SA,5259582.19,ARS,2024-06-01,Cobrado,Banco Nación,Operaciones
2024-04-26,2024,Ingreso,Venta Exportación,Medifresh SA,7519397.06,ARS,2024-05-26,Cobrado,Banco Galicia,Operaciones
2024-04-26,2024,Ingreso,Venta Industria,Citromax SA,258126.39,ARS,2024-05-23,Cobrado,Banco Galicia,Operaciones
2024-04-26,2024,Ingreso,Venta Industria,Citromax SA,169325.14,ARS,2024-05-24,Cobrado,Banco BBVA,Operaciones
2024-04-26,2024,Ingreso,Venta Industria,Citromax SA,298392.18,ARS,2024-05-29,Cobrado,Banco Nación,Operaciones
2024-04-26,2024,Ingreso,Venta Industria,Citromax SA,405062.63,ARS,2024-06-07,Cobrado,Banco BBVA,Operaciones
2024-04-26,2024,Ingreso,Venta Industria,Citromax SA,438135.35,ARS,2024-05-20,Vencido,Banco Galicia,Operaciones
2024-04-26,2024,Ingreso,Venta Industria,Citromax SA,276573.1,ARS,2024-05-18,Cobrado,Banco Nación,Operaciones
2024-04-26,2024,Ingreso,Venta Industria,Frutales Tucumán SRL,234979.55,ARS,2024-05-19,Cobrado,Caja Operativa,Operaciones
2024-04-26,2024,Ingreso,Venta Industria,Frutales Tucumán SRL,334620.47,ARS,2024-05-22,Cobrado,Banco Galicia,Operaciones
2024-04-26,2024,Ingreso,Venta Industria,Frutales Tucumán SRL,292473.41,ARS,2024-05-22,Cobrado,Banco Nación,Operaciones
2024-04-26,2024,Ingreso,Venta Industria,Frutales Tucumán SRL,224623.73,ARS,2024-06-06,Cobrado,Banco BBVA,Operaciones
2024-04-26,2024,Ingreso,Venta Industria,Frutales Tucumán SRL,217889.31,ARS,2024-06-08,Cobrado,Banco Nación,Operaciones
2024-04-26,2024,Ingreso,Venta Industria,Frutales Tucumán SRL,327673.27,ARS,2024-05-25,Cobrado,Banco Galicia,Operaciones
2024-04-26,2024,Ingreso,Venta Industria,Frutales Tucumán SRL,288252.44,ARS,2024-06-04,Cobrado,Banco Galicia,Operaciones
2024-04-26,2024,Ingreso,Venta Industria,Frutales Tucumán SRL,194504.43,ARS,2024-06-08,Cobrado,Banco Galicia,Operaciones
2024-04-26,2024,Ingreso,Venta Industria,Frutales Tucumán SRL,277253.57,ARS,2024-06-10,Cobrado,Banco Nación,Operaciones
2024-04-26,2024,Ingreso,Venta Industria,Frutales Tucumán SRL,281546.06,ARS,2024-06-09,Cobrado,Banco Nación,Operaciones
2024-04-26,2024,Ingreso,Venta Industria,Frutales Tucumán SRL,233636.86,ARS,2024-06-05,Cobrado,Banco Nación,Operaciones
2024-04-26,2024,Ingreso,Venta Mercado Interno,Central de Frutas SA,1033466.55,ARS,2024-05-17,Cobrado,Banco BBVA,Operaciones
2024-04-26,2024,Ingreso,Venta Mercado Interno,Central de Frutas SA,1747847.14,ARS,2024-05-11,Cobrado,Banco Nación,Operaciones
2024-04-26,2024,Ingreso,Venta Mercado Interno,Frutales del Norte SRL,743083.57,ARS,2024-05-20,Cobrado,Banco Galicia,Operaciones
2024-04-26,2024,Ingreso,Venta Mercado Interno,Frutales del Norte SRL,592241.34,ARS,2024-05-11,Pendiente,Caja Operativa,Operaciones
2024-04-26,2024,Ingreso,Venta Mercado Interno,Frutales del Norte SRL,510421.47,ARS,2024-05-18,Cobrado,Caja Operativa,Operaciones
2024-04-26,2024,Ingreso,Venta Mercado Interno,La Morenita SA,1782566.35,ARS,2024-05-17,Cobrado,Caja Operativa,Operaciones
2024-04-26,2024,Ingreso,Venta Mercado Interno,La Morenita SA,829196.79,ARS,2024-05-11,Cobrado,Caja Operativa,Operaciones
2024-04-26,2024,Ingreso,Venta Mercado Interno,La Morenita SA,1603497.56,ARS,2024-05-07,Pendiente,Banco BBVA,Operaciones
2024-04-26,2024,Ingreso,Venta Mercado Interno,La Morenita SA,1243678.98,ARS,2024-05-19,Cobrado,Banco BBVA,Operaciones
2024-04-26,2024,Ingreso,Venta Mercado Interno,La Morenita SA,1814549.21,ARS,2024-05-06,Cobrado,Banco Nación,Operaciones
2024-04-26,2024,Ingreso,Venta Mercado Interno,La Morenita SA,1207573.47,ARS,2024-05-17,Cobrado,Banco Galicia,Operaciones
2024-04-26,2024,Ingreso,Venta Mercado Interno,La Morenita SA,506957.15,ARS,2024-05-10,Cobrado,Banco Galicia,Operaciones
2024-04-26,2024,Ingreso,Venta Mercado Interno,Supermercados Norte SA,777598.58,ARS,2024-05-17,Cobrado,Banco Galicia,Operaciones
2024-04-26,2024,Ingreso,Venta Mercado Interno,Supermercados Norte SA,466097.25,ARS,2024-05-13,Pendiente,Banco BBVA,Operaciones
2024-04-26,2024,Ingreso,Venta Mercado Interno,Supermercados Norte SA,667059.84,ARS,2024-05-14,Cobrado,Banco BBVA,Operaciones
2024-04-26,2024,Ingreso,Venta Mercado Interno,Supermercados Norte SA,1209466.04,ARS,2024-05-18,Cobrado,Banco Nación,Operaciones
2024-04-26,2024,Ingreso,Venta Mercado Interno,Supermercados Norte SA,799464.24,ARS,2024-05-17,Cobrado,Banco Galicia,Operaciones
2024-05-03,2024,Egreso,Certificaciones,Certificaciones Global GAP,853830.52,ARS,2024-05-15,Pagado,Caja Operativa,Operaciones
2024-05-03,2024,Egreso,Comisiones,Broker Comercial Citrus,719366.12,ARS,2024-05-18,Pagado,Banco Nación,Operaciones
2024-05-03,2024,Egreso,Control de calidad,Envases del Tucumán,6156251.36,ARS,2024-05-17,Pagado,Banco BBVA,Operaciones
2024-05-03,2024,Egreso,Despacho aduana,FríoAndes Logística,3360162.33,ARS,2024-05-18,Pagado,Caja Operativa,Operaciones
2024-05-03,2024,Egreso,Energía,Envases del Tucumán,8424848.53,ARS,2024-05-08,Pagado,Caja Operativa,Operaciones
2024-05-03,2024,Egreso,Envases y embalajes,Envases del Tucumán,6643758.27,ARS,2024-05-09,Pagado,Banco BBVA,Operaciones
2024-05-03,2024,Egreso,Fitosanitarios,Servicios Rurales del NOA,10288560.58,ARS,2024-05-09,Pagado,Banco Nación,Operaciones
2024-05-03,2024,Egreso,Flete exportación,Despachos del NOA,2948122.6,ARS,2024-05-19,Pagado,Banco Nación,Operaciones
2024-05-03,2024,Egreso,Flete interno,Transportes del Norte SA,7969263.53,ARS,2024-05-14,Pagado,Caja Operativa,Operaciones
2024-05-03,2024,Egreso,Frigorífico,Transportes del Norte SA,17869367.56,ARS,2024-05-15,Pendiente,Banco Galicia,Operaciones
2024-05-03,2024,Egreso,Gastos generales,Contaduría Castillo,1314148.61,ARS,2024-05-21,Pagado,Banco BBVA,Impuestos
2024-05-03,2024,Egreso,Honorarios,AFIP,1472808.1,ARS,2024-05-24,Pagado,Caja Operativa,Impuestos
2024-05-03,2024,Egreso,Impuestos,AFIP,1536527.32,ARS,2024-05-16,Pagado,Banco Nación,Impuestos
2024-05-03,2024,Egreso,Insumos agrícolas,Cooperativa Citrícola,3457078.63,ARS,2024-05-10,Pagado,Banco BBVA,Operaciones
2024-05-03,2024,Egreso,Mano de obra cosecha,Cooperativa Citrícola,5491299.95,ARS,2024-05-16,Pagado,Caja Operativa,Operaciones
2024-05-03,2024,Egreso,Mano de obra empaque,Envases del Tucumán,10194738.5,ARS,2024-05-21,Pagado,Banco BBVA,Operaciones
2024-05-03,2024,Egreso,Mantenimiento líneas,TecnoPacking SRL,8621975.09,ARS,2024-05-09,Pagado,Banco Galicia,Operaciones
2024-05-03,2024,Egreso,Maquinaria,Agroinsumos SA,8437660.31,ARS,2024-05-08,Pagado,Caja Operativa,Operaciones
2024-05-03,2024,Egreso,Promoción comercial,Promoción de Mercados SA,1325733.61,ARS,2024-05-14,Pagado,Banco Nación,Operaciones
2024-05-03,2024,Egreso,Riego,Servicios Rurales del NOA,9496664.77,ARS,2024-05-16,Pagado,Banco BBVA,Operaciones
2024-05-03,2024,Egreso,Seguros,DGR Tucumán,842715.76,ARS,2024-05-26,Pendiente,Banco BBVA,Operaciones
2024-05-03,2024,Egreso,Sueldos administración,DGR Tucumán,1612306.81,ARS,2024-05-16,Pagado,Caja Operativa,Impuestos
2024-05-03,2024,Egreso,Viajes comerciales,Broker Comercial Citrus,1886895.26,ARS,2024-05-21,Pagado,Caja Operativa,Operaciones
2024-05-03,2024,Ingreso,Venta Exportación,Al Salam Trading,940078.64,ARS,2024-05-21,Cobrado,Caja Operativa,Operaciones
2024-05-03,2024,Ingreso,Venta Exportación,Al Salam Trading,6639726.61,ARS,2024-05-30,Cobrado,Caja Operativa,Operaciones
2024-05-03,2024,Ingreso,Venta Exportación,Al Salam Trading,6822661.65,ARS,2024-05-25,Cobrado,Caja Operativa,Operaciones
2024-05-03,2024,Ingreso,Venta Exportación,Al Salam Trading,3832665.5,ARS,2024-05-28,Cobrado,Banco BBVA,Operaciones
2024-05-03,2024,Ingreso,Venta Exportación,Al Salam Trading,517301.67,ARS,2024-05-27,Cobrado,Banco BBVA,Operaciones
2024-05-03,2024,Ingreso,Venta Exportación,Al Salam Trading,4639779.76,ARS,2024-06-12,Cobrado,Caja Operativa,Operaciones
2024-05-03,2024,Ingreso,Venta Exportación,Citrus World Ltd,3251702.9,ARS,2024-05-27,Cobrado,Caja Operativa,Operaciones
2024-05-03,2024,Ingreso,Venta Exportación,Citrus World Ltd,8312362.95,ARS,2024-05-30,Cobrado,Banco BBVA,Operaciones
2024-05-03,2024,Ingreso,Venta Exportación,Citrus World Ltd,4561770.53,ARS,2024-05-24,Cobrado,Banco Nación,Operaciones
2024-05-03,2024,Ingreso,Venta Exportación,Citrus World Ltd,3435238.29,ARS,2024-06-02,Pendiente,Caja Operativa,Operaciones
2024-05-03,2024,Ingreso,Venta Exportación,Citrus World Ltd,8247008.65,ARS,2024-05-23,Cobrado,Banco Nación,Operaciones
2024-05-03,2024,Ingreso,Venta Exportación,Citrus World Ltd,8569502.74,ARS,2024-06-03,Cobrado,Banco Galicia,Operaciones
2024-05-03,2024,Ingreso,Venta Exportación,Fischer Import GmbH,8030691.27,ARS,2024-05-22,Cobrado,Banco Nación,Operaciones
2024-05-03,2024,Ingreso,Venta Exportación,Medifresh SA,7997449.12,ARS,2024-06-01,Cobrado,Caja Operativa,Operaciones
2024-05-03,2024,Ingreso,Venta Exportación,Medifresh SA,3437064.17,ARS,2024-05-28,Pendiente,Banco Galicia,Operaciones
2024-05-03,2024,Ingreso,Venta Exportación,Medifresh SA,7689826.28,ARS,2024-05-25,Cobrado,Banco Galicia,Operaciones
2024-05-03,2024,Ingreso,Venta Exportación,Medifresh SA,4381061.04,ARS,2024-06-06,Pendiente,Caja Operativa,Operaciones
2024-05-03,2024,Ingreso,Venta Exportación,Medifresh SA,4319060.66,ARS,2024-05-28,Cobrado,Banco BBVA,Operaciones
2024-05-03,2024,Ingreso,Venta Exportación,Medifresh SA,4428172.93,ARS,2024-05-21,Pendiente,Caja Operativa,Operaciones
2024-05-03,2024,Ingreso,Venta Exportación,Medifresh SA,2060532.84,ARS,2024-05-22,Cobrado,Banco BBVA,Operaciones
2024-05-03,2024,Ingreso,Venta Exportación,Medifresh SA,5995453.85,ARS,2024-05-29,Cobrado,Banco BBVA,Operaciones
2024-05-03,2024,Ingreso,Venta Industria,Citromax SA,404454.11,ARS,2024-06-07,Cobrado,Banco Nación,Operaciones
2024-05-03,2024,Ingreso,Venta Industria,Citromax SA,289320.89,ARS,2024-06-05,Pendiente,Banco BBVA,Operaciones
2024-05-03,2024,Ingreso,Venta Industria,Citromax SA,277955.47,ARS,2024-06-04,Cobrado,Caja Operativa,Operaciones
2024-05-03,2024,Ingreso,Venta Industria,Citromax SA,321522.84,ARS,2024-06-04,Cobrado,Caja Operativa,Operaciones
2024-05-03,2024,Ingreso,Venta Industria,Citromax SA,326897.18,ARS,2024-06-15,Pendiente,Banco Nación,Operaciones
2024-05-03,2024,Ingreso,Venta Industria,Citromax SA,618810.47,ARS,2024-05-26,Cobrado,Banco Galicia,Operaciones
2024-05-03,2024,Ingreso,Venta Industria,Citromax SA,466017.31,ARS,2024-06-01,Cobrado,Banco BBVA,Operaciones
2024-05-03,2024,Ingreso,Venta Industria,Citromax SA,371612.44,ARS,2024-06-11,Cobrado,Banco Galicia,Operaciones
2024-05-03,2024,Ingreso,Venta Industria,Citromax SA,402760.6,ARS,2024-06-02,Cobrado,Caja Operativa,Operaciones
2024-05-03,2024,Ingreso,Venta Industria,Citromax SA,447756.38,ARS,2024-06-17,Cobrado,Caja Operativa,Operaciones
2024-05-03,2024,Ingreso,Venta Industria,Frutales Tucumán SRL,411245.54,ARS,2024-06-11,Cobrado,Banco Galicia,Operaciones
2024-05-03,2024,Ingreso,Venta Industria,Frutales Tucumán SRL,427953.3,ARS,2024-05-30,Pendiente,Banco BBVA,Operaciones
2024-05-03,2024,Ingreso,Venta Industria,Frutales Tucumán SRL,408131.61,ARS,2024-06-12,Cobrado,Banco Nación,Operaciones
2024-05-03,2024,Ingreso,Venta Industria,Frutales Tucumán SRL,282665.88,ARS,2024-06-06,Vencido,Banco BBVA,Operaciones
2024-05-03,2024,Ingreso,Venta Industria,Frutales Tucumán SRL,321581.25,ARS,2024-05-25,Cobrado,Caja Operativa,Operaciones
2024-05-03,2024,Ingreso,Venta Industria,Frutales Tucumán SRL,215893.38,ARS,2024-05-24,Cobrado,Banco Galicia,Operaciones
2024-05-03,2024,Ingreso,Venta Industria,Frutales Tucumán SRL,459383.19,ARS,2024-06-07,Pendiente,Caja Operativa,Operaciones
2024-05-03,2024,Ingreso,Venta Mercado Interno,Central de Frutas SA,1989712.12,ARS,2024-05-16,Cobrado,Banco Galicia,Operaciones
2024-05-03,2024,Ingreso,Venta Mercado Interno,Central de Frutas SA,1618143.91,ARS,2024-05-20,Cobrado,Caja Operativa,Operaciones
2024-05-03,2024,Ingreso,Venta Mercado Interno,Central de Frutas SA,801415.55,ARS,2024-05-13,Cobrado,Caja Operativa,Operaciones
2024-05-03,2024,Ingreso,Venta Mercado Interno,Central de Frutas SA,1957373.83,ARS,2024-05-20,Cobrado,Caja Operativa,Operaciones
2024-05-03,2024,Ingreso,Venta Mercado Interno,Central de Frutas SA,757690.8,ARS,2024-05-23,Cobrado,Banco Galicia,Operaciones
2024-05-03,2024,Ingreso,Venta Mercado Interno,Central de Frutas SA,1804166.91,ARS,2024-05-18,Cobrado,Caja Operativa,Operaciones
2024-05-03,2024,Ingreso,Venta Mercado Interno,Frutales del Norte SRL,730945.35,ARS,2024-05-18,Pendiente,Banco Galicia,Operaciones
2024-05-03,2024,Ingreso,Venta Mercado Interno,La Morenita SA,1360154.87,ARS,2024-05-19,Cobrado,Banco Nación,Operaciones
2024-05-03,2024,Ingreso,Venta Mercado Interno,La Morenita SA,1133764.28,ARS,2024-05-24,Cobrado,Banco Nación,Operaciones
2024-05-03,2024,Ingreso,Venta Mercado Interno,La Morenita SA,1810157.04,ARS,2024-05-21,Cobrado,Banco BBVA,Operaciones
2024-05-03,2024,Ingreso,Venta Mercado Interno,La Morenita SA,1352757.78,ARS,2024-05-26,Cobrado,Banco BBVA,Operaciones
2024-05-03,2024,Ingreso,Venta Mercado Interno,La Morenita SA,1630159.91,ARS,2024-05-13,Cobrado,Banco BBVA,Operaciones
2024-05-03,2024,Ingreso,Venta Mercado Interno,La Morenita SA,2134726.36,ARS,2024-05-17,Pendiente,Banco BBVA,Operaciones
2024-05-03,2024,Ingreso,Venta Mercado Interno,Supermercados Norte SA,1428827.3,ARS,2024-05-21,Cobrado,Banco BBVA,Operaciones
2024-05-03,2024,Ingreso,Venta Mercado Interno,Supermercados Norte SA,1576020.99,ARS,2024-05-24,Cobrado,Banco Galicia,Operaciones
2024-05-03,2024,Ingreso,Venta Mercado Interno,Supermercados Norte SA,2490320.51,ARS,2024-05-22,Cobrado,Banco BBVA,Operaciones
2024-05-03,2024,Ingreso,Venta Mercado Interno,Supermercados Norte SA,1359289.76,ARS,2024-05-26,Cobrado,Banco Nación,Operaciones
2024-05-10,2024,Egreso,Certificaciones,Promoción de Mercados SA,1318913.64,ARS,2024-05-21,Vencido,Banco Galicia,Operaciones
2024-05-10,2024,Egreso,Comisiones,Broker Comercial Citrus,1586041.54,ARS,2024-05-20,Pagado,Banco Galicia,Operaciones
2024-05-10,2024,Egreso,Control de calidad,Envases del Tucumán,7356519.36,ARS,2024-05-27,Pendiente,Banco Galicia,Operaciones
2024-05-10,2024,Egreso,Despacho aduana,Despachos del NOA,9884717.42,ARS,2024-05-21,Pendiente,Caja Operativa,Operaciones
2024-05-10,2024,Egreso,Energía,Envases del Tucumán,8135665.85,ARS,2024-05-19,Pagado,Banco Nación,Operaciones
2024-05-10,2024,Egreso,Envases y embalajes,TecnoPacking SRL,8706822.06,ARS,2024-05-20,Pagado,Caja Operativa,Operaciones
2024-05-10,2024,Egreso,Fitosanitarios,Agroinsumos SA,7013064.58,ARS,2024-05-25,Pagado,Caja Operativa,Operaciones
2024-05-10,2024,Egreso,Flete exportación,Despachos del NOA,10718346.24,ARS,2024-05-18,Pendiente,Caja Operativa,Operaciones
2024-05-10,2024,Egreso,Flete interno,Despachos del NOA,5100973.04,ARS,2024-05-24,Pendiente,Banco Galicia,Operaciones
2024-05-10,2024,Egreso,Frigorífico,Despachos del NOA,8789816.22,ARS,2024-05-23,Pendiente,Banco BBVA,Operaciones
2024-05-10,2024,Egreso,Gastos generales,AFIP,1902979.68,ARS,2024-06-01,Pagado,Banco BBVA,Operaciones
2024-05-10,2024,Egreso,Honorarios,Contaduría Castillo,1816201.2,ARS,2024-05-27,Pagado,Banco Galicia,Operaciones
2024-05-10,2024,Egreso,Impuestos,AFIP,463409.71,ARS,2024-06-02,Pagado,Banco Nación,Impuestos
2024-05-10,2024,Egreso,Insumos agrícolas,Servicios Rurales del NOA,7770699.16,ARS,2024-05-28,Pagado,Caja Operativa,Operaciones
2024-05-10,2024,Egreso,Mano de obra cosecha,Agroinsumos SA,8237472.43,ARS,2024-05-24,Pagado,Banco Nación,Operaciones
2024-05-10,2024,Egreso,Mano de obra empaque,TecnoPacking SRL,6329532.5,ARS,2024-05-23,Pagado,Banco Nación,Operaciones
2024-05-10,2024,Egreso,Mantenimiento líneas,Energía Tucumán SA,8712626.45,ARS,2024-05-18,Pagado,Banco BBVA,Operaciones
2024-05-10,2024,Egreso,Maquinaria,Servicios Rurales del NOA,8110547.64,ARS,2024-05-25,Pagado,Banco BBVA,Operaciones
2024-05-10,2024,Egreso,Promoción comercial,Promoción de Mercados SA,1450184.37,ARS,2024-05-18,Pagado,Banco Galicia,Operaciones
2024-05-10,2024,Egreso,Riego,Agroinsumos SA,6693413.75,ARS,2024-05-15,Pagado,Banco Galicia,Operaciones
2024-05-10,2024,Egreso,Seguros,AFIP,1199004.36,ARS,2024-05-31,Pagado,Banco BBVA,Impuestos
2024-05-10,2024,Egreso,Sueldos administración,AFIP,1109517.36,ARS,2024-05-20,Pendiente,Banco Nación,Operaciones
2024-05-10,2024,Egreso,Viajes comerciales,Promoción de Mercados SA,912064.87,ARS,2024-05-27,Pagado,Caja Operativa,Operaciones
2024-05-10,2024,Ingreso,Venta Exportación,Al Salam Trading,7819257.03,ARS,2024-05-29,Cobrado,Caja Operativa,Operaciones
2024-05-10,2024,Ingreso,Venta Exportación,Al Salam Trading,7391255.26,ARS,2024-06-19,Pendiente,Banco BBVA,Operaciones
2024-05-10,2024,Ingreso,Venta Exportación,Al Salam Trading,4751308.61,ARS,2024-06-14,Cobrado,Banco Galicia,Operaciones
2024-05-10,2024,Ingreso,Venta Exportación,Al Salam Trading,3858255.23,ARS,2024-06-09,Cobrado,Caja Operativa,Operaciones
2024-05-10,2024,Ingreso,Venta Exportación,Al Salam Trading,9200709.04,ARS,2024-05-31,Cobrado,Banco Nación,Operaciones
2024-05-10,2024,Ingreso,Venta Exportación,Al Salam Trading,1816667.52,ARS,2024-05-28,Cobrado,Banco Nación,Operaciones
2024-05-10,2024,Ingreso,Venta Exportación,Citrus World Ltd,1438553.18,ARS,2024-06-02,Cobrado,Banco BBVA,Operaciones
2024-05-10,2024,Ingreso,Venta Exportación,Citrus World Ltd,11340397.38,ARS,2024-06-06,Cobrado,Banco Galicia,Operaciones
2024-05-10,2024,Ingreso,Venta Exportación,Citrus World Ltd,4583392.9,ARS,2024-06-10,Cobrado,Banco BBVA,Operaciones
2024-05-10,2024,Ingreso,Venta Exportación,Citrus World Ltd,8473788.8,ARS,2024-06-02,Cobrado,Banco Nación,Operaciones
2024-05-10,2024,Ingreso,Venta Exportación,Citrus World Ltd,4150717.7,ARS,2024-06-10,Cobrado,Caja Operativa,Operaciones
2024-05-10,2024,Ingreso,Venta Exportación,Citrus World Ltd,7103471.5,ARS,2024-06-19,Cobrado,Banco Galicia,Operaciones
2024-05-10,2024,Ingreso,Venta Exportación,Fischer Import GmbH,1460040.9,ARS,2024-06-02,Pendiente,Banco Nación,Operaciones
2024-05-10,2024,Ingreso,Venta Exportación,Fischer Import GmbH,2937726.5,ARS,2024-06-16,Cobrado,Banco Galicia,Operaciones
2024-05-10,2024,Ingreso,Venta Exportación,Fischer Import GmbH,8361180.29,ARS,2024-06-02,Cobrado,Banco Nación,Operaciones
2024-05-10,2024,Ingreso,Venta Exportación,Fischer Import GmbH,430964.1,ARS,2024-06-14,Cobrado,Banco Galicia,Operaciones
2024-05-10,2024,Ingreso,Venta Exportación,Fischer Import GmbH,3679969.83,ARS,2024-06-08,Cobrado,Banco Nación,Operaciones
2024-05-10,2024,Ingreso,Venta Exportación,Fischer Import GmbH,832893.8,ARS,2024-06-02,Cobrado,Caja Operativa,Operaciones
2024-05-10,2024,Ingreso,Venta Exportación,Medifresh SA,4942237.59,ARS,2024-06-17,Cobrado,Banco Galicia,Operaciones
2024-05-10,2024,Ingreso,Venta Exportación,Medifresh SA,2729980.43,ARS,2024-06-19,Cobrado,Banco BBVA,Operaciones
2024-05-10,2024,Ingreso,Venta Exportación,Medifresh SA,5621595.88,ARS,2024-06-02,Cobrado,Banco Nación,Operaciones
2024-05-10,2024,Ingreso,Venta Exportación,Medifresh SA,3589244.14,ARS,2024-06-08,Cobrado,Banco Nación,Operaciones
2024-05-10,2024,Ingreso,Venta Exportación,Medifresh SA,6820167.69,ARS,2024-06-10,Cobrado,Banco BBVA,Operaciones
2024-05-10,2024,Ingreso,Venta Exportación,Medifresh SA,3878868.73,ARS,2024-06-13,Cobrado,Banco Nación,Operaciones
2024-05-10,2024,Ingreso,Venta Industria,Citromax SA,378516.63,ARS,2024-05-30,Cobrado,Banco Nación,Operaciones
2024-05-10,2024,Ingreso,Venta Industria,Citromax SA,495612.19,ARS,2024-06-03,Pendiente,Banco Nación,Operaciones
2024-05-10,2024,Ingreso,Venta Industria,Citromax SA,310495.49,ARS,2024-06-12,Cobrado,Banco Galicia,Operaciones
2024-05-10,2024,Ingreso,Venta Industria,Citromax SA,304482.4,ARS,2024-06-19,Cobrado,Banco Galicia,Operaciones
2024-05-10,2024,Ingreso,Venta Industria,Citromax SA,322926.29,ARS,2024-06-04,Pendiente,Banco Nación,Operaciones
2024-05-10,2024,Ingreso,Venta Industria,Citromax SA,565083.1,ARS,2024-05-30,Cobrado,Banco Galicia,Operaciones
2024-05-10,2024,Ingreso,Venta Industria,Citromax SA,398517.27,ARS,2024-06-01,Cobrado,Banco Nación,Operaciones
2024-05-10,2024,Ingreso,Venta Industria,Citromax SA,402884.89,ARS,2024-06-01,Cobrado,Banco Nación,Operaciones
2024-05-10,2024,Ingreso,Venta Industria,Citromax SA,378099.93,ARS,2024-06-22,Cobrado,Banco BBVA,Operaciones
2024-05-10,2024,Ingreso,Venta Industria,Frutales Tucumán SRL,240401.14,ARS,2024-06-10,Pendiente,Banco Galicia,Operaciones
2024-05-10,2024,Ingreso,Venta Industria,Frutales Tucumán SRL,380857.84,ARS,2024-05-31,Cobrado,Banco BBVA,Operaciones
2024-05-10,2024,Ingreso,Venta Industria,Frutales Tucumán SRL,505015.19,ARS,2024-06-24,Cobrado,Caja Operativa,Operaciones
2024-05-10,2024,Ingreso,Venta Industria,Frutales Tucumán SRL,255534.56,ARS,2024-06-04,Pendiente,Banco Galicia,Operaciones
2024-05-10,2024,Ingreso,Venta Industria,Frutales Tucumán SRL,476478.8,ARS,2024-06-22,Cobrado,Banco Galicia,Operaciones
2024-05-10,2024,Ingreso,Venta Industria,Frutales Tucumán SRL,261777.17,ARS,2024-05-31,Cobrado,Banco Galicia,Operaciones
2024-05-10,2024,Ingreso,Venta Industria,Frutales Tucumán SRL,502875.06,ARS,2024-06-01,Cobrado,Banco BBVA,Operaciones
2024-05-10,2024,Ingreso,Venta Industria,Frutales Tucumán SRL,379805.22,ARS,2024-06-02,Cobrado,Banco Galicia,Operaciones
2024-05-10,2024,Ingreso,Venta Mercado Interno,Central de Frutas SA,1684389.91,ARS,2024-05-28,Pendiente,Banco Galicia,Operaciones
2024-05-10,2024,Ingreso,Venta Mercado Interno,Central de Frutas SA,1838120.27,ARS,2024-05-21,Vencido,Banco Galicia,Operaciones
2024-05-10,2024,Ingreso,Venta Mercado Interno,Central de Frutas SA,905060.29,ARS,2024-06-02,Pendiente,Caja Operativa,Operaciones
2024-05-10,2024,Ingreso,Venta Mercado Interno,Central de Frutas SA,2148835.19,ARS,2024-05-20,Cobrado,Caja Operativa,Operaciones
2024-05-10,2024,Ingreso,Venta Mercado Interno,Central de Frutas SA,1543589.73,ARS,2024-05-21,Cobrado,Banco Nación,Operaciones
2024-05-10,2024,Ingreso,Venta Mercado Interno,Frutales del Norte SRL,825960.38,ARS,2024-05-31,Pendiente,Banco Galicia,Operaciones
2024-05-10,2024,Ingreso,Venta Mercado Interno,Frutales del Norte SRL,584683.52,ARS,2024-06-02,Cobrado,Banco Nación,Operaciones
2024-05-10,2024,Ingreso,Venta Mercado Interno,Frutales del Norte SRL,729519.13,ARS,2024-06-03,Cobrado,Caja Operativa,Operaciones
2024-05-10,2024,Ingreso,Venta Mercado Interno,Frutales del Norte SRL,2075690.36,ARS,2024-05-20,Vencido,Banco Nación,Operaciones
2024-05-10,2024,Ingreso,Venta Mercado Interno,Frutales del Norte SRL,929027.86,ARS,2024-05-26,Cobrado,Banco Galicia,Operaciones
2024-05-10,2024,Ingreso,Venta Mercado Interno,La Morenita SA,1915933.33,ARS,2024-05-23,Cobrado,Banco BBVA,Operaciones
2024-05-10,2024,Ingreso,Venta Mercado Interno,La Morenita SA,1731330.82,ARS,2024-05-23,Cobrado,Banco BBVA,Operaciones
2024-05-10,2024,Ingreso,Venta Mercado Interno,La Morenita SA,1850012.16,ARS,2024-05-29,Cobrado,Caja Operativa,Operaciones
2024-05-10,2024,Ingreso,Venta Mercado Interno,La Morenita SA,1330379.97,ARS,2024-05-29,Vencido,Banco BBVA,Operaciones
2024-05-10,2024,Ingreso,Venta Mercado Interno,Supermercados Norte SA,2030752.26,ARS,2024-06-03,Pendiente,Banco Galicia,Operaciones
2024-05-10,2024,Ingreso,Venta Mercado Interno,Supermercados Norte SA,1604696.51,ARS,2024-05-29,Cobrado,Caja Operativa,Operaciones
2024-05-10,2024,Ingreso,Venta Mercado Interno,Supermercados Norte SA,1280026.95,ARS,2024-05-25,Cobrado,Banco Galicia,Operaciones
2024-05-17,2024,Egreso,Certificaciones,Promoción de Mercados SA,1871247.12,ARS,2024-05-26,Pagado,Caja Operativa,Operaciones
2024-05-17,2024,Egreso,Comisiones,Certificaciones Global GAP,1196372.71,ARS,2024-05-24,Pagado,Banco Galicia,Operaciones
2024-05-17,2024,Egreso,Control de calidad,Envases del Tucumán,7720406.19,ARS,2024-05-25,Pagado,Banco BBVA,Operaciones
2024-05-17,2024,Egreso,Despacho aduana,Transportes del Norte SA,5707689.28,ARS,2024-05-25,Pagado,Banco Galicia,Operaciones
2024-05-17,2024,Egreso,Energía,TecnoPacking SRL,8964834.68,ARS,2024-05-31,Pagado,Banco Nación,Operaciones
2024-05-17,2024,Egreso,Envases y embalajes,Energía Tucumán SA,7393550.67,ARS,2024-05-29,Pendiente,Banco Galicia,Operaciones
2024-05-17,2024,Egreso,Fitosanitarios,Agroinsumos SA,4848344.65,ARS,2024-06-02,Pagado,Caja Operativa,Operaciones
2024-05-17,2024,Egreso,Flete exportación,Despachos del NOA,10892801.35,ARS,2024-05-31,Pagado,Banco Nación,Operaciones
2024-05-17,2024,Egreso,Flete interno,Despachos del NOA,5137330.09,ARS,2024-05-31,Pagado,Banco BBVA,Operaciones
2024-05-17,2024,Egreso,Frigorífico,FríoAndes Logística,12829113.85,ARS,2024-06-02,Pendiente,Caja Operativa,Operaciones
2024-05-17,2024,Egreso,Gastos generales,AFIP,919382.69,ARS,2024-06-10,Pagado,Banco BBVA,Operaciones
2024-05-17,2024,Egreso,Honorarios,Contaduría Castillo,2000747.72,ARS,2024-05-27,Pendiente,Banco BBVA,Impuestos
2024-05-17,2024,Egreso,Impuestos,DGR Tucumán,1139552.54,ARS,2024-05-29,Pagado,Banco Galicia,Impuestos
2024-05-17,2024,Egreso,Insumos agrícolas,Cooperativa Citrícola,8473721.71,ARS,2024-05-24,Pagado,Banco Nación,Operaciones
2024-05-17,2024,Egreso,Mano de obra cosecha,Cooperativa Citrícola,7174873.15,ARS,2024-06-01,Pagado,Banco Galicia,Operaciones
2024-05-17,2024,Egreso,Mano de obra empaque,Energía Tucumán SA,7522400.21,ARS,2024-05-23,Pagado,Banco BBVA,Operaciones
2024-05-17,2024,Egreso,Mantenimiento líneas,TecnoPacking SRL,7941154.49,ARS,2024-05-31,Pagado,Caja Operativa,Operaciones
2024-05-17,2024,Egreso,Maquinaria,Servicios Rurales del NOA,7717503.77,ARS,2024-05-23,Pagado,Banco Nación,Operaciones
2024-05-17,2024,Egreso,Promoción comercial,Certificaciones Global GAP,1534197.74,ARS,2024-06-01,Pagado,Caja Operativa,Operaciones
2024-05-17,2024,Egreso,Riego,Servicios Rurales del NOA,9489580.75,ARS,2024-06-03,Pendiente,Caja Operativa,Operaciones
2024-05-17,2024,Egreso,Seguros,DGR Tucumán,1037380.78,ARS,2024-06-08,Pagado,Banco BBVA,Operaciones
2024-05-17,2024,Egreso,Sueldos administración,AFIP,1359117.6,ARS,2024-06-11,Pagado,Caja Operativa,Impuestos
2024-05-17,2024,Egreso,Viajes comerciales,Broker Comercial Citrus,664601.14,ARS,2024-05-31,Pendiente,Banco Nación,Operaciones
2024-05-17,2024,Ingreso,Venta Exportación,Al Salam Trading,5063499.7,ARS,2024-06-12,Cobrado,Banco Galicia,Operaciones
2024-05-17,2024,Ingreso,Venta Exportación,Al Salam Trading,5343964.0,ARS,2024-06-19,Cobrado,Banco BBVA,Operaciones
2024-05-17,2024,Ingreso,Venta Exportación,Al Salam Trading,4429224.87,ARS,2024-06-06,Cobrado,Caja Operativa,Operaciones
2024-05-17,2024,Ingreso,Venta Exportación,Al Salam Trading,7633845.86,ARS,2024-06-21,Cobrado,Caja Operativa,Operaciones
2024-05-17,2024,Ingreso,Venta Exportación,Al Salam Trading,6279435.05,ARS,2024-06-21,Cobrado,Caja Operativa,Operaciones
2024-05-17,2024,Ingreso,Venta Exportación,Citrus World Ltd,8494710.28,ARS,2024-06-23,Cobrado,Banco Nación,Operaciones
2024-05-17,2024,Ingreso,Venta Exportación,Citrus World Ltd,5839870.64,ARS,2024-06-18,Cobrado,Banco Nación,Operaciones
2024-05-17,2024,Ingreso,Venta Exportación,Citrus World Ltd,4308351.16,ARS,2024-06-17,Cobrado,Caja Operativa,Operaciones
2024-05-17,2024,Ingreso,Venta Exportación,Citrus World Ltd,10225142.06,ARS,2024-06-19,Cobrado,Banco Galicia,Operaciones
2024-05-17,2024,Ingreso,Venta Exportación,Fischer Import GmbH,411438.77,ARS,2024-06-15,Cobrado,Banco Nación,Operaciones
2024-05-17,2024,Ingreso,Venta Exportación,Fischer Import GmbH,5553559.33,ARS,2024-06-25,Cobrado,Caja Operativa,Operaciones
2024-05-17,2024,Ingreso,Venta Exportación,Fischer Import GmbH,2330440.82,ARS,2024-06-19,Cobrado,Banco Galicia,Operaciones
2024-05-17,2024,Ingreso,Venta Exportación,Fischer Import GmbH,6773768.71,ARS,2024-06-19,Cobrado,Caja Operativa,Operaciones
2024-05-17,2024,Ingreso,Venta Exportación,Fischer Import GmbH,3003714.91,ARS,2024-06-17,Cobrado,Banco BBVA,Operaciones
2024-05-17,2024,Ingreso,Venta Exportación,Fischer Import GmbH,6340486.97,ARS,2024-06-12,Pendiente,Caja Operativa,Operaciones
2024-05-17,2024,Ingreso,Venta Exportación,Fischer Import GmbH,4445850.74,ARS,2024-06-20,Pendiente,Banco Galicia,Operaciones
2024-05-17,2024,Ingreso,Venta Exportación,Medifresh SA,4748617.37,ARS,2024-06-07,Cobrado,Caja Operativa,Operaciones
2024-05-17,2024,Ingreso,Venta Exportación,Medifresh SA,6199446.25,ARS,2024-06-18,Cobrado,Banco BBVA,Operaciones
2024-05-17,2024,Ingreso,Venta Exportación,Medifresh SA,6165158.95,ARS,2024-06-04,Cobrado,Banco BBVA,Operaciones
2024-05-17,2024,Ingreso,Venta Exportación,Medifresh SA,2925891.6,ARS,2024-06-15,Cobrado,Banco BBVA,Operaciones
2024-05-17,2024,Ingreso,Venta Exportación,Medifresh SA,6418317.63,ARS,2024-06-08,Vencido,Banco BBVA,Operaciones
2024-05-17,2024,Ingreso,Venta Exportación,Medifresh SA,6612141.15,ARS,2024-06-06,Cobrado,Banco BBVA,Operaciones
2024-05-17,2024,Ingreso,Venta Exportación,Medifresh SA,4663225.39,ARS,2024-06-07,Pendiente,Caja Operativa,Operaciones
2024-05-17,2024,Ingreso,Venta Industria,Citromax SA,374186.98,ARS,2024-06-11,Cobrado,Banco Galicia,Operaciones
2024-05-17,2024,Ingreso,Venta Industria,Citromax SA,596357.66,ARS,2024-06-13,Cobrado,Banco Nación,Operaciones
2024-05-17,2024,Ingreso,Venta Industria,Citromax SA,185533.73,ARS,2024-06-28,Cobrado,Banco Nación,Operaciones
2024-05-17,2024,Ingreso,Venta Industria,Citromax SA,566220.48,ARS,2024-06-23,Cobrado,Banco Nación,Operaciones
2024-05-17,2024,Ingreso,Venta Industria,Citromax SA,417065.61,ARS,2024-06-22,Cobrado,Banco BBVA,Operaciones
2024-05-17,2024,Ingreso,Venta Industria,Citromax SA,281972.31,ARS,2024-06-23,Cobrado,Banco BBVA,Operaciones
2024-05-17,2024,Ingreso,Venta Industria,Citromax SA,811366.67,ARS,2024-06-26,Pendiente,Banco BBVA,Operaciones
2024-05-17,2024,Ingreso,Venta Industria,Citromax SA,345067.75,ARS,2024-06-09,Pendiente,Banco BBVA,Operaciones
2024-05-17,2024,Ingreso,Venta Industria,Citromax SA,386481.43,ARS,2024-06-25,Cobrado,Caja Operativa,Operaciones
2024-05-17,2024,Ingreso,Venta Industria,Frutales Tucumán SRL,291473.5,ARS,2024-06-13,Cobrado,Banco BBVA,Operaciones
2024-05-17,2024,Ingreso,Venta Industria,Frutales Tucumán SRL,421749.91,ARS,2024-06-16,Cobrado,Banco BBVA,Operaciones
2024-05-17,2024,Ingreso,Venta Industria,Frutales Tucumán SRL,387545.18,ARS,2024-06-15,Vencido,Banco Galicia,Operaciones
2024-05-17,2024,Ingreso,Venta Industria,Frutales Tucumán SRL,325574.43,ARS,2024-06-14,Cobrado,Caja Operativa,Operaciones
2024-05-17,2024,Ingreso,Venta Industria,Frutales Tucumán SRL,245220.58,ARS,2024-06-13,Cobrado,Caja Operativa,Operaciones
2024-05-17,2024,Ingreso,Venta Industria,Frutales Tucumán SRL,419934.14,ARS,2024-06-14,Cobrado,Banco Nación,Operaciones
2024-05-17,2024,Ingreso,Venta Industria,Frutales Tucumán SRL,441847.68,ARS,2024-06-18,Cobrado,Banco BBVA,Operaciones
2024-05-17,2024,Ingreso,Venta Industria,Frutales Tucumán SRL,470411.3,ARS,2024-06-30,Cobrado,Caja Operativa,Operaciones
2024-05-17,2024,Ingreso,Venta Mercado Interno,Central de Frutas SA,2534004.05,ARS,2024-05-28,Cobrado,Banco Galicia,Operaciones
2024-05-17,2024,Ingreso,Venta Mercado Interno,Central de Frutas SA,872803.13,ARS,2024-06-07,Pendiente,Banco Nación,Operaciones
2024-05-17,2024,Ingreso,Venta Mercado Interno,Central de Frutas SA,1828447.98,ARS,2024-05-30,Cobrado,Caja Operativa,Operaciones
2024-05-17,2024,Ingreso,Venta Mercado Interno,Central de Frutas SA,1901007.58,ARS,2024-05-28,Cobrado,Caja Operativa,Operaciones
2024-05-17,2024,Ingreso,Venta Mercado Interno,Frutales del Norte SRL,834337.57,ARS,2024-06-10,Cobrado,Banco Nación,Operaciones
2024-05-17,2024,Ingreso,Venta Mercado Interno,La Morenita SA,1962798.45,ARS,2024-06-03,Cobrado,Banco BBVA,Operaciones
2024-05-17,2024,Ingreso,Venta Mercado Interno,La Morenita SA,733123.24,ARS,2024-05-28,Cobrado,Banco BBVA,Operaciones
2024-05-17,2024,Ingreso,Venta Mercado Interno,La Morenita SA,1397236.27,ARS,2024-05-28,Pendiente,Banco BBVA,Operaciones
2024-05-17,2024,Ingreso,Venta Mercado Interno,La Morenita SA,1928127.78,ARS,2024-05-27,Cobrado,Banco Nación,Operaciones
2024-05-17,2024,Ingreso,Venta Mercado Interno,La Morenita SA,562720.59,ARS,2024-05-28,Cobrado,Banco BBVA,Operaciones
2024-05-17,2024,Ingreso,Venta Mercado Interno,Supermercados Norte SA,1884626.91,ARS,2024-06-04,Cobrado,Banco BBVA,Operaciones
2024-05-17,2024,Ingreso,Venta Mercado Interno,Supermercados Norte SA,2054762.61,ARS,2024-06-06,Cobrado,Banco BBVA,Operaciones
2024-05-17,2024,Ingreso,Venta Mercado Interno,Supermercados Norte SA,1409451.56,ARS,2024-06-06,Cobrado,Banco Nación,Operaciones
2024-05-17,2024,Ingreso,Venta Mercado Interno,Supermercados Norte SA,1437053.7,ARS,2024-06-05,Pendiente,Banco Galicia,Operaciones
2024-05-17,2024,Ingreso,Venta Mercado Interno,Supermercados Norte SA,978668.12,ARS,2024-06-05,Cobrado,Banco BBVA,Operaciones
2024-05-17,2024,Ingreso,Venta Mercado Interno,Supermercados Norte SA,952156.74,ARS,2024-06-03,Cobrado,Caja Operativa,Operaciones
2024-05-17,2024,Ingreso,Venta Mercado Interno,Supermercados Norte SA,874939.37,ARS,2024-06-04,Cobrado,Banco Galicia,Operaciones
2024-05-20,2024,Ingreso,Desembolso descubierto campaña,Banco Galicia - Línea Campaña,171385061.86,ARS,2024-06-19,Cobrado,Caja Operativa,Financiamiento
2024-05-24,2024,Egreso,Certificaciones,Broker Comercial Citrus,2487285.08,ARS,2024-06-06,Pagado,Caja Operativa,Operaciones
2024-05-24,2024,Egreso,Comisiones,Promoción de Mercados SA,1286077.96,ARS,2024-06-02,Pagado,Caja Operativa,Operaciones
2024-05-24,2024,Egreso,Control de calidad,Energía Tucumán SA,6842716.17,ARS,2024-06-07,Pagado,Banco Galicia,Operaciones
2024-05-24,2024,Egreso,Despacho aduana,FríoAndes Logística,4060552.16,ARS,2024-06-07,Pagado,Banco BBVA,Operaciones
2024-05-24,2024,Egreso,Energía,Envases del Tucumán,6842451.76,ARS,2024-05-29,Pagado,Banco Galicia,Operaciones
2024-05-24,2024,Egreso,Envases y embalajes,TecnoPacking SRL,7199992.96,ARS,2024-06-08,Pagado,Caja Operativa,Operaciones
2024-05-24,2024,Egreso,Fitosanitarios,Servicios Rurales del NOA,8572765.8,ARS,2024-06-06,Pagado,Banco Galicia,Operaciones
2024-05-24,2024,Egreso,Flete exportación,Transportes del Norte SA,16395838.57,ARS,2024-06-02,Pendiente,Banco Nación,Operaciones
2024-05-24,2024,Egreso,Flete interno,Despachos del NOA,5638178.79,ARS,2024-06-02,Pagado,Banco Nación,Operaciones
2024-05-24,2024,Egreso,Frigorífico,Despachos del NOA,7700990.81,ARS,2024-06-06,Pagado,Banco Nación,Operaciones
2024-05-24,2024,Egreso,Gastos generales,DGR Tucumán,1079264.1,ARS,2024-06-09,Pagado,Banco Nación,Impuestos
2024-05-24,2024,Egreso,Honorarios,DGR Tucumán,1344694.62,ARS,2024-06-04,Pagado,Caja Operativa,Operaciones
2024-05-24,2024,Egreso,Impuestos,Contaduría Castillo,1383347.66,ARS,2024-06-05,Pagado,Banco Nación,Impuestos
2024-05-24,2024,Egreso,Insumos agrícolas,Cooperativa Citrícola,8742817.75,ARS,2024-06-05,Pagado,Caja Operativa,Operaciones
2024-05-24,2024,Egreso,Mano de obra cosecha,Cooperativa Citrícola,4080710.84,ARS,2024-06-04,Pagado,Banco BBVA,Operaciones
2024-05-24,2024,Egreso,Mano de obra empaque,Energía Tucumán SA,8893681.01,ARS,2024-06-04,Pagado,Banco BBVA,Operaciones
2024-05-24,2024,Egreso,Mantenimiento líneas,Energía Tucumán SA,9902887.97,ARS,2024-06-08,Pagado,Caja Operativa,Operaciones
2024-05-24,2024,Egreso,Maquinaria,Agroinsumos SA,6638814.71,ARS,2024-06-07,Pagado,Banco Galicia,Operaciones
2024-05-24,2024,Egreso,Promoción comercial,Broker Comercial Citrus,663891.67,ARS,2024-06-10,Vencido,Banco Nación,Operaciones
2024-05-24,2024,Egreso,Riego,Agroinsumos SA,9423582.53,ARS,2024-06-08,Pendiente,Banco BBVA,Operaciones
2024-05-24,2024,Egreso,Seguros,AFIP,989903.06,ARS,2024-06-18,Pagado,Caja Operativa,Impuestos
2024-05-24,2024,Egreso,Sueldos administración,DGR Tucumán,1778599.69,ARS,2024-06-03,Pendiente,Banco BBVA,Operaciones
2024-05-24,2024,Egreso,Viajes comerciales,Broker Comercial Citrus,599679.4,ARS,2024-06-01,Pagado,Banco BBVA,Operaciones
2024-05-24,2024,Ingreso,Venta Exportación,Al Salam Trading,5267369.28,ARS,2024-06-30,Cobrado,Banco BBVA,Operaciones
2024-05-24,2024,Ingreso,Venta Exportación,Al Salam Trading,8254955.05,ARS,2024-06-16,Cobrado,Banco Galicia,Operaciones
2024-05-24,2024,Ingreso,Venta Exportación,Al Salam Trading,3650803.7,ARS,2024-06-29,Vencido,Caja Operativa,Operaciones
2024-05-24,2024,Ingreso,Venta Exportación,Citrus World Ltd,6370946.81,ARS,2024-06-24,Cobrado,Banco BBVA,Operaciones
2024-05-24,2024,Ingreso,Venta Exportación,Citrus World Ltd,4592140.19,ARS,2024-06-11,Cobrado,Banco Galicia,Operaciones
2024-05-24,2024,Ingreso,Venta Exportación,Fischer Import GmbH,8293537.74,ARS,2024-06-24,Cobrado,Banco Galicia,Operaciones
2024-05-24,2024,Ingreso,Venta Exportación,Fischer Import GmbH,3129859.66,ARS,2024-06-16,Pendiente,Caja Operativa,Operaciones
2024-05-24,2024,Ingreso,Venta Exportación,Fischer Import GmbH,6959786.13,ARS,2024-06-16,Pendiente,Banco BBVA,Operaciones
2024-05-24,2024,Ingreso,Venta Exportación,Fischer Import GmbH,8488672.3,ARS,2024-06-17,Cobrado,Caja Operativa,Operaciones
2024-05-24,2024,Ingreso,Venta Exportación,Fischer Import GmbH,416950.58,ARS,2024-06-11,Cobrado,Banco Galicia,Operaciones
2024-05-24,2024,Ingreso,Venta Exportación,Fischer Import GmbH,5576310.92,ARS,2024-06-19,Pendiente,Banco Galicia,Operaciones
2024-05-24,2024,Ingreso,Venta Exportación,Medifresh SA,6189834.47,ARS,2024-06-16,Vencido,Banco Galicia,Operaciones
2024-05-24,2024,Ingreso,Venta Exportación,Medifresh SA,4445232.18,ARS,2024-06-24,Vencido,Banco Galicia,Operaciones
2024-05-24,2024,Ingreso,Venta Exportación,Medifresh SA,2479143.18,ARS,2024-06-26,Cobrado,Banco Nación,Operaciones
2024-05-24,2024,Ingreso,Venta Exportación,Medifresh SA,8627044.77,ARS,2024-06-17,Pendiente,Banco BBVA,Operaciones
2024-05-24,2024,Ingreso,Venta Exportación,Medifresh SA,6154435.5,ARS,2024-06-18,Cobrado,Banco Galicia,Operaciones
2024-05-24,2024,Ingreso,Venta Exportación,Medifresh SA,3785693.29,ARS,2024-06-21,Pendiente,Banco Nación,Operaciones
2024-05-24,2024,Ingreso,Venta Exportación,Medifresh SA,1645503.25,ARS,2024-06-12,Cobrado,Banco Nación,Operaciones
2024-05-24,2024,Ingreso,Venta Exportación,Medifresh SA,10736676.1,ARS,2024-06-21,Cobrado,Banco BBVA,Operaciones
2024-05-24,2024,Ingreso,Venta Exportación,Medifresh SA,3925692.4,ARS,2024-06-20,Cobrado,Caja Operativa,Operaciones
2024-05-24,2024,Ingreso,Venta Exportación,Medifresh SA,7928235.38,ARS,2024-06-27,Cobrado,Caja Operativa,Operaciones
2024-05-24,2024,Ingreso,Venta Industria,Citromax SA,510984.16,ARS,2024-06-14,Cobrado,Banco Galicia,Operaciones
2024-05-24,2024,Ingreso,Venta Industria,Citromax SA,233540.07,ARS,2024-06-20,Cobrado,Caja Operativa,Operaciones
2024-05-24,2024,Ingreso,Venta Industria,Citromax SA,188752.52,ARS,2024-07-05,Cobrado,Banco BBVA,Operaciones
2024-05-24,2024,Ingreso,Venta Industria,Citromax SA,643122.87,ARS,2024-06-16,Pendiente,Banco BBVA,Operaciones
2024-05-24,2024,Ingreso,Venta Industria,Citromax SA,390253.78,ARS,2024-06-24,Cobrado,Banco BBVA,Operaciones
2024-05-24,2024,Ingreso,Venta Industria,Citromax SA,354313.43,ARS,2024-06-16,Cobrado,Banco Galicia,Operaciones
2024-05-24,2024,Ingreso,Venta Industria,Citromax SA,478007.98,ARS,2024-06-13,Cobrado,Banco Nación,Operaciones
2024-05-24,2024,Ingreso,Venta Industria,Citromax SA,510639.88,ARS,2024-06-29,Cobrado,Banco Nación,Operaciones
2024-05-24,2024,Ingreso,Venta Industria,Citromax SA,375704.75,ARS,2024-06-14,Cobrado,Banco Galicia,Operaciones
2024-05-24,2024,Ingreso,Venta Industria,Frutales Tucumán SRL,308701.09,ARS,2024-06-17,Cobrado,Banco Galicia,Operaciones
2024-05-24,2024,Ingreso,Venta Industria,Frutales Tucumán SRL,408972.69,ARS,2024-06-23,Pendiente,Banco BBVA,Operaciones
2024-05-24,2024,Ingreso,Venta Industria,Frutales Tucumán SRL,382650.07,ARS,2024-06-18,Cobrado,Banco BBVA,Operaciones
2024-05-24,2024,Ingreso,Venta Industria,Frutales Tucumán SRL,293001.01,ARS,2024-07-04,Cobrado,Caja Operativa,Operaciones
2024-05-24,2024,Ingreso,Venta Industria,Frutales Tucumán SRL,649191.99,ARS,2024-07-05,Pendiente,Caja Operativa,Operaciones
2024-05-24,2024,Ingreso,Venta Industria,Frutales Tucumán SRL,427146.87,ARS,2024-07-04,Cobrado,Banco BBVA,Operaciones
2024-05-24,2024,Ingreso,Venta Industria,Frutales Tucumán SRL,388359.92,ARS,2024-07-02,Cobrado,Banco BBVA,Operaciones
2024-05-24,2024,Ingreso,Venta Industria,Frutales Tucumán SRL,311061.65,ARS,2024-06-17,Cobrado,Banco Galicia,Operaciones
2024-05-24,2024,Ingreso,Venta Mercado Interno,Central de Frutas SA,1592241.85,ARS,2024-06-09,Pendiente,Banco BBVA,Operaciones
2024-05-24,2024,Ingreso,Venta Mercado Interno,Central de Frutas SA,916765.63,ARS,2024-06-06,Cobrado,Banco BBVA,Operaciones
2024-05-24,2024,Ingreso,Venta Mercado Interno,Frutales del Norte SRL,1314693.35,ARS,2024-06-15,Cobrado,Caja Operativa,Operaciones
2024-05-24,2024,Ingreso,Venta Mercado Interno,Frutales del Norte SRL,1236754.49,ARS,2024-06-12,Cobrado,Banco Nación,Operaciones
2024-05-24,2024,Ingreso,Venta Mercado Interno,Frutales del Norte SRL,1090432.3,ARS,2024-06-04,Cobrado,Banco Galicia,Operaciones
2024-05-24,2024,Ingreso,Venta Mercado Interno,La Morenita SA,673267.39,ARS,2024-06-04,Cobrado,Banco Galicia,Operaciones
2024-05-24,2024,Ingreso,Venta Mercado Interno,La Morenita SA,1707166.59,ARS,2024-06-15,Cobrado,Banco Nación,Operaciones
2024-05-24,2024,Ingreso,Venta Mercado Interno,La Morenita SA,2311647.21,ARS,2024-06-04,Vencido,Caja Operativa,Operaciones
2024-05-24,2024,Ingreso,Venta Mercado Interno,La Morenita SA,2285891.05,ARS,2024-06-16,Cobrado,Banco Galicia,Operaciones
2024-05-24,2024,Ingreso,Venta Mercado Interno,La Morenita SA,1420645.08,ARS,2024-06-12,Cobrado,Banco BBVA,Operaciones
2024-05-24,2024,Ingreso,Venta Mercado Interno,La Morenita SA,1752255.9,ARS,2024-06-09,Cobrado,Banco BBVA,Operaciones
2024-05-24,2024,Ingreso,Venta Mercado Interno,La Morenita SA,671000.44,ARS,2024-06-09,Cobrado,Banco Galicia,Operaciones
2024-05-24,2024,Ingreso,Venta Mercado Interno,Supermercados Norte SA,1829029.88,ARS,2024-06-11,Cobrado,Banco Nación,Operaciones
2024-05-24,2024,Ingreso,Venta Mercado Interno,Supermercados Norte SA,804087.2,ARS,2024-06-15,Cobrado,Banco BBVA,Operaciones
2024-05-24,2024,Ingreso,Venta Mercado Interno,Supermercados Norte SA,1227482.39,ARS,2024-06-03,Cobrado,Banco BBVA,Operaciones
2024-05-24,2024,Ingreso,Venta Mercado Interno,Supermercados Norte SA,2599859.69,ARS,2024-06-04,Cobrado,Caja Operativa,Operaciones
2024-05-24,2024,Ingreso,Venta Mercado Interno,Supermercados Norte SA,1928064.51,ARS,2024-06-08,Cobrado,Banco BBVA,Operaciones
2024-05-31,2024,Egreso,Certificaciones,Broker Comercial Citrus,2480963.9,ARS,2024-06-09,Pagado,Banco BBVA,Operaciones
2024-05-31,2024,Egreso,Comisiones,Certificaciones Global GAP,752534.69,ARS,2024-06-18,Pagado,Banco Galicia,Operaciones
2024-05-31,2024,Egreso,Control de calidad,TecnoPacking SRL,9398281.36,ARS,2024-06-05,Pagado,Banco Nación,Operaciones
2024-05-31,2024,Egreso,Despacho aduana,Transportes del Norte SA,6170541.71,ARS,2024-06-07,Pendiente,Banco Nación,Operaciones
2024-05-31,2024,Egreso,Energía,TecnoPacking SRL,9161453.34,ARS,2024-06-14,Pendiente,Banco Galicia,Operaciones
2024-05-31,2024,Egreso,Envases y embalajes,TecnoPacking SRL,6939010.89,ARS,2024-06-05,Pagado,Caja Operativa,Operaciones
2024-05-31,2024,Egreso,Fitosanitarios,Cooperativa Citrícola,5342176.14,ARS,2024-06-11,Pagado,Caja Operativa,Operaciones
2024-05-31,2024,Egreso,Flete exportación,FríoAndes Logística,13104829.65,ARS,2024-06-05,Pagado,Banco Galicia,Operaciones
2024-05-31,2024,Egreso,Flete interno,FríoAndes Logística,6493323.24,ARS,2024-06-08,Pagado,Banco BBVA,Operaciones
2024-05-31,2024,Egreso,Frigorífico,FríoAndes Logística,8089132.15,ARS,2024-06-10,Pagado,Banco Galicia,Operaciones
2024-05-31,2024,Egreso,Gastos generales,AFIP,1098145.09,ARS,2024-06-25,Pagado,Caja Operativa,Operaciones
2024-05-31,2024,Egreso,Honorarios,Contaduría Castillo,921715.21,ARS,2024-06-22,Pendiente,Caja Operativa,Impuestos
2024-05-31,2024,Egreso,Impuestos,AFIP,1926668.45,ARS,2024-06-21,Pendiente,Banco Galicia,Impuestos
2024-05-31,2024,Egreso,Insumos agrícolas,Cooperativa Citrícola,6578411.3,ARS,2024-06-13,Pendiente,Banco BBVA,Operaciones
2024-05-31,2024,Egreso,Mano de obra cosecha,Cooperativa Citrícola,4710770.35,ARS,2024-06-07,Pagado,Banco Nación,Operaciones
2024-05-31,2024,Egreso,Mano de obra empaque,Envases del Tucumán,8069360.01,ARS,2024-06-14,Pagado,Banco Galicia,Operaciones
2024-05-31,2024,Egreso,Mantenimiento líneas,Envases del Tucumán,7208607.58,ARS,2024-06-11,Pendiente,Banco BBVA,Operaciones
2024-05-31,2024,Egreso,Maquinaria,Agroinsumos SA,8007453.79,ARS,2024-06-17,Pagado,Banco Galicia,Operaciones
2024-05-31,2024,Egreso,Promoción comercial,Promoción de Mercados SA,1243281.37,ARS,2024-06-15,Pagado,Caja Operativa,Operaciones
2024-05-31,2024,Egreso,Riego,Agroinsumos SA,12727174.08,ARS,2024-06-18,Pendiente,Banco Nación,Operaciones
2024-05-31,2024,Egreso,Seguros,AFIP,1336008.08,ARS,2024-06-13,Pagado,Banco BBVA,Operaciones
2024-05-31,2024,Egreso,Sueldos administración,AFIP,1529807.22,ARS,2024-06-17,Pagado,Banco BBVA,Operaciones
2024-05-31,2024,Egreso,Viajes comerciales,Broker Comercial Citrus,390233.46,ARS,2024-06-10,Pagado,Banco BBVA,Operaciones
2024-05-31,2024,Ingreso,Venta Exportación,Al Salam Trading,4707875.02,ARS,2024-06-29,Cobrado,Banco Nación,Operaciones
2024-05-31,2024,Ingreso,Venta Exportación,Al Salam Trading,6281535.53,ARS,2024-07-07,Cobrado,Banco BBVA,Operaciones
2024-05-31,2024,Ingreso,Venta Exportación,Al Salam Trading,7807633.47,ARS,2024-07-05,Cobrado,Banco BBVA,Operaciones
2024-05-31,2024,Ingreso,Venta Exportación,Al Salam Trading,3984959.84,ARS,2024-06-26,Vencido,Banco Nación,Operaciones
2024-05-31,2024,Ingreso,Venta Exportación,Al Salam Trading,5260147.45,ARS,2024-06-26,Pendiente,Caja Operativa,Operaciones
2024-05-31,2024,Ingreso,Venta Exportación,Citrus World Ltd,5963482.87,ARS,2024-06-27,Cobrado,Banco Galicia,Operaciones
2024-05-31,2024,Ingreso,Venta Exportación,Citrus World Ltd,3702495.37,ARS,2024-06-23,Pendiente,Caja Operativa,Operaciones
2024-05-31,2024,Ingreso,Venta Exportación,Citrus World Ltd,5872848.52,ARS,2024-07-10,Vencido,Caja Operativa,Operaciones
2024-05-31,2024,Ingreso,Venta Exportación,Citrus World Ltd,3526155.64,ARS,2024-07-06,Cobrado,Banco Galicia,Operaciones
2024-05-31,2024,Ingreso,Venta Exportación,Citrus World Ltd,2934089.89,ARS,2024-06-19,Cobrado,Banco BBVA,Operaciones
2024-05-31,2024,Ingreso,Venta Exportación,Citrus World Ltd,4283481.39,ARS,2024-06-21,Cobrado,Banco BBVA,Operaciones
2024-05-31,2024,Ingreso,Venta Exportación,Fischer Import GmbH,4947631.34,ARS,2024-06-30,Cobrado,Banco Nación,Operaciones
2024-05-31,2024,Ingreso,Venta Exportación,Fischer Import GmbH,7668994.15,ARS,2024-06-28,Cobrado,Banco Galicia,Operaciones
2024-05-31,2024,Ingreso,Venta Exportación,Fischer Import GmbH,6210087.52,ARS,2024-06-24,Pendiente,Banco Galicia,Operaciones
2024-05-31,2024,Ingreso,Venta Exportación,Fischer Import GmbH,9704135.93,ARS,2024-07-05,Cobrado,Banco Nación,Operaciones
2024-05-31,2024,Ingreso,Venta Exportación,Medifresh SA,3609476.23,ARS,2024-06-23,Cobrado,Banco BBVA,Operaciones
2024-05-31,2024,Ingreso,Venta Exportación,Medifresh SA,7594918.11,ARS,2024-06-24,Cobrado,Banco BBVA,Operaciones
2024-05-31,2024,Ingreso,Venta Exportación,Medifresh SA,3876417.91,ARS,2024-06-28,Pendiente,Banco Nación,Operaciones
2024-05-31,2024,Ingreso,Venta Exportación,Medifresh SA,6842808.52,ARS,2024-07-02,Cobrado,Banco Galicia,Operaciones
2024-05-31,2024,Ingreso,Venta Exportación,Medifresh SA,7387765.29,ARS,2024-06-22,Vencido,Banco Nación,Operaciones
2024-05-31,2024,Ingreso,Venta Industria,Citromax SA,411586.31,ARS,2024-07-06,Cobrado,Banco Nación,Operaciones
2024-05-31,2024,Ingreso,Venta Industria,Citromax SA,417687.63,ARS,2024-06-24,Cobrado,Banco BBVA,Operaciones
2024-05-31,2024,Ingreso,Venta Industria,Citromax SA,283882.59,ARS,2024-07-03,Cobrado,Banco Nación,Operaciones
2024-05-31,2024,Ingreso,Venta Industria,Citromax SA,233918.45,ARS,2024-06-29,Pendiente,Banco BBVA,Operaciones
2024-05-31,2024,Ingreso,Venta Industria,Citromax SA,613472.66,ARS,2024-07-05,Cobrado,Banco BBVA,Operaciones
2024-05-31,2024,Ingreso,Venta Industria,Citromax SA,471954.93,ARS,2024-06-21,Cobrado,Banco Galicia,Operaciones
2024-05-31,2024,Ingreso,Venta Industria,Citromax SA,495931.13,ARS,2024-06-20,Cobrado,Banco BBVA,Operaciones
2024-05-31,2024,Ingreso,Venta Industria,Citromax SA,263527.71,ARS,2024-06-24,Cobrado,Banco Nación,Operaciones
2024-05-31,2024,Ingreso,Venta Industria,Citromax SA,646025.51,ARS,2024-06-22,Pendiente,Caja Operativa,Operaciones
2024-05-31,2024,Ingreso,Venta Industria,Citromax SA,445828.99,ARS,2024-07-14,Cobrado,Banco Nación,Operaciones
2024-05-31,2024,Ingreso,Venta Industria,Citromax SA,397753.7,ARS,2024-07-14,Cobrado,Banco Nación,Operaciones
2024-05-31,2024,Ingreso,Venta Industria,Frutales Tucumán SRL,317698.06,ARS,2024-06-25,Pendiente,Banco Galicia,Operaciones
2024-05-31,2024,Ingreso,Venta Industria,Frutales Tucumán SRL,274725.96,ARS,2024-07-12,Cobrado,Caja Operativa,Operaciones
2024-05-31,2024,Ingreso,Venta Industria,Frutales Tucumán SRL,312186.55,ARS,2024-07-03,Cobrado,Banco BBVA,Operaciones
2024-05-31,2024,Ingreso,Venta Industria,Frutales Tucumán SRL,416782.74,ARS,2024-07-01,Pendiente,Caja Operativa,Operaciones
2024-05-31,2024,Ingreso,Venta Industria,Frutales Tucumán SRL,393247.4,ARS,2024-07-07,Cobrado,Caja Operativa,Operaciones
2024-05-31,2024,Ingreso,Venta Industria,Frutales Tucumán SRL,296364.66,ARS,2024-06-25,Cobrado,Banco Galicia,Operaciones
2024-05-31,2024,Ingreso,Venta Mercado Interno,Central de Frutas SA,2200411.13,ARS,2024-06-20,Cobrado,Banco BBVA,Operaciones
2024-05-31,2024,Ingreso,Venta Mercado Interno,Central de Frutas SA,1038352.28,ARS,2024-06-14,Cobrado,Banco BBVA,Operaciones
2024-05-31,2024,Ingreso,Venta Mercado Interno,Central de Frutas SA,1101289.11,ARS,2024-06-13,Cobrado,Caja Operativa,Operaciones
2024-05-31,2024,Ingreso,Venta Mercado Interno,Central de Frutas SA,1200238.6,ARS,2024-06-16,Cobrado,Banco Galicia,Operaciones
2024-05-31,2024,Ingreso,Venta Mercado Interno,Frutales del Norte SRL,1510085.44,ARS,2024-06-12,Pendiente,Banco Nación,Operaciones
2024-05-31,2024,Ingreso,Venta Mercado Interno,Frutales del Norte SRL,2084811.88,ARS,2024-06-14,Cobrado,Banco BBVA,Operaciones
2024-05-31,2024,Ingreso,Venta Mercado Interno,Frutales del Norte SRL,1476162.31,ARS,2024-06-16,Cobrado,Caja Operativa,Operaciones
2024-05-31,2024,Ingreso,Venta Mercado Interno,Frutales del Norte SRL,1366496.53,ARS,2024-06-11,Cobrado,Banco BBVA,Operaciones
2024-05-31,2024,Ingreso,Venta Mercado Interno,Frutales del Norte SRL,1961849.22,ARS,2024-06-23,Pendiente,Banco Nación,Operaciones
2024-05-31,2024,Ingreso,Venta Mercado Interno,Frutales del Norte SRL,700048.41,ARS,2024-06-11,Cobrado,Banco Galicia,Operaciones
2024-05-31,2024,Ingreso,Venta Mercado Interno,Frutales del Norte SRL,1853220.95,ARS,2024-06-21,Vencido,Banco Galicia,Operaciones
2024-05-31,2024,Ingreso,Venta Mercado Interno,Frutales del Norte SRL,1112099.17,ARS,2024-06-13,Cobrado,Banco BBVA,Operaciones
2024-05-31,2024,Ingreso,Venta Mercado Interno,Frutales del Norte SRL,1430133.0,ARS,2024-06-18,Pendiente,Banco Galicia,Operaciones
2024-05-31,2024,Ingreso,Venta Mercado Interno,Frutales del Norte SRL,813545.57,ARS,2024-06-12,Cobrado,Banco Nación,Operaciones
2024-05-31,2024,Ingreso,Venta Mercado Interno,Supermercados Norte SA,661782.79,ARS,2024-06-19,Cobrado,Banco BBVA,Operaciones
2024-05-31,2024,Ingreso,Venta Mercado Interno,Supermercados Norte SA,2524883.4,ARS,2024-06-21,Cobrado,Banco Galicia,Operaciones
2024-05-31,2024,Ingreso,Venta Mercado Interno,Supermercados Norte SA,1699490.45,ARS,2024-06-17,Pendiente,Banco Galicia,Operaciones
2024-06-07,2024,Egreso,Certificaciones,Certificaciones Global GAP,1697293.71,ARS,2024-06-24,Pendiente,Banco Galicia,Operaciones
2024-06-07,2024,Egreso,Comisiones,Broker Comercial Citrus,1103578.57,ARS,2024-06-12,Pagado,Banco Nación,Operaciones
2024-06-07,2024,Egreso,Control de calidad,Envases del Tucumán,8342181.44,ARS,2024-06-15,Pagado,Banco Galicia,Operaciones
2024-06-07,2024,Egreso,Despacho aduana,FríoAndes Logística,10195644.95,ARS,2024-06-15,Pendiente,Banco Nación,Operaciones
2024-06-07,2024,Egreso,Energía,Envases del Tucumán,9326917.67,ARS,2024-06-18,Pagado,Banco BBVA,Operaciones
2024-06-07,2024,Egreso,Envases y embalajes,TecnoPacking SRL,8349491.12,ARS,2024-06-23,Pagado,Banco BBVA,Operaciones
2024-06-07,2024,Egreso,Fitosanitarios,Cooperativa Citrícola,7829120.26,ARS,2024-06-16,Pagado,Banco Galicia,Operaciones
2024-06-07,2024,Egreso,Flete exportación,Transportes del Norte SA,8145699.31,ARS,2024-06-22,Pagado,Banco Galicia,Operaciones
2024-06-07,2024,Egreso,Flete interno,Transportes del Norte SA,10466930.86,ARS,2024-06-14,Pagado,Banco Nación,Operaciones
2024-06-07,2024,Egreso,Frigorífico,FríoAndes Logística,8119362.35,ARS,2024-06-16,Pagado,Banco BBVA,Operaciones
2024-06-07,2024,Egreso,Gastos generales,AFIP,1017574.36,ARS,2024-06-17,Pagado,Banco Nación,Operaciones
2024-06-07,2024,Egreso,Honorarios,AFIP,1979679.98,ARS,2024-06-25,Pagado,Banco Nación,Operaciones
2024-06-07,2024,Egreso,Impuestos,DGR Tucumán,1508156.98,ARS,2024-06-19,Pagado,Caja Operativa,Impuestos
2024-06-07,2024,Egreso,Insumos agrícolas,Agroinsumos SA,6294147.14,ARS,2024-06-25,Pagado,Caja Operativa,Operaciones
2024-06-07,2024,Egreso,Mano de obra cosecha,Agroinsumos SA,8857264.31,ARS,2024-06-20,Pagado,Banco Nación,Operaciones
2024-06-07,2024,Egreso,Mano de obra empaque,Energía Tucumán SA,7026448.87,ARS,2024-06-24,Pagado,Banco Galicia,Operaciones
2024-06-07,2024,Egreso,Mantenimiento líneas,Energía Tucumán SA,9350240.73,ARS,2024-06-16,Pendiente,Banco Nación,Operaciones
2024-06-07,2024,Egreso,Maquinaria,Cooperativa Citrícola,8871204.95,ARS,2024-06-18,Pendiente,Banco BBVA,Operaciones
2024-06-07,2024,Egreso,Promoción comercial,Broker Comercial Citrus,1905229.68,ARS,2024-06-21,Pagado,Banco BBVA,Operaciones
2024-06-07,2024,Egreso,Riego,Cooperativa Citrícola,7845215.3,ARS,2024-06-23,Pagado,Caja Operativa,Operaciones
2024-06-07,2024,Egreso,Seguros,AFIP,1127674.2,ARS,2024-06-23,Pagado,Banco BBVA,Impuestos
2024-06-07,2024,Egreso,Sueldos administración,AFIP,1000781.37,ARS,2024-06-25,Pagado,Caja Operativa,Operaciones
2024-06-07,2024,Egreso,Viajes comerciales,Certificaciones Global GAP,1136757.43,ARS,2024-06-21,Pagado,Banco Nación,Operaciones
2024-06-07,2024,Ingreso,Venta Exportación,Al Salam Trading,2766367.6,ARS,2024-07-15,Cobrado,Caja Operativa,Operaciones
2024-06-07,2024,Ingreso,Venta Exportación,Al Salam Trading,966573.17,ARS,2024-06-25,Pendiente,Banco Nación,Operaciones
2024-06-07,2024,Ingreso,Venta Exportación,Al Salam Trading,2451591.15,ARS,2024-07-01,Cobrado,Caja Operativa,Operaciones
2024-06-07,2024,Ingreso,Venta Exportación,Al Salam Trading,4661213.26,ARS,2024-07-14,Cobrado,Banco Nación,Operaciones
2024-06-07,2024,Ingreso,Venta Exportación,Citrus World Ltd,10312767.6,ARS,2024-07-10,Cobrado,Banco BBVA,Operaciones
2024-06-07,2024,Ingreso,Venta Exportación,Citrus World Ltd,3963761.11,ARS,2024-07-10,Cobrado,Caja Operativa,Operaciones
2024-06-07,2024,Ingreso,Venta Exportación,Citrus World Ltd,10553362.12,ARS,2024-07-10,Cobrado,Caja Operativa,Operaciones
2024-06-07,2024,Ingreso,Venta Exportación,Citrus World Ltd,6293682.46,ARS,2024-07-05,Cobrado,Caja Operativa,Operaciones
2024-06-07,2024,Ingreso,Venta Exportación,Fischer Import GmbH,5735888.98,ARS,2024-07-06,Cobrado,Banco BBVA,Operaciones
2024-06-07,2024,Ingreso,Venta Exportación,Fischer Import GmbH,3188697.58,ARS,2024-07-12,Cobrado,Banco Nación,Operaciones
2024-06-07,2024,Ingreso,Venta Exportación,Fischer Import GmbH,9005310.14,ARS,2024-07-09,Cobrado,Banco Galicia,Operaciones
2024-06-07,2024,Ingreso,Venta Exportación,Fischer Import GmbH,4618369.52,ARS,2024-07-03,Cobrado,Banco Nación,Operaciones
2024-06-07,2024,Ingreso,Venta Exportación,Fischer Import GmbH,8532823.17,ARS,2024-07-12,Cobrado,Banco BBVA,Operaciones
2024-06-07,2024,Ingreso,Venta Exportación,Fischer Import GmbH,7354430.91,ARS,2024-06-28,Cobrado,Banco BBVA,Operaciones
2024-06-07,2024,Ingreso,Venta Exportación,Fischer Import GmbH,3480058.55,ARS,2024-07-13,Cobrado,Caja Operativa,Operaciones
2024-06-07,2024,Ingreso,Venta Exportación,Fischer Import GmbH,9375879.1,ARS,2024-07-03,Cobrado,Banco Nación,Operaciones
2024-06-07,2024,Ingreso,Venta Exportación,Fischer Import GmbH,8103412.62,ARS,2024-07-13,Cobrado,Banco Nación,Operaciones
2024-06-07,2024,Ingreso,Venta Exportación,Fischer Import GmbH,4921231.84,ARS,2024-07-03,Cobrado,Banco Galicia,Operaciones
2024-06-07,2024,Ingreso,Venta Exportación,Medifresh SA,4710253.61,ARS,2024-07-04,Cobrado,Caja Operativa,Operaciones
2024-06-07,2024,Ingreso,Venta Exportación,Medifresh SA,6526427.5,ARS,2024-07-05,Pendiente,Caja Operativa,Operaciones
2024-06-07,2024,Ingreso,Venta Exportación,Medifresh SA,952046.1,ARS,2024-07-10,Pendiente,Banco Nación,Operaciones
2024-06-07,2024,Ingreso,Venta Exportación,Medifresh SA,2103883.89,ARS,2024-06-26,Cobrado,Banco Nación,Operaciones
2024-06-07,2024,Ingreso,Venta Exportación,Medifresh SA,5635592.82,ARS,2024-06-27,Cobrado,Banco Galicia,Operaciones
2024-06-07,2024,Ingreso,Venta Exportación,Medifresh SA,8315797.58,ARS,2024-07-12,Cobrado,Banco Nación,Operaciones
2024-06-07,2024,Ingreso,Venta Industria,Citromax SA,397668.66,ARS,2024-07-05,Cobrado,Banco BBVA,Operaciones
2024-06-07,2024,Ingreso,Venta Industria,Citromax SA,651062.63,ARS,2024-07-17,Cobrado,Banco BBVA,Operaciones
2024-06-07,2024,Ingreso,Venta Industria,Citromax SA,341133.17,ARS,2024-07-07,Cobrado,Banco Nación,Operaciones
2024-06-07,2024,Ingreso,Venta Industria,Citromax SA,267736.83,ARS,2024-07-15,Cobrado,Banco BBVA,Operaciones
2024-06-07,2024,Ingreso,Venta Industria,Citromax SA,525107.6,ARS,2024-07-19,Vencido,Banco Galicia,Operaciones
2024-06-07,2024,Ingreso,Venta Industria,Citromax SA,358536.3,ARS,2024-07-08,Cobrado,Caja Operativa,Operaciones
2024-06-07,2024,Ingreso,Venta Industria,Citromax SA,355852.14,ARS,2024-06-30,Cobrado,Caja Operativa,Operaciones
2024-06-07,2024,Ingreso,Venta Industria,Citromax SA,490275.74,ARS,2024-07-13,Cobrado,Banco BBVA,Operaciones
2024-06-07,2024,Ingreso,Venta Industria,Citromax SA,260924.92,ARS,2024-07-06,Cobrado,Banco Galicia,Operaciones
2024-06-07,2024,Ingreso,Venta Industria,Citromax SA,693981.72,ARS,2024-06-29,Pendiente,Banco Galicia,Operaciones
2024-06-07,2024,Ingreso,Venta Industria,Citromax SA,445652.9,ARS,2024-07-04,Cobrado,Banco BBVA,Operaciones
2024-06-07,2024,Ingreso,Venta Industria,Citromax SA,488182.1,ARS,2024-07-11,Cobrado,Banco Galicia,Operaciones
2024-06-07,2024,Ingreso,Venta Industria,Citromax SA,382363.23,ARS,2024-07-10,Cobrado,Banco BBVA,Operaciones
2024-06-07,2024,Ingreso,Venta Industria,Citromax SA,466842.19,ARS,2024-07-16,Cobrado,Caja Operativa,Operaciones
2024-06-07,2024,Ingreso,Venta Industria,Frutales Tucumán SRL,401387.97,ARS,2024-07-12,Cobrado,Banco Galicia,Operaciones
2024-06-07,2024,Ingreso,Venta Industria,Frutales Tucumán SRL,449493.8,ARS,2024-06-27,Cobrado,Banco BBVA,Operaciones
2024-06-07,2024,Ingreso,Venta Industria,Frutales Tucumán SRL,563442.82,ARS,2024-07-04,Cobrado,Banco Galicia,Operaciones
2024-06-07,2024,Ingreso,Venta Mercado Interno,Central de Frutas SA,1612208.63,ARS,2024-07-01,Cobrado,Banco Nación,Operaciones
2024-06-07,2024,Ingreso,Venta Mercado Interno,Central de Frutas SA,1870230.66,ARS,2024-06-18,Cobrado,Banco Galicia,Operaciones
2024-06-07,2024,Ingreso,Venta Mercado Interno,Central de Frutas SA,949799.25,ARS,2024-06-25,Cobrado,Banco BBVA,Operaciones
2024-06-07,2024,Ingreso,Venta Mercado Interno,Central de Frutas SA,1393299.67,ARS,2024-06-18,Cobrado,Caja Operativa,Operaciones
2024-06-07,2024,Ingreso,Venta Mercado Interno,Frutales del Norte SRL,1648055.85,ARS,2024-06-17,Cobrado,Banco BBVA,Operaciones
2024-06-07,2024,Ingreso,Venta Mercado Interno,Frutales del Norte SRL,2060586.99,ARS,2024-06-21,Cobrado,Caja Operativa,Operaciones
2024-06-07,2024,Ingreso,Venta Mercado Interno,Frutales del Norte SRL,1501211.86,ARS,2024-06-26,Cobrado,Banco Galicia,Operaciones
2024-06-07,2024,Ingreso,Venta Mercado Interno,Frutales del Norte SRL,1247818.5,ARS,2024-06-24,Cobrado,Banco Nación,Operaciones
2024-06-07,2024,Ingreso,Venta Mercado Interno,Frutales del Norte SRL,1247977.47,ARS,2024-06-30,Cobrado,Banco Galicia,Operaciones
2024-06-07,2024,Ingreso,Venta Mercado Interno,La Morenita SA,1607487.87,ARS,2024-06-18,Cobrado,Caja Operativa,Operaciones
2024-06-07,2024,Ingreso,Venta Mercado Interno,La Morenita SA,1493470.08,ARS,2024-06-17,Cobrado,Banco Nación,Operaciones
2024-06-07,2024,Ingreso,Venta Mercado Interno,La Morenita SA,2410435.35,ARS,2024-06-22,Cobrado,Banco Galicia,Operaciones
2024-06-07,2024,Ingreso,Venta Mercado Interno,La Morenita SA,983891.2,ARS,2024-06-21,Cobrado,Banco BBVA,Operaciones
2024-06-07,2024,Ingreso,Venta Mercado Interno,La Morenita SA,1894232.51,ARS,2024-06-24,Cobrado,Caja Operativa,Operaciones
2024-06-07,2024,Ingreso,Venta Mercado Interno,Supermercados Norte SA,1054661.48,ARS,2024-06-20,Cobrado,Banco BBVA,Operaciones
2024-06-07,2024,Ingreso,Venta Mercado Interno,Supermercados Norte SA,1074253.76,ARS,2024-06-26,Pendiente,Banco Nación,Operaciones
2024-06-07,2024,Ingreso,Venta Mercado Interno,Supermercados Norte SA,1724249.19,ARS,2024-06-30,Cobrado,Banco Galicia,Operaciones
2024-06-14,2024,Egreso,Certificaciones,Broker Comercial Citrus,612389.83,ARS,2024-06-20,Pendiente,Banco Galicia,Operaciones
2024-06-14,2024,Egreso,Comisiones,Promoción de Mercados SA,2036152.74,ARS,2024-06-22,Pendiente,Banco Nación,Operaciones
2024-06-14,2024,Egreso,Control de calidad,Envases del Tucumán,9282763.79,ARS,2024-06-28,Pagado,Caja Operativa,Operaciones
2024-06-14,2024,Egreso,Despacho aduana,Despachos del NOA,5534683.02,ARS,2024-07-02,Pendiente,Banco Galicia,Operaciones
2024-06-14,2024,Egreso,Energía,TecnoPacking SRL,7487327.01,ARS,2024-06-30,Pagado,Banco Nación,Operaciones
2024-06-14,2024,Egreso,Envases y embalajes,Energía Tucumán SA,10135550.81,ARS,2024-06-30,Pagado,Banco BBVA,Operaciones
2024-06-14,2024,Egreso,Fitosanitarios,Cooperativa Citrícola,7769398.45,ARS,2024-06-28,Pagado,Banco Nación,Operaciones
2024-06-14,2024,Egreso,Flete exportación,Transportes del Norte SA,7263786.89,ARS,2024-07-02,Pagado,Banco Galicia,Operaciones
2024-06-14,2024,Egreso,Flete interno,Transportes del Norte SA,16878222.56,ARS,2024-07-01,Pagado,Banco Galicia,Operaciones
2024-06-14,2024,Egreso,Frigorífico,FríoAndes Logística,7491432.21,ARS,2024-06-30,Pagado,Banco BBVA,Operaciones
2024-06-14,2024,Egreso,Gastos generales,Contaduría Castillo,630258.15,ARS,2024-07-09,Pagado,Banco BBVA,Operaciones
2024-06-14,2024,Egreso,Honorarios,DGR Tucumán,1651179.25,ARS,2024-07-05,Pagado,Banco Nación,Impuestos
2024-06-14,2024,Egreso,Impuestos,AFIP,1172320.06,ARS,2024-06-25,Pagado,Banco BBVA,Impuestos
2024-06-14,2024,Egreso,Insumos agrícolas,Agroinsumos SA,3691034.6,ARS,2024-06-28,Pagado,Caja Operativa,Operaciones
2024-06-14,2024,Egreso,Mano de obra cosecha,Agroinsumos SA,9899862.17,ARS,2024-07-01,Pagado,Banco Nación,Operaciones
2024-06-14,2024,Egreso,Mano de obra empaque,Envases del Tucumán,7001092.7,ARS,2024-06-30,Pagado,Caja Operativa,Operaciones
2024-06-14,2024,Egreso,Mantenimiento líneas,Energía Tucumán SA,12178481.31,ARS,2024-06-20,Pagado,Caja Operativa,Operaciones
2024-06-14,2024,Egreso,Maquinaria,Cooperativa Citrícola,10382508.25,ARS,2024-06-19,Pendiente,Banco Nación,Operaciones
2024-06-14,2024,Egreso,Promoción comercial,Certificaciones Global GAP,1952657.64,ARS,2024-06-22,Pagado,Banco BBVA,Operaciones
2024-06-14,2024,Egreso,Riego,Cooperativa Citrícola,9606251.26,ARS,2024-06-20,Pagado,Banco Galicia,Operaciones
2024-06-14,2024,Egreso,Seguros,Contaduría Castillo,1101686.82,ARS,2024-06-24,Pagado,Caja Operativa,Operaciones
2024-06-14,2024,Egreso,Sueldos administración,Contaduría Castillo,1548758.19,ARS,2024-07-08,Vencido,Banco BBVA,Operaciones
2024-06-14,2024,Egreso,Viajes comerciales,Promoción de Mercados SA,1157724.86,ARS,2024-06-22,Vencido,Caja Operativa,Operaciones
2024-06-14,2024,Ingreso,Venta Exportación,Al Salam Trading,3173931.24,ARS,2024-07-06,Pendiente,Banco Galicia,Operaciones
2024-06-14,2024,Ingreso,Venta Exportación,Al Salam Trading,9123825.32,ARS,2024-07-04,Cobrado,Banco BBVA,Operaciones
2024-06-14,2024,Ingreso,Venta Exportación,Al Salam Trading,4470620.83,ARS,2024-07-10,Pendiente,Banco Galicia,Operaciones
2024-06-14,2024,Ingreso,Venta Exportación,Citrus World Ltd,8460076.94,ARS,2024-07-03,Cobrado,Caja Operativa,Operaciones
2024-06-14,2024,Ingreso,Venta Exportación,Citrus World Ltd,6673561.4,ARS,2024-07-09,Cobrado,Banco BBVA,Operaciones
2024-06-14,2024,Ingreso,Venta Exportación,Citrus World Ltd,6748172.54,ARS,2024-07-07,Cobrado,Caja Operativa,Operaciones
2024-06-14,2024,Ingreso,Venta Exportación,Citrus World Ltd,3083513.49,ARS,2024-07-08,Cobrado,Banco Nación,Operaciones
2024-06-14,2024,Ingreso,Venta Exportación,Fischer Import GmbH,8490598.96,ARS,2024-07-23,Cobrado,Banco Galicia,Operaciones
2024-06-14,2024,Ingreso,Venta Exportación,Fischer Import GmbH,4561899.65,ARS,2024-07-22,Pendiente,Caja Operativa,Operaciones
2024-06-14,2024,Ingreso,Venta Exportación,Fischer Import GmbH,8973420.26,ARS,2024-07-14,Cobrado,Banco Nación,Operaciones
2024-06-14,2024,Ingreso,Venta Exportación,Fischer Import GmbH,7047449.05,ARS,2024-07-20,Cobrado,Banco Nación,Operaciones
2024-06-14,2024,Ingreso,Venta Exportación,Fischer Import GmbH,7005571.78,ARS,2024-07-11,Pendiente,Banco Nación,Operaciones
2024-06-14,2024,Ingreso,Venta Exportación,Fischer Import GmbH,6024881.09,ARS,2024-07-06,Cobrado,Banco BBVA,Operaciones
2024-06-14,2024,Ingreso,Venta Exportación,Fischer Import GmbH,10524893.94,ARS,2024-07-11,Pendiente,Banco Nación,Operaciones
2024-06-14,2024,Ingreso,Venta Exportación,Fischer Import GmbH,4756003.39,ARS,2024-07-18,Pendiente,Banco Nación,Operaciones
2024-06-14,2024,Ingreso,Venta Exportación,Medifresh SA,26108.91,ARS,2024-07-09,Cobrado,Banco Nación,Operaciones
2024-06-14,2024,Ingreso,Venta Exportación,Medifresh SA,11292292.55,ARS,2024-07-07,Cobrado,Banco Galicia,Operaciones
2024-06-14,2024,Ingreso,Venta Exportación,Medifresh SA,5592548.7,ARS,2024-07-23,Cobrado,Banco Nación,Operaciones
2024-06-14,2024,Ingreso,Venta Exportación,Medifresh SA,3394538.13,ARS,2024-07-06,Cobrado,Banco BBVA,Operaciones
2024-06-14,2024,Ingreso,Venta Exportación,Medifresh SA,2756907.37,ARS,2024-07-12,Cobrado,Banco BBVA,Operaciones
2024-06-14,2024,Ingreso,Venta Exportación,Medifresh SA,3752242.31,ARS,2024-07-22,Pendiente,Caja Operativa,Operaciones
2024-06-14,2024,Ingreso,Venta Exportación,Medifresh SA,7092606.81,ARS,2024-07-18,Cobrado,Caja Operativa,Operaciones
2024-06-14,2024,Ingreso,Venta Exportación,Medifresh SA,5465302.44,ARS,2024-07-23,Pendiente,Banco BBVA,Operaciones
2024-06-14,2024,Ingreso,Venta Industria,Citromax SA,380919.13,ARS,2024-07-11,Cobrado,Banco Galicia,Operaciones
2024-06-14,2024,Ingreso,Venta Industria,Citromax SA,301504.93,ARS,2024-07-27,Cobrado,Banco Galicia,Operaciones
2024-06-14,2024,Ingreso,Venta Industria,Citromax SA,246851.63,ARS,2024-07-26,Cobrado,Banco Nación,Operaciones
2024-06-14,2024,Ingreso,Venta Industria,Citromax SA,455163.35,ARS,2024-07-13,Cobrado,Banco Nación,Operaciones
2024-06-14,2024,Ingreso,Venta Industria,Citromax SA,366956.45,ARS,2024-07-12,Cobrado,Banco Nación,Operaciones
2024-06-14,2024,Ingreso,Venta Industria,Citromax SA,420339.02,ARS,2024-07-23,Cobrado,Banco Nación,Operaciones
2024-06-14,2024,Ingreso,Venta Industria,Citromax SA,347177.36,ARS,2024-07-15,Pendiente,Banco BBVA,Operaciones
2024-06-14,2024,Ingreso,Venta Industria,Citromax SA,750358.26,ARS,2024-07-15,Cobrado,Banco Nación,Operaciones
2024-06-14,2024,Ingreso,Venta Industria,Citromax SA,417913.93,ARS,2024-07-08,Cobrado,Banco Nación,Operaciones
2024-06-14,2024,Ingreso,Venta Industria,Citromax SA,494505.38,ARS,2024-07-22,Cobrado,Caja Operativa,Operaciones
2024-06-14,2024,Ingreso,Venta Industria,Citromax SA,422509.87,ARS,2024-07-23,Cobrado,Banco Galicia,Operaciones
2024-06-14,2024,Ingreso,Venta Industria,Frutales Tucumán SRL,537047.61,ARS,2024-07-29,Cobrado,Banco Nación,Operaciones
2024-06-14,2024,Ingreso,Venta Industria,Frutales Tucumán SRL,339224.67,ARS,2024-07-17,Cobrado,Caja Operativa,Operaciones
2024-06-14,2024,Ingreso,Venta Industria,Frutales Tucumán SRL,585629.13,ARS,2024-07-06,Cobrado,Caja Operativa,Operaciones
2024-06-14,2024,Ingreso,Venta Industria,Frutales Tucumán SRL,315318.73,ARS,2024-07-14,Cobrado,Caja Operativa,Operaciones
2024-06-14,2024,Ingreso,Venta Industria,Frutales Tucumán SRL,621983.99,ARS,2024-07-13,Cobrado,Caja Operativa,Operaciones
2024-06-14,2024,Ingreso,Venta Industria,Frutales Tucumán SRL,566220.73,ARS,2024-07-08,Cobrado,Banco BBVA,Operaciones
2024-06-14,2024,Ingreso,Venta Mercado Interno,Central de Frutas SA,973457.65,ARS,2024-07-08,Cobrado,Banco Nación,Operaciones
2024-06-14,2024,Ingreso,Venta Mercado Interno,Central de Frutas SA,3013306.53,ARS,2024-06-30,Cobrado,Banco Nación,Operaciones
2024-06-14,2024,Ingreso,Venta Mercado Interno,Central de Frutas SA,2296429.14,ARS,2024-07-06,Cobrado,Caja Operativa,Operaciones
2024-06-14,2024,Ingreso,Venta Mercado Interno,Frutales del Norte SRL,1876630.05,ARS,2024-07-02,Cobrado,Banco BBVA,Operaciones
2024-06-14,2024,Ingreso,Venta Mercado Interno,Frutales del Norte SRL,1116037.75,ARS,2024-07-04,Cobrado,Banco BBVA,Operaciones
2024-06-14,2024,Ingreso,Venta Mercado Interno,Frutales del Norte SRL,1654132.19,ARS,2024-07-04,Cobrado,Banco Nación,Operaciones
2024-06-14,2024,Ingreso,Venta Mercado Interno,La Morenita SA,1761921.12,ARS,2024-07-01,Cobrado,Banco Galicia,Operaciones
2024-06-14,2024,Ingreso,Venta Mercado Interno,La Morenita SA,921840.64,ARS,2024-06-27,Vencido,Banco Nación,Operaciones
2024-06-14,2024,Ingreso,Venta Mercado Interno,La Morenita SA,1564850.69,ARS,2024-07-08,Cobrado,Banco BBVA,Operaciones
2024-06-14,2024,Ingreso,Venta Mercado Interno,La Morenita SA,1604471.42,ARS,2024-06-29,Cobrado,Banco Nación,Operaciones
2024-06-14,2024,Ingreso,Venta Mercado Interno,La Morenita SA,1662270.12,ARS,2024-07-07,Pendiente,Caja Operativa,Operaciones
2024-06-14,2024,Ingreso,Venta Mercado Interno,La Morenita SA,1292657.03,ARS,2024-06-29,Pendiente,Banco BBVA,Operaciones
2024-06-14,2024,Ingreso,Venta Mercado Interno,La Morenita SA,994840.19,ARS,2024-07-01,Pendiente,Banco BBVA,Operaciones
2024-06-14,2024,Ingreso,Venta Mercado Interno,Supermercados Norte SA,2186512.49,ARS,2024-06-24,Cobrado,Banco Galicia,Operaciones
2024-06-14,2024,Ingreso,Venta Mercado Interno,Supermercados Norte SA,1456155.68,ARS,2024-07-07,Pendiente,Banco Galicia,Operaciones
2024-06-14,2024,Ingreso,Venta Mercado Interno,Supermercados Norte SA,1731208.18,ARS,2024-06-29,Cobrado,Banco Galicia,Operaciones
2024-06-14,2024,Ingreso,Venta Mercado Interno,Supermercados Norte SA,1298819.21,ARS,2024-07-04,Cobrado,Banco Nación,Operaciones
2024-06-21,2024,Egreso,Certificaciones,Broker Comercial Citrus,1504341.27,ARS,2024-06-27,Pagado,Banco Nación,Operaciones
2024-06-21,2024,Egreso,Comisiones,Certificaciones Global GAP,878033.42,ARS,2024-07-05,Pendiente,Caja Operativa,Operaciones
2024-06-21,2024,Egreso,Control de calidad,Energía Tucumán SA,7391439.13,ARS,2024-06-29,Pendiente,Banco BBVA,Operaciones
2024-06-21,2024,Egreso,Despacho aduana,Despachos del NOA,10629231.83,ARS,2024-07-03,Pendiente,Banco BBVA,Operaciones
2024-06-21,2024,Egreso,Energía,Envases del Tucumán,9499992.35,ARS,2024-07-09,Pagado,Banco BBVA,Operaciones
2024-06-21,2024,Egreso,Envases y embalajes,TecnoPacking SRL,9157198.86,ARS,2024-06-28,Pagado,Banco BBVA,Operaciones
2024-06-21,2024,Egreso,Fitosanitarios,Agroinsumos SA,6989210.97,ARS,2024-07-06,Pendiente,Caja Operativa,Operaciones
2024-06-21,2024,Egreso,Flete exportación,Despachos del NOA,8588017.96,ARS,2024-07-09,Pendiente,Banco Galicia,Operaciones
2024-06-21,2024,Egreso,Flete interno,FríoAndes Logística,8414993.7,ARS,2024-07-04,Pagado,Caja Operativa,Operaciones
2024-06-21,2024,Egreso,Frigorífico,Transportes del Norte SA,6997709.7,ARS,2024-06-26,Pagado,Banco Galicia,Operaciones
2024-06-21,2024,Egreso,Gastos generales,AFIP,1397246.72,ARS,2024-07-13,Pagado,Banco Galicia,Impuestos
2024-06-21,2024,Egreso,Honorarios,DGR Tucumán,784155.55,ARS,2024-07-02,Pagado,Banco Galicia,Operaciones
2024-06-21,2024,Egreso,Impuestos,Contaduría Castillo,1322513.75,ARS,2024-07-10,Pagado,Banco Galicia,Operaciones
2024-06-21,2024,Egreso,Insumos agrícolas,Cooperativa Citrícola,10193697.83,ARS,2024-07-06,Pagado,Banco Galicia,Operaciones
2024-06-21,2024,Egreso,Mano de obra cosecha,Servicios Rurales del NOA,8634646.02,ARS,2024-07-05,Pagado,Banco BBVA,Operaciones
2024-06-21,2024,Egreso,Mano de obra empaque,TecnoPacking SRL,10870598.94,ARS,2024-06-27,Pagado,Banco Nación,Operaciones
2024-06-21,2024,Egreso,Mantenimiento líneas,Envases del Tucumán,7693111.76,ARS,2024-07-05,Pagado,Banco Nación,Operaciones
2024-06-21,2024,Egreso,Maquinaria,Agroinsumos SA,5797572.32,ARS,2024-07-07,Pagado,Banco Galicia,Operaciones
2024-06-21,2024,Egreso,Promoción comercial,Certificaciones Global GAP,1774455.13,ARS,2024-07-05,Pagado,Banco Nación,Operaciones
2024-06-21,2024,Egreso,Riego,Servicios Rurales del NOA,7638723.63,ARS,2024-06-27,Pagado,Banco Nación,Operaciones
2024-06-21,2024,Egreso,Seguros,AFIP,1227839.79,ARS,2024-07-06,Pagado,Caja Operativa,Impuestos
2024-06-21,2024,Egreso,Sueldos administración,Contaduría Castillo,1875092.36,ARS,2024-07-03,Pagado,Banco Galicia,Operaciones
2024-06-21,2024,Egreso,Viajes comerciales,Certificaciones Global GAP,1669681.03,ARS,2024-07-08,Pagado,Banco BBVA,Operaciones
2024-06-21,2024,Ingreso,Venta Exportación,Al Salam Trading,5844803.34,ARS,2024-07-16,Cobrado,Banco BBVA,Operaciones
2024-06-21,2024,Ingreso,Venta Exportación,Al Salam Trading,483536.62,ARS,2024-07-14,Cobrado,Caja Operativa,Operaciones
2024-06-21,2024,Ingreso,Venta Exportación,Al Salam Trading,3154733.79,ARS,2024-07-19,Cobrado,Banco Nación,Operaciones
2024-06-21,2024,Ingreso,Venta Exportación,Al Salam Trading,5571915.53,ARS,2024-07-19,Cobrado,Caja Operativa,Operaciones
2024-06-21,2024,Ingreso,Venta Exportación,Citrus World Ltd,10124763.86,ARS,2024-07-12,Cobrado,Banco Galicia,Operaciones
2024-06-21,2024,Ingreso,Venta Exportación,Citrus World Ltd,4130724.54,ARS,2024-07-31,Cobrado,Caja Operativa,Operaciones
2024-06-21,2024,Ingreso,Venta Exportación,Citrus World Ltd,8372594.0,ARS,2024-07-11,Cobrado,Banco Nación,Operaciones
2024-06-21,2024,Ingreso,Venta Exportación,Citrus World Ltd,2024149.25,ARS,2024-07-23,Cobrado,Banco Nación,Operaciones
2024-06-21,2024,Ingreso,Venta Exportación,Citrus World Ltd,7035631.59,ARS,2024-07-09,Pendiente,Banco Nación,Operaciones
2024-06-21,2024,Ingreso,Venta Exportación,Citrus World Ltd,6673887.93,ARS,2024-07-13,Cobrado,Banco BBVA,Operaciones
2024-06-21,2024,Ingreso,Venta Exportación,Citrus World Ltd,7096574.41,ARS,2024-07-16,Vencido,Banco Nación,Operaciones
2024-06-21,2024,Ingreso,Venta Exportación,Citrus World Ltd,4200621.2,ARS,2024-07-13,Cobrado,Banco Galicia,Operaciones
2024-06-21,2024,Ingreso,Venta Exportación,Citrus World Ltd,3977399.13,ARS,2024-07-21,Cobrado,Banco BBVA,Operaciones
2024-06-21,2024,Ingreso,Venta Exportación,Citrus World Ltd,6691934.88,ARS,2024-07-22,Cobrado,Banco BBVA,Operaciones
2024-06-21,2024,Ingreso,Venta Exportación,Fischer Import GmbH,7090494.7,ARS,2024-07-09,Cobrado,Banco BBVA,Operaciones
2024-06-21,2024,Ingreso,Venta Exportación,Fischer Import GmbH,9369572.74,ARS,2024-07-18,Cobrado,Banco BBVA,Operaciones
2024-06-21,2024,Ingreso,Venta Exportación,Fischer Import GmbH,12236605.58,ARS,2024-07-16,Pendiente,Banco BBVA,Operaciones
2024-06-21,2024,Ingreso,Venta Exportación,Fischer Import GmbH,7668296.38,ARS,2024-07-19,Vencido,Banco Galicia,Operaciones
2024-06-21,2024,Ingreso,Venta Exportación,Fischer Import GmbH,5469564.24,ARS,2024-07-27,Cobrado,Caja Operativa,Operaciones
2024-06-21,2024,Ingreso,Venta Exportación,Fischer Import GmbH,4605807.43,ARS,2024-07-27,Cobrado,Banco Galicia,Operaciones
2024-06-21,2024,Ingreso,Venta Exportación,Medifresh SA,8419604.01,ARS,2024-07-11,Vencido,Banco Nación,Operaciones
2024-06-21,2024,Ingreso,Venta Industria,Citromax SA,412583.78,ARS,2024-07-30,Pendiente,Caja Operativa,Operaciones
2024-06-21,2024,Ingreso,Venta Industria,Citromax SA,356221.53,ARS,2024-07-29,Cobrado,Banco Nación,Operaciones
2024-06-21,2024,Ingreso,Venta Industria,Citromax SA,480638.47,ARS,2024-07-21,Cobrado,Banco Nación,Operaciones
2024-06-21,2024,Ingreso,Venta Industria,Citromax SA,436540.21,ARS,2024-07-15,Pendiente,Caja Operativa,Operaciones
2024-06-21,2024,Ingreso,Venta Industria,Citromax SA,378341.71,ARS,2024-07-17,Cobrado,Banco BBVA,Operaciones
2024-06-21,2024,Ingreso,Venta Industria,Citromax SA,371326.92,ARS,2024-07-30,Cobrado,Banco BBVA,Operaciones
2024-06-21,2024,Ingreso,Venta Industria,Citromax SA,549516.3,ARS,2024-07-17,Pendiente,Banco Nación,Operaciones
2024-06-21,2024,Ingreso,Venta Industria,Citromax SA,693267.84,ARS,2024-07-12,Cobrado,Banco Galicia,Operaciones
2024-06-21,2024,Ingreso,Venta Industria,Citromax SA,599316.21,ARS,2024-07-18,Cobrado,Banco Galicia,Operaciones
2024-06-21,2024,Ingreso,Venta Industria,Citromax SA,454402.22,ARS,2024-07-23,Pendiente,Banco Nación,Operaciones
2024-06-21,2024,Ingreso,Venta Industria,Citromax SA,327231.16,ARS,2024-07-17,Cobrado,Banco BBVA,Operaciones
2024-06-21,2024,Ingreso,Venta Industria,Frutales Tucumán SRL,388803.74,ARS,2024-07-30,Cobrado,Banco Galicia,Operaciones
2024-06-21,2024,Ingreso,Venta Industria,Frutales Tucumán SRL,404986.32,ARS,2024-08-01,Cobrado,Banco BBVA,Operaciones
2024-06-21,2024,Ingreso,Venta Industria,Frutales Tucumán SRL,263289.59,ARS,2024-07-20,Pendiente,Banco Galicia,Operaciones
2024-06-21,2024,Ingreso,Venta Industria,Frutales Tucumán SRL,348073.73,ARS,2024-07-13,Cobrado,Banco BBVA,Operaciones
2024-06-21,2024,Ingreso,Venta Industria,Frutales Tucumán SRL,383908.34,ARS,2024-07-20,Pendiente,Caja Operativa,Operaciones
2024-06-21,2024,Ingreso,Venta Industria,Frutales Tucumán SRL,440286.07,ARS,2024-07-24,Cobrado,Banco Nación,Operaciones
2024-06-21,2024,Ingreso,Venta Mercado Interno,Central de Frutas SA,2526337.52,ARS,2024-07-04,Cobrado,Caja Operativa,Operaciones
2024-06-21,2024,Ingreso,Venta Mercado Interno,Central de Frutas SA,2213940.62,ARS,2024-07-15,Pendiente,Banco BBVA,Operaciones
2024-06-21,2024,Ingreso,Venta Mercado Interno,Central de Frutas SA,1462347.56,ARS,2024-07-09,Cobrado,Banco Galicia,Operaciones
2024-06-21,2024,Ingreso,Venta Mercado Interno,Central de Frutas SA,2432656.42,ARS,2024-07-01,Cobrado,Banco Galicia,Operaciones
2024-06-21,2024,Ingreso,Venta Mercado Interno,Central de Frutas SA,2604285.33,ARS,2024-07-05,Cobrado,Banco Nación,Operaciones
2024-06-21,2024,Ingreso,Venta Mercado Interno,Frutales del Norte SRL,1511139.06,ARS,2024-07-03,Cobrado,Banco Galicia,Operaciones
2024-06-21,2024,Ingreso,Venta Mercado Interno,Frutales del Norte SRL,1667017.56,ARS,2024-07-12,Cobrado,Caja Operativa,Operaciones
2024-06-21,2024,Ingreso,Venta Mercado Interno,Frutales del Norte SRL,1417419.21,ARS,2024-07-14,Pendiente,Banco Nación,Operaciones
2024-06-21,2024,Ingreso,Venta Mercado Interno,La Morenita SA,1614164.91,ARS,2024-07-15,Cobrado,Banco Nación,Operaciones
2024-06-21,2024,Ingreso,Venta Mercado Interno,La Morenita SA,1447896.45,ARS,2024-07-12,Vencido,Banco BBVA,Operaciones
2024-06-21,2024,Ingreso,Venta Mercado Interno,La Morenita SA,970426.94,ARS,2024-07-04,Cobrado,Banco Galicia,Operaciones
2024-06-21,2024,Ingreso,Venta Mercado Interno,La Morenita SA,1436502.21,ARS,2024-07-06,Cobrado,Banco Nación,Operaciones
2024-06-21,2024,Ingreso,Venta Mercado Interno,Supermercados Norte SA,665340.17,ARS,2024-07-02,Cobrado,Banco Galicia,Operaciones
2024-06-21,2024,Ingreso,Venta Mercado Interno,Supermercados Norte SA,2152850.34,ARS,2024-07-05,Pendiente,Caja Operativa,Operaciones
2024-06-21,2024,Ingreso,Venta Mercado Interno,Supermercados Norte SA,1565721.76,ARS,2024-07-03,Cobrado,Banco Nación,Operaciones
2024-06-21,2024,Ingreso,Venta Mercado Interno,Supermercados Norte SA,2008157.26,ARS,2024-07-04,Cobrado,Banco Galicia,Operaciones
2024-06-21,2024,Ingreso,Venta Mercado Interno,Supermercados Norte SA,936740.04,ARS,2024-07-07,Cobrado,Banco Galicia,Operaciones
2024-06-25,2024,Ingreso,Adelanto exportación,Banco Nación - Prefinanciación,225972841.51,ARS,2024-07-25,Cobrado,Caja Operativa,Financiamiento
2024-06-28,2024,Egreso,Certificaciones,Certificaciones Global GAP,1403763.3,ARS,2024-07-06,Pagado,Banco Nación,Operaciones
2024-06-28,2024,Egreso,Comisiones,Promoción de Mercados SA,2617854.03,ARS,2024-07-13,Pagado,Caja Operativa,Operaciones
2024-06-28,2024,Egreso,Control de calidad,TecnoPacking SRL,8759030.64,ARS,2024-07-12,Pagado,Banco BBVA,Operaciones
2024-06-28,2024,Egreso,Despacho aduana,Despachos del NOA,9339214.71,ARS,2024-07-13,Pagado,Banco Nación,Operaciones
2024-06-28,2024,Egreso,Energía,Energía Tucumán SA,10872529.74,ARS,2024-07-12,Pagado,Caja Operativa,Operaciones
2024-06-28,2024,Egreso,Envases y embalajes,TecnoPacking SRL,6979566.27,ARS,2024-07-15,Pagado,Banco BBVA,Operaciones
2024-06-28,2024,Egreso,Fitosanitarios,Agroinsumos SA,9068626.95,ARS,2024-07-13,Pagado,Caja Operativa,Operaciones
2024-06-28,2024,Egreso,Flete exportación,Transportes del Norte SA,7186282.57,ARS,2024-07-03,Vencido,Banco Nación,Operaciones
2024-06-28,2024,Egreso,Flete interno,FríoAndes Logística,12801106.84,ARS,2024-07-15,Pagado,Banco Nación,Operaciones
2024-06-28,2024,Egreso,Frigorífico,FríoAndes Logística,8618925.57,ARS,2024-07-11,Pendiente,Caja Operativa,Operaciones
2024-06-28,2024,Egreso,Gastos generales,Contaduría Castillo,911218.09,ARS,2024-07-08,Pagado,Caja Operativa,Impuestos
2024-06-28,2024,Egreso,Honorarios,DGR Tucumán,480925.04,ARS,2024-07-08,Pagado,Banco BBVA,Impuestos
2024-06-28,2024,Egreso,Impuestos,DGR Tucumán,1151947.63,ARS,2024-07-21,Pendiente,Banco BBVA,Operaciones
2024-06-28,2024,Egreso,Insumos agrícolas,Agroinsumos SA,8055643.47,ARS,2024-07-09,Pagado,Caja Operativa,Operaciones
2024-06-28,2024,Egreso,Mano de obra cosecha,Cooperativa Citrícola,7807735.2,ARS,2024-07-12,Pagado,Banco Galicia,Operaciones
2024-06-28,2024,Egreso,Mano de obra empaque,Energía Tucumán SA,7869004.3,ARS,2024-07-09,Pagado,Caja Operativa,Operaciones
2024-06-28,2024,Egreso,Mantenimiento líneas,Energía Tucumán SA,11388666.11,ARS,2024-07-04,Pagado,Banco BBVA,Operaciones
2024-06-28,2024,Egreso,Maquinaria,Agroinsumos SA,10687111.24,ARS,2024-07-14,Pagado,Banco Nación,Operaciones
2024-06-28,2024,Egreso,Promoción comercial,Broker Comercial Citrus,1315643.48,ARS,2024-07-06,Pagado,Caja Operativa,Operaciones
2024-06-28,2024,Egreso,Riego,Cooperativa Citrícola,6253584.6,ARS,2024-07-11,Pagado,Banco Galicia,Operaciones
2024-06-28,2024,Egreso,Seguros,Contaduría Castillo,2053101.28,ARS,2024-07-23,Pagado,Caja Operativa,Operaciones
2024-06-28,2024,Egreso,Sueldos administración,Contaduría Castillo,2212891.41,ARS,2024-07-13,Pagado,Banco Nación,Operaciones
2024-06-28,2024,Egreso,Viajes comerciales,Broker Comercial Citrus,982111.92,ARS,2024-07-08,Pagado,Banco Galicia,Operaciones
2024-06-28,2024,Ingreso,Venta Exportación,Al Salam Trading,7029384.29,ARS,2024-07-16,Cobrado,Banco BBVA,Operaciones
2024-06-28,2024,Ingreso,Venta Exportación,Al Salam Trading,1183129.88,ARS,2024-07-20,Cobrado,Banco Nación,Operaciones
2024-06-28,2024,Ingreso,Venta Exportación,Al Salam Trading,4714648.73,ARS,2024-08-07,Cobrado,Banco Galicia,Operaciones
2024-06-28,2024,Ingreso,Venta Exportación,Al Salam Trading,5035806.47,ARS,2024-07-20,Pendiente,Banco Galicia,Operaciones
2024-06-28,2024,Ingreso,Venta Exportación,Al Salam Trading,8202708.13,ARS,2024-07-17,Cobrado,Caja Operativa,Operaciones
2024-06-28,2024,Ingreso,Venta Exportación,Citrus World Ltd,5907388.94,ARS,2024-07-19,Cobrado,Banco BBVA,Operaciones
2024-06-28,2024,Ingreso,Venta Exportación,Citrus World Ltd,3330926.44,ARS,2024-07-17,Pendiente,Banco BBVA,Operaciones
2024-06-28,2024,Ingreso,Venta Exportación,Citrus World Ltd,9033417.89,ARS,2024-08-01,Cobrado,Banco BBVA,Operaciones
2024-06-28,2024,Ingreso,Venta Exportación,Citrus World Ltd,11206921.18,ARS,2024-08-06,Cobrado,Banco Nación,Operaciones
2024-06-28,2024,Ingreso,Venta Exportación,Citrus World Ltd,255207.03,ARS,2024-08-07,Cobrado,Banco BBVA,Operaciones
2024-06-28,2024,Ingreso,Venta Exportación,Citrus World Ltd,8993393.65,ARS,2024-08-06,Pendiente,Banco BBVA,Operaciones
2024-06-28,2024,Ingreso,Venta Exportación,Citrus World Ltd,8451496.09,ARS,2024-08-06,Cobrado,Banco BBVA,Operaciones
2024-06-28,2024,Ingreso,Venta Exportación,Citrus World Ltd,7740290.63,ARS,2024-08-06,Pendiente,Banco Galicia,Operaciones
2024-06-28,2024,Ingreso,Venta Exportación,Fischer Import GmbH,6573915.54,ARS,2024-07-17,Cobrado,Caja Operativa,Operaciones
2024-06-28,2024,Ingreso,Venta Exportación,Fischer Import GmbH,977478.57,ARS,2024-07-26,Cobrado,Caja Operativa,Operaciones
2024-06-28,2024,Ingreso,Venta Exportación,Fischer Import GmbH,9283460.64,ARS,2024-07-20,Cobrado,Banco Nación,Operaciones
2024-06-28,2024,Ingreso,Venta Exportación,Fischer Import GmbH,7515135.26,ARS,2024-07-28,Cobrado,Banco Nación,Operaciones
2024-06-28,2024,Ingreso,Venta Exportación,Fischer Import GmbH,9104915.06,ARS,2024-07-21,Cobrado,Caja Operativa,Operaciones
2024-06-28,2024,Ingreso,Venta Exportación,Fischer Import GmbH,4365542.04,ARS,2024-07-31,Cobrado,Banco Nación,Operaciones
2024-06-28,2024,Ingreso,Venta Exportación,Medifresh SA,2587651.46,ARS,2024-08-05,Cobrado,Banco Galicia,Operaciones
2024-06-28,2024,Ingreso,Venta Exportación,Medifresh SA,7528141.64,ARS,2024-07-31,Pendiente,Banco Nación,Operaciones
2024-06-28,2024,Ingreso,Venta Exportación,Medifresh SA,3109359.05,ARS,2024-07-22,Cobrado,Banco Nación,Operaciones
2024-06-28,2024,Ingreso,Venta Exportación,Medifresh SA,4536625.19,ARS,2024-07-30,Pendiente,Caja Operativa,Operaciones
2024-06-28,2024,Ingreso,Venta Exportación,Medifresh SA,1200388.94,ARS,2024-07-17,Cobrado,Caja Operativa,Operaciones
2024-06-28,2024,Ingreso,Venta Industria,Citromax SA,574323.36,ARS,2024-07-27,Pendiente,Caja Operativa,Operaciones
2024-06-28,2024,Ingreso,Venta Industria,Citromax SA,350728.62,ARS,2024-08-03,Cobrado,Banco BBVA,Operaciones
2024-06-28,2024,Ingreso,Venta Industria,Citromax SA,266991.14,ARS,2024-08-11,Cobrado,Caja Operativa,Operaciones
2024-06-28,2024,Ingreso,Venta Industria,Citromax SA,523681.02,ARS,2024-08-10,Cobrado,Banco Nación,Operaciones
2024-06-28,2024,Ingreso,Venta Industria,Citromax SA,369262.98,ARS,2024-07-31,Cobrado,Banco Galicia,Operaciones
2024-06-28,2024,Ingreso,Venta Industria,Citromax SA,385920.17,ARS,2024-07-30,Cobrado,Banco BBVA,Operaciones
2024-06-28,2024,Ingreso,Venta Industria,Citromax SA,457878.96,ARS,2024-08-10,Cobrado,Banco BBVA,Operaciones
2024-06-28,2024,Ingreso,Venta Industria,Frutales Tucumán SRL,392483.54,ARS,2024-07-25,Cobrado,Banco BBVA,Operaciones
2024-06-28,2024,Ingreso,Venta Industria,Frutales Tucumán SRL,521847.59,ARS,2024-07-24,Cobrado,Banco Nación,Operaciones
2024-06-28,2024,Ingreso,Venta Industria,Frutales Tucumán SRL,490580.52,ARS,2024-08-08,Cobrado,Caja Operativa,Operaciones
2024-06-28,2024,Ingreso,Venta Industria,Frutales Tucumán SRL,354457.81,ARS,2024-08-04,Cobrado,Banco Nación,Operaciones
2024-06-28,2024,Ingreso,Venta Industria,Frutales Tucumán SRL,266524.12,ARS,2024-07-30,Cobrado,Banco Galicia,Operaciones
2024-06-28,2024,Ingreso,Venta Industria,Frutales Tucumán SRL,591413.72,ARS,2024-08-01,Pendiente,Banco Galicia,Operaciones
2024-06-28,2024,Ingreso,Venta Industria,Frutales Tucumán SRL,589677.78,ARS,2024-07-24,Cobrado,Banco Galicia,Operaciones
2024-06-28,2024,Ingreso,Venta Industria,Frutales Tucumán SRL,495673.16,ARS,2024-07-18,Cobrado,Caja Operativa,Operaciones
2024-06-28,2024,Ingreso,Venta Industria,Frutales Tucumán SRL,430147.23,ARS,2024-08-01,Cobrado,Banco Nación,Operaciones
2024-06-28,2024,Ingreso,Venta Industria,Frutales Tucumán SRL,302044.1,ARS,2024-07-23,Vencido,Banco Nación,Operaciones
2024-06-28,2024,Ingreso,Venta Mercado Interno,Central de Frutas SA,1729714.86,ARS,2024-07-22,Vencido,Caja Operativa,Operaciones
2024-06-28,2024,Ingreso,Venta Mercado Interno,Central de Frutas SA,1704295.44,ARS,2024-07-16,Cobrado,Banco Nación,Operaciones
2024-06-28,2024,Ingreso,Venta Mercado Interno,Central de Frutas SA,2325771.18,ARS,2024-07-12,Vencido,Banco Nación,Operaciones
2024-06-28,2024,Ingreso,Venta Mercado Interno,Frutales del Norte SRL,2388972.66,ARS,2024-07-18,Cobrado,Caja Operativa,Operaciones
2024-06-28,2024,Ingreso,Venta Mercado Interno,Frutales del Norte SRL,1305582.52,ARS,2024-07-22,Cobrado,Banco Nación,Operaciones
2024-06-28,2024,Ingreso,Venta Mercado Interno,Frutales del Norte SRL,2271264.05,ARS,2024-07-14,Cobrado,Banco Galicia,Operaciones
2024-06-28,2024,Ingreso,Venta Mercado Interno,Frutales del Norte SRL,1067600.11,ARS,2024-07-09,Cobrado,Caja Operativa,Operaciones
2024-06-28,2024,Ingreso,Venta Mercado Interno,Frutales del Norte SRL,1641392.43,ARS,2024-07-20,Cobrado,Banco Galicia,Operaciones
2024-06-28,2024,Ingreso,Venta Mercado Interno,La Morenita SA,2324957.24,ARS,2024-07-13,Cobrado,Banco BBVA,Operaciones
2024-06-28,2024,Ingreso,Venta Mercado Interno,La Morenita SA,1365423.02,ARS,2024-07-20,Cobrado,Banco BBVA,Operaciones
2024-06-28,2024,Ingreso,Venta Mercado Interno,La Morenita SA,721290.6,ARS,2024-07-15,Cobrado,Banco BBVA,Operaciones
2024-06-28,2024,Ingreso,Venta Mercado Interno,La Morenita SA,1183412.02,ARS,2024-07-09,Cobrado,Banco Nación,Operaciones
2024-06-28,2024,Ingreso,Venta Mercado Interno,La Morenita SA,1095746.28,ARS,2024-07-13,Vencido,Banco BBVA,Operaciones
2024-06-28,2024,Ingreso,Venta Mercado Interno,Supermercados Norte SA,2268902.13,ARS,2024-07-12,Cobrado,Banco Nación,Operaciones
2024-06-28,2024,Ingreso,Venta Mercado Interno,Supermercados Norte SA,1551821.75,ARS,2024-07-09,Cobrado,Caja Operativa,Operaciones
2024-06-28,2024,Ingreso,Venta Mercado Interno,Supermercados Norte SA,2997307.94,ARS,2024-07-11,Vencido,Banco Nación,Operaciones
2024-06-28,2024,Ingreso,Venta Mercado Interno,Supermercados Norte SA,1198226.4,ARS,2024-07-19,Vencido,Banco Galicia,Operaciones
2024-07-05,2024,Egreso,Certificaciones,Broker Comercial Citrus,1084997.75,ARS,2024-07-23,Pagado,Caja Operativa,Operaciones
2024-07-05,2024,Egreso,Comisiones,Broker Comercial Citrus,1231579.78,ARS,2024-07-19,Vencido,Banco Nación,Operaciones
2024-07-05,2024,Egreso,Control de calidad,Envases del Tucumán,11043917.9,ARS,2024-07-15,Pagado,Banco BBVA,Operaciones
2024-07-05,2024,Egreso,Despacho aduana,FríoAndes Logística,14127319.04,ARS,2024-07-14,Pagado,Banco Nación,Operaciones
2024-07-05,2024,Egreso,Energía,Energía Tucumán SA,6928883.91,ARS,2024-07-10,Pagado,Banco BBVA,Operaciones
2024-07-05,2024,Egreso,Envases y embalajes,Energía Tucumán SA,7007121.05,ARS,2024-07-19,Pagado,Caja Operativa,Operaciones
2024-07-05,2024,Egreso,Fitosanitarios,Agroinsumos SA,8163120.54,ARS,2024-07-19,Pagado,Banco Nación,Operaciones
2024-07-05,2024,Egreso,Flete exportación,FríoAndes Logística,7420415.26,ARS,2024-07-14,Pagado,Banco BBVA,Operaciones
2024-07-05,2024,Egreso,Flete interno,Despachos del NOA,7744830.74,ARS,2024-07-20,Pagado,Caja Operativa,Operaciones
2024-07-05,2024,Egreso,Frigorífico,Transportes del Norte SA,5356658.04,ARS,2024-07-18,Pagado,Banco Nación,Operaciones
2024-07-05,2024,Egreso,Gastos generales,AFIP,639197.77,ARS,2024-07-25,Pagado,Banco Nación,Operaciones
2024-07-05,2024,Egreso,Honorarios,AFIP,2143382.18,ARS,2024-07-15,Pagado,Caja Operativa,Impuestos
2024-07-05,2024,Egreso,Impuestos,AFIP,935404.72,ARS,2024-07-15,Pagado,Banco Galicia,Impuestos
2024-07-05,2024,Egreso,Insumos agrícolas,Cooperativa Citrícola,6276304.43,ARS,2024-07-20,Pendiente,Banco Galicia,Operaciones
2024-07-05,2024,Egreso,Mano de obra cosecha,Agroinsumos SA,7294497.1,ARS,2024-07-23,Pagado,Banco Nación,Operaciones
2024-07-05,2024,Egreso,Mano de obra empaque,Energía Tucumán SA,8503685.37,ARS,2024-07-17,Pagado,Banco Galicia,Operaciones
2024-07-05,2024,Egreso,Mantenimiento líneas,Envases del Tucumán,8554126.45,ARS,2024-07-10,Pagado,Caja Operativa,Operaciones
2024-07-05,2024,Egreso,Maquinaria,Servicios Rurales del NOA,9922255.04,ARS,2024-07-21,Pagado,Banco BBVA,Operaciones
2024-07-05,2024,Egreso,Promoción comercial,Broker Comercial Citrus,2263828.72,ARS,2024-07-23,Pagado,Banco Nación,Operaciones
2024-07-05,2024,Egreso,Riego,Agroinsumos SA,7870166.78,ARS,2024-07-19,Vencido,Banco Nación,Operaciones
2024-07-05,2024,Egreso,Seguros,Contaduría Castillo,1933890.04,ARS,2024-07-28,Vencido,Banco BBVA,Impuestos
2024-07-05,2024,Egreso,Sueldos administración,AFIP,427366.9,ARS,2024-07-16,Pendiente,Banco BBVA,Impuestos
2024-07-05,2024,Egreso,Viajes comerciales,Promoción de Mercados SA,1037635.47,ARS,2024-07-22,Pagado,Banco Galicia,Operaciones
2024-07-05,2024,Ingreso,Venta Exportación,Al Salam Trading,6739690.26,ARS,2024-07-30,Cobrado,Banco BBVA,Operaciones
2024-07-05,2024,Ingreso,Venta Exportación,Al Salam Trading,2737936.6,ARS,2024-08-11,Cobrado,Banco BBVA,Operaciones
2024-07-05,2024,Ingreso,Venta Exportación,Al Salam Trading,6550827.89,ARS,2024-08-05,Pendiente,Banco Galicia,Operaciones
2024-07-05,2024,Ingreso,Venta Exportación,Al Salam Trading,3299873.71,ARS,2024-07-27,Pendiente,Banco BBVA,Operaciones
2024-07-05,2024,Ingreso,Venta Exportación,Al Salam Trading,3538993.5,ARS,2024-08-13,Pendiente,Banco BBVA,Operaciones
2024-07-05,2024,Ingreso,Venta Exportación,Al Salam Trading,8724515.23,ARS,2024-08-01,Cobrado,Caja Operativa,Operaciones
2024-07-05,2024,Ingreso,Venta Exportación,Al Salam Trading,52006.14,ARS,2024-07-26,Cobrado,Banco Galicia,Operaciones
2024-07-05,2024,Ingreso,Venta Exportación,Citrus World Ltd,6731419.69,ARS,2024-08-06,Pendiente,Banco BBVA,Operaciones
2024-07-05,2024,Ingreso,Venta Exportación,Citrus World Ltd,3198705.45,ARS,2024-08-13,Vencido,Banco BBVA,Operaciones
2024-07-05,2024,Ingreso,Venta Exportación,Citrus World Ltd,1514870.0,ARS,2024-07-26,Cobrado,Banco BBVA,Operaciones
2024-07-05,2024,Ingreso,Venta Exportación,Fischer Import GmbH,9403102.94,ARS,2024-08-13,Cobrado,Caja Operativa,Operaciones
2024-07-05,2024,Ingreso,Venta Exportación,Fischer Import GmbH,4255734.35,ARS,2024-08-14,Cobrado,Banco BBVA,Operaciones
2024-07-05,2024,Ingreso,Venta Exportación,Fischer Import GmbH,8944812.92,ARS,2024-08-05,Cobrado,Banco BBVA,Operaciones
2024-07-05,2024,Ingreso,Venta Exportación,Fischer Import GmbH,4623948.78,ARS,2024-08-10,Cobrado,Banco BBVA,Operaciones
2024-07-05,2024,Ingreso,Venta Exportación,Medifresh SA,1551531.57,ARS,2024-08-03,Cobrado,Banco Galicia,Operaciones
2024-07-05,2024,Ingreso,Venta Exportación,Medifresh SA,8659083.72,ARS,2024-07-28,Cobrado,Banco Nación,Operaciones
2024-07-05,2024,Ingreso,Venta Exportación,Medifresh SA,2358042.66,ARS,2024-08-07,Pendiente,Banco BBVA,Operaciones
2024-07-05,2024,Ingreso,Venta Exportación,Medifresh SA,5328375.6,ARS,2024-08-14,Cobrado,Caja Operativa,Operaciones
2024-07-05,2024,Ingreso,Venta Exportación,Medifresh SA,3259923.16,ARS,2024-08-14,Cobrado,Caja Operativa,Operaciones
2024-07-05,2024,Ingreso,Venta Exportación,Medifresh SA,7292687.87,ARS,2024-08-14,Cobrado,Caja Operativa,Operaciones
2024-07-05,2024,Ingreso,Venta Exportación,Medifresh SA,5709365.01,ARS,2024-08-06,Cobrado,Caja Operativa,Operaciones
2024-07-05,2024,Ingreso,Venta Exportación,Medifresh SA,6669678.35,ARS,2024-08-01,Pendiente,Banco Nación,Operaciones
2024-07-05,2024,Ingreso,Venta Exportación,Medifresh SA,7189126.8,ARS,2024-07-24,Cobrado,Banco Nación,Operaciones
2024-07-05,2024,Ingreso,Venta Exportación,Medifresh SA,7873630.29,ARS,2024-08-07,Cobrado,Banco Nación,Operaciones
2024-07-05,2024,Ingreso,Venta Industria,Citromax SA,376554.41,ARS,2024-08-05,Pendiente,Banco Nación,Operaciones
2024-07-05,2024,Ingreso,Venta Industria,Citromax SA,404466.23,ARS,2024-08-17,Cobrado,Banco Galicia,Operaciones
2024-07-05,2024,Ingreso,Venta Industria,Citromax SA,275133.75,ARS,2024-08-01,Cobrado,Caja Operativa,Operaciones
2024-07-05,2024,Ingreso,Venta Industria,Citromax SA,594018.34,ARS,2024-07-30,Pendiente,Banco Galicia,Operaciones
2024-07-05,2024,Ingreso,Venta Industria,Citromax SA,520065.84,ARS,2024-08-03,Cobrado,Caja Operativa,Operaciones
2024-07-05,2024,Ingreso,Venta Industria,Citromax SA,628141.08,ARS,2024-08-01,Vencido,Caja Operativa,Operaciones
2024-07-05,2024,Ingreso,Venta Industria,Citromax SA,416592.83,ARS,2024-07-30,Cobrado,Banco BBVA,Operaciones
2024-07-05,2024,Ingreso,Venta Industria,Citromax SA,510647.31,ARS,2024-08-14,Cobrado,Caja Operativa,Operaciones
2024-07-05,2024,Ingreso,Venta Industria,Citromax SA,341017.01,ARS,2024-08-19,Pendiente,Banco BBVA,Operaciones
2024-07-05,2024,Ingreso,Venta Industria,Frutales Tucumán SRL,411284.48,ARS,2024-07-29,Cobrado,Banco BBVA,Operaciones
2024-07-05,2024,Ingreso,Venta Industria,Frutales Tucumán SRL,417887.45,ARS,2024-08-08,Cobrado,Banco Nación,Operaciones
2024-07-05,2024,Ingreso,Venta Industria,Frutales Tucumán SRL,475417.47,ARS,2024-07-26,Pendiente,Banco Galicia,Operaciones
2024-07-05,2024,Ingreso,Venta Industria,Frutales Tucumán SRL,428259.1,ARS,2024-07-29,Cobrado,Banco Galicia,Operaciones
2024-07-05,2024,Ingreso,Venta Industria,Frutales Tucumán SRL,355372.43,ARS,2024-07-31,Cobrado,Banco Nación,Operaciones
2024-07-05,2024,Ingreso,Venta Industria,Frutales Tucumán SRL,289546.59,ARS,2024-07-31,Cobrado,Banco BBVA,Operaciones
2024-07-05,2024,Ingreso,Venta Industria,Frutales Tucumán SRL,680205.29,ARS,2024-08-08,Cobrado,Banco Galicia,Operaciones
2024-07-05,2024,Ingreso,Venta Industria,Frutales Tucumán SRL,460693.19,ARS,2024-08-17,Cobrado,Banco Galicia,Operaciones
2024-07-05,2024,Ingreso,Venta Mercado Interno,Central de Frutas SA,959803.6,ARS,2024-07-17,Pendiente,Caja Operativa,Operaciones
2024-07-05,2024,Ingreso,Venta Mercado Interno,Central de Frutas SA,2453180.87,ARS,2024-07-29,Cobrado,Banco Nación,Operaciones
2024-07-05,2024,Ingreso,Venta Mercado Interno,Central de Frutas SA,1648973.78,ARS,2024-07-23,Cobrado,Banco Galicia,Operaciones
2024-07-05,2024,Ingreso,Venta Mercado Interno,Central de Frutas SA,1287738.26,ARS,2024-07-28,Cobrado,Caja Operativa,Operaciones
2024-07-05,2024,Ingreso,Venta Mercado Interno,Frutales del Norte SRL,1349190.96,ARS,2024-07-20,Cobrado,Banco BBVA,Operaciones
2024-07-05,2024,Ingreso,Venta Mercado Interno,Frutales del Norte SRL,901163.01,ARS,2024-07-28,Cobrado,Banco Galicia,Operaciones
2024-07-05,2024,Ingreso,Venta Mercado Interno,Frutales del Norte SRL,873690.12,ARS,2024-07-23,Cobrado,Banco BBVA,Operaciones
2024-07-05,2024,Ingreso,Venta Mercado Interno,Frutales del Norte SRL,1864153.06,ARS,2024-07-18,Cobrado,Caja Operativa,Operaciones
2024-07-05,2024,Ingreso,Venta Mercado Interno,Frutales del Norte SRL,1153153.07,ARS,2024-07-19,Cobrado,Banco Galicia,Operaciones
2024-07-05,2024,Ingreso,Venta Mercado Interno,Frutales del Norte SRL,1595757.76,ARS,2024-07-21,Cobrado,Banco BBVA,Operaciones
2024-07-05,2024,Ingreso,Venta Mercado Interno,Frutales del Norte SRL,1409522.81,ARS,2024-07-19,Cobrado,Banco BBVA,Operaciones
2024-07-05,2024,Ingreso,Venta Mercado Interno,Frutales del Norte SRL,990780.66,ARS,2024-07-17,Cobrado,Banco Galicia,Operaciones
2024-07-05,2024,Ingreso,Venta Mercado Interno,La Morenita SA,1564474.7,ARS,2024-07-25,Pendiente,Banco BBVA,Operaciones
2024-07-05,2024,Ingreso,Venta Mercado Interno,La Morenita SA,2281600.27,ARS,2024-07-20,Cobrado,Caja Operativa,Operaciones
2024-07-05,2024,Ingreso,Venta Mercado Interno,La Morenita SA,2297579.61,ARS,2024-07-16,Cobrado,Banco BBVA,Operaciones
2024-07-05,2024,Ingreso,Venta Mercado Interno,Supermercados Norte SA,1427566.68,ARS,2024-07-20,Pendiente,Caja Operativa,Operaciones
2024-07-05,2024,Ingreso,Venta Mercado Interno,Supermercados Norte SA,1176196.57,ARS,2024-07-29,Cobrado,Banco Nación,Operaciones
2024-07-12,2024,Egreso,Certificaciones,Certificaciones Global GAP,1101921.55,ARS,2024-07-25,Pagado,Banco Galicia,Operaciones
2024-07-12,2024,Egreso,Comisiones,Broker Comercial Citrus,1522596.63,ARS,2024-07-28,Pagado,Caja Operativa,Operaciones
2024-07-12,2024,Egreso,Control de calidad,Envases del Tucumán,9724015.48,ARS,2024-07-20,Pagado,Banco Nación,Operaciones
2024-07-12,2024,Egreso,Despacho aduana,Transportes del Norte SA,9994394.51,ARS,2024-07-26,Pagado,Banco BBVA,Operaciones
2024-07-12,2024,Egreso,Energía,TecnoPacking SRL,9123289.58,ARS,2024-07-27,Pagado,Caja Operativa,Operaciones
2024-07-12,2024,Egreso,Envases y embalajes,Energía Tucumán SA,6193684.92,ARS,2024-07-25,Pagado,Banco BBVA,Operaciones
2024-07-12,2024,Egreso,Fitosanitarios,Cooperativa Citrícola,11803829.71,ARS,2024-07-19,Pagado,Banco BBVA,Operaciones
2024-07-12,2024,Egreso,Flete exportación,Transportes del Norte SA,10593267.73,ARS,2024-07-17,Pagado,Banco Nación,Operaciones
2024-07-12,2024,Egreso,Flete interno,FríoAndes Logística,7680810.96,ARS,2024-07-24,Pagado,Banco Nación,Operaciones
2024-07-12,2024,Egreso,Frigorífico,FríoAndes Logística,6621579.48,ARS,2024-07-18,Pagado,Banco BBVA,Operaciones
2024-07-12,2024,Egreso,Gastos generales,Contaduría Castillo,1257652.34,ARS,2024-07-22,Pagado,Banco BBVA,Operaciones
2024-07-12,2024,Egreso,Honorarios,Contaduría Castillo,682671.38,ARS,2024-08-05,Pagado,Banco BBVA,Operaciones
2024-07-12,2024,Egreso,Impuestos,Contaduría Castillo,1306925.07,ARS,2024-08-06,Pagado,Banco Nación,Operaciones
2024-07-12,2024,Egreso,Insumos agrícolas,Cooperativa Citrícola,6475345.77,ARS,2024-07-17,Pagado,Caja Operativa,Operaciones
2024-07-12,2024,Egreso,Mano de obra cosecha,Cooperativa Citrícola,6943946.41,ARS,2024-07-21,Pagado,Banco Nación,Operaciones
2024-07-12,2024,Egreso,Mano de obra empaque,Energía Tucumán SA,7002150.78,ARS,2024-07-18,Pagado,Banco Nación,Operaciones
2024-07-12,2024,Egreso,Mantenimiento líneas,TecnoPacking SRL,9714597.42,ARS,2024-07-20,Pagado,Banco Galicia,Operaciones
2024-07-12,2024,Egreso,Maquinaria,Cooperativa Citrícola,6175744.33,ARS,2024-07-19,Pendiente,Banco Galicia,Operaciones
2024-07-12,2024,Egreso,Promoción comercial,Broker Comercial Citrus,2303231.93,ARS,2024-07-29,Pagado,Banco BBVA,Operaciones
2024-07-12,2024,Egreso,Riego,Agroinsumos SA,7024904.08,ARS,2024-07-19,Pagado,Caja Operativa,Operaciones
2024-07-12,2024,Egreso,Seguros,DGR Tucumán,702861.48,ARS,2024-07-26,Pagado,Banco Galicia,Impuestos
2024-07-12,2024,Egreso,Sueldos administración,DGR Tucumán,2552740.65,ARS,2024-08-02,Pagado,Banco Nación,Operaciones
2024-07-12,2024,Egreso,Viajes comerciales,Broker Comercial Citrus,806284.53,ARS,2024-07-19,Pagado,Banco BBVA,Operaciones
2024-07-12,2024,Ingreso,Venta Exportación,Al Salam Trading,1493081.59,ARS,2024-08-14,Cobrado,Banco Nación,Operaciones
2024-07-12,2024,Ingreso,Venta Exportación,Al Salam Trading,4059163.81,ARS,2024-08-19,Cobrado,Caja Operativa,Operaciones
2024-07-12,2024,Ingreso,Venta Exportación,Al Salam Trading,6764542.26,ARS,2024-08-02,Cobrado,Banco Nación,Operaciones
2024-07-12,2024,Ingreso,Venta Exportación,Al Salam Trading,5609271.2,ARS,2024-08-16,Cobrado,Banco BBVA,Operaciones
2024-07-12,2024,Ingreso,Venta Exportación,Al Salam Trading,7423617.89,ARS,2024-07-31,Cobrado,Banco Galicia,Operaciones
2024-07-12,2024,Ingreso,Venta Exportación,Al Salam Trading,2745786.66,ARS,2024-08-17,Cobrado,Caja Operativa,Operaciones
2024-07-12,2024,Ingreso,Venta Exportación,Citrus World Ltd,8038657.04,ARS,2024-08-10,Cobrado,Banco Nación,Operaciones
2024-07-12,2024,Ingreso,Venta Exportación,Citrus World Ltd,3779289.18,ARS,2024-08-09,Cobrado,Banco BBVA,Operaciones
2024-07-12,2024,Ingreso,Venta Exportación,Citrus World Ltd,6207808.3,ARS,2024-08-06,Cobrado,Banco Galicia,Operaciones
2024-07-12,2024,Ingreso,Venta Exportación,Citrus World Ltd,1609949.8,ARS,2024-08-04,Cobrado,Caja Operativa,Operaciones
2024-07-12,2024,Ingreso,Venta Exportación,Citrus World Ltd,5147147.87,ARS,2024-08-08,Pendiente,Banco Nación,Operaciones
2024-07-12,2024,Ingreso,Venta Exportación,Fischer Import GmbH,6640546.9,ARS,2024-08-19,Cobrado,Banco Galicia,Operaciones
2024-07-12,2024,Ingreso,Venta Exportación,Fischer Import GmbH,6301800.21,ARS,2024-08-11,Cobrado,Banco Nación,Operaciones
2024-07-12,2024,Ingreso,Venta Exportación,Fischer Import GmbH,10718486.88,ARS,2024-08-14,Vencido,Banco Galicia,Operaciones
2024-07-12,2024,Ingreso,Venta Exportación,Fischer Import GmbH,8000351.61,ARS,2024-08-03,Cobrado,Banco Galicia,Operaciones
2024-07-12,2024,Ingreso,Venta Exportación,Fischer Import GmbH,5544566.37,ARS,2024-08-19,Cobrado,Banco BBVA,Operaciones
2024-07-12,2024,Ingreso,Venta Exportación,Fischer Import GmbH,6752763.97,ARS,2024-08-06,Cobrado,Banco BBVA,Operaciones
2024-07-12,2024,Ingreso,Venta Exportación,Fischer Import GmbH,5308809.81,ARS,2024-08-12,Pendiente,Banco Galicia,Operaciones
2024-07-12,2024,Ingreso,Venta Exportación,Medifresh SA,7712815.63,ARS,2024-08-06,Cobrado,Banco BBVA,Operaciones
2024-07-12,2024,Ingreso,Venta Exportación,Medifresh SA,4891830.99,ARS,2024-08-12,Cobrado,Banco Galicia,Operaciones
2024-07-12,2024,Ingreso,Venta Exportación,Medifresh SA,4233954.72,ARS,2024-08-07,Pendiente,Banco BBVA,Operaciones
2024-07-12,2024,Ingreso,Venta Exportación,Medifresh SA,7671205.3,ARS,2024-07-30,Cobrado,Caja Operativa,Operaciones
2024-07-12,2024,Ingreso,Venta Industria,Citromax SA,348684.3,ARS,2024-08-19,Cobrado,Banco Galicia,Operaciones
2024-07-12,2024,Ingreso,Venta Industria,Citromax SA,331817.4,ARS,2024-08-19,Cobrado,Banco Nación,Operaciones
2024-07-12,2024,Ingreso,Venta Industria,Citromax SA,406934.2,ARS,2024-08-09,Cobrado,Banco Galicia,Operaciones
2024-07-12,2024,Ingreso,Venta Industria,Citromax SA,642065.51,ARS,2024-08-21,Cobrado,Banco Galicia,Operaciones
2024-07-12,2024,Ingreso,Venta Industria,Citromax SA,425711.96,ARS,2024-08-12,Cobrado,Banco Nación,Operaciones
2024-07-12,2024,Ingreso,Venta Industria,Citromax SA,338748.74,ARS,2024-08-26,Cobrado,Banco Nación,Operaciones
2024-07-12,2024,Ingreso,Venta Industria,Citromax SA,378608.76,ARS,2024-08-14,Cobrado,Banco Nación,Operaciones
2024-07-12,2024,Ingreso,Venta Industria,Citromax SA,536367.15,ARS,2024-08-11,Cobrado,Caja Operativa,Operaciones
2024-07-12,2024,Ingreso,Venta Industria,Citromax SA,649187.58,ARS,2024-08-15,Pendiente,Banco Galicia,Operaciones
2024-07-12,2024,Ingreso,Venta Industria,Citromax SA,424870.44,ARS,2024-08-20,Pendiente,Caja Operativa,Operaciones
2024-07-12,2024,Ingreso,Venta Industria,Citromax SA,388051.0,ARS,2024-08-21,Vencido,Banco Galicia,Operaciones
2024-07-12,2024,Ingreso,Venta Industria,Citromax SA,459322.48,ARS,2024-08-17,Cobrado,Banco Galicia,Operaciones
2024-07-12,2024,Ingreso,Venta Industria,Frutales Tucumán SRL,272746.23,ARS,2024-08-14,Cobrado,Banco Nación,Operaciones
2024-07-12,2024,Ingreso,Venta Industria,Frutales Tucumán SRL,411587.85,ARS,2024-08-14,Cobrado,Banco Galicia,Operaciones
2024-07-12,2024,Ingreso,Venta Industria,Frutales Tucumán SRL,305319.92,ARS,2024-08-19,Cobrado,Banco BBVA,Operaciones
2024-07-12,2024,Ingreso,Venta Industria,Frutales Tucumán SRL,332944.38,ARS,2024-08-03,Pendiente,Banco Nación,Operaciones
2024-07-12,2024,Ingreso,Venta Industria,Frutales Tucumán SRL,465159.43,ARS,2024-08-04,Cobrado,Banco Nación,Operaciones
2024-07-12,2024,Ingreso,Venta Mercado Interno,Central de Frutas SA,1866509.81,ARS,2024-07-25,Cobrado,Caja Operativa,Operaciones
2024-07-12,2024,Ingreso,Venta Mercado Interno,Central de Frutas SA,2070813.62,ARS,2024-07-27,Cobrado,Banco Nación,Operaciones
2024-07-12,2024,Ingreso,Venta Mercado Interno,Frutales del Norte SRL,1882454.85,ARS,2024-07-30,Cobrado,Banco Nación,Operaciones
2024-07-12,2024,Ingreso,Venta Mercado Interno,Frutales del Norte SRL,1080302.62,ARS,2024-07-25,Cobrado,Banco BBVA,Operaciones
2024-07-12,2024,Ingreso,Venta Mercado Interno,Frutales del Norte SRL,1516123.43,ARS,2024-07-26,Cobrado,Caja Operativa,Operaciones
2024-07-12,2024,Ingreso,Venta Mercado Interno,La Morenita SA,1177716.59,ARS,2024-08-03,Cobrado,Banco BBVA,Operaciones
2024-07-12,2024,Ingreso,Venta Mercado Interno,La Morenita SA,1021459.6,ARS,2024-07-26,Cobrado,Caja Operativa,Operaciones
2024-07-12,2024,Ingreso,Venta Mercado Interno,La Morenita SA,2479132.12,ARS,2024-07-28,Pendiente,Caja Operativa,Operaciones
2024-07-12,2024,Ingreso,Venta Mercado Interno,La Morenita SA,2203568.31,ARS,2024-08-05,Cobrado,Banco BBVA,Operaciones
2024-07-12,2024,Ingreso,Venta Mercado Interno,La Morenita SA,1847898.71,ARS,2024-07-30,Cobrado,Banco Galicia,Operaciones
2024-07-12,2024,Ingreso,Venta Mercado Interno,La Morenita SA,2247192.75,ARS,2024-07-27,Cobrado,Caja Operativa,Operaciones
2024-07-12,2024,Ingreso,Venta Mercado Interno,Supermercados Norte SA,1937397.8,ARS,2024-08-01,Cobrado,Banco BBVA,Operaciones
2024-07-12,2024,Ingreso,Venta Mercado Interno,Supermercados Norte SA,1142926.3,ARS,2024-08-02,Pendiente,Caja Operativa,Operaciones
2024-07-12,2024,Ingreso,Venta Mercado Interno,Supermercados Norte SA,773559.28,ARS,2024-07-31,Cobrado,Banco Galicia,Operaciones
2024-07-12,2024,Ingreso,Venta Mercado Interno,Supermercados Norte SA,1125411.62,ARS,2024-07-28,Cobrado,Banco Galicia,Operaciones
2024-07-12,2024,Ingreso,Venta Mercado Interno,Supermercados Norte SA,1220809.53,ARS,2024-07-24,Cobrado,Banco Galicia,Operaciones
2024-07-12,2024,Ingreso,Venta Mercado Interno,Supermercados Norte SA,1047343.74,ARS,2024-07-28,Cobrado,Banco Nación,Operaciones
2024-07-19,2024,Egreso,Certificaciones,Promoción de Mercados SA,988165.33,ARS,2024-07-27,Pagado,Banco Galicia,Operaciones
2024-07-19,2024,Egreso,Comisiones,Promoción de Mercados SA,1670413.34,ARS,2024-08-05,Pagado,Caja Operativa,Operaciones
2024-07-19,2024,Egreso,Control de calidad,Envases del Tucumán,4926477.92,ARS,2024-08-02,Pendiente,Caja Operativa,Operaciones
2024-07-19,2024,Egreso,Despacho aduana,Transportes del Norte SA,12969380.53,ARS,2024-08-03,Pagado,Banco Nación,Operaciones
2024-07-19,2024,Egreso,Energía,Energía Tucumán SA,6445218.88,ARS,2024-08-02,Pendiente,Banco BBVA,Operaciones
2024-07-19,2024,Egreso,Envases y embalajes,Envases del Tucumán,11137229.79,ARS,2024-07-31,Pagado,Banco Galicia,Operaciones
2024-07-19,2024,Egreso,Fitosanitarios,Agroinsumos SA,5934341.62,ARS,2024-08-01,Pagado,Banco Galicia,Operaciones
2024-07-19,2024,Egreso,Flete exportación,Despachos del NOA,5881862.26,ARS,2024-07-27,Pagado,Caja Operativa,Operaciones
2024-07-19,2024,Egreso,Flete interno,FríoAndes Logística,3400247.54,ARS,2024-08-04,Pagado,Banco BBVA,Operaciones
2024-07-19,2024,Egreso,Frigorífico,FríoAndes Logística,13077136.03,ARS,2024-08-04,Pagado,Banco BBVA,Operaciones
2024-07-19,2024,Egreso,Gastos generales,AFIP,1313079.51,ARS,2024-08-06,Pagado,Banco Galicia,Impuestos
2024-07-19,2024,Egreso,Honorarios,Contaduría Castillo,1141870.93,ARS,2024-08-12,Pagado,Caja Operativa,Operaciones
2024-07-19,2024,Egreso,Impuestos,AFIP,809077.58,ARS,2024-08-09,Pagado,Banco BBVA,Impuestos
2024-07-19,2024,Egreso,Insumos agrícolas,Agroinsumos SA,5809016.42,ARS,2024-08-01,Pagado,Banco Galicia,Operaciones
2024-07-19,2024,Egreso,Mano de obra cosecha,Cooperativa Citrícola,10563217.31,ARS,2024-08-03,Pendiente,Banco Nación,Operaciones
2024-07-19,2024,Egreso,Mano de obra empaque,Energía Tucumán SA,9623951.58,ARS,2024-07-24,Pagado,Banco Galicia,Operaciones
2024-07-19,2024,Egreso,Mantenimiento líneas,TecnoPacking SRL,13204864.87,ARS,2024-07-25,Pagado,Banco Nación,Operaciones
2024-07-19,2024,Egreso,Maquinaria,Agroinsumos SA,9127148.83,ARS,2024-07-26,Pagado,Caja Operativa,Operaciones
2024-07-19,2024,Egreso,Promoción comercial,Broker Comercial Citrus,1103271.41,ARS,2024-08-06,Pagado,Banco BBVA,Operaciones
2024-07-19,2024,Egreso,Riego,Servicios Rurales del NOA,8811016.31,ARS,2024-07-29,Pagado,Caja Operativa,Operaciones
2024-07-19,2024,Egreso,Seguros,Contaduría Castillo,2215582.85,ARS,2024-08-08,Pagado,Banco Galicia,Impuestos
2024-07-19,2024,Egreso,Sueldos administración,DGR Tucumán,1332382.86,ARS,2024-08-01,Pagado,Banco BBVA,Operaciones
2024-07-19,2024,Egreso,Viajes comerciales,Broker Comercial Citrus,1600485.78,ARS,2024-08-04,Pendiente,Banco Galicia,Operaciones
2024-07-19,2024,Ingreso,Venta Exportación,Al Salam Trading,7813843.0,ARS,2024-08-10,Cobrado,Banco BBVA,Operaciones
2024-07-19,2024,Ingreso,Venta Exportación,Al Salam Trading,5666553.39,ARS,2024-08-08,Cobrado,Banco Galicia,Operaciones
2024-07-19,2024,Ingreso,Venta Exportación,Al Salam Trading,5374865.92,ARS,2024-08-19,Cobrado,Banco BBVA,Operaciones
2024-07-19,2024,Ingreso,Venta Exportación,Al Salam Trading,3142632.62,ARS,2024-08-16,Cobrado,Banco Galicia,Operaciones
2024-07-19,2024,Ingreso,Venta Exportación,Citrus World Ltd,3454734.16,ARS,2024-08-27,Cobrado,Banco Nación,Operaciones
2024-07-19,2024,Ingreso,Venta Exportación,Citrus World Ltd,6617040.15,ARS,2024-08-09,Cobrado,Banco BBVA,Operaciones
2024-07-19,2024,Ingreso,Venta Exportación,Citrus World Ltd,704602.84,ARS,2024-08-25,Cobrado,Banco BBVA,Operaciones
2024-07-19,2024,Ingreso,Venta Exportación,Citrus World Ltd,7736013.51,ARS,2024-08-15,Cobrado,Banco BBVA,Operaciones
2024-07-19,2024,Ingreso,Venta Exportación,Citrus World Ltd,7850414.15,ARS,2024-08-06,Cobrado,Banco BBVA,Operaciones
2024-07-19,2024,Ingreso,Venta Exportación,Citrus World Ltd,5441848.55,ARS,2024-08-27,Cobrado,Banco BBVA,Operaciones
2024-07-19,2024,Ingreso,Venta Exportación,Fischer Import GmbH,7946376.46,ARS,2024-08-16,Cobrado,Banco Nación,Operaciones
2024-07-19,2024,Ingreso,Venta Exportación,Fischer Import GmbH,1075173.16,ARS,2024-08-15,Cobrado,Banco Nación,Operaciones
2024-07-19,2024,Ingreso,Venta Exportación,Fischer Import GmbH,683835.44,ARS,2024-08-16,Cobrado,Caja Operativa,Operaciones
2024-07-19,2024,Ingreso,Venta Exportación,Fischer Import GmbH,4831453.85,ARS,2024-08-08,Cobrado,Caja Operativa,Operaciones
2024-07-19,2024,Ingreso,Venta Exportación,Medifresh SA,3686128.23,ARS,2024-08-08,Cobrado,Banco Nación,Operaciones
2024-07-19,2024,Ingreso,Venta Exportación,Medifresh SA,8388788.41,ARS,2024-08-22,Cobrado,Banco Galicia,Operaciones
2024-07-19,2024,Ingreso,Venta Exportación,Medifresh SA,5036743.78,ARS,2024-08-11,Cobrado,Banco Galicia,Operaciones
2024-07-19,2024,Ingreso,Venta Exportación,Medifresh SA,6373174.27,ARS,2024-08-14,Cobrado,Banco Nación,Operaciones
2024-07-19,2024,Ingreso,Venta Exportación,Medifresh SA,11096988.71,ARS,2024-08-22,Pendiente,Caja Operativa,Operaciones
2024-07-19,2024,Ingreso,Venta Exportación,Medifresh SA,7962858.96,ARS,2024-08-21,Cobrado,Banco BBVA,Operaciones
2024-07-19,2024,Ingreso,Venta Exportación,Medifresh SA,5715628.53,ARS,2024-08-22,Cobrado,Banco Galicia,Operaciones
2024-07-19,2024,Ingreso,Venta Industria,Citromax SA,541303.17,ARS,2024-08-14,Cobrado,Banco Galicia,Operaciones
2024-07-19,2024,Ingreso,Venta Industria,Citromax SA,508493.5,ARS,2024-08-27,Cobrado,Banco Galicia,Operaciones
2024-07-19,2024,Ingreso,Venta Industria,Citromax SA,353910.75,ARS,2024-08-28,Cobrado,Banco BBVA,Operaciones
2024-07-19,2024,Ingreso,Venta Industria,Citromax SA,465577.93,ARS,2024-08-15,Pendiente,Banco Galicia,Operaciones
2024-07-19,2024,Ingreso,Venta Industria,Citromax SA,362520.23,ARS,2024-08-09,Cobrado,Banco Nación,Operaciones
2024-07-19,2024,Ingreso,Venta Industria,Citromax SA,513454.64,ARS,2024-09-02,Cobrado,Banco Nación,Operaciones
2024-07-19,2024,Ingreso,Venta Industria,Citromax SA,403257.46,ARS,2024-08-27,Cobrado,Banco Galicia,Operaciones
2024-07-19,2024,Ingreso,Venta Industria,Citromax SA,347257.74,ARS,2024-08-16,Cobrado,Banco Nación,Operaciones
2024-07-19,2024,Ingreso,Venta Industria,Citromax SA,728672.68,ARS,2024-08-11,Vencido,Banco Galicia,Operaciones
2024-07-19,2024,Ingreso,Venta Industria,Citromax SA,579851.49,ARS,2024-08-19,Cobrado,Caja Operativa,Operaciones
2024-07-19,2024,Ingreso,Venta Industria,Citromax SA,414937.54,ARS,2024-08-10,Cobrado,Banco Nación,Operaciones
2024-07-19,2024,Ingreso,Venta Industria,Frutales Tucumán SRL,347913.9,ARS,2024-08-20,Cobrado,Banco Nación,Operaciones
2024-07-19,2024,Ingreso,Venta Industria,Frutales Tucumán SRL,409102.79,ARS,2024-08-20,Cobrado,Banco Nación,Operaciones
2024-07-19,2024,Ingreso,Venta Industria,Frutales Tucumán SRL,319828.46,ARS,2024-08-10,Cobrado,Caja Operativa,Operaciones
2024-07-19,2024,Ingreso,Venta Industria,Frutales Tucumán SRL,640918.6,ARS,2024-08-26,Cobrado,Banco Galicia,Operaciones
2024-07-19,2024,Ingreso,Venta Industria,Frutales Tucumán SRL,367998.84,ARS,2024-08-22,Cobrado,Banco Nación,Operaciones
2024-07-19,2024,Ingreso,Venta Industria,Frutales Tucumán SRL,399385.64,ARS,2024-08-27,Cobrado,Banco Nación,Operaciones
2024-07-19,2024,Ingreso,Venta Mercado Interno,Central de Frutas SA,1415290.24,ARS,2024-07-30,Vencido,Banco Nación,Operaciones
2024-07-19,2024,Ingreso,Venta Mercado Interno,Central de Frutas SA,1451839.92,ARS,2024-08-06,Vencido,Banco Nación,Operaciones
2024-07-19,2024,Ingreso,Venta Mercado Interno,Central de Frutas SA,1465850.53,ARS,2024-07-31,Cobrado,Banco Nación,Operaciones
2024-07-19,2024,Ingreso,Venta Mercado Interno,Central de Frutas SA,1154835.67,ARS,2024-07-30,Vencido,Caja Operativa,Operaciones
2024-07-19,2024,Ingreso,Venta Mercado Interno,Central de Frutas SA,1321855.78,ARS,2024-08-12,Cobrado,Banco Nación,Operaciones
2024-07-19,2024,Ingreso,Venta Mercado Interno,Frutales del Norte SRL,2051341.0,ARS,2024-07-30,Cobrado,Caja Operativa,Operaciones
2024-07-19,2024,Ingreso,Venta Mercado Interno,Frutales del Norte SRL,3134426.96,ARS,2024-08-05,Pendiente,Banco BBVA,Operaciones
2024-07-19,2024,Ingreso,Venta Mercado Interno,Frutales del Norte SRL,2141522.97,ARS,2024-08-08,Cobrado,Banco Galicia,Operaciones
2024-07-19,2024,Ingreso,Venta Mercado Interno,La Morenita SA,2339473.61,ARS,2024-08-02,Pendiente,Banco Nación,Operaciones
2024-07-19,2024,Ingreso,Venta Mercado Interno,La Morenita SA,662062.92,ARS,2024-07-30,Cobrado,Banco Nación,Operaciones
2024-07-19,2024,Ingreso,Venta Mercado Interno,La Morenita SA,2193995.85,ARS,2024-07-29,Cobrado,Banco Galicia,Operaciones
2024-07-19,2024,Ingreso,Venta Mercado Interno,La Morenita SA,2321323.09,ARS,2024-08-03,Pendiente,Caja Operativa,Operaciones
2024-07-19,2024,Ingreso,Venta Mercado Interno,La Morenita SA,1563146.64,ARS,2024-08-11,Cobrado,Banco Nación,Operaciones
2024-07-19,2024,Ingreso,Venta Mercado Interno,La Morenita SA,1133377.54,ARS,2024-08-10,Cobrado,Caja Operativa,Operaciones
2024-07-19,2024,Ingreso,Venta Mercado Interno,La Morenita SA,2091278.71,ARS,2024-08-03,Pendiente,Banco Galicia,Operaciones
2024-07-19,2024,Ingreso,Venta Mercado Interno,Supermercados Norte SA,2167036.68,ARS,2024-08-12,Cobrado,Banco Nación,Operaciones
2024-07-19,2024,Ingreso,Venta Mercado Interno,Supermercados Norte SA,979949.94,ARS,2024-08-06,Cobrado,Caja Operativa,Operaciones
2024-07-26,2024,Egreso,Certificaciones,Certificaciones Global GAP,1855164.49,ARS,2024-08-10,Pagado,Banco Galicia,Operaciones
2024-07-26,2024,Egreso,Comisiones,Certificaciones Global GAP,439266.04,ARS,2024-08-10,Pendiente,Banco Galicia,Operaciones
2024-07-26,2024,Egreso,Control de calidad,TecnoPacking SRL,11686093.51,ARS,2024-08-11,Pagado,Caja Operativa,Operaciones
2024-07-26,2024,Egreso,Despacho aduana,Despachos del NOA,9791911.84,ARS,2024-07-31,Pagado,Banco Nación,Operaciones
2024-07-26,2024,Egreso,Energía,Envases del Tucumán,9831074.91,ARS,2024-08-10,Pagado,Banco Nación,Operaciones
2024-07-26,2024,Egreso,Envases y embalajes,TecnoPacking SRL,6028582.57,ARS,2024-07-31,Pagado,Banco Nación,Operaciones
2024-07-26,2024,Egreso,Fitosanitarios,Servicios Rurales del NOA,8250418.16,ARS,2024-08-11,Pendiente,Banco Nación,Operaciones
2024-07-26,2024,Egreso,Flete exportación,Despachos del NOA,10461937.65,ARS,2024-08-11,Pagado,Banco Galicia,Operaciones
2024-07-26,2024,Egreso,Flete interno,Despachos del NOA,6062793.03,ARS,2024-07-31,Pendiente,Caja Operativa,Operaciones
2024-07-26,2024,Egreso,Frigorífico,Despachos del NOA,8582518.99,ARS,2024-08-13,Pendiente,Banco Galicia,Operaciones
2024-07-26,2024,Egreso,Gastos generales,DGR Tucumán,2246064.9,ARS,2024-08-15,Pagado,Banco Nación,Impuestos
2024-07-26,2024,Egreso,Honorarios,Contaduría Castillo,1011869.25,ARS,2024-08-20,Pagado,Banco Galicia,Operaciones
2024-07-26,2024,Egreso,Impuestos,DGR Tucumán,2064488.52,ARS,2024-08-07,Pagado,Banco Nación,Impuestos
2024-07-26,2024,Egreso,Insumos agrícolas,Agroinsumos SA,10070904.11,ARS,2024-08-09,Pagado,Banco Galicia,Operaciones
2024-07-26,2024,Egreso,Mano de obra cosecha,Servicios Rurales del NOA,6568173.83,ARS,2024-08-09,Pagado,Banco Galicia,Operaciones
2024-07-26,2024,Egreso,Mano de obra empaque,Energía Tucumán SA,11838018.05,ARS,2024-08-10,Pagado,Banco Nación,Operaciones
2024-07-26,2024,Egreso,Mantenimiento líneas,Energía Tucumán SA,6704725.08,ARS,2024-08-10,Pagado,Caja Operativa,Operaciones
2024-07-26,2024,Egreso,Maquinaria,Agroinsumos SA,4343022.93,ARS,2024-08-12,Pagado,Banco Galicia,Operaciones
2024-07-26,2024,Egreso,Promoción comercial,Broker Comercial Citrus,1543636.29,ARS,2024-08-06,Pagado,Caja Operativa,Operaciones
2024-07-26,2024,Egreso,Riego,Agroinsumos SA,10146849.99,ARS,2024-07-31,Vencido,Caja Operativa,Operaciones
2024-07-26,2024,Egreso,Seguros,Contaduría Castillo,855322.77,ARS,2024-08-15,Pendiente,Banco Nación,Operaciones
2024-07-26,2024,Egreso,Sueldos administración,Contaduría Castillo,318680.96,ARS,2024-08-12,Pagado,Banco Nación,Impuestos
2024-07-26,2024,Egreso,Viajes comerciales,Promoción de Mercados SA,1919990.53,ARS,2024-08-09,Pagado,Caja Operativa,Operaciones
2024-07-26,2024,Ingreso,Venta Exportación,Al Salam Trading,808074.59,ARS,2024-08-19,Cobrado,Banco BBVA,Operaciones
2024-07-26,2024,Ingreso,Venta Exportación,Al Salam Trading,5560332.19,ARS,2024-08-22,Cobrado,Banco Galicia,Operaciones
2024-07-26,2024,Ingreso,Venta Exportación,Al Salam Trading,7228422.98,ARS,2024-08-21,Vencido,Banco BBVA,Operaciones
2024-07-26,2024,Ingreso,Venta Exportación,Al Salam Trading,1171187.69,ARS,2024-08-26,Pendiente,Banco Nación,Operaciones
2024-07-26,2024,Ingreso,Venta Exportación,Al Salam Trading,6747804.61,ARS,2024-08-27,Cobrado,Banco Galicia,Operaciones
2024-07-26,2024,Ingreso,Venta Exportación,Al Salam Trading,4799425.8,ARS,2024-08-31,Cobrado,Banco Galicia,Operaciones
2024-07-26,2024,Ingreso,Venta Exportación,Al Salam Trading,6136737.91,ARS,2024-08-30,Cobrado,Banco BBVA,Operaciones
2024-07-26,2024,Ingreso,Venta Exportación,Al Salam Trading,2434683.07,ARS,2024-08-14,Pendiente,Banco BBVA,Operaciones
2024-07-26,2024,Ingreso,Venta Exportación,Al Salam Trading,7842575.55,ARS,2024-09-02,Pendiente,Banco Nación,Operaciones
2024-07-26,2024,Ingreso,Venta Exportación,Al Salam Trading,4389895.5,ARS,2024-08-17,Cobrado,Banco Nación,Operaciones
2024-07-26,2024,Ingreso,Venta Exportación,Al Salam Trading,3812145.85,ARS,2024-08-21,Cobrado,Banco Galicia,Operaciones
2024-07-26,2024,Ingreso,Venta Exportación,Citrus World Ltd,7144941.82,ARS,2024-08-25,Cobrado,Banco Galicia,Operaciones
2024-07-26,2024,Ingreso,Venta Exportación,Citrus World Ltd,4131301.45,ARS,2024-08-15,Cobrado,Banco Galicia,Operaciones
2024-07-26,2024,Ingreso,Venta Exportación,Fischer Import GmbH,9077801.2,ARS,2024-08-27,Cobrado,Banco Nación,Operaciones
2024-07-26,2024,Ingreso,Venta Exportación,Fischer Import GmbH,9509749.02,ARS,2024-08-29,Cobrado,Banco BBVA,Operaciones
2024-07-26,2024,Ingreso,Venta Exportación,Fischer Import GmbH,10793344.5,ARS,2024-08-24,Cobrado,Banco Galicia,Operaciones
2024-07-26,2024,Ingreso,Venta Exportación,Fischer Import GmbH,8150507.94,ARS,2024-08-27,Cobrado,Banco Galicia,Operaciones
2024-07-26,2024,Ingreso,Venta Exportación,Fischer Import GmbH,3774874.25,ARS,2024-08-29,Pendiente,Banco Galicia,Operaciones
2024-07-26,2024,Ingreso,Venta Exportación,Fischer Import GmbH,4745562.12,ARS,2024-08-26,Cobrado,Caja Operativa,Operaciones
2024-07-26,2024,Ingreso,Venta Exportación,Medifresh SA,3855079.45,ARS,2024-09-02,Cobrado,Caja Operativa,Operaciones
2024-07-26,2024,Ingreso,Venta Exportación,Medifresh SA,130681.04,ARS,2024-08-26,Cobrado,Caja Operativa,Operaciones
2024-07-26,2024,Ingreso,Venta Exportación,Medifresh SA,6602966.78,ARS,2024-08-20,Cobrado,Banco Galicia,Operaciones
2024-07-26,2024,Ingreso,Venta Exportación,Medifresh SA,6183184.83,ARS,2024-08-14,Cobrado,Banco BBVA,Operaciones
2024-07-26,2024,Ingreso,Venta Industria,Citromax SA,330625.34,ARS,2024-09-05,Pendiente,Banco Galicia,Operaciones
2024-07-26,2024,Ingreso,Venta Industria,Citromax SA,445084.23,ARS,2024-08-28,Cobrado,Banco Nación,Operaciones
2024-07-26,2024,Ingreso,Venta Industria,Citromax SA,499857.56,ARS,2024-09-09,Cobrado,Caja Operativa,Operaciones
2024-07-26,2024,Ingreso,Venta Industria,Citromax SA,352183.74,ARS,2024-08-22,Cobrado,Caja Operativa,Operaciones
2024-07-26,2024,Ingreso,Venta Industria,Citromax SA,563507.71,ARS,2024-08-23,Pendiente,Banco Galicia,Operaciones
2024-07-26,2024,Ingreso,Venta Industria,Citromax SA,609150.24,ARS,2024-09-06,Cobrado,Banco BBVA,Operaciones
2024-07-26,2024,Ingreso,Venta Industria,Citromax SA,591559.49,ARS,2024-08-18,Pendiente,Banco BBVA,Operaciones
2024-07-26,2024,Ingreso,Venta Industria,Citromax SA,429290.05,ARS,2024-09-02,Cobrado,Caja Operativa,Operaciones
2024-07-26,2024,Ingreso,Venta Industria,Citromax SA,363619.71,ARS,2024-09-08,Cobrado,Banco Nación,Operaciones
2024-07-26,2024,Ingreso,Venta Industria,Frutales Tucumán SRL,374041.88,ARS,2024-09-04,Pendiente,Caja Operativa,Operaciones
2024-07-26,2024,Ingreso,Venta Industria,Frutales Tucumán SRL,346251.66,ARS,2024-09-02,Cobrado,Banco Nación,Operaciones
2024-07-26,2024,Ingreso,Venta Industria,Frutales Tucumán SRL,226094.8,ARS,2024-08-16,Pendiente,Caja Operativa,Operaciones
2024-07-26,2024,Ingreso,Venta Industria,Frutales Tucumán SRL,437898.9,ARS,2024-09-05,Pendiente,Banco Nación,Operaciones
2024-07-26,2024,Ingreso,Venta Industria,Frutales Tucumán SRL,350268.93,ARS,2024-08-20,Pendiente,Caja Operativa,Operaciones
2024-07-26,2024,Ingreso,Venta Industria,Frutales Tucumán SRL,308427.1,ARS,2024-08-28,Cobrado,Banco BBVA,Operaciones
2024-07-26,2024,Ingreso,Venta Industria,Frutales Tucumán SRL,771176.16,ARS,2024-08-27,Cobrado,Banco BBVA,Operaciones
2024-07-26,2024,Ingreso,Venta Industria,Frutales Tucumán SRL,485302.67,ARS,2024-08-28,Cobrado,Banco Galicia,Operaciones
2024-07-26,2024,Ingreso,Venta Mercado Interno,Central de Frutas SA,1948555.6,ARS,2024-08-13,Cobrado,Banco Galicia,Operaciones
2024-07-26,2024,Ingreso,Venta Mercado Interno,Central de Frutas SA,811133.42,ARS,2024-08-16,Cobrado,Banco Galicia,Operaciones
2024-07-26,2024,Ingreso,Venta Mercado Interno,Frutales del Norte SRL,2268646.72,ARS,2024-08-18,Cobrado,Banco Galicia,Operaciones
2024-07-26,2024,Ingreso,Venta Mercado Interno,Frutales del Norte SRL,1336898.99,ARS,2024-08-19,Pendiente,Banco BBVA,Operaciones
2024-07-26,2024,Ingreso,Venta Mercado Interno,Frutales del Norte SRL,1736543.97,ARS,2024-08-08,Cobrado,Banco BBVA,Operaciones
2024-07-26,2024,Ingreso,Venta Mercado Interno,Frutales del Norte SRL,1400048.27,ARS,2024-08-11,Cobrado,Banco BBVA,Operaciones
2024-07-26,2024,Ingreso,Venta Mercado Interno,Frutales del Norte SRL,1942238.37,ARS,2024-08-19,Cobrado,Caja Operativa,Operaciones
2024-07-26,2024,Ingreso,Venta Mercado Interno,Frutales del Norte SRL,1249475.84,ARS,2024-08-10,Cobrado,Banco Galicia,Operaciones
2024-07-26,2024,Ingreso,Venta Mercado Interno,La Morenita SA,2772999.79,ARS,2024-08-08,Cobrado,Banco Nación,Operaciones
2024-07-26,2024,Ingreso,Venta Mercado Interno,La Morenita SA,1248075.0,ARS,2024-08-13,Cobrado,Caja Operativa,Operaciones
2024-07-26,2024,Ingreso,Venta Mercado Interno,Supermercados Norte SA,1508031.52,ARS,2024-08-06,Cobrado,Banco BBVA,Operaciones
2024-07-26,2024,Ingreso,Venta Mercado Interno,Supermercados Norte SA,1459767.39,ARS,2024-08-15,Pendiente,Banco Nación,Operaciones
2024-07-26,2024,Ingreso,Venta Mercado Interno,Supermercados Norte SA,2088304.65,ARS,2024-08-15,Cobrado,Banco BBVA,Operaciones
2024-07-26,2024,Ingreso,Venta Mercado Interno,Supermercados Norte SA,2314450.22,ARS,2024-08-07,Cobrado,Banco Galicia,Operaciones
2024-07-26,2024,Ingreso,Venta Mercado Interno,Supermercados Norte SA,919246.19,ARS,2024-08-11,Pendiente,Caja Operativa,Operaciones
2024-07-26,2024,Ingreso,Venta Mercado Interno,Supermercados Norte SA,2412422.86,ARS,2024-08-14,Cobrado,Banco Galicia,Operaciones
2024-07-26,2024,Ingreso,Venta Mercado Interno,Supermercados Norte SA,1844442.62,ARS,2024-08-07,Cobrado,Caja Operativa,Operaciones
2024-08-02,2024,Egreso,Certificaciones,Broker Comercial Citrus,1362034.0,ARS,2024-08-13,Pendiente,Banco Galicia,Operaciones
2024-08-02,2024,Egreso,Comisiones,Promoción de Mercados SA,1034812.64,ARS,2024-08-14,Pagado,Banco BBVA,Operaciones
2024-08-02,2024,Egreso,Control de calidad,Energía Tucumán SA,6677544.22,ARS,2024-08-15,Pagado,Banco Nación,Operaciones
2024-08-02,2024,Egreso,Despacho aduana,Transportes del Norte SA,5984138.03,ARS,2024-08-11,Pendiente,Banco BBVA,Operaciones
2024-08-02,2024,Egreso,Energía,TecnoPacking SRL,9108681.7,ARS,2024-08-09,Pagado,Banco Galicia,Operaciones
2024-08-02,2024,Egreso,Envases y embalajes,Energía Tucumán SA,7301257.02,ARS,2024-08-13,Pendiente,Banco Galicia,Operaciones
2024-08-02,2024,Egreso,Fitosanitarios,Agroinsumos SA,5275421.93,ARS,2024-08-07,Pagado,Banco BBVA,Operaciones
2024-08-02,2024,Egreso,Flete exportación,Despachos del NOA,2463037.11,ARS,2024-08-07,Pagado,Banco BBVA,Operaciones
2024-08-02,2024,Egreso,Flete interno,Transportes del Norte SA,9305149.6,ARS,2024-08-08,Pendiente,Banco BBVA,Operaciones
2024-08-02,2024,Egreso,Frigorífico,Despachos del NOA,9777588.37,ARS,2024-08-14,Pagado,Banco BBVA,Operaciones
2024-08-02,2024,Egreso,Gastos generales,DGR Tucumán,2080116.55,ARS,2024-08-22,Pagado,Banco Nación,Operaciones
2024-08-02,2024,Egreso,Honorarios,DGR Tucumán,1131324.87,ARS,2024-08-20,Pagado,Banco BBVA,Impuestos
2024-08-02,2024,Egreso,Impuestos,Contaduría Castillo,818993.6,ARS,2024-08-17,Pendiente,Banco BBVA,Operaciones
2024-08-02,2024,Egreso,Insumos agrícolas,Cooperativa Citrícola,7366225.27,ARS,2024-08-11,Pagado,Caja Operativa,Operaciones
2024-08-02,2024,Egreso,Mano de obra cosecha,Cooperativa Citrícola,6317483.09,ARS,2024-08-11,Pagado,Banco Nación,Operaciones
2024-08-02,2024,Egreso,Mano de obra empaque,Envases del Tucumán,6877791.07,ARS,2024-08-18,Pagado,Banco Galicia,Operaciones
2024-08-02,2024,Egreso,Mantenimiento líneas,TecnoPacking SRL,7512377.78,ARS,2024-08-11,Pagado,Banco Nación,Operaciones
2024-08-02,2024,Egreso,Maquinaria,Servicios Rurales del NOA,5325704.34,ARS,2024-08-20,Pagado,Banco Nación,Operaciones
2024-08-02,2024,Egreso,Promoción comercial,Promoción de Mercados SA,865411.24,ARS,2024-08-09,Pagado,Banco Nación,Operaciones
2024-08-02,2024,Egreso,Riego,Agroinsumos SA,8155257.28,ARS,2024-08-09,Pagado,Banco Nación,Operaciones
2024-08-02,2024,Egreso,Seguros,Contaduría Castillo,257250.7,ARS,2024-08-25,Pagado,Banco Nación,Impuestos
2024-08-02,2024,Egreso,Sueldos administración,Contaduría Castillo,2021971.37,ARS,2024-08-24,Pagado,Banco Nación,Operaciones
2024-08-02,2024,Egreso,Viajes comerciales,Certificaciones Global GAP,1203191.9,ARS,2024-08-08,Pagado,Banco Galicia,Operaciones
2024-08-02,2024,Ingreso,Venta Exportación,Al Salam Trading,3376595.95,ARS,2024-08-22,Cobrado,Banco Galicia,Operaciones
2024-08-02,2024,Ingreso,Venta Exportación,Al Salam Trading,5548360.09,ARS,2024-08-20,Cobrado,Banco Galicia,Operaciones
2024-08-02,2024,Ingreso,Venta Exportación,Al Salam Trading,6479269.38,ARS,2024-08-25,Cobrado,Banco Nación,Operaciones
2024-08-02,2024,Ingreso,Venta Exportación,Citrus World Ltd,7411091.08,ARS,2024-08-28,Cobrado,Banco BBVA,Operaciones
2024-08-02,2024,Ingreso,Venta Exportación,Citrus World Ltd,4998027.45,ARS,2024-08-23,Cobrado,Banco Galicia,Operaciones
2024-08-02,2024,Ingreso,Venta Exportación,Citrus World Ltd,5700841.53,ARS,2024-08-23,Cobrado,Caja Operativa,Operaciones
2024-08-02,2024,Ingreso,Venta Exportación,Citrus World Ltd,7060109.87,ARS,2024-09-05,Cobrado,Banco BBVA,Operaciones
2024-08-02,2024,Ingreso,Venta Exportación,Fischer Import GmbH,9464737.17,ARS,2024-09-11,Cobrado,Banco Galicia,Operaciones
2024-08-02,2024,Ingreso,Venta Exportación,Fischer Import GmbH,6162657.87,ARS,2024-08-25,Cobrado,Caja Operativa,Operaciones
2024-08-02,2024,Ingreso,Venta Exportación,Fischer Import GmbH,3319963.07,ARS,2024-09-11,Cobrado,Banco Nación,Operaciones
2024-08-02,2024,Ingreso,Venta Exportación,Medifresh SA,8250429.42,ARS,2024-09-05,Cobrado,Caja Operativa,Operaciones
2024-08-02,2024,Ingreso,Venta Exportación,Medifresh SA,2749626.69,ARS,2024-09-08,Pendiente,Banco BBVA,Operaciones
2024-08-02,2024,Ingreso,Venta Exportación,Medifresh SA,4970697.76,ARS,2024-08-27,Cobrado,Caja Operativa,Operaciones
2024-08-02,2024,Ingreso,Venta Exportación,Medifresh SA,4199372.27,ARS,2024-08-30,Cobrado,Caja Operativa,Operaciones
2024-08-02,2024,Ingreso,Venta Exportación,Medifresh SA,5971364.77,ARS,2024-09-01,Cobrado,Banco Galicia,Operaciones
2024-08-02,2024,Ingreso,Venta Exportación,Medifresh SA,5642926.61,ARS,2024-09-08,Cobrado,Banco Nación,Operaciones
2024-08-02,2024,Ingreso,Venta Exportación,Medifresh SA,4991533.65,ARS,2024-08-26,Pendiente,Banco Galicia,Operaciones
2024-08-02,2024,Ingreso,Venta Industria,Citromax SA,539300.54,ARS,2024-08-22,Cobrado,Banco BBVA,Operaciones
2024-08-02,2024,Ingreso,Venta Industria,Citromax SA,271793.1,ARS,2024-08-29,Cobrado,Banco BBVA,Operaciones
2024-08-02,2024,Ingreso,Venta Industria,Citromax SA,362039.63,ARS,2024-09-15,Pendiente,Caja Operativa,Operaciones
2024-08-02,2024,Ingreso,Venta Industria,Citromax SA,466089.6,ARS,2024-09-06,Pendiente,Banco Galicia,Operaciones
2024-08-02,2024,Ingreso,Venta Industria,Citromax SA,550854.0,ARS,2024-09-07,Cobrado,Banco Galicia,Operaciones
2024-08-02,2024,Ingreso,Venta Industria,Citromax SA,295970.51,ARS,2024-09-13,Cobrado,Banco Galicia,Operaciones
2024-08-02,2024,Ingreso,Venta Industria,Citromax SA,482358.44,ARS,2024-09-14,Cobrado,Banco BBVA,Operaciones
2024-08-02,2024,Ingreso,Venta Industria,Citromax SA,281142.75,ARS,2024-09-08,Cobrado,Banco BBVA,Operaciones
2024-08-02,2024,Ingreso,Venta Industria,Frutales Tucumán SRL,241110.57,ARS,2024-09-07,Cobrado,Banco Galicia,Operaciones
2024-08-02,2024,Ingreso,Venta Industria,Frutales Tucumán SRL,255070.4,ARS,2024-08-31,Cobrado,Caja Operativa,Operaciones
2024-08-02,2024,Ingreso,Venta Industria,Frutales Tucumán SRL,381748.04,ARS,2024-09-03,Cobrado,Caja Operativa,Operaciones
2024-08-02,2024,Ingreso,Venta Industria,Frutales Tucumán SRL,344173.89,ARS,2024-09-02,Cobrado,Banco Nación,Operaciones
2024-08-02,2024,Ingreso,Venta Industria,Frutales Tucumán SRL,366264.74,ARS,2024-08-24,Cobrado,Banco Galicia,Operaciones
2024-08-02,2024,Ingreso,Venta Industria,Frutales Tucumán SRL,359688.54,ARS,2024-08-26,Vencido,Banco BBVA,Operaciones
2024-08-02,2024,Ingreso,Venta Industria,Frutales Tucumán SRL,291813.19,ARS,2024-09-08,Cobrado,Banco BBVA,Operaciones
2024-08-02,2024,Ingreso,Venta Industria,Frutales Tucumán SRL,264439.29,ARS,2024-08-31,Pendiente,Banco Nación,Operaciones
2024-08-02,2024,Ingreso,Venta Industria,Frutales Tucumán SRL,421616.14,ARS,2024-09-06,Cobrado,Banco Galicia,Operaciones
2024-08-02,2024,Ingreso,Venta Mercado Interno,Central de Frutas SA,1062255.13,ARS,2024-08-16,Cobrado,Banco Galicia,Operaciones
2024-08-02,2024,Ingreso,Venta Mercado Interno,Central de Frutas SA,1716437.96,ARS,2024-08-14,Vencido,Caja Operativa,Operaciones
2024-08-02,2024,Ingreso,Venta Mercado Interno,Central de Frutas SA,844926.09,ARS,2024-08-14,Cobrado,Banco BBVA,Operaciones
2024-08-02,2024,Ingreso,Venta Mercado Interno,Central de Frutas SA,1372736.08,ARS,2024-08-17,Cobrado,Banco BBVA,Operaciones
2024-08-02,2024,Ingreso,Venta Mercado Interno,Central de Frutas SA,1608528.93,ARS,2024-08-21,Cobrado,Banco BBVA,Operaciones
2024-08-02,2024,Ingreso,Venta Mercado Interno,Frutales del Norte SRL,1263995.4,ARS,2024-08-16,Cobrado,Caja Operativa,Operaciones
2024-08-02,2024,Ingreso,Venta Mercado Interno,Frutales del Norte SRL,1755222.78,ARS,2024-08-20,Cobrado,Banco BBVA,Operaciones
2024-08-02,2024,Ingreso,Venta Mercado Interno,La Morenita SA,788950.34,ARS,2024-08-20,Pendiente,Caja Operativa,Operaciones
2024-08-02,2024,Ingreso,Venta Mercado Interno,La Morenita SA,1200643.79,ARS,2024-08-26,Cobrado,Banco Nación,Operaciones
2024-08-02,2024,Ingreso,Venta Mercado Interno,Supermercados Norte SA,834783.93,ARS,2024-08-19,Pendiente,Caja Operativa,Operaciones
2024-08-02,2024,Ingreso,Venta Mercado Interno,Supermercados Norte SA,1772294.63,ARS,2024-08-16,Cobrado,Banco Nación,Operaciones
2024-08-02,2024,Ingreso,Venta Mercado Interno,Supermercados Norte SA,1251239.41,ARS,2024-08-25,Cobrado,Banco Nación,Operaciones
2024-08-02,2024,Ingreso,Venta Mercado Interno,Supermercados Norte SA,961330.98,ARS,2024-08-16,Cobrado,Banco Nación,Operaciones
2024-08-02,2024,Ingreso,Venta Mercado Interno,Supermercados Norte SA,2485528.31,ARS,2024-08-15,Cobrado,Banco Galicia,Operaciones
2024-08-02,2024,Ingreso,Venta Mercado Interno,Supermercados Norte SA,1300140.38,ARS,2024-08-14,Cobrado,Caja Operativa,Operaciones
2024-08-02,2024,Ingreso,Venta Mercado Interno,Supermercados Norte SA,1521372.51,ARS,2024-08-15,Cobrado,Banco Galicia,Operaciones
2024-08-02,2024,Ingreso,Venta Mercado Interno,Supermercados Norte SA,879629.94,ARS,2024-08-23,Vencido,Banco Galicia,Operaciones
2024-08-09,2024,Egreso,Certificaciones,Broker Comercial Citrus,1523138.03,ARS,2024-08-15,Pendiente,Caja Operativa,Operaciones
2024-08-09,2024,Egreso,Comisiones,Certificaciones Global GAP,1488764.64,ARS,2024-08-23,Pagado,Banco Nación,Operaciones
2024-08-09,2024,Egreso,Control de calidad,TecnoPacking SRL,6896846.82,ARS,2024-08-18,Pagado,Banco Nación,Operaciones
2024-08-09,2024,Egreso,Despacho aduana,Transportes del Norte SA,4465565.34,ARS,2024-08-17,Pagado,Banco BBVA,Operaciones
2024-08-09,2024,Egreso,Energía,Envases del Tucumán,6916954.26,ARS,2024-08-18,Pagado,Banco Nación,Operaciones
2024-08-09,2024,Egreso,Envases y embalajes,Envases del Tucumán,10538114.31,ARS,2024-08-27,Pagado,Banco Nación,Operaciones
2024-08-09,2024,Egreso,Fitosanitarios,Servicios Rurales del NOA,4015052.73,ARS,2024-08-20,Pagado,Caja Operativa,Operaciones
2024-08-09,2024,Egreso,Flete exportación,Transportes del Norte SA,5974030.52,ARS,2024-08-27,Pendiente,Banco Nación,Operaciones
2024-08-09,2024,Egreso,Flete interno,Transportes del Norte SA,6876317.91,ARS,2024-08-26,Pagado,Banco BBVA,Operaciones
2024-08-09,2024,Egreso,Frigorífico,FríoAndes Logística,11797685.2,ARS,2024-08-26,Pagado,Banco Galicia,Operaciones
2024-08-09,2024,Egreso,Gastos generales,AFIP,883103.7,ARS,2024-08-28,Pagado,Banco Galicia,Impuestos
2024-08-09,2024,Egreso,Honorarios,AFIP,1054304.74,ARS,2024-08-23,Pagado,Banco BBVA,Impuestos
2024-08-09,2024,Egreso,Impuestos,DGR Tucumán,1032201.5,ARS,2024-08-28,Pagado,Banco BBVA,Operaciones
2024-08-09,2024,Egreso,Insumos agrícolas,Servicios Rurales del NOA,6049713.49,ARS,2024-08-17,Pagado,Banco Nación,Operaciones
2024-08-09,2024,Egreso,Mano de obra cosecha,Servicios Rurales del NOA,9949694.59,ARS,2024-08-15,Pagado,Banco Galicia,Operaciones
2024-08-09,2024,Egreso,Mano de obra empaque,Energía Tucumán SA,5339857.84,ARS,2024-08-22,Pagado,Banco Galicia,Operaciones
2024-08-09,2024,Egreso,Mantenimiento líneas,TecnoPacking SRL,8640880.24,ARS,2024-08-16,Pagado,Banco Nación,Operaciones
2024-08-09,2024,Egreso,Maquinaria,Servicios Rurales del NOA,6944671.3,ARS,2024-08-24,Pagado,Banco Galicia,Operaciones
2024-08-09,2024,Egreso,Promoción comercial,Certificaciones Global GAP,490986.44,ARS,2024-08-18,Pagado,Caja Operativa,Operaciones
2024-08-09,2024,Egreso,Riego,Servicios Rurales del NOA,6530636.66,ARS,2024-08-23,Pendiente,Banco Nación,Operaciones
2024-08-09,2024,Egreso,Seguros,Contaduría Castillo,1844942.08,ARS,2024-08-30,Pagado,Caja Operativa,Operaciones
2024-08-09,2024,Egreso,Sueldos administración,Contaduría Castillo,1556897.24,ARS,2024-08-19,Pagado,Banco Nación,Operaciones
2024-08-09,2024,Egreso,Viajes comerciales,Certificaciones Global GAP,977625.07,ARS,2024-08-24,Pendiente,Banco BBVA,Operaciones
2024-08-09,2024,Ingreso,Venta Exportación,Al Salam Trading,4536455.01,ARS,2024-08-30,Cobrado,Banco Nación,Operaciones
2024-08-09,2024,Ingreso,Venta Exportación,Al Salam Trading,4560051.09,ARS,2024-09-14,Cobrado,Caja Operativa,Operaciones
2024-08-09,2024,Ingreso,Venta Exportación,Al Salam Trading,7213879.7,ARS,2024-09-17,Cobrado,Banco Galicia,Operaciones
2024-08-09,2024,Ingreso,Venta Exportación,Al Salam Trading,5527037.86,ARS,2024-08-28,Pendiente,Caja Operativa,Operaciones
2024-08-09,2024,Ingreso,Venta Exportación,Al Salam Trading,4779098.44,ARS,2024-08-28,Cobrado,Banco BBVA,Operaciones
2024-08-09,2024,Ingreso,Venta Exportación,Al Salam Trading,8500836.46,ARS,2024-09-04,Cobrado,Banco Galicia,Operaciones
2024-08-09,2024,Ingreso,Venta Exportación,Al Salam Trading,6552604.33,ARS,2024-09-14,Cobrado,Banco Nación,Operaciones
2024-08-09,2024,Ingreso,Venta Exportación,Al Salam Trading,4822444.32,ARS,2024-08-31,Cobrado,Caja Operativa,Operaciones
2024-08-09,2024,Ingreso,Venta Exportación,Citrus World Ltd,8763908.42,ARS,2024-08-30,Cobrado,Banco BBVA,Operaciones
2024-08-09,2024,Ingreso,Venta Exportación,Citrus World Ltd,2690897.13,ARS,2024-09-18,Pendiente,Banco BBVA,Operaciones
2024-08-09,2024,Ingreso,Venta Exportación,Citrus World Ltd,3715920.15,ARS,2024-08-27,Cobrado,Banco Nación,Operaciones
2024-08-09,2024,Ingreso,Venta Exportación,Citrus World Ltd,5903108.06,ARS,2024-09-05,Cobrado,Banco Galicia,Operaciones
2024-08-09,2024,Ingreso,Venta Exportación,Citrus World Ltd,3406799.69,ARS,2024-09-09,Cobrado,Banco Nación,Operaciones
2024-08-09,2024,Ingreso,Venta Exportación,Citrus World Ltd,7549076.59,ARS,2024-09-05,Cobrado,Banco BBVA,Operaciones
2024-08-09,2024,Ingreso,Venta Exportación,Fischer Import GmbH,2551759.96,ARS,2024-09-10,Cobrado,Banco BBVA,Operaciones
2024-08-09,2024,Ingreso,Venta Exportación,Fischer Import GmbH,6143929.38,ARS,2024-09-04,Cobrado,Banco BBVA,Operaciones
2024-08-09,2024,Ingreso,Venta Exportación,Fischer Import GmbH,5743995.62,ARS,2024-09-10,Cobrado,Banco Galicia,Operaciones
2024-08-09,2024,Ingreso,Venta Exportación,Medifresh SA,8895127.63,ARS,2024-09-18,Pendiente,Banco Nación,Operaciones
2024-08-09,2024,Ingreso,Venta Exportación,Medifresh SA,1426318.28,ARS,2024-08-30,Pendiente,Banco BBVA,Operaciones
2024-08-09,2024,Ingreso,Venta Industria,Citromax SA,226413.13,ARS,2024-09-15,Cobrado,Banco Nación,Operaciones
2024-08-09,2024,Ingreso,Venta Industria,Citromax SA,594333.76,ARS,2024-09-13,Cobrado,Banco Galicia,Operaciones
2024-08-09,2024,Ingreso,Venta Industria,Citromax SA,376110.05,ARS,2024-09-20,Pendiente,Banco BBVA,Operaciones
2024-08-09,2024,Ingreso,Venta Industria,Citromax SA,291632.11,ARS,2024-09-21,Cobrado,Caja Operativa,Operaciones
2024-08-09,2024,Ingreso,Venta Industria,Citromax SA,399087.98,ARS,2024-09-10,Cobrado,Banco BBVA,Operaciones
2024-08-09,2024,Ingreso,Venta Industria,Citromax SA,369212.85,ARS,2024-09-05,Cobrado,Banco BBVA,Operaciones
2024-08-09,2024,Ingreso,Venta Industria,Citromax SA,629765.27,ARS,2024-09-10,Cobrado,Caja Operativa,Operaciones
2024-08-09,2024,Ingreso,Venta Industria,Citromax SA,520372.72,ARS,2024-09-14,Pendiente,Banco BBVA,Operaciones
2024-08-09,2024,Ingreso,Venta Industria,Citromax SA,382348.0,ARS,2024-09-04,Cobrado,Banco Galicia,Operaciones
2024-08-09,2024,Ingreso,Venta Industria,Citromax SA,374383.18,ARS,2024-09-04,Cobrado,Banco Nación,Operaciones
2024-08-09,2024,Ingreso,Venta Industria,Frutales Tucumán SRL,318905.27,ARS,2024-09-08,Cobrado,Banco BBVA,Operaciones
2024-08-09,2024,Ingreso,Venta Industria,Frutales Tucumán SRL,414608.32,ARS,2024-09-06,Cobrado,Caja Operativa,Operaciones
2024-08-09,2024,Ingreso,Venta Industria,Frutales Tucumán SRL,214022.73,ARS,2024-09-07,Vencido,Banco Galicia,Operaciones
2024-08-09,2024,Ingreso,Venta Industria,Frutales Tucumán SRL,237761.96,ARS,2024-09-04,Cobrado,Banco Galicia,Operaciones
2024-08-09,2024,Ingreso,Venta Industria,Frutales Tucumán SRL,389303.89,ARS,2024-09-21,Cobrado,Banco BBVA,Operaciones
2024-08-09,2024,Ingreso,Venta Industria,Frutales Tucumán SRL,536238.88,ARS,2024-08-31,Cobrado,Banco Nación,Operaciones
2024-08-09,2024,Ingreso,Venta Industria,Frutales Tucumán SRL,420493.7,ARS,2024-09-05,Pendiente,Banco Nación,Operaciones
2024-08-09,2024,Ingreso,Venta Mercado Interno,Central de Frutas SA,1346089.8,ARS,2024-08-28,Cobrado,Caja Operativa,Operaciones
2024-08-09,2024,Ingreso,Venta Mercado Interno,Central de Frutas SA,724885.32,ARS,2024-08-25,Cobrado,Caja Operativa,Operaciones
2024-08-09,2024,Ingreso,Venta Mercado Interno,Frutales del Norte SRL,1474436.09,ARS,2024-08-25,Cobrado,Banco BBVA,Operaciones
2024-08-09,2024,Ingreso,Venta Mercado Interno,Frutales del Norte SRL,788488.01,ARS,2024-08-23,Cobrado,Banco Nación,Operaciones
2024-08-09,2024,Ingreso,Venta Mercado Interno,Frutales del Norte SRL,1698552.58,ARS,2024-08-23,Pendiente,Banco Galicia,Operaciones
2024-08-09,2024,Ingreso,Venta Mercado Interno,Frutales del Norte SRL,948724.04,ARS,2024-08-31,Cobrado,Banco BBVA,Operaciones
2024-08-09,2024,Ingreso,Venta Mercado Interno,Frutales del Norte SRL,1491719.83,ARS,2024-08-28,Cobrado,Banco BBVA,Operaciones
2024-08-09,2024,Ingreso,Venta Mercado Interno,Frutales del Norte SRL,1173291.37,ARS,2024-08-20,Cobrado,Banco BBVA,Operaciones
2024-08-09,2024,Ingreso,Venta Mercado Interno,Frutales del Norte SRL,827278.4,ARS,2024-09-02,Cobrado,Banco Galicia,Operaciones
2024-08-09,2024,Ingreso,Venta Mercado Interno,La Morenita SA,1817752.59,ARS,2024-08-27,Cobrado,Banco Galicia,Operaciones
2024-08-09,2024,Ingreso,Venta Mercado Interno,La Morenita SA,1847880.78,ARS,2024-08-24,Pendiente,Banco Nación,Operaciones
2024-08-09,2024,Ingreso,Venta Mercado Interno,Supermercados Norte SA,1412803.25,ARS,2024-08-26,Cobrado,Banco Galicia,Operaciones
2024-08-09,2024,Ingreso,Venta Mercado Interno,Supermercados Norte SA,1044144.87,ARS,2024-08-20,Cobrado,Banco Nación,Operaciones
2024-08-09,2024,Ingreso,Venta Mercado Interno,Supermercados Norte SA,866262.04,ARS,2024-08-26,Cobrado,Banco Galicia,Operaciones
2024-08-09,2024,Ingreso,Venta Mercado Interno,Supermercados Norte SA,2014817.5,ARS,2024-08-26,Cobrado,Banco Nación,Operaciones
2024-08-09,2024,Ingreso,Venta Mercado Interno,Supermercados Norte SA,1194041.65,ARS,2024-08-31,Cobrado,Banco Nación,Operaciones
2024-08-09,2024,Ingreso,Venta Mercado Interno,Supermercados Norte SA,1097756.61,ARS,2024-08-21,Cobrado,Banco Galicia,Operaciones
2024-08-16,2024,Egreso,Certificaciones,Promoción de Mercados SA,1232613.68,ARS,2024-08-31,Pagado,Banco Nación,Operaciones
2024-08-16,2024,Egreso,Comisiones,Promoción de Mercados SA,797053.89,ARS,2024-08-23,Pagado,Banco Nación,Operaciones
2024-08-16,2024,Egreso,Control de calidad,Energía Tucumán SA,9075948.93,ARS,2024-09-03,Pagado,Banco Galicia,Operaciones
2024-08-16,2024,Egreso,Despacho aduana,FríoAndes Logística,4432348.94,ARS,2024-08-31,Pendiente,Banco BBVA,Operaciones
2024-08-16,2024,Egreso,Energía,Energía Tucumán SA,8483048.01,ARS,2024-08-23,Pendiente,Banco BBVA,Operaciones
2024-08-16,2024,Egreso,Envases y embalajes,Envases del Tucumán,6787815.92,ARS,2024-09-01,Pagado,Banco Nación,Operaciones
2024-08-16,2024,Egreso,Fitosanitarios,Agroinsumos SA,6604281.04,ARS,2024-08-28,Pagado,Banco Galicia,Operaciones
2024-08-16,2024,Egreso,Flete exportación,Despachos del NOA,4282805.41,ARS,2024-08-29,Pagado,Caja Operativa,Operaciones
2024-08-16,2024,Egreso,Flete interno,FríoAndes Logística,9372702.48,ARS,2024-09-01,Pagado,Banco BBVA,Operaciones
2024-08-16,2024,Egreso,Frigorífico,Transportes del Norte SA,11173150.42,ARS,2024-09-02,Pagado,Banco Galicia,Operaciones
2024-08-16,2024,Egreso,Gastos generales,DGR Tucumán,1653622.77,ARS,2024-09-07,Pendiente,Caja Operativa,Impuestos
2024-08-16,2024,Egreso,Honorarios,AFIP,2065873.23,ARS,2024-08-28,Pagado,Banco BBVA,Impuestos
2024-08-16,2024,Egreso,Impuestos,AFIP,1311871.81,ARS,2024-09-02,Pagado,Banco Galicia,Impuestos
2024-08-16,2024,Egreso,Insumos agrícolas,Servicios Rurales del NOA,8574495.61,ARS,2024-08-29,Pagado,Banco Nación,Operaciones
2024-08-16,2024,Egreso,Mano de obra cosecha,Agroinsumos SA,6345043.61,ARS,2024-09-03,Pagado,Banco Nación,Operaciones
2024-08-16,2024,Egreso,Mano de obra empaque,TecnoPacking SRL,6544745.73,ARS,2024-08-28,Pagado,Banco BBVA,Operaciones
2024-08-16,2024,Egreso,Mantenimiento líneas,Energía Tucumán SA,8041094.56,ARS,2024-08-27,Pagado,Caja Operativa,Operaciones
2024-08-16,2024,Egreso,Maquinaria,Agroinsumos SA,5742770.77,ARS,2024-08-24,Pagado,Caja Operativa,Operaciones
2024-08-16,2024,Egreso,Promoción comercial,Promoción de Mercados SA,1271059.29,ARS,2024-08-24,Pagado,Banco Galicia,Operaciones
2024-08-16,2024,Egreso,Riego,Cooperativa Citrícola,6113874.98,ARS,2024-08-31,Pagado,Caja Operativa,Operaciones
2024-08-16,2024,Egreso,Seguros,AFIP,1273802.3,ARS,2024-09-02,Pagado,Banco BBVA,Operaciones
2024-08-16,2024,Egreso,Sueldos administración,DGR Tucumán,580902.79,ARS,2024-09-04,Pagado,Caja Operativa,Operaciones
2024-08-16,2024,Egreso,Viajes comerciales,Promoción de Mercados SA,1341816.08,ARS,2024-08-27,Pagado,Caja Operativa,Operaciones
2024-08-16,2024,Ingreso,Venta Exportación,Al Salam Trading,5307341.26,ARS,2024-09-15,Pendiente,Banco Nación,Operaciones
2024-08-16,2024,Ingreso,Venta Exportación,Al Salam Trading,1482508.48,ARS,2024-09-08,Cobrado,Banco Nación,Operaciones
2024-08-16,2024,Ingreso,Venta Exportación,Al Salam Trading,5369788.89,ARS,2024-09-23,Cobrado,Banco Galicia,Operaciones
2024-08-16,2024,Ingreso,Venta Exportación,Al Salam Trading,2009692.97,ARS,2024-09-23,Pendiente,Banco BBVA,Operaciones
2024-08-16,2024,Ingreso,Venta Exportación,Al Salam Trading,8812785.19,ARS,2024-09-21,Cobrado,Banco Galicia,Operaciones
2024-08-16,2024,Ingreso,Venta Exportación,Citrus World Ltd,5620049.39,ARS,2024-09-06,Cobrado,Banco Nación,Operaciones
2024-08-16,2024,Ingreso,Venta Exportación,Citrus World Ltd,5264284.17,ARS,2024-09-03,Cobrado,Banco BBVA,Operaciones
2024-08-16,2024,Ingreso,Venta Exportación,Citrus World Ltd,9859176.15,ARS,2024-09-15,Cobrado,Banco BBVA,Operaciones
2024-08-16,2024,Ingreso,Venta Exportación,Citrus World Ltd,5742175.15,ARS,2024-09-17,Pendiente,Banco BBVA,Operaciones
2024-08-16,2024,Ingreso,Venta Exportación,Citrus World Ltd,3828531.3,ARS,2024-09-21,Vencido,Banco BBVA,Operaciones
2024-08-16,2024,Ingreso,Venta Exportación,Fischer Import GmbH,6904387.83,ARS,2024-09-22,Cobrado,Banco Galicia,Operaciones
2024-08-16,2024,Ingreso,Venta Exportación,Fischer Import GmbH,5385661.03,ARS,2024-09-15,Cobrado,Banco BBVA,Operaciones
2024-08-16,2024,Ingreso,Venta Exportación,Fischer Import GmbH,3143620.14,ARS,2024-09-18,Cobrado,Caja Operativa,Operaciones
2024-08-16,2024,Ingreso,Venta Exportación,Medifresh SA,8604731.29,ARS,2024-09-05,Cobrado,Banco Nación,Operaciones
2024-08-16,2024,Ingreso,Venta Exportación,Medifresh SA,5061555.58,ARS,2024-09-16,Cobrado,Caja Operativa,Operaciones
2024-08-16,2024,Ingreso,Venta Exportación,Medifresh SA,2674453.71,ARS,2024-09-21,Cobrado,Banco Galicia,Operaciones
2024-08-16,2024,Ingreso,Venta Exportación,Medifresh SA,7578440.09,ARS,2024-09-17,Cobrado,Banco Nación,Operaciones
2024-08-16,2024,Ingreso,Venta Exportación,Medifresh SA,7377546.13,ARS,2024-09-06,Vencido,Banco Nación,Operaciones
2024-08-16,2024,Ingreso,Venta Exportación,Medifresh SA,3824520.13,ARS,2024-09-17,Cobrado,Banco Nación,Operaciones
2024-08-16,2024,Ingreso,Venta Industria,Citromax SA,337147.16,ARS,2024-09-07,Pendiente,Banco Galicia,Operaciones
2024-08-16,2024,Ingreso,Venta Industria,Citromax SA,225258.29,ARS,2024-09-29,Cobrado,Banco BBVA,Operaciones
2024-08-16,2024,Ingreso,Venta Industria,Citromax SA,364784.08,ARS,2024-09-25,Vencido,Banco BBVA,Operaciones
2024-08-16,2024,Ingreso,Venta Industria,Citromax SA,337354.97,ARS,2024-09-29,Cobrado,Banco Nación,Operaciones
2024-08-16,2024,Ingreso,Venta Industria,Citromax SA,316781.48,ARS,2024-09-08,Cobrado,Banco BBVA,Operaciones
2024-08-16,2024,Ingreso,Venta Industria,Citromax SA,591607.04,ARS,2024-09-11,Pendiente,Banco Nación,Operaciones
2024-08-16,2024,Ingreso,Venta Industria,Citromax SA,499124.84,ARS,2024-09-22,Pendiente,Banco Nación,Operaciones
2024-08-16,2024,Ingreso,Venta Industria,Citromax SA,445923.79,ARS,2024-09-18,Cobrado,Banco BBVA,Operaciones
2024-08-16,2024,Ingreso,Venta Industria,Citromax SA,344935.66,ARS,2024-09-28,Cobrado,Banco BBVA,Operaciones
2024-08-16,2024,Ingreso,Venta Industria,Frutales Tucumán SRL,373342.53,ARS,2024-09-21,Pendiente,Banco Galicia,Operaciones
2024-08-16,2024,Ingreso,Venta Industria,Frutales Tucumán SRL,308743.05,ARS,2024-09-15,Cobrado,Caja Operativa,Operaciones
2024-08-16,2024,Ingreso,Venta Industria,Frutales Tucumán SRL,447400.66,ARS,2024-09-25,Cobrado,Banco Galicia,Operaciones
2024-08-16,2024,Ingreso,Venta Industria,Frutales Tucumán SRL,370847.74,ARS,2024-09-18,Cobrado,Banco BBVA,Operaciones
2024-08-16,2024,Ingreso,Venta Industria,Frutales Tucumán SRL,277050.41,ARS,2024-09-21,Pendiente,Banco Nación,Operaciones
2024-08-16,2024,Ingreso,Venta Industria,Frutales Tucumán SRL,261536.26,ARS,2024-09-20,Cobrado,Caja Operativa,Operaciones
2024-08-16,2024,Ingreso,Venta Industria,Frutales Tucumán SRL,467557.43,ARS,2024-09-13,Cobrado,Banco BBVA,Operaciones
2024-08-16,2024,Ingreso,Venta Industria,Frutales Tucumán SRL,283501.85,ARS,2024-09-20,Cobrado,Caja Operativa,Operaciones
2024-08-16,2024,Ingreso,Venta Mercado Interno,Central de Frutas SA,1745415.88,ARS,2024-09-03,Cobrado,Banco Nación,Operaciones
2024-08-16,2024,Ingreso,Venta Mercado Interno,Central de Frutas SA,1596994.15,ARS,2024-09-07,Pendiente,Banco BBVA,Operaciones
2024-08-16,2024,Ingreso,Venta Mercado Interno,Frutales del Norte SRL,956092.73,ARS,2024-09-03,Cobrado,Banco Nación,Operaciones
2024-08-16,2024,Ingreso,Venta Mercado Interno,Frutales del Norte SRL,1643151.51,ARS,2024-09-05,Cobrado,Banco Nación,Operaciones
2024-08-16,2024,Ingreso,Venta Mercado Interno,Frutales del Norte SRL,1569721.51,ARS,2024-08-29,Cobrado,Banco Galicia,Operaciones
2024-08-16,2024,Ingreso,Venta Mercado Interno,Frutales del Norte SRL,1667020.31,ARS,2024-09-04,Cobrado,Banco Nación,Operaciones
2024-08-16,2024,Ingreso,Venta Mercado Interno,Frutales del Norte SRL,1077404.68,ARS,2024-09-01,Cobrado,Caja Operativa,Operaciones
2024-08-16,2024,Ingreso,Venta Mercado Interno,Frutales del Norte SRL,901201.55,ARS,2024-08-28,Cobrado,Banco Galicia,Operaciones
2024-08-16,2024,Ingreso,Venta Mercado Interno,La Morenita SA,1292759.97,ARS,2024-08-27,Pendiente,Banco Nación,Operaciones
2024-08-16,2024,Ingreso,Venta Mercado Interno,La Morenita SA,1094362.81,ARS,2024-09-06,Pendiente,Banco Galicia,Operaciones
2024-08-16,2024,Ingreso,Venta Mercado Interno,La Morenita SA,897465.12,ARS,2024-08-26,Cobrado,Banco Galicia,Operaciones
2024-08-16,2024,Ingreso,Venta Mercado Interno,Supermercados Norte SA,2144659.36,ARS,2024-09-06,Cobrado,Banco Nación,Operaciones
2024-08-16,2024,Ingreso,Venta Mercado Interno,Supermercados Norte SA,737301.71,ARS,2024-09-02,Cobrado,Banco BBVA,Operaciones
2024-08-16,2024,Ingreso,Venta Mercado Interno,Supermercados Norte SA,1934848.15,ARS,2024-09-05,Pendiente,Banco Nación,Operaciones
2024-08-16,2024,Ingreso,Venta Mercado Interno,Supermercados Norte SA,1551858.6,ARS,2024-09-04,Cobrado,Banco Nación,Operaciones
2024-08-16,2024,Ingreso,Venta Mercado Interno,Supermercados Norte SA,864750.22,ARS,2024-09-02,Cobrado,Banco BBVA,Operaciones
2024-08-16,2024,Ingreso,Venta Mercado Interno,Supermercados Norte SA,1323117.98,ARS,2024-08-29,Pendiente,Banco Nación,Operaciones
2024-08-23,2024,Egreso,Certificaciones,Certificaciones Global GAP,981229.71,ARS,2024-09-02,Pagado,Caja Operativa,Operaciones
2024-08-23,2024,Egreso,Comisiones,Certificaciones Global GAP,1140652.52,ARS,2024-09-08,Pagado,Banco Galicia,Operaciones
2024-08-23,2024,Egreso,Control de calidad,TecnoPacking SRL,5153344.31,ARS,2024-09-07,Pagado,Banco Nación,Operaciones
2024-08-23,2024,Egreso,Despacho aduana,Despachos del NOA,4802673.23,ARS,2024-09-03,Pagado,Caja Operativa,Operaciones
2024-08-23,2024,Egreso,Energía,Energía Tucumán SA,8804398.23,ARS,2024-09-02,Pagado,Banco BBVA,Operaciones
2024-08-23,2024,Egreso,Envases y embalajes,Envases del Tucumán,8515983.79,ARS,2024-09-09,Pagado,Caja Operativa,Operaciones
2024-08-23,2024,Egreso,Fitosanitarios,Agroinsumos SA,7260836.98,ARS,2024-09-01,Pagado,Caja Operativa,Operaciones
2024-08-23,2024,Egreso,Flete exportación,FríoAndes Logística,4934777.54,ARS,2024-09-05,Pagado,Banco BBVA,Operaciones
2024-08-23,2024,Egreso,Flete interno,Transportes del Norte SA,10478051.85,ARS,2024-08-30,Pagado,Banco Galicia,Operaciones
2024-08-23,2024,Egreso,Frigorífico,Despachos del NOA,8746838.99,ARS,2024-08-29,Pagado,Banco Galicia,Operaciones
2024-08-23,2024,Egreso,Gastos generales,DGR Tucumán,1215087.48,ARS,2024-09-08,Pagado,Banco Nación,Impuestos
2024-08-23,2024,Egreso,Honorarios,Contaduría Castillo,2174203.66,ARS,2024-09-02,Pagado,Caja Operativa,Impuestos
2024-08-23,2024,Egreso,Impuestos,DGR Tucumán,646959.18,ARS,2024-09-11,Pagado,Caja Operativa,Operaciones
2024-08-23,2024,Egreso,Insumos agrícolas,Cooperativa Citrícola,6786926.13,ARS,2024-08-29,Pagado,Banco Nación,Operaciones
2024-08-23,2024,Egreso,Mano de obra cosecha,Agroinsumos SA,5024022.2,ARS,2024-08-30,Pagado,Banco Galicia,Operaciones
2024-08-23,2024,Egreso,Mano de obra empaque,Energía Tucumán SA,4872423.84,ARS,2024-09-08,Pagado,Banco BBVA,Operaciones
2024-08-23,2024,Egreso,Mantenimiento líneas,TecnoPacking SRL,11533735.78,ARS,2024-09-02,Pagado,Banco BBVA,Operaciones
2024-08-23,2024,Egreso,Maquinaria,Servicios Rurales del NOA,9171781.81,ARS,2024-09-01,Pagado,Banco Galicia,Operaciones
2024-08-23,2024,Egreso,Promoción comercial,Broker Comercial Citrus,1592263.62,ARS,2024-09-03,Vencido,Banco Galicia,Operaciones
2024-08-23,2024,Egreso,Riego,Servicios Rurales del NOA,4418260.33,ARS,2024-08-29,Pagado,Banco Galicia,Operaciones
2024-08-23,2024,Egreso,Seguros,DGR Tucumán,1229266.34,ARS,2024-09-12,Pagado,Caja Operativa,Operaciones
2024-08-23,2024,Egreso,Sueldos administración,Contaduría Castillo,1117337.09,ARS,2024-09-09,Vencido,Banco BBVA,Operaciones
2024-08-23,2024,Egreso,Viajes comerciales,Promoción de Mercados SA,568886.15,ARS,2024-09-07,Pagado,Banco Galicia,Operaciones
2024-08-23,2024,Ingreso,Venta Exportación,Al Salam Trading,5423612.73,ARS,2024-09-23,Cobrado,Caja Operativa,Operaciones
2024-08-23,2024,Ingreso,Venta Exportación,Al Salam Trading,7133920.99,ARS,2024-09-15,Cobrado,Banco BBVA,Operaciones
2024-08-23,2024,Ingreso,Venta Exportación,Citrus World Ltd,5043851.69,ARS,2024-09-24,Cobrado,Banco Galicia,Operaciones
2024-08-23,2024,Ingreso,Venta Exportación,Citrus World Ltd,5994347.34,ARS,2024-09-12,Cobrado,Banco Nación,Operaciones
2024-08-23,2024,Ingreso,Venta Exportación,Citrus World Ltd,7885089.19,ARS,2024-09-16,Cobrado,Banco Nación,Operaciones
2024-08-23,2024,Ingreso,Venta Exportación,Citrus World Ltd,3377192.71,ARS,2024-09-25,Cobrado,Caja Operativa,Operaciones
2024-08-23,2024,Ingreso,Venta Exportación,Citrus World Ltd,6566188.18,ARS,2024-09-17,Cobrado,Banco BBVA,Operaciones
2024-08-23,2024,Ingreso,Venta Exportación,Citrus World Ltd,4829046.23,ARS,2024-09-12,Cobrado,Banco BBVA,Operaciones
2024-08-23,2024,Ingreso,Venta Exportación,Fischer Import GmbH,8163725.3,ARS,2024-09-14,Cobrado,Banco BBVA,Operaciones
2024-08-23,2024,Ingreso,Venta Exportación,Fischer Import GmbH,3137032.26,ARS,2024-09-22,Cobrado,Banco BBVA,Operaciones
2024-08-23,2024,Ingreso,Venta Exportación,Fischer Import GmbH,5806422.61,ARS,2024-09-26,Cobrado,Caja Operativa,Operaciones
2024-08-23,2024,Ingreso,Venta Exportación,Fischer Import GmbH,3603388.88,ARS,2024-09-26,Cobrado,Caja Operativa,Operaciones
2024-08-23,2024,Ingreso,Venta Exportación,Medifresh SA,7001561.48,ARS,2024-09-22,Cobrado,Banco Galicia,Operaciones
2024-08-23,2024,Ingreso,Venta Exportación,Medifresh SA,8298571.57,ARS,2024-09-17,Cobrado,Banco Galicia,Operaciones
2024-08-23,2024,Ingreso,Venta Exportación,Medifresh SA,4068954.51,ARS,2024-09-22,Cobrado,Banco Galicia,Operaciones
2024-08-23,2024,Ingreso,Venta Exportación,Medifresh SA,7424367.67,ARS,2024-09-14,Cobrado,Banco BBVA,Operaciones
2024-08-23,2024,Ingreso,Venta Exportación,Medifresh SA,5336404.31,ARS,2024-09-14,Cobrado,Caja Operativa,Operaciones
2024-08-23,2024,Ingreso,Venta Exportación,Medifresh SA,4297959.98,ARS,2024-09-13,Cobrado,Caja Operativa,Operaciones
2024-08-23,2024,Ingreso,Venta Industria,Citromax SA,333493.56,ARS,2024-09-25,Cobrado,Banco Galicia,Operaciones
2024-08-23,2024,Ingreso,Venta Industria,Citromax SA,268454.91,ARS,2024-09-14,Cobrado,Banco Galicia,Operaciones
2024-08-23,2024,Ingreso,Venta Industria,Citromax SA,232388.81,ARS,2024-09-24,Cobrado,Banco Galicia,Operaciones
2024-08-23,2024,Ingreso,Venta Industria,Citromax SA,328076.62,ARS,2024-09-25,Cobrado,Caja Operativa,Operaciones
2024-08-23,2024,Ingreso,Venta Industria,Citromax SA,435015.69,ARS,2024-10-03,Cobrado,Banco Nación,Operaciones
2024-08-23,2024,Ingreso,Venta Industria,Citromax SA,355677.4,ARS,2024-10-02,Cobrado,Banco Nación,Operaciones
2024-08-23,2024,Ingreso,Venta Industria,Citromax SA,730835.72,ARS,2024-10-03,Cobrado,Banco BBVA,Operaciones
2024-08-23,2024,Ingreso,Venta Industria,Citromax SA,375694.45,ARS,2024-09-17,Vencido,Banco BBVA,Operaciones
2024-08-23,2024,Ingreso,Venta Industria,Citromax SA,402982.72,ARS,2024-09-22,Cobrado,Caja Operativa,Operaciones
2024-08-23,2024,Ingreso,Venta Industria,Frutales Tucumán SRL,247015.49,ARS,2024-09-18,Cobrado,Banco Nación,Operaciones
2024-08-23,2024,Ingreso,Venta Industria,Frutales Tucumán SRL,400459.87,ARS,2024-10-05,Cobrado,Banco Nación,Operaciones
2024-08-23,2024,Ingreso,Venta Industria,Frutales Tucumán SRL,424778.36,ARS,2024-09-27,Cobrado,Banco BBVA,Operaciones
2024-08-23,2024,Ingreso,Venta Industria,Frutales Tucumán SRL,292766.45,ARS,2024-10-04,Pendiente,Caja Operativa,Operaciones
2024-08-23,2024,Ingreso,Venta Industria,Frutales Tucumán SRL,276273.15,ARS,2024-09-13,Cobrado,Banco Nación,Operaciones
2024-08-23,2024,Ingreso,Venta Industria,Frutales Tucumán SRL,528324.22,ARS,2024-09-26,Pendiente,Caja Operativa,Operaciones
2024-08-23,2024,Ingreso,Venta Industria,Frutales Tucumán SRL,422533.89,ARS,2024-10-04,Cobrado,Banco BBVA,Operaciones
2024-08-23,2024,Ingreso,Venta Industria,Frutales Tucumán SRL,246193.15,ARS,2024-10-04,Cobrado,Banco Nación,Operaciones
2024-08-23,2024,Ingreso,Venta Mercado Interno,Central de Frutas SA,985251.9,ARS,2024-09-05,Cobrado,Banco BBVA,Operaciones
2024-08-23,2024,Ingreso,Venta Mercado Interno,Central de Frutas SA,1854800.27,ARS,2024-09-12,Cobrado,Banco Galicia,Operaciones
2024-08-23,2024,Ingreso,Venta Mercado Interno,Central de Frutas SA,1408967.97,ARS,2024-09-13,Cobrado,Caja Operativa,Operaciones
2024-08-23,2024,Ingreso,Venta Mercado Interno,Central de Frutas SA,1360951.24,ARS,2024-09-02,Cobrado,Banco BBVA,Operaciones
2024-08-23,2024,Ingreso,Venta Mercado Interno,Central de Frutas SA,976649.39,ARS,2024-09-09,Pendiente,Banco Galicia,Operaciones
2024-08-23,2024,Ingreso,Venta Mercado Interno,Frutales del Norte SRL,1139027.41,ARS,2024-09-07,Cobrado,Banco BBVA,Operaciones
2024-08-23,2024,Ingreso,Venta Mercado Interno,Frutales del Norte SRL,1425754.21,ARS,2024-09-11,Cobrado,Banco Nación,Operaciones
2024-08-23,2024,Ingreso,Venta Mercado Interno,La Morenita SA,1589806.55,ARS,2024-09-06,Cobrado,Banco BBVA,Operaciones
2024-08-23,2024,Ingreso,Venta Mercado Interno,La Morenita SA,1282697.62,ARS,2024-09-13,Cobrado,Banco Galicia,Operaciones
2024-08-23,2024,Ingreso,Venta Mercado Interno,La Morenita SA,1655636.85,ARS,2024-09-07,Cobrado,Caja Operativa,Operaciones
2024-08-23,2024,Ingreso,Venta Mercado Interno,La Morenita SA,859547.51,ARS,2024-09-16,Cobrado,Caja Operativa,Operaciones
2024-08-23,2024,Ingreso,Venta Mercado Interno,La Morenita SA,1853016.07,ARS,2024-09-09,Vencido,Caja Operativa,Operaciones
2024-08-23,2024,Ingreso,Venta Mercado Interno,La Morenita SA,1536393.85,ARS,2024-09-06,Cobrado,Banco Nación,Operaciones
2024-08-23,2024,Ingreso,Venta Mercado Interno,La Morenita SA,1966195.68,ARS,2024-09-15,Cobrado,Banco Nación,Operaciones
2024-08-23,2024,Ingreso,Venta Mercado Interno,La Morenita SA,982152.9,ARS,2024-09-03,Cobrado,Banco Galicia,Operaciones
2024-08-23,2024,Ingreso,Venta Mercado Interno,Supermercados Norte SA,1246304.52,ARS,2024-09-11,Cobrado,Banco Nación,Operaciones
2024-08-23,2024,Ingreso,Venta Mercado Interno,Supermercados Norte SA,905094.53,ARS,2024-09-15,Cobrado,Banco Galicia,Operaciones
2024-08-30,2024,Egreso,Certificaciones,Broker Comercial Citrus,528495.74,ARS,2024-09-12,Pagado,Banco Nación,Operaciones
2024-08-30,2024,Egreso,Comisiones,Promoción de Mercados SA,1205694.11,ARS,2024-09-14,Pagado,Banco BBVA,Operaciones
2024-08-30,2024,Egreso,Control de calidad,Envases del Tucumán,8646998.52,ARS,2024-09-07,Pagado,Caja Operativa,Operaciones
2024-08-30,2024,Egreso,Despacho aduana,FríoAndes Logística,3917261.76,ARS,2024-09-13,Pendiente,Banco Nación,Operaciones
2024-08-30,2024,Egreso,Energía,TecnoPacking SRL,7223945.95,ARS,2024-09-12,Pagado,Banco Galicia,Operaciones
2024-08-30,2024,Egreso,Envases y embalajes,Envases del Tucumán,7372306.11,ARS,2024-09-11,Vencido,Caja Operativa,Operaciones
2024-08-30,2024,Egreso,Fitosanitarios,Servicios Rurales del NOA,7395530.75,ARS,2024-09-14,Pagado,Banco BBVA,Operaciones
2024-08-30,2024,Egreso,Flete exportación,Transportes del Norte SA,7653810.04,ARS,2024-09-13,Pagado,Banco Galicia,Operaciones
2024-08-30,2024,Egreso,Flete interno,Transportes del Norte SA,7443074.92,ARS,2024-09-06,Pendiente,Caja Operativa,Operaciones
2024-08-30,2024,Egreso,Frigorífico,FríoAndes Logística,9395535.21,ARS,2024-09-17,Pagado,Caja Operativa,Operaciones
2024-08-30,2024,Egreso,Gastos generales,AFIP,567369.27,ARS,2024-09-09,Pagado,Caja Operativa,Impuestos
2024-08-30,2024,Egreso,Honorarios,DGR Tucumán,1713634.76,ARS,2024-09-24,Pendiente,Banco BBVA,Operaciones
2024-08-30,2024,Egreso,Impuestos,AFIP,1332452.9,ARS,2024-09-14,Pagado,Banco BBVA,Impuestos
2024-08-30,2024,Egreso,Insumos agrícolas,Agroinsumos SA,7213118.14,ARS,2024-09-10,Pendiente,Banco Galicia,Operaciones
2024-08-30,2024,Egreso,Mano de obra cosecha,Cooperativa Citrícola,5492524.44,ARS,2024-09-10,Pendiente,Banco Nación,Operaciones
2024-08-30,2024,Egreso,Mano de obra empaque,TecnoPacking SRL,6974319.65,ARS,2024-09-11,Pagado,Caja Operativa,Operaciones
2024-08-30,2024,Egreso,Mantenimiento líneas,TecnoPacking SRL,7087711.98,ARS,2024-09-08,Pagado,Banco BBVA,Operaciones
2024-08-30,2024,Egreso,Maquinaria,Cooperativa Citrícola,8105679.33,ARS,2024-09-09,Pagado,Banco Nación,Operaciones
2024-08-30,2024,Egreso,Promoción comercial,Promoción de Mercados SA,1879933.78,ARS,2024-09-09,Pagado,Banco BBVA,Operaciones
2024-08-30,2024,Egreso,Riego,Servicios Rurales del NOA,4240969.13,ARS,2024-09-16,Pagado,Banco Galicia,Operaciones
2024-08-30,2024,Egreso,Seguros,DGR Tucumán,1431044.99,ARS,2024-09-16,Pagado,Caja Operativa,Impuestos
2024-08-30,2024,Egreso,Sueldos administración,Contaduría Castillo,1255869.2,ARS,2024-09-23,Pendiente,Banco Nación,Operaciones
2024-08-30,2024,Egreso,Viajes comerciales,Certificaciones Global GAP,1095290.52,ARS,2024-09-14,Pagado,Banco Galicia,Operaciones
2024-08-30,2024,Ingreso,Venta Exportación,Al Salam Trading,2797210.03,ARS,2024-09-26,Cobrado,Banco BBVA,Operaciones
2024-08-30,2024,Ingreso,Venta Exportación,Al Salam Trading,4467539.91,ARS,2024-09-28,Cobrado,Caja Operativa,Operaciones
2024-08-30,2024,Ingreso,Venta Exportación,Al Salam Trading,3896630.22,ARS,2024-09-19,Cobrado,Banco Galicia,Operaciones
2024-08-30,2024,Ingreso,Venta Exportación,Al Salam Trading,2878576.88,ARS,2024-10-09,Pendiente,Banco BBVA,Operaciones
2024-08-30,2024,Ingreso,Venta Exportación,Al Salam Trading,2306752.34,ARS,2024-09-18,Cobrado,Banco Nación,Operaciones
2024-08-30,2024,Ingreso,Venta Exportación,Citrus World Ltd,4158257.57,ARS,2024-10-09,Cobrado,Banco BBVA,Operaciones
2024-08-30,2024,Ingreso,Venta Exportación,Citrus World Ltd,6135401.33,ARS,2024-10-08,Vencido,Caja Operativa,Operaciones
2024-08-30,2024,Ingreso,Venta Exportación,Citrus World Ltd,8238778.7,ARS,2024-10-09,Cobrado,Banco Nación,Operaciones
2024-08-30,2024,Ingreso,Venta Exportación,Citrus World Ltd,5331428.03,ARS,2024-09-30,Cobrado,Caja Operativa,Operaciones
2024-08-30,2024,Ingreso,Venta Exportación,Fischer Import GmbH,8171437.98,ARS,2024-09-24,Pendiente,Banco Galicia,Operaciones
2024-08-30,2024,Ingreso,Venta Exportación,Fischer Import GmbH,6795833.85,ARS,2024-10-01,Cobrado,Banco Galicia,Operaciones
2024-08-30,2024,Ingreso,Venta Exportación,Fischer Import GmbH,5939643.73,ARS,2024-09-26,Cobrado,Banco Galicia,Operaciones
2024-08-30,2024,Ingreso,Venta Exportación,Fischer Import GmbH,7973364.25,ARS,2024-10-04,Cobrado,Banco BBVA,Operaciones
2024-08-30,2024,Ingreso,Venta Exportación,Fischer Import GmbH,8005115.19,ARS,2024-09-28,Vencido,Banco BBVA,Operaciones
2024-08-30,2024,Ingreso,Venta Exportación,Fischer Import GmbH,4112863.44,ARS,2024-09-20,Cobrado,Banco Nación,Operaciones
2024-08-30,2024,Ingreso,Venta Exportación,Medifresh SA,6859566.71,ARS,2024-10-08,Vencido,Banco Galicia,Operaciones
2024-08-30,2024,Ingreso,Venta Exportación,Medifresh SA,5274182.87,ARS,2024-10-09,Cobrado,Banco Nación,Operaciones
2024-08-30,2024,Ingreso,Venta Exportación,Medifresh SA,4836996.11,ARS,2024-10-08,Cobrado,Banco BBVA,Operaciones
2024-08-30,2024,Ingreso,Venta Industria,Citromax SA,307713.84,ARS,2024-10-13,Cobrado,Caja Operativa,Operaciones
2024-08-30,2024,Ingreso,Venta Industria,Citromax SA,360848.31,ARS,2024-09-21,Cobrado,Banco Nación,Operaciones
2024-08-30,2024,Ingreso,Venta Industria,Citromax SA,271962.53,ARS,2024-10-11,Cobrado,Banco BBVA,Operaciones
2024-08-30,2024,Ingreso,Venta Industria,Citromax SA,278289.63,ARS,2024-10-04,Cobrado,Caja Operativa,Operaciones
2024-08-30,2024,Ingreso,Venta Industria,Citromax SA,335583.88,ARS,2024-09-27,Cobrado,Banco BBVA,Operaciones
2024-08-30,2024,Ingreso,Venta Industria,Citromax SA,385745.5,ARS,2024-10-14,Cobrado,Banco BBVA,Operaciones
2024-08-30,2024,Ingreso,Venta Industria,Citromax SA,263956.08,ARS,2024-10-07,Cobrado,Banco Galicia,Operaciones
2024-08-30,2024,Ingreso,Venta Industria,Citromax SA,304617.87,ARS,2024-09-26,Pendiente,Banco Galicia,Operaciones
2024-08-30,2024,Ingreso,Venta Industria,Citromax SA,281356.82,ARS,2024-09-27,Cobrado,Banco Galicia,Operaciones
2024-08-30,2024,Ingreso,Venta Industria,Citromax SA,591754.25,ARS,2024-10-05,Pendiente,Banco Nación,Operaciones
2024-08-30,2024,Ingreso,Venta Industria,Citromax SA,605876.07,ARS,2024-10-11,Cobrado,Banco Nación,Operaciones
2024-08-30,2024,Ingreso,Venta Industria,Citromax SA,595966.35,ARS,2024-09-29,Cobrado,Caja Operativa,Operaciones
2024-08-30,2024,Ingreso,Venta Industria,Citromax SA,452408.85,ARS,2024-10-09,Cobrado,Caja Operativa,Operaciones
2024-08-30,2024,Ingreso,Venta Industria,Citromax SA,408212.58,ARS,2024-09-24,Cobrado,Banco Nación,Operaciones
2024-08-30,2024,Ingreso,Venta Industria,Frutales Tucumán SRL,309549.75,ARS,2024-09-21,Cobrado,Banco Nación,Operaciones
2024-08-30,2024,Ingreso,Venta Industria,Frutales Tucumán SRL,326406.08,ARS,2024-10-11,Cobrado,Caja Operativa,Operaciones
2024-08-30,2024,Ingreso,Venta Industria,Frutales Tucumán SRL,381782.71,ARS,2024-10-14,Cobrado,Caja Operativa,Operaciones
2024-08-30,2024,Ingreso,Venta Mercado Interno,Central de Frutas SA,2017841.99,ARS,2024-09-12,Pendiente,Banco Nación,Operaciones
2024-08-30,2024,Ingreso,Venta Mercado Interno,Central de Frutas SA,1585235.53,ARS,2024-09-19,Cobrado,Caja Operativa,Operaciones
2024-08-30,2024,Ingreso,Venta Mercado Interno,Central de Frutas SA,1382608.94,ARS,2024-09-10,Cobrado,Banco BBVA,Operaciones
2024-08-30,2024,Ingreso,Venta Mercado Interno,Central de Frutas SA,1263283.58,ARS,2024-09-15,Cobrado,Banco Nación,Operaciones
2024-08-30,2024,Ingreso,Venta Mercado Interno,Central de Frutas SA,1465583.72,ARS,2024-09-19,Cobrado,Caja Operativa,Operaciones
2024-08-30,2024,Ingreso,Venta Mercado Interno,Frutales del Norte SRL,1310176.2,ARS,2024-09-15,Cobrado,Banco Galicia,Operaciones
2024-08-30,2024,Ingreso,Venta Mercado Interno,Frutales del Norte SRL,1050163.7,ARS,2024-09-22,Pendiente,Banco Galicia,Operaciones
2024-08-30,2024,Ingreso,Venta Mercado Interno,Frutales del Norte SRL,1402273.85,ARS,2024-09-20,Cobrado,Caja Operativa,Operaciones
2024-08-30,2024,Ingreso,Venta Mercado Interno,Frutales del Norte SRL,857601.51,ARS,2024-09-21,Cobrado,Banco Galicia,Operaciones
2024-08-30,2024,Ingreso,Venta Mercado Interno,La Morenita SA,938757.47,ARS,2024-09-22,Cobrado,Banco Galicia,Operaciones
2024-08-30,2024,Ingreso,Venta Mercado Interno,La Morenita SA,1538785.92,ARS,2024-09-19,Cobrado,Banco Galicia,Operaciones
2024-08-30,2024,Ingreso,Venta Mercado Interno,La Morenita SA,1079335.03,ARS,2024-09-14,Cobrado,Banco BBVA,Operaciones
2024-08-30,2024,Ingreso,Venta Mercado Interno,La Morenita SA,2261920.85,ARS,2024-09-23,Cobrado,Caja Operativa,Operaciones
2024-08-30,2024,Ingreso,Venta Mercado Interno,La Morenita SA,1125110.18,ARS,2024-09-14,Pendiente,Caja Operativa,Operaciones
2024-08-30,2024,Ingreso,Venta Mercado Interno,La Morenita SA,1395281.76,ARS,2024-09-20,Cobrado,Banco BBVA,Operaciones
2024-08-30,2024,Ingreso,Venta Mercado Interno,Supermercados Norte SA,654306.06,ARS,2024-09-19,Pendiente,Caja Operativa,Operaciones
2024-08-30,2024,Ingreso,Venta Mercado Interno,Supermercados Norte SA,1909995.09,ARS,2024-09-10,Pendiente,Caja Operativa,Operaciones
2024-09-06,2024,Egreso,Certificaciones,Broker Comercial Citrus,402616.19,ARS,2024-09-17,Pagado,Banco BBVA,Operaciones
2024-09-06,2024,Egreso,Comisiones,Certificaciones Global GAP,929111.58,ARS,2024-09-16,Pagado,Banco Galicia,Operaciones
2024-09-06,2024,Egreso,Control de calidad,Envases del Tucumán,5451019.81,ARS,2024-09-22,Pagado,Banco BBVA,Operaciones
2024-09-06,2024,Egreso,Despacho aduana,Transportes del Norte SA,7401499.64,ARS,2024-09-15,Pagado,Banco Nación,Operaciones
2024-09-06,2024,Egreso,Energía,Energía Tucumán SA,4704142.44,ARS,2024-09-18,Pagado,Banco BBVA,Operaciones
2024-09-06,2024,Egreso,Envases y embalajes,TecnoPacking SRL,3714504.21,ARS,2024-09-12,Pendiente,Caja Operativa,Operaciones
2024-09-06,2024,Egreso,Fitosanitarios,Agroinsumos SA,5537419.74,ARS,2024-09-24,Pagado,Banco BBVA,Operaciones
2024-09-06,2024,Egreso,Flete exportación,FríoAndes Logística,3231644.92,ARS,2024-09-24,Pagado,Banco Galicia,Operaciones
2024-09-06,2024,Egreso,Flete interno,Transportes del Norte SA,3718435.4,ARS,2024-09-11,Pagado,Banco BBVA,Operaciones
2024-09-06,2024,Egreso,Frigorífico,Despachos del NOA,3775339.84,ARS,2024-09-11,Pagado,Banco BBVA,Operaciones
2024-09-06,2024,Egreso,Gastos generales,DGR Tucumán,1350151.19,ARS,2024-09-17,Pagado,Banco BBVA,Operaciones
2024-09-06,2024,Egreso,Honorarios,DGR Tucumán,1703393.99,ARS,2024-09-16,Vencido,Caja Operativa,Impuestos
2024-09-06,2024,Egreso,Impuestos,AFIP,894175.27,ARS,2024-09-25,Pagado,Caja Operativa,Operaciones
2024-09-06,2024,Egreso,Insumos agrícolas,Cooperativa Citrícola,3493774.18,ARS,2024-09-21,Pendiente,Banco Nación,Operaciones
2024-09-06,2024,Egreso,Mano de obra cosecha,Agroinsumos SA,3918699.24,ARS,2024-09-14,Pagado,Banco Nación,Operaciones
2024-09-06,2024,Egreso,Mano de obra empaque,Envases del Tucumán,4184969.37,ARS,2024-09-24,Pagado,Banco BBVA,Operaciones
2024-09-06,2024,Egreso,Mantenimiento líneas,Envases del Tucumán,7412517.28,ARS,2024-09-11,Pagado,Caja Operativa,Operaciones
2024-09-06,2024,Egreso,Maquinaria,Agroinsumos SA,4246795.82,ARS,2024-09-19,Pagado,Caja Operativa,Operaciones
2024-09-06,2024,Egreso,Promoción comercial,Broker Comercial Citrus,297875.23,ARS,2024-09-20,Pagado,Banco Galicia,Operaciones
2024-09-06,2024,Egreso,Riego,Agroinsumos SA,4691031.49,ARS,2024-09-18,Pendiente,Caja Operativa,Operaciones
2024-09-06,2024,Egreso,Seguros,DGR Tucumán,1305415.53,ARS,2024-09-23,Pagado,Banco Galicia,Impuestos
2024-09-06,2024,Egreso,Sueldos administración,DGR Tucumán,1728497.0,ARS,2024-09-16,Pagado,Banco Galicia,Impuestos
2024-09-06,2024,Egreso,Viajes comerciales,Promoción de Mercados SA,1440700.84,ARS,2024-09-18,Pagado,Caja Operativa,Operaciones
2024-09-06,2024,Ingreso,Venta Exportación,Al Salam Trading,4597370.4,ARS,2024-10-05,Cobrado,Banco BBVA,Operaciones
2024-09-06,2024,Ingreso,Venta Exportación,Al Salam Trading,1988598.97,ARS,2024-10-07,Cobrado,Banco BBVA,Operaciones
2024-09-06,2024,Ingreso,Venta Exportación,Citrus World Ltd,4631210.56,ARS,2024-10-10,Pendiente,Banco Galicia,Operaciones
2024-09-06,2024,Ingreso,Venta Exportación,Citrus World Ltd,5475958.53,ARS,2024-10-13,Cobrado,Caja Operativa,Operaciones
2024-09-06,2024,Ingreso,Venta Exportación,Citrus World Ltd,2647796.03,ARS,2024-10-13,Cobrado,Banco Nación,Operaciones
2024-09-06,2024,Ingreso,Venta Exportación,Citrus World Ltd,5055484.41,ARS,2024-10-06,Cobrado,Banco Galicia,Operaciones
2024-09-06,2024,Ingreso,Venta Exportación,Citrus World Ltd,6969250.8,ARS,2024-10-10,Vencido,Caja Operativa,Operaciones
2024-09-06,2024,Ingreso,Venta Exportación,Citrus World Ltd,3202772.2,ARS,2024-10-06,Cobrado,Banco Galicia,Operaciones
2024-09-06,2024,Ingreso,Venta Exportación,Citrus World Ltd,6733103.01,ARS,2024-09-30,Cobrado,Banco Galicia,Operaciones
2024-09-06,2024,Ingreso,Venta Exportación,Citrus World Ltd,4912347.57,ARS,2024-09-27,Cobrado,Banco Nación,Operaciones
2024-09-06,2024,Ingreso,Venta Exportación,Fischer Import GmbH,1933352.54,ARS,2024-09-26,Cobrado,Banco BBVA,Operaciones
2024-09-06,2024,Ingreso,Venta Exportación,Fischer Import GmbH,3262426.26,ARS,2024-10-01,Cobrado,Banco Galicia,Operaciones
2024-09-06,2024,Ingreso,Venta Exportación,Fischer Import GmbH,4801989.92,ARS,2024-09-29,Cobrado,Caja Operativa,Operaciones
2024-09-06,2024,Ingreso,Venta Exportación,Fischer Import GmbH,1863387.92,ARS,2024-10-02,Pendiente,Caja Operativa,Operaciones
2024-09-06,2024,Ingreso,Venta Exportación,Fischer Import GmbH,3884462.37,ARS,2024-10-12,Cobrado,Banco BBVA,Operaciones
2024-09-06,2024,Ingreso,Venta Exportación,Medifresh SA,2985220.38,ARS,2024-10-04,Pendiente,Banco Nación,Operaciones
2024-09-06,2024,Ingreso,Venta Exportación,Medifresh SA,2333505.3,ARS,2024-10-07,Cobrado,Banco BBVA,Operaciones
2024-09-06,2024,Ingreso,Venta Industria,Citromax SA,186307.83,ARS,2024-09-27,Pendiente,Caja Operativa,Operaciones
2024-09-06,2024,Ingreso,Venta Industria,Citromax SA,218137.28,ARS,2024-10-09,Cobrado,Caja Operativa,Operaciones
2024-09-06,2024,Ingreso,Venta Industria,Citromax SA,285984.33,ARS,2024-10-05,Pendiente,Banco Nación,Operaciones
2024-09-06,2024,Ingreso,Venta Industria,Citromax SA,258910.25,ARS,2024-10-21,Cobrado,Banco Galicia,Operaciones
2024-09-06,2024,Ingreso,Venta Industria,Citromax SA,281021.4,ARS,2024-10-18,Pendiente,Banco Galicia,Operaciones
2024-09-06,2024,Ingreso,Venta Industria,Citromax SA,214242.7,ARS,2024-10-18,Cobrado,Banco Galicia,Operaciones
2024-09-06,2024,Ingreso,Venta Industria,Citromax SA,161833.42,ARS,2024-10-18,Pendiente,Banco BBVA,Operaciones
2024-09-06,2024,Ingreso,Venta Industria,Citromax SA,318767.83,ARS,2024-10-01,Cobrado,Banco Nación,Operaciones
2024-09-06,2024,Ingreso,Venta Industria,Citromax SA,263456.19,ARS,2024-10-14,Cobrado,Banco BBVA,Operaciones
2024-09-06,2024,Ingreso,Venta Industria,Citromax SA,269880.39,ARS,2024-09-28,Cobrado,Banco Galicia,Operaciones
2024-09-06,2024,Ingreso,Venta Industria,Frutales Tucumán SRL,198825.46,ARS,2024-10-06,Cobrado,Banco Galicia,Operaciones
2024-09-06,2024,Ingreso,Venta Industria,Frutales Tucumán SRL,227354.59,ARS,2024-10-20,Cobrado,Banco BBVA,Operaciones
2024-09-06,2024,Ingreso,Venta Industria,Frutales Tucumán SRL,182702.9,ARS,2024-10-04,Cobrado,Banco Nación,Operaciones
2024-09-06,2024,Ingreso,Venta Industria,Frutales Tucumán SRL,212157.38,ARS,2024-09-29,Cobrado,Banco Galicia,Operaciones
2024-09-06,2024,Ingreso,Venta Industria,Frutales Tucumán SRL,387669.71,ARS,2024-10-15,Cobrado,Banco BBVA,Operaciones
2024-09-06,2024,Ingreso,Venta Industria,Frutales Tucumán SRL,293717.09,ARS,2024-09-27,Cobrado,Banco BBVA,Operaciones
2024-09-06,2024,Ingreso,Venta Industria,Frutales Tucumán SRL,258587.3,ARS,2024-10-10,Pendiente,Caja Operativa,Operaciones
2024-09-06,2024,Ingreso,Venta Mercado Interno,Central de Frutas SA,642681.3,ARS,2024-09-23,Pendiente,Caja Operativa,Operaciones
2024-09-06,2024,Ingreso,Venta Mercado Interno,Central de Frutas SA,431928.9,ARS,2024-09-21,Cobrado,Caja Operativa,Operaciones
2024-09-06,2024,Ingreso,Venta Mercado Interno,Central de Frutas SA,1428260.73,ARS,2024-09-22,Cobrado,Banco Nación,Operaciones
2024-09-06,2024,Ingreso,Venta Mercado Interno,Central de Frutas SA,1157898.96,ARS,2024-09-25,Cobrado,Banco BBVA,Operaciones
2024-09-06,2024,Ingreso,Venta Mercado Interno,Central de Frutas SA,988376.49,ARS,2024-09-22,Cobrado,Banco BBVA,Operaciones
2024-09-06,2024,Ingreso,Venta Mercado Interno,Central de Frutas SA,679994.1,ARS,2024-09-29,Vencido,Banco Galicia,Operaciones
2024-09-06,2024,Ingreso,Venta Mercado Interno,Frutales del Norte SRL,1092209.45,ARS,2024-09-27,Cobrado,Caja Operativa,Operaciones
2024-09-06,2024,Ingreso,Venta Mercado Interno,Frutales del Norte SRL,1080963.2,ARS,2024-09-23,Cobrado,Caja Operativa,Operaciones
2024-09-06,2024,Ingreso,Venta Mercado Interno,Frutales del Norte SRL,936651.12,ARS,2024-09-25,Pendiente,Banco Galicia,Operaciones
2024-09-06,2024,Ingreso,Venta Mercado Interno,Frutales del Norte SRL,727222.54,ARS,2024-09-25,Cobrado,Banco Galicia,Operaciones
2024-09-06,2024,Ingreso,Venta Mercado Interno,Frutales del Norte SRL,498882.58,ARS,2024-09-25,Cobrado,Banco Galicia,Operaciones
2024-09-06,2024,Ingreso,Venta Mercado Interno,La Morenita SA,946398.0,ARS,2024-09-21,Cobrado,Banco Nación,Operaciones
2024-09-06,2024,Ingreso,Venta Mercado Interno,La Morenita SA,790421.49,ARS,2024-09-29,Cobrado,Banco BBVA,Operaciones
2024-09-06,2024,Ingreso,Venta Mercado Interno,La Morenita SA,684384.57,ARS,2024-09-28,Pendiente,Caja Operativa,Operaciones
2024-09-06,2024,Ingreso,Venta Mercado Interno,La Morenita SA,1192195.14,ARS,2024-09-27,Cobrado,Banco Nación,Operaciones
2024-09-06,2024,Ingreso,Venta Mercado Interno,Supermercados Norte SA,653266.55,ARS,2024-09-17,Cobrado,Banco Nación,Operaciones
2024-09-06,2024,Ingreso,Venta Mercado Interno,Supermercados Norte SA,568223.79,ARS,2024-09-16,Cobrado,Banco Galicia,Operaciones
2024-09-13,2024,Egreso,Certificaciones,Promoción de Mercados SA,365214.37,ARS,2024-09-28,Pagado,Caja Operativa,Operaciones
2024-09-13,2024,Egreso,Comisiones,Promoción de Mercados SA,791263.63,ARS,2024-09-28,Pagado,Caja Operativa,Operaciones
2024-09-13,2024,Egreso,Control de calidad,Envases del Tucumán,6836876.22,ARS,2024-09-28,Pendiente,Banco Nación,Operaciones
2024-09-13,2024,Egreso,Despacho aduana,FríoAndes Logística,6389231.44,ARS,2024-09-20,Pagado,Banco BBVA,Operaciones
2024-09-13,2024,Egreso,Energía,Envases del Tucumán,4838225.46,ARS,2024-09-23,Pagado,Banco BBVA,Operaciones
2024-09-13,2024,Egreso,Envases y embalajes,Energía Tucumán SA,5378946.72,ARS,2024-09-23,Pagado,Banco Galicia,Operaciones
2024-09-13,2024,Egreso,Fitosanitarios,Servicios Rurales del NOA,3108031.53,ARS,2024-09-30,Pagado,Banco Galicia,Operaciones
2024-09-13,2024,Egreso,Flete exportación,Transportes del Norte SA,2744598.57,ARS,2024-09-30,Pagado,Banco Galicia,Operaciones
2024-09-13,2024,Egreso,Flete interno,FríoAndes Logística,3520362.65,ARS,2024-09-27,Pagado,Banco BBVA,Operaciones
2024-09-13,2024,Egreso,Frigorífico,Transportes del Norte SA,6769954.01,ARS,2024-09-25,Pagado,Banco Galicia,Operaciones
2024-09-13,2024,Egreso,Gastos generales,AFIP,1546732.34,ARS,2024-09-23,Pendiente,Caja Operativa,Impuestos
2024-09-13,2024,Egreso,Honorarios,AFIP,540008.94,ARS,2024-09-30,Pagado,Banco BBVA,Operaciones
2024-09-13,2024,Egreso,Impuestos,AFIP,1212755.89,ARS,2024-10-01,Pagado,Banco BBVA,Impuestos
2024-09-13,2024,Egreso,Insumos agrícolas,Agroinsumos SA,6862319.98,ARS,2024-09-26,Pendiente,Caja Operativa,Operaciones
2024-09-13,2024,Egreso,Mano de obra cosecha,Cooperativa Citrícola,5462052.69,ARS,2024-09-30,Pagado,Caja Operativa,Operaciones
2024-09-13,2024,Egreso,Mano de obra empaque,Envases del Tucumán,4465239.66,ARS,2024-09-23,Pendiente,Caja Operativa,Operaciones
2024-09-13,2024,Egreso,Mantenimiento líneas,TecnoPacking SRL,5811235.94,ARS,2024-10-01,Pagado,Banco Galicia,Operaciones
2024-09-13,2024,Egreso,Maquinaria,Cooperativa Citrícola,3429532.23,ARS,2024-09-19,Pagado,Banco Galicia,Operaciones
2024-09-13,2024,Egreso,Promoción comercial,Certificaciones Global GAP,1188819.89,ARS,2024-09-20,Pagado,Caja Operativa,Operaciones
2024-09-13,2024,Egreso,Riego,Cooperativa Citrícola,4068519.44,ARS,2024-09-18,Vencido,Banco BBVA,Operaciones
2024-09-13,2024,Egreso,Seguros,Contaduría Castillo,1685473.59,ARS,2024-09-27,Pagado,Banco Nación,Operaciones
2024-09-13,2024,Egreso,Sueldos administración,AFIP,1657736.59,ARS,2024-09-30,Vencido,Caja Operativa,Operaciones
2024-09-13,2024,Egreso,Viajes comerciales,Promoción de Mercados SA,766115.34,ARS,2024-09-26,Pagado,Banco Nación,Operaciones
2024-09-13,2024,Ingreso,Venta Exportación,Al Salam Trading,2013839.01,ARS,2024-10-08,Cobrado,Banco Nación,Operaciones
2024-09-13,2024,Ingreso,Venta Exportación,Al Salam Trading,4334094.32,ARS,2024-10-09,Cobrado,Banco BBVA,Operaciones
2024-09-13,2024,Ingreso,Venta Exportación,Al Salam Trading,2593243.84,ARS,2024-10-14,Cobrado,Banco BBVA,Operaciones
2024-09-13,2024,Ingreso,Venta Exportación,Al Salam Trading,3074618.03,ARS,2024-10-18,Cobrado,Banco BBVA,Operaciones
2024-09-13,2024,Ingreso,Venta Exportación,Al Salam Trading,1969623.38,ARS,2024-10-01,Cobrado,Caja Operativa,Operaciones
2024-09-13,2024,Ingreso,Venta Exportación,Al Salam Trading,3279186.99,ARS,2024-10-03,Cobrado,Banco Galicia,Operaciones
2024-09-13,2024,Ingreso,Venta Exportación,Citrus World Ltd,4444843.79,ARS,2024-10-20,Cobrado,Banco Galicia,Operaciones
2024-09-13,2024,Ingreso,Venta Exportación,Fischer Import GmbH,6455271.49,ARS,2024-10-01,Cobrado,Banco Nación,Operaciones
2024-09-13,2024,Ingreso,Venta Exportación,Fischer Import GmbH,5204194.4,ARS,2024-10-19,Cobrado,Banco BBVA,Operaciones
2024-09-13,2024,Ingreso,Venta Exportación,Fischer Import GmbH,5019167.63,ARS,2024-10-16,Cobrado,Caja Operativa,Operaciones
2024-09-13,2024,Ingreso,Venta Exportación,Fischer Import GmbH,6842649.63,ARS,2024-10-17,Cobrado,Banco Galicia,Operaciones
2024-09-13,2024,Ingreso,Venta Exportación,Fischer Import GmbH,3010608.8,ARS,2024-10-11,Pendiente,Banco BBVA,Operaciones
2024-09-13,2024,Ingreso,Venta Exportación,Fischer Import GmbH,3539899.41,ARS,2024-10-02,Pendiente,Caja Operativa,Operaciones
2024-09-13,2024,Ingreso,Venta Exportación,Medifresh SA,5513315.7,ARS,2024-10-07,Vencido,Banco Galicia,Operaciones
2024-09-13,2024,Ingreso,Venta Exportación,Medifresh SA,3764872.59,ARS,2024-10-15,Pendiente,Banco Galicia,Operaciones
2024-09-13,2024,Ingreso,Venta Exportación,Medifresh SA,5238777.68,ARS,2024-10-22,Cobrado,Banco Nación,Operaciones
2024-09-13,2024,Ingreso,Venta Exportación,Medifresh SA,2667256.8,ARS,2024-10-21,Cobrado,Caja Operativa,Operaciones
2024-09-13,2024,Ingreso,Venta Industria,Citromax SA,175164.46,ARS,2024-10-18,Vencido,Banco Galicia,Operaciones
2024-09-13,2024,Ingreso,Venta Industria,Citromax SA,271406.97,ARS,2024-10-13,Pendiente,Banco Nación,Operaciones
2024-09-13,2024,Ingreso,Venta Industria,Citromax SA,296908.37,ARS,2024-10-23,Cobrado,Caja Operativa,Operaciones
2024-09-13,2024,Ingreso,Venta Industria,Citromax SA,194419.77,ARS,2024-10-21,Vencido,Banco Nación,Operaciones
2024-09-13,2024,Ingreso,Venta Industria,Citromax SA,272062.99,ARS,2024-10-23,Cobrado,Banco BBVA,Operaciones
2024-09-13,2024,Ingreso,Venta Industria,Citromax SA,256413.42,ARS,2024-10-14,Cobrado,Banco Nación,Operaciones
2024-09-13,2024,Ingreso,Venta Industria,Frutales Tucumán SRL,187211.6,ARS,2024-10-15,Pendiente,Caja Operativa,Operaciones
2024-09-13,2024,Ingreso,Venta Industria,Frutales Tucumán SRL,298778.35,ARS,2024-10-09,Cobrado,Banco Nación,Operaciones
2024-09-13,2024,Ingreso,Venta Industria,Frutales Tucumán SRL,234463.5,ARS,2024-10-19,Cobrado,Banco Nación,Operaciones
2024-09-13,2024,Ingreso,Venta Industria,Frutales Tucumán SRL,234247.91,ARS,2024-10-15,Pendiente,Banco Nación,Operaciones
2024-09-13,2024,Ingreso,Venta Industria,Frutales Tucumán SRL,243904.38,ARS,2024-10-11,Vencido,Banco Galicia,Operaciones
2024-09-13,2024,Ingreso,Venta Industria,Frutales Tucumán SRL,253334.6,ARS,2024-10-05,Pendiente,Banco Nación,Operaciones
2024-09-13,2024,Ingreso,Venta Industria,Frutales Tucumán SRL,168427.31,ARS,2024-10-14,Cobrado,Banco Galicia,Operaciones
2024-09-13,2024,Ingreso,Venta Industria,Frutales Tucumán SRL,374419.72,ARS,2024-10-23,Cobrado,Banco Galicia,Operaciones
2024-09-13,2024,Ingreso,Venta Industria,Frutales Tucumán SRL,382270.71,ARS,2024-10-16,Pendiente,Caja Operativa,Operaciones
2024-09-13,2024,Ingreso,Venta Industria,Frutales Tucumán SRL,223225.44,ARS,2024-10-09,Cobrado,Banco Galicia,Operaciones
2024-09-13,2024,Ingreso,Venta Industria,Frutales Tucumán SRL,236606.51,ARS,2024-10-14,Cobrado,Banco BBVA,Operaciones
2024-09-13,2024,Ingreso,Venta Mercado Interno,Central de Frutas SA,611598.45,ARS,2024-10-02,Cobrado,Banco Galicia,Operaciones
2024-09-13,2024,Ingreso,Venta Mercado Interno,Central de Frutas SA,1012603.57,ARS,2024-09-27,Cobrado,Banco BBVA,Operaciones
2024-09-13,2024,Ingreso,Venta Mercado Interno,Central de Frutas SA,852440.06,ARS,2024-10-06,Pendiente,Banco Nación,Operaciones
2024-09-13,2024,Ingreso,Venta Mercado Interno,Central de Frutas SA,1040653.67,ARS,2024-09-30,Cobrado,Banco BBVA,Operaciones
2024-09-13,2024,Ingreso,Venta Mercado Interno,Central de Frutas SA,666543.2,ARS,2024-10-05,Vencido,Banco Nación,Operaciones
2024-09-13,2024,Ingreso,Venta Mercado Interno,Frutales del Norte SRL,750477.44,ARS,2024-10-07,Cobrado,Banco Galicia,Operaciones
2024-09-13,2024,Ingreso,Venta Mercado Interno,La Morenita SA,1017048.83,ARS,2024-09-23,Cobrado,Banco Nación,Operaciones
2024-09-13,2024,Ingreso,Venta Mercado Interno,La Morenita SA,420070.42,ARS,2024-10-07,Cobrado,Caja Operativa,Operaciones
2024-09-13,2024,Ingreso,Venta Mercado Interno,La Morenita SA,1267970.23,ARS,2024-10-06,Cobrado,Banco Galicia,Operaciones
2024-09-13,2024,Ingreso,Venta Mercado Interno,La Morenita SA,1112100.89,ARS,2024-09-30,Cobrado,Caja Operativa,Operaciones
2024-09-13,2024,Ingreso,Venta Mercado Interno,La Morenita SA,1069581.81,ARS,2024-09-28,Cobrado,Banco BBVA,Operaciones
2024-09-13,2024,Ingreso,Venta Mercado Interno,La Morenita SA,822766.94,ARS,2024-09-30,Cobrado,Banco BBVA,Operaciones
2024-09-13,2024,Ingreso,Venta Mercado Interno,Supermercados Norte SA,1012244.96,ARS,2024-10-05,Cobrado,Banco Nación,Operaciones
2024-09-13,2024,Ingreso,Venta Mercado Interno,Supermercados Norte SA,528241.84,ARS,2024-10-05,Cobrado,Caja Operativa,Operaciones
2024-09-13,2024,Ingreso,Venta Mercado Interno,Supermercados Norte SA,1702660.1,ARS,2024-09-25,Cobrado,Banco Nación,Operaciones
2024-09-13,2024,Ingreso,Venta Mercado Interno,Supermercados Norte SA,884127.8,ARS,2024-10-06,Cobrado,Banco Nación,Operaciones
2024-09-13,2024,Ingreso,Venta Mercado Interno,Supermercados Norte SA,700139.81,ARS,2024-09-29,Cobrado,Banco BBVA,Operaciones
2024-09-18,2024,Egreso,Repago descubierto campaña,Banco Galicia - Línea Campaña,131713430.33,ARS,2024-10-18,Pagado,Banco Galicia,Financiamiento
2024-09-20,2024,Egreso,Certificaciones,Certificaciones Global GAP,662178.27,ARS,2024-10-07,Pagado,Caja Operativa,Operaciones
2024-09-20,2024,Egreso,Comisiones,Certificaciones Global GAP,456330.22,ARS,2024-09-28,Pendiente,Caja Operativa,Operaciones
2024-09-20,2024,Egreso,Control de calidad,TecnoPacking SRL,6258131.53,ARS,2024-10-03,Pagado,Banco Galicia,Operaciones
2024-09-20,2024,Egreso,Despacho aduana,Despachos del NOA,2618586.02,ARS,2024-10-04,Pagado,Banco Nación,Operaciones
2024-09-20,2024,Egreso,Energía,Envases del Tucumán,4391476.88,ARS,2024-10-03,Pagado,Banco Galicia,Operaciones
2024-09-20,2024,Egreso,Envases y embalajes,Envases del Tucumán,4425466.21,ARS,2024-10-04,Pagado,Banco Galicia,Operaciones
2024-09-20,2024,Egreso,Fitosanitarios,Servicios Rurales del NOA,3234193.81,ARS,2024-10-07,Pagado,Banco BBVA,Operaciones
2024-09-20,2024,Egreso,Flete exportación,FríoAndes Logística,4111623.25,ARS,2024-10-04,Pagado,Banco Nación,Operaciones
2024-09-20,2024,Egreso,Flete interno,Transportes del Norte SA,4406518.89,ARS,2024-09-29,Pendiente,Banco Galicia,Operaciones
2024-09-20,2024,Egreso,Frigorífico,Despachos del NOA,7751479.15,ARS,2024-10-01,Pagado,Banco BBVA,Operaciones
2024-09-20,2024,Egreso,Gastos generales,DGR Tucumán,680187.5,ARS,2024-10-09,Pagado,Caja Operativa,Operaciones
2024-09-20,2024,Egreso,Honorarios,AFIP,791153.82,ARS,2024-10-14,Pendiente,Banco Galicia,Operaciones
2024-09-20,2024,Egreso,Impuestos,Contaduría Castillo,2080951.68,ARS,2024-10-06,Pagado,Banco Galicia,Impuestos
2024-09-20,2024,Egreso,Insumos agrícolas,Cooperativa Citrícola,4765923.11,ARS,2024-09-27,Pagado,Banco Nación,Operaciones
2024-09-20,2024,Egreso,Mano de obra cosecha,Servicios Rurales del NOA,4922609.63,ARS,2024-10-06,Pendiente,Banco BBVA,Operaciones
2024-09-20,2024,Egreso,Mano de obra empaque,Envases del Tucumán,4830466.33,ARS,2024-09-25,Pagado,Banco Galicia,Operaciones
2024-09-20,2024,Egreso,Mantenimiento líneas,TecnoPacking SRL,5691841.53,ARS,2024-09-25,Pendiente,Banco Galicia,Operaciones
2024-09-20,2024,Egreso,Maquinaria,Cooperativa Citrícola,4511219.76,ARS,2024-10-02,Pagado,Banco Nación,Operaciones
2024-09-20,2024,Egreso,Promoción comercial,Certificaciones Global GAP,864982.46,ARS,2024-10-06,Pagado,Banco Nación,Operaciones
2024-09-20,2024,Egreso,Riego,Servicios Rurales del NOA,4385788.58,ARS,2024-09-26,Pagado,Banco BBVA,Operaciones
2024-09-20,2024,Egreso,Seguros,AFIP,1520133.0,ARS,2024-10-13,Pagado,Banco BBVA,Impuestos
2024-09-20,2024,Egreso,Sueldos administración,Contaduría Castillo,1252784.69,ARS,2024-10-11,Pagado,Caja Operativa,Impuestos
2024-09-20,2024,Egreso,Viajes comerciales,Broker Comercial Citrus,1076044.67,ARS,2024-09-30,Pagado,Caja Operativa,Operaciones
2024-09-20,2024,Ingreso,Venta Exportación,Al Salam Trading,2802623.42,ARS,2024-10-09,Cobrado,Caja Operativa,Operaciones
2024-09-20,2024,Ingreso,Venta Exportación,Al Salam Trading,4159505.53,ARS,2024-10-19,Cobrado,Banco Galicia,Operaciones
2024-09-20,2024,Ingreso,Venta Exportación,Al Salam Trading,2370925.54,ARS,2024-10-08,Cobrado,Banco BBVA,Operaciones
2024-09-20,2024,Ingreso,Venta Exportación,Al Salam Trading,2544343.52,ARS,2024-10-25,Cobrado,Banco BBVA,Operaciones
2024-09-20,2024,Ingreso,Venta Exportación,Citrus World Ltd,4169106.51,ARS,2024-10-14,Cobrado,Caja Operativa,Operaciones
2024-09-20,2024,Ingreso,Venta Exportación,Citrus World Ltd,6331179.3,ARS,2024-10-11,Cobrado,Banco Galicia,Operaciones
2024-09-20,2024,Ingreso,Venta Exportación,Citrus World Ltd,4721617.66,ARS,2024-10-29,Cobrado,Caja Operativa,Operaciones
2024-09-20,2024,Ingreso,Venta Exportación,Citrus World Ltd,3571467.8,ARS,2024-10-20,Cobrado,Caja Operativa,Operaciones
2024-09-20,2024,Ingreso,Venta Exportación,Citrus World Ltd,2289672.69,ARS,2024-10-18,Cobrado,Banco BBVA,Operaciones
2024-09-20,2024,Ingreso,Venta Exportación,Citrus World Ltd,5946248.53,ARS,2024-10-09,Cobrado,Caja Operativa,Operaciones
2024-09-20,2024,Ingreso,Venta Exportación,Citrus World Ltd,3446743.82,ARS,2024-10-12,Cobrado,Banco BBVA,Operaciones
2024-09-20,2024,Ingreso,Venta Exportación,Fischer Import GmbH,2087703.2,ARS,2024-10-14,Cobrado,Caja Operativa,Operaciones
2024-09-20,2024,Ingreso,Venta Exportación,Fischer Import GmbH,5107058.45,ARS,2024-10-10,Cobrado,Banco Nación,Operaciones
2024-09-20,2024,Ingreso,Venta Exportación,Fischer Import GmbH,2202179.07,ARS,2024-10-11,Cobrado,Banco Galicia,Operaciones
2024-09-20,2024,Ingreso,Venta Exportación,Fischer Import GmbH,6424082.57,ARS,2024-10-17,Cobrado,Banco Nación,Operaciones
2024-09-20,2024,Ingreso,Venta Exportación,Medifresh SA,2970276.57,ARS,2024-10-25,Pendiente,Caja Operativa,Operaciones
2024-09-20,2024,Ingreso,Venta Exportación,Medifresh SA,5045047.74,ARS,2024-10-18,Pendiente,Banco Galicia,Operaciones
2024-09-20,2024,Ingreso,Venta Industria,Citromax SA,210762.62,ARS,2024-10-17,Cobrado,Caja Operativa,Operaciones
2024-09-20,2024,Ingreso,Venta Industria,Citromax SA,207796.54,ARS,2024-10-13,Cobrado,Banco BBVA,Operaciones
2024-09-20,2024,Ingreso,Venta Industria,Citromax SA,148927.63,ARS,2024-10-18,Cobrado,Caja Operativa,Operaciones
2024-09-20,2024,Ingreso,Venta Industria,Citromax SA,221853.69,ARS,2024-10-21,Cobrado,Banco Nación,Operaciones
2024-09-20,2024,Ingreso,Venta Industria,Citromax SA,218972.24,ARS,2024-10-25,Cobrado,Banco Nación,Operaciones
2024-09-20,2024,Ingreso,Venta Industria,Citromax SA,171078.95,ARS,2024-10-30,Cobrado,Caja Operativa,Operaciones
2024-09-20,2024,Ingreso,Venta Industria,Frutales Tucumán SRL,303609.48,ARS,2024-10-18,Cobrado,Banco Galicia,Operaciones
2024-09-20,2024,Ingreso,Venta Industria,Frutales Tucumán SRL,303623.79,ARS,2024-10-19,Cobrado,Banco BBVA,Operaciones
2024-09-20,2024,Ingreso,Venta Industria,Frutales Tucumán SRL,290261.1,ARS,2024-10-15,Cobrado,Banco BBVA,Operaciones
2024-09-20,2024,Ingreso,Venta Industria,Frutales Tucumán SRL,235281.2,ARS,2024-10-26,Pendiente,Banco Nación,Operaciones
2024-09-20,2024,Ingreso,Venta Industria,Frutales Tucumán SRL,261054.84,ARS,2024-10-30,Cobrado,Caja Operativa,Operaciones
2024-09-20,2024,Ingreso,Venta Industria,Frutales Tucumán SRL,247830.12,ARS,2024-10-20,Cobrado,Banco Galicia,Operaciones
2024-09-20,2024,Ingreso,Venta Industria,Frutales Tucumán SRL,349578.11,ARS,2024-11-03,Cobrado,Banco Galicia,Operaciones
2024-09-20,2024,Ingreso,Venta Industria,Frutales Tucumán SRL,250770.59,ARS,2024-10-30,Cobrado,Banco Galicia,Operaciones
2024-09-20,2024,Ingreso,Venta Industria,Frutales Tucumán SRL,287890.23,ARS,2024-10-18,Cobrado,Banco Galicia,Operaciones
2024-09-20,2024,Ingreso,Venta Industria,Frutales Tucumán SRL,206295.43,ARS,2024-11-02,Pendiente,Banco Nación,Operaciones
2024-09-20,2024,Ingreso,Venta Industria,Frutales Tucumán SRL,264116.13,ARS,2024-11-02,Cobrado,Banco BBVA,Operaciones
2024-09-20,2024,Ingreso,Venta Mercado Interno,Central de Frutas SA,1281650.6,ARS,2024-09-30,Cobrado,Banco Nación,Operaciones
2024-09-20,2024,Ingreso,Venta Mercado Interno,Central de Frutas SA,1076982.14,ARS,2024-10-01,Vencido,Banco Galicia,Operaciones
2024-09-20,2024,Ingreso,Venta Mercado Interno,Central de Frutas SA,471544.24,ARS,2024-10-08,Pendiente,Banco BBVA,Operaciones
2024-09-20,2024,Ingreso,Venta Mercado Interno,Frutales del Norte SRL,805391.44,ARS,2024-10-12,Cobrado,Banco Galicia,Operaciones
2024-09-20,2024,Ingreso,Venta Mercado Interno,Frutales del Norte SRL,342842.59,ARS,2024-09-30,Cobrado,Caja Operativa,Operaciones
2024-09-20,2024,Ingreso,Venta Mercado Interno,Frutales del Norte SRL,1424565.02,ARS,2024-10-10,Vencido,Banco Galicia,Operaciones
2024-09-20,2024,Ingreso,Venta Mercado Interno,Frutales del Norte SRL,800440.47,ARS,2024-10-10,Cobrado,Banco Nación,Operaciones
2024-09-20,2024,Ingreso,Venta Mercado Interno,Frutales del Norte SRL,1397270.57,ARS,2024-10-11,Pendiente,Caja Operativa,Operaciones
2024-09-20,2024,Ingreso,Venta Mercado Interno,Frutales del Norte SRL,738825.88,ARS,2024-10-09,Vencido,Banco Nación,Operaciones
2024-09-20,2024,Ingreso,Venta Mercado Interno,Frutales del Norte SRL,1100971.98,ARS,2024-10-02,Cobrado,Caja Operativa,Operaciones
2024-09-20,2024,Ingreso,Venta Mercado Interno,Frutales del Norte SRL,754649.45,ARS,2024-10-10,Cobrado,Caja Operativa,Operaciones
2024-09-20,2024,Ingreso,Venta Mercado Interno,La Morenita SA,819935.96,ARS,2024-10-13,Cobrado,Banco Nación,Operaciones
2024-09-20,2024,Ingreso,Venta Mercado Interno,La Morenita SA,1124031.42,ARS,2024-10-08,Cobrado,Banco Nación,Operaciones
2024-09-20,2024,Ingreso,Venta Mercado Interno,La Morenita SA,734005.35,ARS,2024-10-04,Cobrado,Caja Operativa,Operaciones
2024-09-20,2024,Ingreso,Venta Mercado Interno,Supermercados Norte SA,789420.18,ARS,2024-10-09,Cobrado,Banco Nación,Operaciones
2024-09-20,2024,Ingreso,Venta Mercado Interno,Supermercados Norte SA,739794.81,ARS,2024-10-11,Pendiente,Banco Nación,Operaciones
2024-09-20,2024,Ingreso,Venta Mercado Interno,Supermercados Norte SA,622887.39,ARS,2024-10-13,Cobrado,Banco BBVA,Operaciones
2024-09-27,2024,Egreso,Certificaciones,Promoción de Mercados SA,1185878.23,ARS,2024-10-03,Pagado,Banco BBVA,Operaciones
2024-09-27,2024,Egreso,Comisiones,Promoción de Mercados SA,430432.4,ARS,2024-10-12,Pagado,Banco Nación,Operaciones
2024-09-27,2024,Egreso,Control de calidad,Energía Tucumán SA,5034180.88,ARS,2024-10-05,Pagado,Banco BBVA,Operaciones
2024-09-27,2024,Egreso,Despacho aduana,Transportes del Norte SA,6496757.76,ARS,2024-10-11,Pagado,Banco Nación,Operaciones
2024-09-27,2024,Egreso,Energía,Energía Tucumán SA,5423707.27,ARS,2024-10-15,Pagado,Banco BBVA,Operaciones
2024-09-27,2024,Egreso,Envases y embalajes,TecnoPacking SRL,3124708.66,ARS,2024-10-10,Pagado,Caja Operativa,Operaciones
2024-09-27,2024,Egreso,Fitosanitarios,Cooperativa Citrícola,5287344.27,ARS,2024-10-04,Pagado,Banco BBVA,Operaciones
2024-09-27,2024,Egreso,Flete exportación,FríoAndes Logística,4084477.08,ARS,2024-10-07,Pagado,Caja Operativa,Operaciones
2024-09-27,2024,Egreso,Flete interno,Transportes del Norte SA,4741234.31,ARS,2024-10-09,Pendiente,Banco BBVA,Operaciones
2024-09-27,2024,Egreso,Frigorífico,Despachos del NOA,3663447.31,ARS,2024-10-10,Pagado,Banco Galicia,Operaciones
2024-09-27,2024,Egreso,Gastos generales,Contaduría Castillo,1111112.37,ARS,2024-10-09,Pendiente,Banco BBVA,Operaciones
2024-09-27,2024,Egreso,Honorarios,AFIP,1391910.15,ARS,2024-10-22,Pagado,Caja Operativa,Operaciones
2024-09-27,2024,Egreso,Impuestos,Contaduría Castillo,1869687.47,ARS,2024-10-18,Pendiente,Banco Nación,Operaciones
2024-09-27,2024,Egreso,Insumos agrícolas,Servicios Rurales del NOA,4671096.9,ARS,2024-10-11,Pagado,Banco Galicia,Operaciones
2024-09-27,2024,Egreso,Mano de obra cosecha,Servicios Rurales del NOA,3448240.62,ARS,2024-10-06,Pagado,Caja Operativa,Operaciones
2024-09-27,2024,Egreso,Mano de obra empaque,Envases del Tucumán,5899362.97,ARS,2024-10-07,Vencido,Caja Operativa,Operaciones
2024-09-27,2024,Egreso,Mantenimiento líneas,Energía Tucumán SA,6071159.46,ARS,2024-10-06,Pagado,Banco BBVA,Operaciones
2024-09-27,2024,Egreso,Maquinaria,Cooperativa Citrícola,4806031.72,ARS,2024-10-07,Pagado,Banco Nación,Operaciones
2024-09-27,2024,Egreso,Promoción comercial,Broker Comercial Citrus,594370.04,ARS,2024-10-08,Vencido,Banco Nación,Operaciones
2024-09-27,2024,Egreso,Riego,Cooperativa Citrícola,3475811.38,ARS,2024-10-05,Pagado,Banco Galicia,Operaciones
2024-09-27,2024,Egreso,Seguros,DGR Tucumán,1760628.78,ARS,2024-10-12,Pagado,Banco BBVA,Impuestos
2024-09-27,2024,Egreso,Sueldos administración,Contaduría Castillo,679657.75,ARS,2024-10-13,Pagado,Banco BBVA,Impuestos
2024-09-27,2024,Egreso,Viajes comerciales,Broker Comercial Citrus,728599.37,ARS,2024-10-07,Pagado,Caja Operativa,Operaciones
2024-09-27,2024,Ingreso,Venta Exportación,Al Salam Trading,4635677.04,ARS,2024-10-30,Cobrado,Banco Nación,Operaciones
2024-09-27,2024,Ingreso,Venta Exportación,Al Salam Trading,7664300.18,ARS,2024-10-20,Cobrado,Banco BBVA,Operaciones
2024-09-27,2024,Ingreso,Venta Exportación,Al Salam Trading,1847375.78,ARS,2024-10-17,Cobrado,Caja Operativa,Operaciones
2024-09-27,2024,Ingreso,Venta Exportación,Citrus World Ltd,4226233.28,ARS,2024-10-22,Cobrado,Banco Galicia,Operaciones
2024-09-27,2024,Ingreso,Venta Exportación,Citrus World Ltd,5168929.63,ARS,2024-10-24,Cobrado,Caja Operativa,Operaciones
2024-09-27,2024,Ingreso,Venta Exportación,Citrus World Ltd,2687811.1,ARS,2024-11-05,Cobrado,Banco BBVA,Operaciones
2024-09-27,2024,Ingreso,Venta Exportación,Fischer Import GmbH,6719983.44,ARS,2024-10-16,Cobrado,Banco Nación,Operaciones
2024-09-27,2024,Ingreso,Venta Exportación,Medifresh SA,4547936.54,ARS,2024-10-31,Vencido,Caja Operativa,Operaciones
2024-09-27,2024,Ingreso,Venta Exportación,Medifresh SA,3202333.12,ARS,2024-10-26,Cobrado,Caja Operativa,Operaciones
2024-09-27,2024,Ingreso,Venta Exportación,Medifresh SA,1534266.84,ARS,2024-11-02,Pendiente,Banco Galicia,Operaciones
2024-09-27,2024,Ingreso,Venta Exportación,Medifresh SA,3220140.91,ARS,2024-10-22,Pendiente,Banco BBVA,Operaciones
2024-09-27,2024,Ingreso,Venta Exportación,Medifresh SA,4633856.68,ARS,2024-10-29,Cobrado,Caja Operativa,Operaciones
2024-09-27,2024,Ingreso,Venta Exportación,Medifresh SA,3303117.36,ARS,2024-10-23,Cobrado,Caja Operativa,Operaciones
2024-09-27,2024,Ingreso,Venta Exportación,Medifresh SA,1752805.04,ARS,2024-11-01,Cobrado,Banco Galicia,Operaciones
2024-09-27,2024,Ingreso,Venta Exportación,Medifresh SA,3049944.89,ARS,2024-10-18,Cobrado,Banco Galicia,Operaciones
2024-09-27,2024,Ingreso,Venta Exportación,Medifresh SA,4924018.49,ARS,2024-10-22,Pendiente,Banco Nación,Operaciones
2024-09-27,2024,Ingreso,Venta Exportación,Medifresh SA,3847311.25,ARS,2024-10-19,Cobrado,Banco Galicia,Operaciones
2024-09-27,2024,Ingreso,Venta Industria,Citromax SA,274736.6,ARS,2024-10-22,Cobrado,Banco BBVA,Operaciones
2024-09-27,2024,Ingreso,Venta Industria,Citromax SA,226404.74,ARS,2024-10-20,Pendiente,Banco BBVA,Operaciones
2024-09-27,2024,Ingreso,Venta Industria,Citromax SA,272643.57,ARS,2024-10-30,Cobrado,Banco Galicia,Operaciones
2024-09-27,2024,Ingreso,Venta Industria,Citromax SA,201061.6,ARS,2024-11-10,Pendiente,Banco BBVA,Operaciones
2024-09-27,2024,Ingreso,Venta Industria,Citromax SA,360072.96,ARS,2024-10-23,Pendiente,Banco Galicia,Operaciones
2024-09-27,2024,Ingreso,Venta Industria,Citromax SA,298910.13,ARS,2024-11-06,Cobrado,Banco Nación,Operaciones
2024-09-27,2024,Ingreso,Venta Industria,Frutales Tucumán SRL,206849.8,ARS,2024-10-23,Vencido,Banco Nación,Operaciones
2024-09-27,2024,Ingreso,Venta Industria,Frutales Tucumán SRL,117864.07,ARS,2024-10-30,Cobrado,Banco Nación,Operaciones
2024-09-27,2024,Ingreso,Venta Industria,Frutales Tucumán SRL,218911.37,ARS,2024-11-06,Pendiente,Banco Galicia,Operaciones
2024-09-27,2024,Ingreso,Venta Industria,Frutales Tucumán SRL,301983.71,ARS,2024-10-18,Pendiente,Caja Operativa,Operaciones
2024-09-27,2024,Ingreso,Venta Industria,Frutales Tucumán SRL,268917.39,ARS,2024-11-11,Vencido,Banco BBVA,Operaciones
2024-09-27,2024,Ingreso,Venta Industria,Frutales Tucumán SRL,203049.72,ARS,2024-10-19,Pendiente,Caja Operativa,Operaciones
2024-09-27,2024,Ingreso,Venta Industria,Frutales Tucumán SRL,310496.64,ARS,2024-10-25,Cobrado,Banco Galicia,Operaciones
2024-09-27,2024,Ingreso,Venta Industria,Frutales Tucumán SRL,332050.22,ARS,2024-10-25,Cobrado,Banco Galicia,Operaciones
2024-09-27,2024,Ingreso,Venta Industria,Frutales Tucumán SRL,409876.28,ARS,2024-10-18,Cobrado,Banco BBVA,Operaciones
2024-09-27,2024,Ingreso,Venta Industria,Frutales Tucumán SRL,259587.31,ARS,2024-10-30,Cobrado,Banco Galicia,Operaciones
2024-09-27,2024,Ingreso,Venta Industria,Frutales Tucumán SRL,187956.3,ARS,2024-10-27,Pendiente,Banco Nación,Operaciones
2024-09-27,2024,Ingreso,Venta Mercado Interno,Central de Frutas SA,1065825.11,ARS,2024-10-13,Cobrado,Banco Nación,Operaciones
2024-09-27,2024,Ingreso,Venta Mercado Interno,Central de Frutas SA,575361.24,ARS,2024-10-19,Cobrado,Banco Nación,Operaciones
2024-09-27,2024,Ingreso,Venta Mercado Interno,Central de Frutas SA,1051756.76,ARS,2024-10-13,Cobrado,Banco BBVA,Operaciones
2024-09-27,2024,Ingreso,Venta Mercado Interno,Central de Frutas SA,924889.87,ARS,2024-10-16,Cobrado,Caja Operativa,Operaciones
2024-09-27,2024,Ingreso,Venta Mercado Interno,Central de Frutas SA,680560.29,ARS,2024-10-13,Pendiente,Banco Nación,Operaciones
2024-09-27,2024,Ingreso,Venta Mercado Interno,Frutales del Norte SRL,821320.19,ARS,2024-10-07,Cobrado,Caja Operativa,Operaciones
2024-09-27,2024,Ingreso,Venta Mercado Interno,Frutales del Norte SRL,568622.11,ARS,2024-10-07,Cobrado,Banco Nación,Operaciones
2024-09-27,2024,Ingreso,Venta Mercado Interno,Frutales del Norte SRL,1206252.84,ARS,2024-10-09,Cobrado,Banco Galicia,Operaciones
2024-09-27,2024,Ingreso,Venta Mercado Interno,Frutales del Norte SRL,754336.8,ARS,2024-10-13,Cobrado,Banco Galicia,Operaciones
2024-09-27,2024,Ingreso,Venta Mercado Interno,La Morenita SA,817776.71,ARS,2024-10-20,Cobrado,Banco BBVA,Operaciones
2024-09-27,2024,Ingreso,Venta Mercado Interno,La Morenita SA,780905.17,ARS,2024-10-09,Cobrado,Banco Nación,Operaciones
2024-09-27,2024,Ingreso,Venta Mercado Interno,La Morenita SA,704612.74,ARS,2024-10-12,Cobrado,Banco Nación,Operaciones
2024-09-27,2024,Ingreso,Venta Mercado Interno,Supermercados Norte SA,523671.34,ARS,2024-10-07,Cobrado,Banco BBVA,Operaciones
2024-09-27,2024,Ingreso,Venta Mercado Interno,Supermercados Norte SA,719815.12,ARS,2024-10-13,Cobrado,Banco Nación,Operaciones
2024-09-27,2024,Ingreso,Venta Mercado Interno,Supermercados Norte SA,1040886.98,ARS,2024-10-12,Cobrado,Banco BBVA,Operaciones
2024-09-27,2024,Ingreso,Venta Mercado Interno,Supermercados Norte SA,992674.9,ARS,2024-10-07,Cobrado,Banco Galicia,Operaciones
2024-09-27,2024,Ingreso,Venta Mercado Interno,Supermercados Norte SA,854632.47,ARS,2024-10-07,Pendiente,Caja Operativa,Operaciones
2024-10-04,2024,Egreso,Certificaciones,Broker Comercial Citrus,78114.62,ARS,2024-10-16,Pagado,Caja Operativa,Operaciones
2024-10-04,2024,Egreso,Comisiones,Promoción de Mercados SA,300605.64,ARS,2024-10-19,Pendiente,Caja Operativa,Operaciones
2024-10-04,2024,Egreso,Control de calidad,Energía Tucumán SA,1536832.56,ARS,2024-10-10,Pagado,Banco BBVA,Operaciones
2024-10-04,2024,Egreso,Despacho aduana,Despachos del NOA,2013433.34,ARS,2024-10-10,Pagado,Caja Operativa,Operaciones
2024-10-04,2024,Egreso,Energía,Envases del Tucumán,3197786.94,ARS,2024-10-21,Pendiente,Banco Nación,Operaciones
2024-10-04,2024,Egreso,Envases y embalajes,Envases del Tucumán,2248019.41,ARS,2024-10-17,Pagado,Banco BBVA,Operaciones
2024-10-04,2024,Egreso,Fitosanitarios,Agroinsumos SA,1470571.0,ARS,2024-10-14,Pagado,Banco Galicia,Operaciones
2024-10-04,2024,Egreso,Flete exportación,Transportes del Norte SA,2408170.54,ARS,2024-10-09,Pagado,Banco Galicia,Operaciones
2024-10-04,2024,Egreso,Flete interno,Despachos del NOA,1268961.17,ARS,2024-10-22,Pagado,Banco Galicia,Operaciones
2024-10-04,2024,Egreso,Frigorífico,FríoAndes Logística,1821116.7,ARS,2024-10-19,Pagado,Banco BBVA,Operaciones
2024-10-04,2024,Egreso,Gastos generales,DGR Tucumán,1291981.21,ARS,2024-10-29,Pagado,Banco BBVA,Impuestos
2024-10-04,2024,Egreso,Honorarios,DGR Tucumán,358079.27,ARS,2024-10-25,Pagado,Caja Operativa,Operaciones
2024-10-04,2024,Egreso,Impuestos,AFIP,1821559.73,ARS,2024-10-15,Pagado,Banco BBVA,Impuestos
2024-10-04,2024,Egreso,Insumos agrícolas,Agroinsumos SA,1586596.41,ARS,2024-10-12,Pagado,Banco Nación,Operaciones
2024-10-04,2024,Egreso,Mano de obra cosecha,Agroinsumos SA,2616930.02,ARS,2024-10-20,Pendiente,Banco BBVA,Operaciones
2024-10-04,2024,Egreso,Mano de obra empaque,Energía Tucumán SA,2136605.27,ARS,2024-10-11,Pagado,Banco Galicia,Operaciones
2024-10-04,2024,Egreso,Mantenimiento líneas,Energía Tucumán SA,2439779.95,ARS,2024-10-20,Pagado,Banco Galicia,Operaciones
2024-10-04,2024,Egreso,Maquinaria,Servicios Rurales del NOA,1428111.27,ARS,2024-10-20,Pagado,Banco Nación,Operaciones
2024-10-04,2024,Egreso,Promoción comercial,Promoción de Mercados SA,506536.03,ARS,2024-10-18,Pagado,Banco Nación,Operaciones
2024-10-04,2024,Egreso,Riego,Cooperativa Citrícola,2893218.03,ARS,2024-10-18,Pagado,Banco Galicia,Operaciones
2024-10-04,2024,Egreso,Seguros,DGR Tucumán,1192160.3,ARS,2024-10-16,Pagado,Banco BBVA,Impuestos
2024-10-04,2024,Egreso,Sueldos administración,DGR Tucumán,1441882.12,ARS,2024-10-17,Pendiente,Banco Galicia,Operaciones
2024-10-04,2024,Egreso,Viajes comerciales,Promoción de Mercados SA,306318.85,ARS,2024-10-17,Pagado,Banco Nación,Operaciones
2024-10-04,2024,Ingreso,Venta Exportación,Al Salam Trading,2026810.72,ARS,2024-10-23,Cobrado,Banco Nación,Operaciones
2024-10-04,2024,Ingreso,Venta Exportación,Al Salam Trading,735220.08,ARS,2024-10-26,Cobrado,Banco Nación,Operaciones
2024-10-04,2024,Ingreso,Venta Exportación,Al Salam Trading,1967488.86,ARS,2024-11-12,Cobrado,Caja Operativa,Operaciones
2024-10-04,2024,Ingreso,Venta Exportación,Al Salam Trading,1699325.58,ARS,2024-11-09,Pendiente,Banco Galicia,Operaciones
2024-10-04,2024,Ingreso,Venta Exportación,Al Salam Trading,2240915.7,ARS,2024-11-06,Pendiente,Caja Operativa,Operaciones
2024-10-04,2024,Ingreso,Venta Exportación,Al Salam Trading,1356987.65,ARS,2024-11-07,Pendiente,Banco BBVA,Operaciones
2024-10-04,2024,Ingreso,Venta Exportación,Citrus World Ltd,1190949.72,ARS,2024-10-28,Cobrado,Caja Operativa,Operaciones
2024-10-04,2024,Ingreso,Venta Exportación,Citrus World Ltd,1249210.31,ARS,2024-10-29,Cobrado,Banco BBVA,Operaciones
2024-10-04,2024,Ingreso,Venta Exportación,Fischer Import GmbH,1827436.95,ARS,2024-11-13,Cobrado,Banco BBVA,Operaciones
2024-10-04,2024,Ingreso,Venta Exportación,Fischer Import GmbH,1053249.2,ARS,2024-10-22,Cobrado,Banco BBVA,Operaciones
2024-10-04,2024,Ingreso,Venta Exportación,Fischer Import GmbH,2395854.33,ARS,2024-11-11,Pendiente,Banco BBVA,Operaciones
2024-10-04,2024,Ingreso,Venta Exportación,Medifresh SA,1942926.7,ARS,2024-11-09,Pendiente,Banco BBVA,Operaciones
2024-10-04,2024,Ingreso,Venta Exportación,Medifresh SA,1690172.16,ARS,2024-10-26,Cobrado,Banco Galicia,Operaciones
2024-10-04,2024,Ingreso,Venta Exportación,Medifresh SA,1637138.29,ARS,2024-10-28,Cobrado,Banco Galicia,Operaciones
2024-10-04,2024,Ingreso,Venta Exportación,Medifresh SA,1743285.72,ARS,2024-11-13,Vencido,Caja Operativa,Operaciones
2024-10-04,2024,Ingreso,Venta Exportación,Medifresh SA,1273271.58,ARS,2024-11-12,Cobrado,Caja Operativa,Operaciones
2024-10-04,2024,Ingreso,Venta Exportación,Medifresh SA,1078508.42,ARS,2024-10-23,Cobrado,Banco Nación,Operaciones
2024-10-04,2024,Ingreso,Venta Industria,Citromax SA,122386.46,ARS,2024-11-03,Pendiente,Banco Nación,Operaciones
2024-10-04,2024,Ingreso,Venta Industria,Citromax SA,115990.97,ARS,2024-10-29,Cobrado,Caja Operativa,Operaciones
2024-10-04,2024,Ingreso,Venta Industria,Citromax SA,145998.79,ARS,2024-11-12,Pendiente,Banco Galicia,Operaciones
2024-10-04,2024,Ingreso,Venta Industria,Citromax SA,128710.39,ARS,2024-11-10,Cobrado,Banco Galicia,Operaciones
2024-10-04,2024,Ingreso,Venta Industria,Citromax SA,101077.41,ARS,2024-11-06,Cobrado,Banco Nación,Operaciones
2024-10-04,2024,Ingreso,Venta Industria,Citromax SA,143001.89,ARS,2024-11-12,Cobrado,Banco Nación,Operaciones
2024-10-04,2024,Ingreso,Venta Industria,Citromax SA,174177.52,ARS,2024-11-05,Cobrado,Banco Galicia,Operaciones
2024-10-04,2024,Ingreso,Venta Industria,Citromax SA,115926.3,ARS,2024-11-01,Pendiente,Banco BBVA,Operaciones
2024-10-04,2024,Ingreso,Venta Industria,Citromax SA,124745.32,ARS,2024-11-18,Pendiente,Caja Operativa,Operaciones
2024-10-04,2024,Ingreso,Venta Industria,Frutales Tucumán SRL,121494.62,ARS,2024-11-03,Pendiente,Caja Operativa,Operaciones
2024-10-04,2024,Ingreso,Venta Industria,Frutales Tucumán SRL,140148.18,ARS,2024-10-27,Cobrado,Banco Nación,Operaciones
2024-10-04,2024,Ingreso,Venta Industria,Frutales Tucumán SRL,161695.4,ARS,2024-11-05,Pendiente,Banco Galicia,Operaciones
2024-10-04,2024,Ingreso,Venta Mercado Interno,Central de Frutas SA,539085.21,ARS,2024-10-22,Cobrado,Banco Galicia,Operaciones
2024-10-04,2024,Ingreso,Venta Mercado Interno,Central de Frutas SA,368440.15,ARS,2024-10-23,Cobrado,Banco Nación,Operaciones
2024-10-04,2024,Ingreso,Venta Mercado Interno,Central de Frutas SA,330408.7,ARS,2024-10-14,Cobrado,Banco BBVA,Operaciones
2024-10-04,2024,Ingreso,Venta Mercado Interno,Frutales del Norte SRL,356887.36,ARS,2024-10-18,Cobrado,Banco Galicia,Operaciones
2024-10-04,2024,Ingreso,Venta Mercado Interno,Frutales del Norte SRL,539101.41,ARS,2024-10-21,Pendiente,Caja Operativa,Operaciones
2024-10-04,2024,Ingreso,Venta Mercado Interno,Frutales del Norte SRL,446561.54,ARS,2024-10-16,Pendiente,Banco Nación,Operaciones
2024-10-04,2024,Ingreso,Venta Mercado Interno,La Morenita SA,472800.91,ARS,2024-10-23,Vencido,Banco Nación,Operaciones
2024-10-04,2024,Ingreso,Venta Mercado Interno,La Morenita SA,296981.52,ARS,2024-10-26,Vencido,Caja Operativa,Operaciones
2024-10-04,2024,Ingreso,Venta Mercado Interno,Supermercados Norte SA,667095.11,ARS,2024-10-19,Cobrado,Caja Operativa,Operaciones
2024-10-11,2024,Egreso,Certificaciones,Certificaciones Global GAP,526645.58,ARS,2024-10-23,Pagado,Banco Nación,Operaciones
2024-10-11,2024,Egreso,Comisiones,Broker Comercial Citrus,338461.07,ARS,2024-10-21,Pagado,Banco Galicia,Operaciones
2024-10-11,2024,Egreso,Control de calidad,TecnoPacking SRL,1642996.2,ARS,2024-10-21,Pagado,Banco Nación,Operaciones
2024-10-11,2024,Egreso,Despacho aduana,FríoAndes Logística,3202179.97,ARS,2024-10-21,Pagado,Caja Operativa,Operaciones
2024-10-11,2024,Egreso,Energía,Envases del Tucumán,1754322.26,ARS,2024-10-27,Pagado,Banco Galicia,Operaciones
2024-10-11,2024,Egreso,Envases y embalajes,Energía Tucumán SA,3056133.43,ARS,2024-10-17,Pagado,Banco Galicia,Operaciones
2024-10-11,2024,Egreso,Fitosanitarios,Agroinsumos SA,2099106.35,ARS,2024-10-26,Pagado,Banco BBVA,Operaciones
2024-10-11,2024,Egreso,Flete exportación,Despachos del NOA,1751367.98,ARS,2024-10-22,Pendiente,Banco Galicia,Operaciones
2024-10-11,2024,Egreso,Flete interno,Despachos del NOA,1210730.14,ARS,2024-10-19,Pendiente,Caja Operativa,Operaciones
2024-10-11,2024,Egreso,Frigorífico,Transportes del Norte SA,1529901.71,ARS,2024-10-24,Pagado,Banco Nación,Operaciones
2024-10-11,2024,Egreso,Gastos generales,AFIP,2523180.04,ARS,2024-10-23,Pagado,Caja Operativa,Operaciones
2024-10-11,2024,Egreso,Honorarios,DGR Tucumán,874668.5,ARS,2024-11-04,Pagado,Banco Nación,Impuestos
2024-10-11,2024,Egreso,Impuestos,AFIP,497841.91,ARS,2024-11-04,Pagado,Banco Nación,Impuestos
2024-10-11,2024,Egreso,Insumos agrícolas,Cooperativa Citrícola,3170724.14,ARS,2024-10-18,Pagado,Banco Nación,Operaciones
2024-10-11,2024,Egreso,Mano de obra cosecha,Servicios Rurales del NOA,944392.67,ARS,2024-10-27,Pagado,Caja Operativa,Operaciones
2024-10-11,2024,Egreso,Mano de obra empaque,Envases del Tucumán,2442878.02,ARS,2024-10-29,Pagado,Banco Galicia,Operaciones
2024-10-11,2024,Egreso,Mantenimiento líneas,Envases del Tucumán,2771030.62,ARS,2024-10-26,Vencido,Banco Galicia,Operaciones
2024-10-11,2024,Egreso,Maquinaria,Cooperativa Citrícola,1692695.79,ARS,2024-10-25,Pagado,Banco BBVA,Operaciones
2024-10-11,2024,Egreso,Promoción comercial,Certificaciones Global GAP,227236.78,ARS,2024-10-23,Pagado,Banco Galicia,Operaciones
2024-10-11,2024,Egreso,Riego,Agroinsumos SA,2140604.25,ARS,2024-10-24,Pagado,Banco Galicia,Operaciones
2024-10-11,2024,Egreso,Seguros,DGR Tucumán,816985.9,ARS,2024-10-27,Pendiente,Banco BBVA,Impuestos
2024-10-11,2024,Egreso,Sueldos administración,AFIP,1887013.29,ARS,2024-11-02,Pagado,Caja Operativa,Operaciones
2024-10-11,2024,Egreso,Viajes comerciales,Certificaciones Global GAP,252021.93,ARS,2024-10-29,Pagado,Banco BBVA,Operaciones
2024-10-11,2024,Ingreso,Venta Exportación,Al Salam Trading,2216689.83,ARS,2024-10-29,Pendiente,Banco Nación,Operaciones
2024-10-11,2024,Ingreso,Venta Exportación,Al Salam Trading,1600923.81,ARS,2024-10-30,Cobrado,Banco BBVA,Operaciones
2024-10-11,2024,Ingreso,Venta Exportación,Al Salam Trading,1116898.02,ARS,2024-11-04,Vencido,Banco BBVA,Operaciones
2024-10-11,2024,Ingreso,Venta Exportación,Citrus World Ltd,2016315.74,ARS,2024-11-11,Cobrado,Banco Nación,Operaciones
2024-10-11,2024,Ingreso,Venta Exportación,Citrus World Ltd,679790.35,ARS,2024-11-13,Vencido,Banco BBVA,Operaciones
2024-10-11,2024,Ingreso,Venta Exportación,Citrus World Ltd,1851233.6,ARS,2024-10-30,Vencido,Banco Nación,Operaciones
2024-10-11,2024,Ingreso,Venta Exportación,Citrus World Ltd,1664918.12,ARS,2024-11-02,Vencido,Banco Galicia,Operaciones
2024-10-11,2024,Ingreso,Venta Exportación,Fischer Import GmbH,2951049.22,ARS,2024-11-18,Cobrado,Banco Nación,Operaciones
2024-10-11,2024,Ingreso,Venta Exportación,Fischer Import GmbH,2623968.46,ARS,2024-11-18,Cobrado,Banco Galicia,Operaciones
2024-10-11,2024,Ingreso,Venta Exportación,Fischer Import GmbH,999708.66,ARS,2024-11-04,Pendiente,Banco Nación,Operaciones
2024-10-11,2024,Ingreso,Venta Exportación,Medifresh SA,1236681.74,ARS,2024-11-14,Pendiente,Banco BBVA,Operaciones
2024-10-11,2024,Ingreso,Venta Exportación,Medifresh SA,1409113.26,ARS,2024-11-12,Vencido,Banco Nación,Operaciones
2024-10-11,2024,Ingreso,Venta Exportación,Medifresh SA,3040171.18,ARS,2024-11-18,Cobrado,Caja Operativa,Operaciones
2024-10-11,2024,Ingreso,Venta Exportación,Medifresh SA,2011095.35,ARS,2024-11-14,Pendiente,Banco Nación,Operaciones
2024-10-11,2024,Ingreso,Venta Exportación,Medifresh SA,1760008.67,ARS,2024-11-05,Cobrado,Banco Galicia,Operaciones
2024-10-11,2024,Ingreso,Venta Exportación,Medifresh SA,1884693.96,ARS,2024-11-12,Pendiente,Caja Operativa,Operaciones
2024-10-11,2024,Ingreso,Venta Exportación,Medifresh SA,1185593.25,ARS,2024-10-29,Cobrado,Banco Galicia,Operaciones
2024-10-11,2024,Ingreso,Venta Industria,Citromax SA,138725.43,ARS,2024-11-22,Pendiente,Banco BBVA,Operaciones
2024-10-11,2024,Ingreso,Venta Industria,Citromax SA,115010.95,ARS,2024-11-02,Pendiente,Banco Galicia,Operaciones
2024-10-11,2024,Ingreso,Venta Industria,Citromax SA,137276.59,ARS,2024-11-21,Pendiente,Caja Operativa,Operaciones
2024-10-11,2024,Ingreso,Venta Industria,Frutales Tucumán SRL,115848.3,ARS,2024-11-02,Pendiente,Banco Nación,Operaciones
2024-10-11,2024,Ingreso,Venta Industria,Frutales Tucumán SRL,141379.72,ARS,2024-11-02,Pendiente,Caja Operativa,Operaciones
2024-10-11,2024,Ingreso,Venta Industria,Frutales Tucumán SRL,116904.66,ARS,2024-11-05,Pendiente,Banco BBVA,Operaciones
2024-10-11,2024,Ingreso,Venta Industria,Frutales Tucumán SRL,114834.75,ARS,2024-11-06,Pendiente,Banco BBVA,Operaciones
2024-10-11,2024,Ingreso,Venta Industria,Frutales Tucumán SRL,119998.79,ARS,2024-11-08,Cobrado,Banco BBVA,Operaciones
2024-10-11,2024,Ingreso,Venta Industria,Frutales Tucumán SRL,122114.4,ARS,2024-11-23,Cobrado,Banco BBVA,Operaciones
2024-10-11,2024,Ingreso,Venta Industria,Frutales Tucumán SRL,201755.71,ARS,2024-11-09,Cobrado,Banco Galicia,Operaciones
2024-10-11,2024,Ingreso,Venta Industria,Frutales Tucumán SRL,174680.79,ARS,2024-11-01,Vencido,Banco BBVA,Operaciones
2024-10-11,2024,Ingreso,Venta Industria,Frutales Tucumán SRL,175531.08,ARS,2024-11-17,Pendiente,Banco Galicia,Operaciones
2024-10-11,2024,Ingreso,Venta Industria,Frutales Tucumán SRL,120763.02,ARS,2024-11-05,Pendiente,Caja Operativa,Operaciones
2024-10-11,2024,Ingreso,Venta Mercado Interno,Central de Frutas SA,490463.35,ARS,2024-10-30,Cobrado,Banco BBVA,Operaciones
2024-10-11,2024,Ingreso,Venta Mercado Interno,Central de Frutas SA,407170.7,ARS,2024-10-26,Pendiente,Caja Operativa,Operaciones
2024-10-11,2024,Ingreso,Venta Mercado Interno,Frutales del Norte SRL,496195.12,ARS,2024-10-29,Pendiente,Banco Nación,Operaciones
2024-10-11,2024,Ingreso,Venta Mercado Interno,La Morenita SA,478151.13,ARS,2024-10-24,Pendiente,Banco Galicia,Operaciones
2024-10-11,2024,Ingreso,Venta Mercado Interno,La Morenita SA,371311.93,ARS,2024-10-27,Cobrado,Banco BBVA,Operaciones
2024-10-11,2024,Ingreso,Venta Mercado Interno,La Morenita SA,418145.56,ARS,2024-10-21,Cobrado,Banco Galicia,Operaciones
2024-10-11,2024,Ingreso,Venta Mercado Interno,La Morenita SA,345009.47,ARS,2024-10-25,Vencido,Banco Galicia,Operaciones
2024-10-11,2024,Ingreso,Venta Mercado Interno,Supermercados Norte SA,408429.79,ARS,2024-10-29,Pendiente,Caja Operativa,Operaciones
2024-10-11,2024,Ingreso,Venta Mercado Interno,Supermercados Norte SA,330784.91,ARS,2024-10-27,Pendiente,Banco Nación,Operaciones
2024-10-18,2024,Egreso,Certificaciones,Promoción de Mercados SA,422512.77,ARS,2024-10-24,Pagado,Banco Nación,Operaciones
2024-10-18,2024,Egreso,Comisiones,Certificaciones Global GAP,256318.0,ARS,2024-10-28,Pagado,Banco Nación,Operaciones
2024-10-18,2024,Egreso,Control de calidad,TecnoPacking SRL,2928804.47,ARS,2024-10-31,Pagado,Banco Nación,Operaciones
2024-10-18,2024,Egreso,Despacho aduana,FríoAndes Logística,1575424.58,ARS,2024-11-02,Pagado,Caja Operativa,Operaciones
2024-10-18,2024,Egreso,Energía,Envases del Tucumán,1761879.47,ARS,2024-11-01,Pagado,Caja Operativa,Operaciones
2024-10-18,2024,Egreso,Envases y embalajes,Energía Tucumán SA,3140449.88,ARS,2024-11-05,Pagado,Caja Operativa,Operaciones
2024-10-18,2024,Egreso,Fitosanitarios,Agroinsumos SA,1964022.28,ARS,2024-10-26,Pagado,Banco Galicia,Operaciones
2024-10-18,2024,Egreso,Flete exportación,Despachos del NOA,2596872.9,ARS,2024-10-27,Pagado,Banco Nación,Operaciones
2024-10-18,2024,Egreso,Flete interno,Transportes del Norte SA,1754832.13,ARS,2024-10-25,Vencido,Banco Galicia,Operaciones
2024-10-18,2024,Egreso,Frigorífico,Transportes del Norte SA,2087669.11,ARS,2024-11-05,Pagado,Banco Galicia,Operaciones
2024-10-18,2024,Egreso,Gastos generales,DGR Tucumán,1039349.24,ARS,2024-11-03,Pagado,Banco Nación,Operaciones
2024-10-18,2024,Egreso,Honorarios,Contaduría Castillo,2205244.86,ARS,2024-10-31,Pagado,Banco Nación,Operaciones
2024-10-18,2024,Egreso,Impuestos,DGR Tucumán,363002.86,ARS,2024-10-30,Pagado,Banco Galicia,Operaciones
2024-10-18,2024,Egreso,Insumos agrícolas,Cooperativa Citrícola,2594812.4,ARS,2024-10-29,Pagado,Banco BBVA,Operaciones
2024-10-18,2024,Egreso,Mano de obra cosecha,Servicios Rurales del NOA,1711872.98,ARS,2024-11-02,Pagado,Banco Galicia,Operaciones
2024-10-18,2024,Egreso,Mano de obra empaque,Envases del Tucumán,2268502.72,ARS,2024-10-27,Pagado,Banco Galicia,Operaciones
2024-10-18,2024,Egreso,Mantenimiento líneas,Energía Tucumán SA,2083976.27,ARS,2024-10-25,Pagado,Caja Operativa,Operaciones
2024-10-18,2024,Egreso,Maquinaria,Servicios Rurales del NOA,1780837.05,ARS,2024-10-30,Pendiente,Banco Nación,Operaciones
2024-10-18,2024,Egreso,Promoción comercial,Promoción de Mercados SA,231574.32,ARS,2024-10-27,Pagado,Banco Galicia,Operaciones
2024-10-18,2024,Egreso,Riego,Agroinsumos SA,2412916.64,ARS,2024-11-01,Pagado,Banco Galicia,Operaciones
2024-10-18,2024,Egreso,Seguros,Contaduría Castillo,1580904.44,ARS,2024-11-08,Pagado,Banco BBVA,Operaciones
2024-10-18,2024,Egreso,Sueldos administración,DGR Tucumán,1382943.83,ARS,2024-11-03,Pendiente,Banco BBVA,Impuestos
2024-10-18,2024,Egreso,Viajes comerciales,Certificaciones Global GAP,339312.04,ARS,2024-10-25,Pagado,Banco Nación,Operaciones
2024-10-18,2024,Ingreso,Venta Exportación,Al Salam Trading,1414593.85,ARS,2024-11-12,Vencido,Banco Nación,Operaciones
2024-10-18,2024,Ingreso,Venta Exportación,Al Salam Trading,2113551.11,ARS,2024-11-08,Cobrado,Banco Nación,Operaciones
2024-10-18,2024,Ingreso,Venta Exportación,Al Salam Trading,1218905.26,ARS,2024-11-23,Cobrado,Banco Nación,Operaciones
2024-10-18,2024,Ingreso,Venta Exportación,Citrus World Ltd,1325917.68,ARS,2024-11-19,Cobrado,Caja Operativa,Operaciones
2024-10-18,2024,Ingreso,Venta Exportación,Citrus World Ltd,2226293.91,ARS,2024-11-25,Pendiente,Banco Galicia,Operaciones
2024-10-18,2024,Ingreso,Venta Exportación,Citrus World Ltd,2123569.77,ARS,2024-11-26,Pendiente,Caja Operativa,Operaciones
2024-10-18,2024,Ingreso,Venta Exportación,Citrus World Ltd,1477058.87,ARS,2024-11-08,Pendiente,Caja Operativa,Operaciones
2024-10-18,2024,Ingreso,Venta Exportación,Citrus World Ltd,1382604.02,ARS,2024-11-07,Cobrado,Banco BBVA,Operaciones
2024-10-18,2024,Ingreso,Venta Exportación,Fischer Import GmbH,2098675.6,ARS,2024-11-14,Cobrado,Banco Nación,Operaciones
2024-10-18,2024,Ingreso,Venta Exportación,Fischer Import GmbH,1044456.52,ARS,2024-11-24,Cobrado,Banco Galicia,Operaciones
2024-10-18,2024,Ingreso,Venta Exportación,Fischer Import GmbH,2447761.33,ARS,2024-11-11,Cobrado,Banco Nación,Operaciones
2024-10-18,2024,Ingreso,Venta Exportación,Fischer Import GmbH,2352876.36,ARS,2024-11-25,Cobrado,Caja Operativa,Operaciones
2024-10-18,2024,Ingreso,Venta Exportación,Fischer Import GmbH,1756536.41,ARS,2024-11-20,Pendiente,Banco Galicia,Operaciones
2024-10-18,2024,Ingreso,Venta Exportación,Fischer Import GmbH,2603333.05,ARS,2024-11-22,Cobrado,Banco Nación,Operaciones
2024-10-18,2024,Ingreso,Venta Exportación,Medifresh SA,2119909.26,ARS,2024-11-26,Cobrado,Banco Nación,Operaciones
2024-10-18,2024,Ingreso,Venta Exportación,Medifresh SA,1363827.87,ARS,2024-11-05,Vencido,Banco Nación,Operaciones
2024-10-18,2024,Ingreso,Venta Exportación,Medifresh SA,794695.46,ARS,2024-11-06,Pendiente,Banco Nación,Operaciones
2024-10-18,2024,Ingreso,Venta Industria,Citromax SA,140784.49,ARS,2024-11-27,Pendiente,Banco BBVA,Operaciones
2024-10-18,2024,Ingreso,Venta Industria,Citromax SA,131033.89,ARS,2024-12-02,Pendiente,Caja Operativa,Operaciones
2024-10-18,2024,Ingreso,Venta Industria,Citromax SA,138739.93,ARS,2024-12-01,Pendiente,Banco Galicia,Operaciones
2024-10-18,2024,Ingreso,Venta Industria,Citromax SA,139973.81,ARS,2024-11-11,Pendiente,Caja Operativa,Operaciones
2024-10-18,2024,Ingreso,Venta Industria,Citromax SA,137147.4,ARS,2024-11-27,Pendiente,Banco Galicia,Operaciones
2024-10-18,2024,Ingreso,Venta Industria,Citromax SA,142308.71,ARS,2024-11-29,Cobrado,Banco Nación,Operaciones
2024-10-18,2024,Ingreso,Venta Industria,Citromax SA,111155.28,ARS,2024-12-02,Pendiente,Banco BBVA,Operaciones
2024-10-18,2024,Ingreso,Venta Industria,Citromax SA,166469.02,ARS,2024-11-07,Pendiente,Banco Galicia,Operaciones
2024-10-18,2024,Ingreso,Venta Industria,Citromax SA,195466.0,ARS,2024-11-24,Pendiente,Banco Nación,Operaciones
2024-10-18,2024,Ingreso,Venta Industria,Citromax SA,131623.87,ARS,2024-11-28,Pendiente,Caja Operativa,Operaciones
2024-10-18,2024,Ingreso,Venta Industria,Citromax SA,128950.31,ARS,2024-11-19,Cobrado,Banco Galicia,Operaciones
2024-10-18,2024,Ingreso,Venta Industria,Citromax SA,131669.3,ARS,2024-11-09,Cobrado,Banco Galicia,Operaciones
2024-10-18,2024,Ingreso,Venta Industria,Frutales Tucumán SRL,137979.66,ARS,2024-11-12,Pendiente,Caja Operativa,Operaciones
2024-10-18,2024,Ingreso,Venta Industria,Frutales Tucumán SRL,103132.24,ARS,2024-11-13,Vencido,Banco Galicia,Operaciones
2024-10-18,2024,Ingreso,Venta Industria,Frutales Tucumán SRL,156555.18,ARS,2024-12-02,Pendiente,Banco Nación,Operaciones
2024-10-18,2024,Ingreso,Venta Mercado Interno,Central de Frutas SA,381471.67,ARS,2024-11-04,Pendiente,Banco Galicia,Operaciones
2024-10-18,2024,Ingreso,Venta Mercado Interno,Frutales del Norte SRL,310216.84,ARS,2024-11-04,Vencido,Banco Galicia,Operaciones
2024-10-18,2024,Ingreso,Venta Mercado Interno,Frutales del Norte SRL,566587.37,ARS,2024-10-30,Pendiente,Banco Nación,Operaciones
2024-10-18,2024,Ingreso,Venta Mercado Interno,Frutales del Norte SRL,354445.02,ARS,2024-10-31,Cobrado,Caja Operativa,Operaciones
2024-10-18,2024,Ingreso,Venta Mercado Interno,Frutales del Norte SRL,352256.87,ARS,2024-11-11,Cobrado,Banco Nación,Operaciones
2024-10-18,2024,Ingreso,Venta Mercado Interno,La Morenita SA,512625.71,ARS,2024-11-07,Cobrado,Banco Nación,Operaciones
2024-10-18,2024,Ingreso,Venta Mercado Interno,La Morenita SA,615980.36,ARS,2024-11-07,Pendiente,Banco BBVA,Operaciones
2024-10-18,2024,Ingreso,Venta Mercado Interno,La Morenita SA,493530.87,ARS,2024-11-07,Pendiente,Banco Galicia,Operaciones
2024-10-18,2024,Ingreso,Venta Mercado Interno,La Morenita SA,564784.29,ARS,2024-11-11,Cobrado,Banco Galicia,Operaciones
2024-10-18,2024,Ingreso,Venta Mercado Interno,Supermercados Norte SA,355943.26,ARS,2024-11-08,Cobrado,Banco Nación,Operaciones
2024-10-18,2024,Ingreso,Venta Mercado Interno,Supermercados Norte SA,435140.46,ARS,2024-11-04,Cobrado,Banco BBVA,Operaciones
2024-10-18,2024,Ingreso,Venta Mercado Interno,Supermercados Norte SA,308930.28,ARS,2024-11-02,Cobrado,Banco Galicia,Operaciones
2024-10-25,2024,Egreso,Certificaciones,Promoción de Mercados SA,356225.58,ARS,2024-10-31,Pagado,Banco Nación,Operaciones
2024-10-25,2024,Egreso,Comisiones,Certificaciones Global GAP,192836.31,ARS,2024-11-11,Pagado,Banco Nación,Operaciones
2024-10-25,2024,Egreso,Control de calidad,Envases del Tucumán,1475604.92,ARS,2024-11-05,Pagado,Banco Nación,Operaciones
2024-10-25,2024,Egreso,Despacho aduana,FríoAndes Logística,2396190.86,ARS,2024-10-30,Pendiente,Banco Galicia,Operaciones
2024-10-25,2024,Egreso,Energía,Energía Tucumán SA,2263762.87,ARS,2024-11-11,Pagado,Banco Galicia,Operaciones
2024-10-25,2024,Egreso,Envases y embalajes,Energía Tucumán SA,2255856.44,ARS,2024-11-04,Pagado,Banco BBVA,Operaciones
2024-10-25,2024,Egreso,Fitosanitarios,Servicios Rurales del NOA,1940099.27,ARS,2024-11-11,Pagado,Caja Operativa,Operaciones
2024-10-25,2024,Egreso,Flete exportación,Despachos del NOA,1063336.2,ARS,2024-11-09,Pendiente,Banco BBVA,Operaciones
2024-10-25,2024,Egreso,Flete interno,FríoAndes Logística,1330850.0,ARS,2024-11-04,Pagado,Banco Galicia,Operaciones
2024-10-25,2024,Egreso,Frigorífico,Transportes del Norte SA,2852996.01,ARS,2024-11-11,Pendiente,Caja Operativa,Operaciones
2024-10-25,2024,Egreso,Gastos generales,Contaduría Castillo,831251.81,ARS,2024-11-12,Pendiente,Banco Galicia,Impuestos
2024-10-25,2024,Egreso,Honorarios,AFIP,1696237.43,ARS,2024-11-18,Pagado,Banco Nación,Impuestos
2024-10-25,2024,Egreso,Impuestos,DGR Tucumán,1290897.74,ARS,2024-11-11,Pagado,Banco Galicia,Impuestos
2024-10-25,2024,Egreso,Insumos agrícolas,Servicios Rurales del NOA,2405145.72,ARS,2024-11-03,Pagado,Caja Operativa,Operaciones
2024-10-25,2024,Egreso,Mano de obra cosecha,Cooperativa Citrícola,1712235.34,ARS,2024-11-05,Pagado,Caja Operativa,Operaciones
2024-10-25,2024,Egreso,Mano de obra empaque,Energía Tucumán SA,3253108.77,ARS,2024-11-05,Pendiente,Banco Nación,Operaciones
2024-10-25,2024,Egreso,Mantenimiento líneas,TecnoPacking SRL,2283913.55,ARS,2024-11-06,Pagado,Caja Operativa,Operaciones
2024-10-25,2024,Egreso,Maquinaria,Agroinsumos SA,1634389.7,ARS,2024-11-04,Pagado,Banco BBVA,Operaciones
2024-10-25,2024,Egreso,Promoción comercial,Certificaciones Global GAP,204098.48,ARS,2024-11-03,Pagado,Banco Galicia,Operaciones
2024-10-25,2024,Egreso,Repago prefinanciación,Banco Nación - Prefinanciación,210598066.73,ARS,2024-11-24,Pagado,Caja Operativa,Financiamiento
2024-10-25,2024,Egreso,Riego,Cooperativa Citrícola,2363436.87,ARS,2024-11-07,Pagado,Banco BBVA,Operaciones
2024-10-25,2024,Egreso,Seguros,Contaduría Castillo,1682412.13,ARS,2024-11-10,Pagado,Caja Operativa,Operaciones
2024-10-25,2024,Egreso,Sueldos administración,Contaduría Castillo,1055385.93,ARS,2024-11-13,Pagado,Banco BBVA,Impuestos
2024-10-25,2024,Egreso,Viajes comerciales,Promoción de Mercados SA,434798.24,ARS,2024-11-01,Pendiente,Banco Nación,Operaciones
2024-10-25,2024,Ingreso,Venta Exportación,Al Salam Trading,1956850.82,ARS,2024-11-27,Cobrado,Banco Galicia,Operaciones
2024-10-25,2024,Ingreso,Venta Exportación,Al Salam Trading,1173387.74,ARS,2024-12-04,Pendiente,Banco Galicia,Operaciones
2024-10-25,2024,Ingreso,Venta Exportación,Al Salam Trading,2829214.44,ARS,2024-11-25,Cobrado,Caja Operativa,Operaciones
2024-10-25,2024,Ingreso,Venta Exportación,Al Salam Trading,1369715.9,ARS,2024-11-13,Pendiente,Banco Galicia,Operaciones
2024-10-25,2024,Ingreso,Venta Exportación,Citrus World Ltd,2359611.66,ARS,2024-11-21,Cobrado,Banco Galicia,Operaciones
2024-10-25,2024,Ingreso,Venta Exportación,Citrus World Ltd,1837512.32,ARS,2024-11-24,Pendiente,Banco Galicia,Operaciones
2024-10-25,2024,Ingreso,Venta Exportación,Citrus World Ltd,1698506.52,ARS,2024-11-20,Vencido,Banco Galicia,Operaciones
2024-10-25,2024,Ingreso,Venta Exportación,Citrus World Ltd,2301205.86,ARS,2024-11-24,Vencido,Caja Operativa,Operaciones
2024-10-25,2024,Ingreso,Venta Exportación,Fischer Import GmbH,1656487.53,ARS,2024-11-22,Vencido,Banco Nación,Operaciones
2024-10-25,2024,Ingreso,Venta Exportación,Fischer Import GmbH,2193085.92,ARS,2024-11-12,Cobrado,Caja Operativa,Operaciones
2024-10-25,2024,Ingreso,Venta Exportación,Fischer Import GmbH,1322587.56,ARS,2024-11-14,Pendiente,Caja Operativa,Operaciones
2024-10-25,2024,Ingreso,Venta Exportación,Fischer Import GmbH,789658.85,ARS,2024-11-20,Cobrado,Banco BBVA,Operaciones
2024-10-25,2024,Ingreso,Venta Exportación,Fischer Import GmbH,2028345.14,ARS,2024-11-15,Vencido,Caja Operativa,Operaciones
2024-10-25,2024,Ingreso,Venta Exportación,Medifresh SA,721889.86,ARS,2024-11-25,Cobrado,Banco BBVA,Operaciones
2024-10-25,2024,Ingreso,Venta Exportación,Medifresh SA,1407577.7,ARS,2024-11-12,Pendiente,Banco Nación,Operaciones
2024-10-25,2024,Ingreso,Venta Exportación,Medifresh SA,2338922.96,ARS,2024-11-28,Pendiente,Banco Nación,Operaciones
2024-10-25,2024,Ingreso,Venta Exportación,Medifresh SA,1322743.42,ARS,2024-11-17,Pendiente,Banco Nación,Operaciones
2024-10-25,2024,Ingreso,Venta Industria,Citromax SA,128880.03,ARS,2024-12-08,Pendiente,Banco Nación,Operaciones
2024-10-25,2024,Ingreso,Venta Industria,Citromax SA,138303.25,ARS,2024-12-06,Pendiente,Banco BBVA,Operaciones
2024-10-25,2024,Ingreso,Venta Industria,Citromax SA,113099.69,ARS,2024-11-28,Pendiente,Caja Operativa,Operaciones
2024-10-25,2024,Ingreso,Venta Industria,Citromax SA,194574.73,ARS,2024-11-20,Vencido,Banco Nación,Operaciones
2024-10-25,2024,Ingreso,Venta Industria,Citromax SA,151123.64,ARS,2024-11-25,Pendiente,Banco Galicia,Operaciones
2024-10-25,2024,Ingreso,Venta Industria,Citromax SA,134946.62,ARS,2024-11-29,Cobrado,Banco Nación,Operaciones
2024-10-25,2024,Ingreso,Venta Industria,Citromax SA,116818.36,ARS,2024-12-09,Pendiente,Banco Galicia,Operaciones
2024-10-25,2024,Ingreso,Venta Industria,Frutales Tucumán SRL,95047.33,ARS,2024-12-05,Cobrado,Caja Operativa,Operaciones
2024-10-25,2024,Ingreso,Venta Industria,Frutales Tucumán SRL,111821.7,ARS,2024-11-25,Vencido,Caja Operativa,Operaciones
2024-10-25,2024,Ingreso,Venta Industria,Frutales Tucumán SRL,104585.6,ARS,2024-11-18,Cobrado,Banco Nación,Operaciones
2024-10-25,2024,Ingreso,Venta Industria,Frutales Tucumán SRL,106481.13,ARS,2024-11-14,Vencido,Banco BBVA,Operaciones
2024-10-25,2024,Ingreso,Venta Industria,Frutales Tucumán SRL,159474.84,ARS,2024-11-17,Cobrado,Banco Galicia,Operaciones
2024-10-25,2024,Ingreso,Venta Industria,Frutales Tucumán SRL,142765.13,ARS,2024-11-26,Cobrado,Banco Galicia,Operaciones
2024-10-25,2024,Ingreso,Venta Mercado Interno,Central de Frutas SA,462048.96,ARS,2024-11-08,Pendiente,Banco Galicia,Operaciones
2024-10-25,2024,Ingreso,Venta Mercado Interno,Frutales del Norte SRL,322557.09,ARS,2024-11-05,Pendiente,Banco Nación,Operaciones
2024-10-25,2024,Ingreso,Venta Mercado Interno,La Morenita SA,455609.39,ARS,2024-11-18,Vencido,Banco Nación,Operaciones
2024-10-25,2024,Ingreso,Venta Mercado Interno,La Morenita SA,531072.2,ARS,2024-11-10,Cobrado,Banco Galicia,Operaciones
2024-10-25,2024,Ingreso,Venta Mercado Interno,Supermercados Norte SA,390028.19,ARS,2024-11-10,Pendiente,Banco Galicia,Operaciones
2024-10-25,2024,Ingreso,Venta Mercado Interno,Supermercados Norte SA,449592.56,ARS,2024-11-15,Pendiente,Banco BBVA,Operaciones
2024-10-25,2024,Ingreso,Venta Mercado Interno,Supermercados Norte SA,307348.69,ARS,2024-11-11,Cobrado,Banco BBVA,Operaciones
2024-10-25,2024,Ingreso,Venta Mercado Interno,Supermercados Norte SA,379963.59,ARS,2024-11-17,Pendiente,Banco BBVA,Operaciones
2024-11-01,2024,Egreso,Certificaciones,Broker Comercial Citrus,56422.22,ARS,2024-11-06,Pagado,Banco Nación,Operaciones
2024-11-01,2024,Egreso,Comisiones,Certificaciones Global GAP,45913.11,ARS,2024-11-18,Pendiente,Caja Operativa,Operaciones
2024-11-01,2024,Egreso,Control de calidad,Envases del Tucumán,606705.8,ARS,2024-11-08,Pagado,Caja Operativa,Operaciones
2024-11-01,2024,Egreso,Despacho aduana,Despachos del NOA,114748.43,ARS,2024-11-06,Pendiente,Caja Operativa,Operaciones
2024-11-01,2024,Egreso,Energía,TecnoPacking SRL,1009291.43,ARS,2024-11-16,Pendiente,Banco BBVA,Operaciones
2024-11-01,2024,Egreso,Envases y embalajes,Envases del Tucumán,656600.38,ARS,2024-11-12,Pendiente,Banco BBVA,Operaciones
2024-11-01,2024,Egreso,Fitosanitarios,Agroinsumos SA,768612.53,ARS,2024-11-06,Pagado,Caja Operativa,Operaciones
2024-11-01,2024,Egreso,Flete exportación,Despachos del NOA,686685.08,ARS,2024-11-08,Pagado,Banco BBVA,Operaciones
2024-11-01,2024,Egreso,Flete interno,FríoAndes Logística,262400.4,ARS,2024-11-09,Pagado,Banco BBVA,Operaciones
2024-11-01,2024,Egreso,Frigorífico,Despachos del NOA,434853.58,ARS,2024-11-13,Vencido,Caja Operativa,Operaciones
2024-11-01,2024,Egreso,Gastos generales,AFIP,947896.28,ARS,2024-11-11,Pagado,Banco Nación,Operaciones
2024-11-01,2024,Egreso,Honorarios,AFIP,1147087.05,ARS,2024-11-12,Pendiente,Banco Nación,Impuestos
2024-11-01,2024,Egreso,Impuestos,DGR Tucumán,2064374.09,ARS,2024-11-18,Pagado,Caja Operativa,Operaciones
2024-11-01,2024,Egreso,Insumos agrícolas,Servicios Rurales del NOA,533858.94,ARS,2024-11-15,Pendiente,Caja Operativa,Operaciones
2024-11-01,2024,Egreso,Mano de obra cosecha,Cooperativa Citrícola,779650.39,ARS,2024-11-12,Pendiente,Banco Galicia,Operaciones
2024-11-01,2024,Egreso,Mano de obra empaque,Envases del Tucumán,1141545.06,ARS,2024-11-06,Pagado,Caja Operativa,Operaciones
2024-11-01,2024,Egreso,Mantenimiento líneas,TecnoPacking SRL,885791.64,ARS,2024-11-07,Pagado,Banco BBVA,Operaciones
2024-11-01,2024,Egreso,Maquinaria,Servicios Rurales del NOA,885427.13,ARS,2024-11-06,Pagado,Caja Operativa,Operaciones
2024-11-01,2024,Egreso,Promoción comercial,Broker Comercial Citrus,127552.25,ARS,2024-11-10,Pagado,Banco BBVA,Operaciones
2024-11-01,2024,Egreso,Riego,Agroinsumos SA,595275.28,ARS,2024-11-16,Pagado,Banco BBVA,Operaciones
2024-11-01,2024,Egreso,Seguros,AFIP,784242.93,ARS,2024-11-15,Vencido,Banco Galicia,Impuestos
2024-11-01,2024,Egreso,Sueldos administración,AFIP,1429352.27,ARS,2024-11-13,Pagado,Banco Galicia,Impuestos
2024-11-01,2024,Egreso,Viajes comerciales,Promoción de Mercados SA,55103.69,ARS,2024-11-10,Pagado,Caja Operativa,Operaciones
2024-11-01,2024,Ingreso,Venta Exportación,Citrus World Ltd,798527.02,ARS,2024-12-03,Pendiente,Banco Nación,Operaciones
2024-11-01,2024,Ingreso,Venta Exportación,Citrus World Ltd,919097.79,ARS,2024-11-28,Pendiente,Banco Nación,Operaciones
2024-11-01,2024,Ingreso,Venta Exportación,Citrus World Ltd,692891.05,ARS,2024-11-22,Cobrado,Banco Nación,Operaciones
2024-11-01,2024,Ingreso,Venta Exportación,Fischer Import GmbH,840558.21,ARS,2024-12-08,Pendiente,Caja Operativa,Operaciones
2024-11-01,2024,Ingreso,Venta Exportación,Fischer Import GmbH,994663.79,ARS,2024-12-06,Pendiente,Caja Operativa,Operaciones
2024-11-01,2024,Ingreso,Venta Exportación,Medifresh SA,591735.95,ARS,2024-12-03,Pendiente,Banco Galicia,Operaciones
2024-11-01,2024,Ingreso,Venta Exportación,Medifresh SA,602242.08,ARS,2024-12-06,Pendiente,Caja Operativa,Operaciones
2024-11-01,2024,Ingreso,Venta Exportación,Medifresh SA,569650.22,ARS,2024-12-04,Cobrado,Banco BBVA,Operaciones
2024-11-01,2024,Ingreso,Venta Exportación,Medifresh SA,724650.37,ARS,2024-11-22,Cobrado,Banco BBVA,Operaciones
2024-11-01,2024,Ingreso,Venta Exportación,Medifresh SA,467529.37,ARS,2024-11-28,Pendiente,Banco BBVA,Operaciones
2024-11-08,2024,Egreso,Certificaciones,Promoción de Mercados SA,56264.14,ARS,2024-11-16,Pendiente,Caja Operativa,Operaciones
2024-11-08,2024,Egreso,Comisiones,Promoción de Mercados SA,45958.75,ARS,2024-11-19,Pagado,Banco BBVA,Operaciones
2024-11-08,2024,Egreso,Control de calidad,TecnoPacking SRL,915745.55,ARS,2024-11-16,Pendiente,Banco Galicia,Operaciones
2024-11-08,2024,Egreso,Despacho aduana,Despachos del NOA,320682.76,ARS,2024-11-14,Pagado,Caja Operativa,Operaciones
2024-11-08,2024,Egreso,Energía,Envases del Tucumán,936465.18,ARS,2024-11-13,Pendiente,Banco BBVA,Operaciones
2024-11-08,2024,Egreso,Envases y embalajes,Energía Tucumán SA,791126.86,ARS,2024-11-24,Pagado,Banco Nación,Operaciones
2024-11-08,2024,Egreso,Fitosanitarios,Cooperativa Citrícola,942511.97,ARS,2024-11-19,Pagado,Caja Operativa,Operaciones
2024-11-08,2024,Egreso,Flete exportación,Despachos del NOA,718141.11,ARS,2024-11-20,Vencido,Banco Nación,Operaciones
2024-11-08,2024,Egreso,Flete interno,Despachos del NOA,172497.81,ARS,2024-11-18,Pagado,Banco Nación,Operaciones
2024-11-08,2024,Egreso,Frigorífico,Transportes del Norte SA,378045.0,ARS,2024-11-15,Pendiente,Banco BBVA,Operaciones
2024-11-08,2024,Egreso,Gastos generales,AFIP,1785199.35,ARS,2024-11-25,Pagado,Caja Operativa,Impuestos
2024-11-08,2024,Egreso,Honorarios,DGR Tucumán,2480485.11,ARS,2024-12-02,Pendiente,Banco Galicia,Impuestos
2024-11-08,2024,Egreso,Impuestos,AFIP,376477.74,ARS,2024-11-25,Pendiente,Banco Nación,Operaciones
2024-11-08,2024,Egreso,Insumos agrícolas,Cooperativa Citrícola,447081.98,ARS,2024-11-15,Pagado,Banco BBVA,Operaciones
2024-11-08,2024,Egreso,Mano de obra cosecha,Agroinsumos SA,656330.22,ARS,2024-11-13,Pendiente,Banco Nación,Operaciones
2024-11-08,2024,Egreso,Mano de obra empaque,Energía Tucumán SA,927265.05,ARS,2024-11-26,Pagado,Banco Galicia,Operaciones
2024-11-08,2024,Egreso,Mantenimiento líneas,TecnoPacking SRL,933971.46,ARS,2024-11-13,Pendiente,Banco Nación,Operaciones
2024-11-08,2024,Egreso,Maquinaria,Servicios Rurales del NOA,840822.84,ARS,2024-11-15,Pagado,Banco BBVA,Operaciones
2024-11-08,2024,Egreso,Promoción comercial,Broker Comercial Citrus,80529.45,ARS,2024-11-23,Pagado,Banco BBVA,Operaciones
2024-11-08,2024,Egreso,Riego,Agroinsumos SA,902387.62,ARS,2024-11-25,Pagado,Banco BBVA,Operaciones
2024-11-08,2024,Egreso,Seguros,AFIP,1224446.2,ARS,2024-11-28,Vencido,Caja Operativa,Operaciones
2024-11-08,2024,Egreso,Sueldos administración,AFIP,833830.51,ARS,2024-11-21,Vencido,Caja Operativa,Operaciones
2024-11-08,2024,Egreso,Viajes comerciales,Broker Comercial Citrus,52557.48,ARS,2024-11-24,Pendiente,Banco Galicia,Operaciones
2024-11-08,2024,Ingreso,Venta Exportación,Al Salam Trading,587533.84,ARS,2024-12-04,Pendiente,Banco Nación,Operaciones
2024-11-08,2024,Ingreso,Venta Exportación,Al Salam Trading,731048.63,ARS,2024-12-18,Pendiente,Banco BBVA,Operaciones
2024-11-08,2024,Ingreso,Venta Exportación,Al Salam Trading,489265.92,ARS,2024-12-14,Pendiente,Banco Galicia,Operaciones
2024-11-08,2024,Ingreso,Venta Exportación,Al Salam Trading,736550.36,ARS,2024-12-13,Pendiente,Banco Galicia,Operaciones
2024-11-08,2024,Ingreso,Venta Exportación,Al Salam Trading,706835.18,ARS,2024-12-06,Pendiente,Banco BBVA,Operaciones
2024-11-08,2024,Ingreso,Venta Exportación,Citrus World Ltd,721032.84,ARS,2024-11-26,Pendiente,Banco Nación,Operaciones
2024-11-08,2024,Ingreso,Venta Exportación,Fischer Import GmbH,946026.77,ARS,2024-12-18,Pendiente,Banco Nación,Operaciones
2024-11-08,2024,Ingreso,Venta Exportación,Medifresh SA,734400.24,ARS,2024-12-08,Pendiente,Banco Nación,Operaciones
2024-11-08,2024,Ingreso,Venta Exportación,Medifresh SA,742897.79,ARS,2024-11-27,Pendiente,Banco BBVA,Operaciones
2024-11-15,2024,Egreso,Certificaciones,Certificaciones Global GAP,36394.24,ARS,2024-11-27,Pagado,Banco Galicia,Operaciones
2024-11-15,2024,Egreso,Comisiones,Broker Comercial Citrus,85838.87,ARS,2024-11-26,Pagado,Banco Nación,Operaciones
2024-11-15,2024,Egreso,Control de calidad,TecnoPacking SRL,751300.36,ARS,2024-11-21,Pendiente,Banco BBVA,Operaciones
2024-11-15,2024,Egreso,Despacho aduana,Transportes del Norte SA,151027.89,ARS,2024-12-01,Pendiente,Banco Galicia,Operaciones
2024-11-15,2024,Egreso,Energía,TecnoPacking SRL,841962.39,ARS,2024-11-28,Pendiente,Banco Galicia,Operaciones
2024-11-15,2024,Egreso,Envases y embalajes,Envases del Tucumán,1192479.53,ARS,2024-11-24,Pendiente,Banco BBVA,Operaciones
2024-11-15,2024,Egreso,Fitosanitarios,Servicios Rurales del NOA,498344.86,ARS,2024-11-30,Pagado,Banco BBVA,Operaciones
2024-11-15,2024,Egreso,Flete exportación,FríoAndes Logística,356628.65,ARS,2024-11-29,Pagado,Banco Galicia,Operaciones
2024-11-15,2024,Egreso,Flete interno,FríoAndes Logística,255964.45,ARS,2024-11-30,Pagado,Banco BBVA,Operaciones
2024-11-15,2024,Egreso,Frigorífico,Transportes del Norte SA,694469.4,ARS,2024-11-26,Pagado,Banco BBVA,Operaciones
2024-11-15,2024,Egreso,Gastos generales,AFIP,777324.58,ARS,2024-12-06,Pendiente,Banco BBVA,Impuestos
2024-11-15,2024,Egreso,Honorarios,Contaduría Castillo,1581704.96,ARS,2024-12-04,Pendiente,Banco Galicia,Operaciones
2024-11-15,2024,Egreso,Impuestos,DGR Tucumán,1415948.31,ARS,2024-12-06,Pendiente,Banco BBVA,Operaciones
2024-11-15,2024,Egreso,Insumos agrícolas,Agroinsumos SA,677801.74,ARS,2024-12-02,Pendiente,Banco BBVA,Operaciones
2024-11-15,2024,Egreso,Mano de obra cosecha,Servicios Rurales del NOA,710344.87,ARS,2024-11-24,Vencido,Banco Galicia,Operaciones
2024-11-15,2024,Egreso,Mano de obra empaque,TecnoPacking SRL,881289.86,ARS,2024-11-28,Pendiente,Caja Operativa,Operaciones
2024-11-15,2024,Egreso,Mantenimiento líneas,TecnoPacking SRL,707188.51,ARS,2024-12-02,Pendiente,Banco BBVA,Operaciones
2024-11-15,2024,Egreso,Maquinaria,Agroinsumos SA,915850.51,ARS,2024-11-28,Pagado,Banco Nación,Operaciones
2024-11-15,2024,Egreso,Promoción comercial,Promoción de Mercados SA,74688.2,ARS,2024-12-02,Pendiente,Banco BBVA,Operaciones
2024-11-15,2024,Egreso,Riego,Agroinsumos SA,792549.32,ARS,2024-11-28,Pagado,Banco Nación,Operaciones
2024-11-15,2024,Egreso,Seguros,Contaduría Castillo,2097431.23,ARS,2024-11-27,Pendiente,Banco BBVA,Operaciones
2024-11-15,2024,Egreso,Sueldos administración,AFIP,565280.51,ARS,2024-12-09,Pendiente,Banco Nación,Operaciones
2024-11-15,2024,Egreso,Viajes comerciales,Certificaciones Global GAP,66827.1,ARS,2024-11-27,Pendiente,Caja Operativa,Operaciones
2024-11-15,2024,Ingreso,Venta Exportación,Al Salam Trading,621234.23,ARS,2024-12-08,Cobrado,Caja Operativa,Operaciones
2024-11-15,2024,Ingreso,Venta Exportación,Citrus World Ltd,854294.08,ARS,2024-12-19,Cobrado,Banco Galicia,Operaciones
2024-11-15,2024,Ingreso,Venta Exportación,Citrus World Ltd,935976.27,ARS,2024-12-06,Pendiente,Caja Operativa,Operaciones
2024-11-15,2024,Ingreso,Venta Exportación,Citrus World Ltd,623825.23,ARS,2024-12-07,Cobrado,Banco Nación,Operaciones
2024-11-15,2024,Ingreso,Venta Exportación,Fischer Import GmbH,695335.8,ARS,2024-12-20,Cobrado,Banco Galicia,Operaciones
2024-11-15,2024,Ingreso,Venta Exportación,Medifresh SA,758572.11,ARS,2024-12-24,Pendiente,Banco BBVA,Operaciones
2024-11-15,2024,Ingreso,Venta Exportación,Medifresh SA,542041.71,ARS,2024-12-10,Pendiente,Banco Nación,Operaciones
2024-11-15,2024,Ingreso,Venta Exportación,Medifresh SA,661803.28,ARS,2024-12-12,Pendiente,Banco Galicia,Operaciones
2024-11-15,2024,Ingreso,Venta Exportación,Medifresh SA,817628.78,ARS,2024-12-13,Pendiente,Caja Operativa,Operaciones
2024-11-22,2024,Egreso,Certificaciones,Broker Comercial Citrus,32946.74,ARS,2024-12-04,Pagado,Banco Galicia,Operaciones
2024-11-22,2024,Egreso,Comisiones,Promoción de Mercados SA,115965.84,ARS,2024-12-05,Pendiente,Banco BBVA,Operaciones
2024-11-22,2024,Egreso,Control de calidad,Energía Tucumán SA,776314.57,ARS,2024-12-07,Pendiente,Banco Nación,Operaciones
2024-11-22,2024,Egreso,Despacho aduana,Transportes del Norte SA,707226.37,ARS,2024-12-10,Pendiente,Caja Operativa,Operaciones
2024-11-22,2024,Egreso,Energía,TecnoPacking SRL,508172.57,ARS,2024-12-01,Pagado,Banco BBVA,Operaciones
2024-11-22,2024,Egreso,Envases y embalajes,Energía Tucumán SA,1003749.25,ARS,2024-12-08,Pendiente,Banco Galicia,Operaciones
2024-11-22,2024,Egreso,Fitosanitarios,Servicios Rurales del NOA,969999.72,ARS,2024-12-10,Pendiente,Banco Nación,Operaciones
2024-11-22,2024,Egreso,Flete exportación,Transportes del Norte SA,496836.4,ARS,2024-12-01,Pendiente,Caja Operativa,Operaciones
2024-11-22,2024,Egreso,Frigorífico,Transportes del Norte SA,152411.16,ARS,2024-12-07,Pagado,Banco BBVA,Operaciones
2024-11-22,2024,Egreso,Gastos generales,AFIP,1647683.13,ARS,2024-12-16,Pendiente,Banco Nación,Impuestos
2024-11-22,2024,Egreso,Honorarios,DGR Tucumán,1036953.95,ARS,2024-12-17,Pendiente,Caja Operativa,Impuestos
2024-11-22,2024,Egreso,Impuestos,AFIP,960695.32,ARS,2024-12-12,Pendiente,Caja Operativa,Operaciones
2024-11-22,2024,Egreso,Insumos agrícolas,Agroinsumos SA,379232.22,ARS,2024-11-27,Pendiente,Banco BBVA,Operaciones
2024-11-22,2024,Egreso,Mano de obra cosecha,Agroinsumos SA,914572.99,ARS,2024-12-09,Pendiente,Banco Nación,Operaciones
2024-11-22,2024,Egreso,Mano de obra empaque,Envases del Tucumán,979967.94,ARS,2024-12-09,Pendiente,Banco Nación,Operaciones
2024-11-22,2024,Egreso,Mantenimiento líneas,Energía Tucumán SA,885487.29,ARS,2024-12-01,Pendiente,Caja Operativa,Operaciones
2024-11-22,2024,Egreso,Maquinaria,Cooperativa Citrícola,648299.93,ARS,2024-12-10,Pendiente,Banco Galicia,Operaciones
2024-11-22,2024,Egreso,Promoción comercial,Broker Comercial Citrus,36167.97,ARS,2024-12-08,Pendiente,Banco BBVA,Operaciones
2024-11-22,2024,Egreso,Riego,Agroinsumos SA,543633.32,ARS,2024-12-03,Pagado,Banco Galicia,Operaciones
2024-11-22,2024,Egreso,Seguros,DGR Tucumán,1334500.32,ARS,2024-12-04,Pagado,Banco Galicia,Impuestos
2024-11-22,2024,Egreso,Sueldos administración,AFIP,1439112.29,ARS,2024-12-09,Pagado,Banco Nación,Operaciones
2024-11-22,2024,Egreso,Viajes comerciales,Broker Comercial Citrus,41285.61,ARS,2024-12-07,Pagado,Banco BBVA,Operaciones
2024-11-22,2024,Ingreso,Venta Exportación,Al Salam Trading,703642.19,ARS,2024-12-27,Pendiente,Banco BBVA,Operaciones
2024-11-22,2024,Ingreso,Venta Exportación,Al Salam Trading,600606.66,ARS,2024-12-25,Pendiente,Banco Nación,Operaciones
2024-11-22,2024,Ingreso,Venta Exportación,Citrus World Ltd,728393.78,ARS,2024-12-29,Cobrado,Banco Galicia,Operaciones
2024-11-22,2024,Ingreso,Venta Exportación,Citrus World Ltd,565999.42,ARS,2024-12-22,Pendiente,Banco Nación,Operaciones
2024-11-22,2024,Ingreso,Venta Exportación,Citrus World Ltd,596310.13,ARS,2024-12-26,Cobrado,Caja Operativa,Operaciones
2024-11-22,2024,Ingreso,Venta Exportación,Citrus World Ltd,990659.98,ARS,2024-12-30,Pendiente,Caja Operativa,Operaciones
2024-11-22,2024,Ingreso,Venta Exportación,Fischer Import GmbH,759833.42,ARS,2024-12-11,Pendiente,Caja Operativa,Operaciones
2024-11-22,2024,Ingreso,Venta Exportación,Fischer Import GmbH,1004712.2,ARS,2024-12-17,Cobrado,Banco Galicia,Operaciones
2024-11-29,2024,Egreso,Certificaciones,Broker Comercial Citrus,104872.38,ARS,2024-12-16,Pendiente,Banco Galicia,Operaciones
2024-11-29,2024,Egreso,Comisiones,Promoción de Mercados SA,84067.03,ARS,2024-12-11,Pendiente,Banco BBVA,Operaciones
2024-11-29,2024,Egreso,Control de calidad,Envases del Tucumán,713304.73,ARS,2024-12-06,Pendiente,Banco Galicia,Operaciones
2024-11-29,2024,Egreso,Despacho aduana,FríoAndes Logística,1023219.24,ARS,2024-12-16,Pendiente,Banco BBVA,Operaciones
2024-11-29,2024,Egreso,Energía,Envases del Tucumán,1482959.37,ARS,2024-12-12,Pendiente,Banco Galicia,Operaciones
2024-11-29,2024,Egreso,Envases y embalajes,TecnoPacking SRL,595525.15,ARS,2024-12-05,Pendiente,Banco BBVA,Operaciones
2024-11-29,2024,Egreso,Fitosanitarios,Cooperativa Citrícola,447239.43,ARS,2024-12-11,Pendiente,Banco BBVA,Operaciones
2024-11-29,2024,Egreso,Flete exportación,Despachos del NOA,196539.76,ARS,2024-12-04,Pendiente,Banco Galicia,Operaciones
2024-11-29,2024,Egreso,Flete interno,Transportes del Norte SA,195809.68,ARS,2024-12-13,Pendiente,Banco Nación,Operaciones
2024-11-29,2024,Egreso,Frigorífico,Transportes del Norte SA,152946.98,ARS,2024-12-07,Pendiente,Banco BBVA,Operaciones
2024-11-29,2024,Egreso,Gastos generales,AFIP,1234534.75,ARS,2024-12-10,Pagado,Banco BBVA,Impuestos
2024-11-29,2024,Egreso,Honorarios,DGR Tucumán,1699715.16,ARS,2024-12-16,Pendiente,Caja Operativa,Impuestos
2024-11-29,2024,Egreso,Impuestos,DGR Tucumán,1558972.89,ARS,2024-12-11,Pendiente,Caja Operativa,Impuestos
2024-11-29,2024,Egreso,Insumos agrícolas,Cooperativa Citrícola,623839.14,ARS,2024-12-04,Pendiente,Banco Nación,Operaciones
2024-11-29,2024,Egreso,Mano de obra cosecha,Cooperativa Citrícola,556094.71,ARS,2024-12-17,Pendiente,Banco Galicia,Operaciones
2024-11-29,2024,Egreso,Mano de obra empaque,TecnoPacking SRL,960020.01,ARS,2024-12-04,Pendiente,Banco Galicia,Operaciones
2024-11-29,2024,Egreso,Mantenimiento líneas,Envases del Tucumán,669393.77,ARS,2024-12-05,Pendiente,Banco Galicia,Operaciones
2024-11-29,2024,Egreso,Maquinaria,Cooperativa Citrícola,664738.41,ARS,2024-12-08,Pagado,Banco Nación,Operaciones
2024-11-29,2024,Egreso,Promoción comercial,Promoción de Mercados SA,51567.47,ARS,2024-12-08,Pendiente,Banco Galicia,Operaciones
2024-11-29,2024,Egreso,Riego,Servicios Rurales del NOA,1281820.36,ARS,2024-12-10,Pagado,Banco Galicia,Operaciones
2024-11-29,2024,Egreso,Seguros,DGR Tucumán,568536.49,ARS,2024-12-15,Pendiente,Caja Operativa,Impuestos
2024-11-29,2024,Egreso,Sueldos administración,Contaduría Castillo,1677574.17,ARS,2024-12-16,Pendiente,Banco Galicia,Operaciones
2024-11-29,2024,Egreso,Viajes comerciales,Broker Comercial Citrus,32111.31,ARS,2024-12-16,Pendiente,Caja Operativa,Operaciones
2024-11-29,2024,Ingreso,Venta Exportación,Al Salam Trading,691150.64,ARS,2025-01-07,Pendiente,Banco BBVA,Operaciones
2024-11-29,2024,Ingreso,Venta Exportación,Fischer Import GmbH,699608.59,ARS,2025-01-08,Pendiente,Banco BBVA,Operaciones
2024-11-29,2024,Ingreso,Venta Exportación,Fischer Import GmbH,867263.39,ARS,2025-01-05,Pendiente,Banco BBVA,Operaciones
2024-11-29,2024,Ingreso,Venta Exportación,Medifresh SA,764607.82,ARS,2025-01-08,Pendiente,Banco BBVA,Operaciones
2024-11-29,2024,Ingreso,Venta Exportación,Medifresh SA,790144.66,ARS,2024-12-18,Cobrado,Caja Operativa,Operaciones
2024-11-29,2024,Ingreso,Venta Exportación,Medifresh SA,822492.52,ARS,2025-01-08,Pendiente,Caja Operativa,Operaciones
2024-11-29,2024,Ingreso,Venta Exportación,Medifresh SA,853973.43,ARS,2024-12-21,Pendiente,Banco Nación,Operaciones
2024-11-29,2024,Ingreso,Venta Exportación,Medifresh SA,717987.96,ARS,2025-01-07,Pendiente,Banco Galicia,Operaciones
2024-11-29,2024,Ingreso,Venta Exportación,Medifresh SA,626197.31,ARS,2025-01-05,Pendiente,Caja Operativa,Operaciones
